{
  "transition_blend": 0,
  "boundary_window": 7,
  "segments": {
    "quiet": {
      "RightShoulder": {
        "prediction": {
          "order": "XYZ",
          "excursion_p90_deg": 2.826907158742395,
          "excursion_max_deg": 5.03919810469077,
          "velocity_rms_deg_per_frame": 0.6611932748169497,
          "velocity_p95_deg_per_frame": 1.2685725102278809,
          "velocity_max_deg_per_frame": 3.3301053268701537,
          "euler_axis_step_p95_deg": [
            0.011799100000001764,
            0.7548745000000079,
            1.081156699999993
          ],
          "top_velocity_transitions": [
            {
              "from_frame": 134,
              "to_frame": 135,
              "velocity_deg": 3.3301053268701537,
              "new_block_offset": 1,
              "inside_release_blend": false
            },
            {
              "from_frame": 133,
              "to_frame": 134,
              "velocity_deg": 2.71008804333726,
              "new_block_offset": 0,
              "inside_release_blend": false
            },
            {
              "from_frame": 163,
              "to_frame": 164,
              "velocity_deg": 2.471204639492623,
              "new_block_offset": 0,
              "inside_release_blend": false
            },
            {
              "from_frame": 91,
              "to_frame": 92,
              "velocity_deg": 1.8896057010161622,
              "new_block_offset": 8,
              "inside_release_blend": false
            },
            {
              "from_frame": 175,
              "to_frame": 176,
              "velocity_deg": 1.8526568222913689,
              "new_block_offset": 2,
              "inside_release_blend": false
            },
            {
              "from_frame": 93,
              "to_frame": 94,
              "velocity_deg": 1.8179593617314451,
              "new_block_offset": 0,
              "inside_release_blend": false
            },
            {
              "from_frame": 137,
              "to_frame": 138,
              "velocity_deg": 1.7533930446128803,
              "new_block_offset": 4,
              "inside_release_blend": false
            },
            {
              "from_frame": 200,
              "to_frame": 201,
              "velocity_deg": 1.643892742842281,
              "new_block_offset": 7,
              "inside_release_blend": false
            },
            {
              "from_frame": 135,
              "to_frame": 136,
              "velocity_deg": 1.4671960830045223,
              "new_block_offset": 2,
              "inside_release_blend": false
            },
            {
              "from_frame": 174,
              "to_frame": 175,
              "velocity_deg": 1.4497344824932719,
              "new_block_offset": 1,
              "inside_release_blend": false
            },
            {
              "from_frame": 153,
              "to_frame": 154,
              "velocity_deg": 1.434346391686885,
              "new_block_offset": 0,
              "inside_release_blend": false
            },
            {
              "from_frame": 123,
              "to_frame": 124,
              "velocity_deg": 1.269130870367176,
              "new_block_offset": 0,
              "inside_release_blend": false
            }
          ],
          "release_blend_blocks_by_path": [
            {
              "start_frame": 134,
              "endpoint_distance_deg": 2.4049549368834886,
              "path_distance_deg": 8.485722986797931,
              "path_to_endpoint_ratio": 3.528433259458214,
              "peak_velocity_deg": 3.3301053268701537
            },
            {
              "start_frame": 174,
              "endpoint_distance_deg": 2.150563677222012,
              "path_distance_deg": 6.254493500502324,
              "path_to_endpoint_ratio": 2.9083042584358902,
              "peak_velocity_deg": 1.8526568222913689
            },
            {
              "start_frame": 194,
              "endpoint_distance_deg": 0.8919593800976353,
              "path_distance_deg": 3.667209793753975,
              "path_to_endpoint_ratio": 4.111408967247541,
              "peak_velocity_deg": 1.1319533468452565
            },
            {
              "start_frame": 84,
              "endpoint_distance_deg": 2.088443007498139,
              "path_distance_deg": 3.662918360036511,
              "path_to_endpoint_ratio": 1.7538991233591399,
              "peak_velocity_deg": 1.1178982541668305
            },
            {
              "start_frame": 164,
              "endpoint_distance_deg": 2.6780131294686487,
              "path_distance_deg": 3.4419822990046915,
              "path_to_endpoint_ratio": 1.2852746168901807,
              "peak_velocity_deg": 1.1731516535954918
            },
            {
              "start_frame": 94,
              "endpoint_distance_deg": 2.8491372910882378,
              "path_distance_deg": 3.151523067160197,
              "path_to_endpoint_ratio": 1.1061323991012249,
              "peak_velocity_deg": 1.1216535618870822
            },
            {
              "start_frame": 104,
              "endpoint_distance_deg": 1.5806140195156788,
              "path_distance_deg": 2.749844551952017,
              "path_to_endpoint_ratio": 1.7397318497748147,
              "peak_velocity_deg": 0.7259608774673475
            },
            {
              "start_frame": 214,
              "endpoint_distance_deg": 1.379677398658253,
              "path_distance_deg": 2.48802589208191,
              "path_to_endpoint_ratio": 1.803338877988097,
              "peak_velocity_deg": 0.9745019317881599
            },
            {
              "start_frame": 154,
              "endpoint_distance_deg": 1.6264297207338825,
              "path_distance_deg": 2.4712404123936196,
              "path_to_endpoint_ratio": 1.5194264965095075,
              "peak_velocity_deg": 0.7638492421480925
            },
            {
              "start_frame": 74,
              "endpoint_distance_deg": 1.1925793622675263,
              "path_distance_deg": 2.429239990102044,
              "path_to_endpoint_ratio": 2.0369629619308327,
              "peak_velocity_deg": 0.5188624959778372
            },
            {
              "start_frame": 114,
              "endpoint_distance_deg": 0.4158135746943946,
              "path_distance_deg": 2.4204658266037504,
              "path_to_endpoint_ratio": 5.821036093837702,
              "peak_velocity_deg": 0.874224677238875
            },
            {
              "start_frame": 54,
              "endpoint_distance_deg": 1.7284617988829274,
              "path_distance_deg": 2.409192325456791,
              "path_to_endpoint_ratio": 1.3938360263523364,
              "peak_velocity_deg": 0.9160539949460177
            },
            {
              "start_frame": 34,
              "endpoint_distance_deg": 1.51886617020062,
              "path_distance_deg": 2.1228320465366295,
              "path_to_endpoint_ratio": 1.3976425890480095,
              "peak_velocity_deg": 0.6606446268730393
            },
            {
              "start_frame": 204,
              "endpoint_distance_deg": 1.3322494244947307,
              "path_distance_deg": 2.055574429799031,
              "path_to_endpoint_ratio": 1.542935123112272,
              "peak_velocity_deg": 0.5642913579204213
            },
            {
              "start_frame": 124,
              "endpoint_distance_deg": 1.3276027429788717,
              "path_distance_deg": 1.9407969616134026,
              "path_to_endpoint_ratio": 1.461880801224203,
              "peak_velocity_deg": 0.4988978657622484
            },
            {
              "start_frame": 64,
              "endpoint_distance_deg": 0.7617568919430021,
              "path_distance_deg": 1.8363079213169338,
              "path_to_endpoint_ratio": 2.410621998618339,
              "peak_velocity_deg": 0.7197249690206394
            },
            {
              "start_frame": 184,
              "endpoint_distance_deg": 0.26392552196806685,
              "path_distance_deg": 1.2112080432865193,
              "path_to_endpoint_ratio": 4.5892039324376785,
              "peak_velocity_deg": 0.59812506332937
            },
            {
              "start_frame": 44,
              "endpoint_distance_deg": 0.9738739571740794,
              "path_distance_deg": 1.1814639770986897,
              "path_to_endpoint_ratio": 1.2131590216530492,
              "peak_velocity_deg": 0.4731457760223798
            },
            {
              "start_frame": 144,
              "endpoint_distance_deg": 0.37065472493522383,
              "path_distance_deg": 0.9837022202745518,
              "path_to_endpoint_ratio": 2.653958398740135,
              "peak_velocity_deg": 0.23331393853131419
            }
          ],
          "boundary_blocks_by_peak": [
            {
              "start_frame": 134,
              "end_frame": 140,
              "entry_jump_deg": 2.71008804333726,
              "path_distance_deg": 11.19581103013519,
              "endpoint_distance_deg": 4.923692816516784,
              "path_to_endpoint_ratio": 2.2738646474000688,
              "peak_velocity_deg": 3.3301053268701537
            },
            {
              "start_frame": 164,
              "end_frame": 170,
              "entry_jump_deg": 2.471204639492623,
              "path_distance_deg": 5.913186938497315,
              "endpoint_distance_deg": 0.8865762684699072,
              "path_to_endpoint_ratio": 6.669687819077941,
              "peak_velocity_deg": 2.471204639492623
            },
            {
              "start_frame": 174,
              "end_frame": 180,
              "entry_jump_deg": 1.078938694618125,
              "path_distance_deg": 7.333432195120449,
              "endpoint_distance_deg": 3.226362288379821,
              "path_to_endpoint_ratio": 2.272972325994757,
              "peak_velocity_deg": 1.8526568222913689
            },
            {
              "start_frame": 94,
              "end_frame": 100,
              "entry_jump_deg": 1.8179593617314451,
              "path_distance_deg": 4.969482428891642,
              "endpoint_distance_deg": 4.513959489823994,
              "path_to_endpoint_ratio": 1.100914272734293,
              "peak_velocity_deg": 1.8179593617314451
            },
            {
              "start_frame": 154,
              "end_frame": 160,
              "entry_jump_deg": 1.434346391686885,
              "path_distance_deg": 3.905586804080505,
              "endpoint_distance_deg": 3.0517661239675054,
              "path_to_endpoint_ratio": 1.2797791984803129,
              "peak_velocity_deg": 1.434346391686885
            },
            {
              "start_frame": 124,
              "end_frame": 130,
              "entry_jump_deg": 1.269130870367176,
              "path_distance_deg": 3.209927831980579,
              "endpoint_distance_deg": 1.3545610293014294,
              "path_to_endpoint_ratio": 2.3697181319589524,
              "peak_velocity_deg": 1.269130870367176
            },
            {
              "start_frame": 144,
              "end_frame": 150,
              "entry_jump_deg": 1.263547268974225,
              "path_distance_deg": 2.2472494892487767,
              "endpoint_distance_deg": 0.8982551433852477,
              "path_to_endpoint_ratio": 2.5017941793014216,
              "peak_velocity_deg": 1.263547268974225
            },
            {
              "start_frame": 114,
              "end_frame": 120,
              "entry_jump_deg": 1.2118744175561937,
              "path_distance_deg": 3.6323402441599444,
              "endpoint_distance_deg": 1.5643392050474405,
              "path_to_endpoint_ratio": 2.321964592103788,
              "peak_velocity_deg": 1.2118744175561937
            },
            {
              "start_frame": 194,
              "end_frame": 200,
              "entry_jump_deg": 0.2749024831948775,
              "path_distance_deg": 3.942112276948852,
              "endpoint_distance_deg": 1.1637960350381875,
              "path_to_endpoint_ratio": 3.3872879424438835,
              "peak_velocity_deg": 1.1319533468452565
            },
            {
              "start_frame": 84,
              "end_frame": 90,
              "entry_jump_deg": 1.0831353993205235,
              "path_distance_deg": 4.746053759357035,
              "endpoint_distance_deg": 1.9585321451534168,
              "path_to_endpoint_ratio": 2.423270800584825,
              "peak_velocity_deg": 1.1178982541668305
            },
            {
              "start_frame": 104,
              "end_frame": 110,
              "entry_jump_deg": 1.0092272697934745,
              "path_distance_deg": 3.7590718217454917,
              "endpoint_distance_deg": 2.5516103825646024,
              "path_to_endpoint_ratio": 1.4732154436396672,
              "peak_velocity_deg": 1.0092272697934745
            },
            {
              "start_frame": 214,
              "end_frame": 220,
              "entry_jump_deg": 0.7765009415852094,
              "path_distance_deg": 3.2645268336671194,
              "endpoint_distance_deg": 2.1036491540128393,
              "path_to_endpoint_ratio": 1.5518399669639944,
              "peak_velocity_deg": 0.9745019317881599
            },
            {
              "start_frame": 184,
              "end_frame": 190,
              "entry_jump_deg": 0.92285490707271,
              "path_distance_deg": 2.1340629503592297,
              "endpoint_distance_deg": 0.6867912011728412,
              "path_to_endpoint_ratio": 3.1072951236341786,
              "peak_velocity_deg": 0.92285490707271
            },
            {
              "start_frame": 54,
              "end_frame": 60,
              "entry_jump_deg": 0.8178259466801718,
              "path_distance_deg": 3.2270182721369625,
              "endpoint_distance_deg": 2.501328598347999,
              "path_to_endpoint_ratio": 1.290121687437726,
              "peak_velocity_deg": 0.9160539949460177
            },
            {
              "start_frame": 64,
              "end_frame": 70,
              "entry_jump_deg": 0.8431059562974215,
              "path_distance_deg": 2.679413877614355,
              "endpoint_distance_deg": 1.477900228921368,
              "path_to_endpoint_ratio": 1.812986983275522,
              "peak_velocity_deg": 0.8431059562974215
            },
            {
              "start_frame": 34,
              "end_frame": 40,
              "entry_jump_deg": 0.7718508311027459,
              "path_distance_deg": 2.8946828776393754,
              "endpoint_distance_deg": 2.2892219223958055,
              "path_to_endpoint_ratio": 1.2644832942233575,
              "peak_velocity_deg": 0.7718508311027459
            },
            {
              "start_frame": 74,
              "end_frame": 80,
              "entry_jump_deg": 0.7554881945330756,
              "path_distance_deg": 3.184728184635119,
              "endpoint_distance_deg": 1.9472001754173927,
              "path_to_endpoint_ratio": 1.6355422646531221,
              "peak_velocity_deg": 0.7554881945330756
            },
            {
              "start_frame": 204,
              "end_frame": 210,
              "entry_jump_deg": 0.14859083828233285,
              "path_distance_deg": 2.204165268081364,
              "endpoint_distance_deg": 1.3487761312938975,
              "path_to_endpoint_ratio": 1.6341965259771325,
              "peak_velocity_deg": 0.5642913579204213
            },
            {
              "start_frame": 44,
              "end_frame": 50,
              "entry_jump_deg": 0.1857792851525301,
              "path_distance_deg": 1.3672432622512198,
              "endpoint_distance_deg": 0.7929818589874106,
              "path_to_endpoint_ratio": 1.724179748572188,
              "peak_velocity_deg": 0.4731457760223798
            }
          ]
        },
        "ground_truth": {
          "order": "XYZ",
          "excursion_p90_deg": 4.722799798383487,
          "excursion_max_deg": 9.321677023170455,
          "velocity_rms_deg_per_frame": 0.6447664257886089,
          "velocity_p95_deg_per_frame": 1.3673955029604634,
          "velocity_max_deg_per_frame": 4.105665276358565,
          "euler_axis_step_p95_deg": [
            9.999999974752427e-07,
            0.7778150000000124,
            1.2188071999999899
          ],
          "top_velocity_transitions": [
            {
              "from_frame": 187,
              "to_frame": 188,
              "velocity_deg": 4.105665276358565,
              "new_block_offset": 4,
              "inside_release_blend": false
            },
            {
              "from_frame": 176,
              "to_frame": 177,
              "velocity_deg": 2.2123195157852122,
              "new_block_offset": 3,
              "inside_release_blend": false
            },
            {
              "from_frame": 188,
              "to_frame": 189,
              "velocity_deg": 2.1356877679257766,
              "new_block_offset": 5,
              "inside_release_blend": false
            },
            {
              "from_frame": 172,
              "to_frame": 173,
              "velocity_deg": 1.8171545050212234,
              "new_block_offset": 9,
              "inside_release_blend": false
            },
            {
              "from_frame": 177,
              "to_frame": 178,
              "velocity_deg": 1.7615186314286337,
              "new_block_offset": 4,
              "inside_release_blend": false
            },
            {
              "from_frame": 175,
              "to_frame": 176,
              "velocity_deg": 1.5371507203063395,
              "new_block_offset": 2,
              "inside_release_blend": false
            },
            {
              "from_frame": 200,
              "to_frame": 201,
              "velocity_deg": 1.5094019855618142,
              "new_block_offset": 7,
              "inside_release_blend": false
            },
            {
              "from_frame": 186,
              "to_frame": 187,
              "velocity_deg": 1.491003425864597,
              "new_block_offset": 3,
              "inside_release_blend": false
            },
            {
              "from_frame": 87,
              "to_frame": 88,
              "velocity_deg": 1.4770386821148023,
              "new_block_offset": 4,
              "inside_release_blend": false
            },
            {
              "from_frame": 118,
              "to_frame": 119,
              "velocity_deg": 1.4681525862680365,
              "new_block_offset": 5,
              "inside_release_blend": false
            },
            {
              "from_frame": 89,
              "to_frame": 90,
              "velocity_deg": 1.4519166473235825,
              "new_block_offset": 6,
              "inside_release_blend": false
            },
            {
              "from_frame": 117,
              "to_frame": 118,
              "velocity_deg": 1.367492355997904,
              "new_block_offset": 4,
              "inside_release_blend": false
            }
          ],
          "release_blend_blocks_by_path": [
            {
              "start_frame": 184,
              "endpoint_distance_deg": 8.057046433806985,
              "path_distance_deg": 8.338734707427399,
              "path_to_endpoint_ratio": 1.0349617289579545,
              "peak_velocity_deg": 4.105665276358565
            },
            {
              "start_frame": 174,
              "endpoint_distance_deg": 5.9288763574193135,
              "path_distance_deg": 6.966343567027927,
              "path_to_endpoint_ratio": 1.1749854689262227,
              "peak_velocity_deg": 2.2123195157852122
            },
            {
              "start_frame": 84,
              "endpoint_distance_deg": 1.634266354992219,
              "path_distance_deg": 5.098281357340453,
              "path_to_endpoint_ratio": 3.1196147077045633,
              "peak_velocity_deg": 1.4770386821148023
            },
            {
              "start_frame": 114,
              "endpoint_distance_deg": 3.7770754532665545,
              "path_distance_deg": 4.883365085276882,
              "path_to_endpoint_ratio": 1.292895825274967,
              "peak_velocity_deg": 1.4681525862680365
            },
            {
              "start_frame": 204,
              "endpoint_distance_deg": 4.10048743726984,
              "path_distance_deg": 4.251086654027187,
              "path_to_endpoint_ratio": 1.0367271498965054,
              "peak_velocity_deg": 1.2450930405919303
            },
            {
              "start_frame": 54,
              "endpoint_distance_deg": 1.212196930850319,
              "path_distance_deg": 3.5871004901341035,
              "path_to_endpoint_ratio": 2.9591730508819736,
              "peak_velocity_deg": 1.0187841757935956
            },
            {
              "start_frame": 64,
              "endpoint_distance_deg": 2.234774584050885,
              "path_distance_deg": 2.954172289225877,
              "path_to_endpoint_ratio": 1.3219106348842438,
              "peak_velocity_deg": 1.3580336444091359
            },
            {
              "start_frame": 124,
              "endpoint_distance_deg": 2.1179366215686533,
              "path_distance_deg": 2.564115803649305,
              "path_to_endpoint_ratio": 1.2106669187060888,
              "peak_velocity_deg": 0.6611047544891434
            },
            {
              "start_frame": 144,
              "endpoint_distance_deg": 0.8591123939979417,
              "path_distance_deg": 2.521823233801081,
              "path_to_endpoint_ratio": 2.9353822054243617,
              "peak_velocity_deg": 0.5708151366695595
            },
            {
              "start_frame": 214,
              "endpoint_distance_deg": 1.3156687943359469,
              "path_distance_deg": 2.2932767026748198,
              "path_to_endpoint_ratio": 1.7430501601524249,
              "peak_velocity_deg": 0.8310292254748864
            },
            {
              "start_frame": 104,
              "endpoint_distance_deg": 0.5294513877331439,
              "path_distance_deg": 1.9426956192728468,
              "path_to_endpoint_ratio": 3.6692615493757317,
              "peak_velocity_deg": 0.5930753486100605
            },
            {
              "start_frame": 194,
              "endpoint_distance_deg": 0.7244820319319449,
              "path_distance_deg": 1.6727048649634715,
              "path_to_endpoint_ratio": 2.308828640653712,
              "peak_velocity_deg": 0.6231795680133528
            },
            {
              "start_frame": 154,
              "endpoint_distance_deg": 0.5773278248375443,
              "path_distance_deg": 1.3371917129926458,
              "path_to_endpoint_ratio": 2.316174027068454,
              "peak_velocity_deg": 0.3227962865215016
            },
            {
              "start_frame": 34,
              "endpoint_distance_deg": 0.7552723480669142,
              "path_distance_deg": 1.1705404909569639,
              "path_to_endpoint_ratio": 1.549825693940616,
              "peak_velocity_deg": 0.2841631502368757
            },
            {
              "start_frame": 94,
              "endpoint_distance_deg": 0.8128884779393349,
              "path_distance_deg": 1.096594066010685,
              "path_to_endpoint_ratio": 1.3490092377622835,
              "peak_velocity_deg": 0.2692868591873879
            },
            {
              "start_frame": 164,
              "endpoint_distance_deg": 0.5835117755028738,
              "path_distance_deg": 1.0834756799267913,
              "path_to_endpoint_ratio": 1.8568188773792023,
              "peak_velocity_deg": 0.3352179403211333
            },
            {
              "start_frame": 74,
              "endpoint_distance_deg": 0.5486901147646516,
              "path_distance_deg": 1.0285360413729043,
              "path_to_endpoint_ratio": 1.8745299280889578,
              "peak_velocity_deg": 0.2492885899001067
            },
            {
              "start_frame": 44,
              "endpoint_distance_deg": 0.09568747701076605,
              "path_distance_deg": 0.7966350955871345,
              "path_to_endpoint_ratio": 8.325385102352557,
              "peak_velocity_deg": 0.19608839749972498
            },
            {
              "start_frame": 134,
              "endpoint_distance_deg": 0.22767448630829185,
              "path_distance_deg": 0.6831448637283059,
              "path_to_endpoint_ratio": 3.000533238508183,
              "peak_velocity_deg": 0.17960082828482582
            }
          ],
          "boundary_blocks_by_peak": [
            {
              "start_frame": 184,
              "end_frame": 190,
              "entry_jump_deg": 0.21922146408298485,
              "path_distance_deg": 8.557956171510384,
              "endpoint_distance_deg": 7.8927819987994035,
              "path_to_endpoint_ratio": 1.084276263149313,
              "peak_velocity_deg": 4.105665276358565
            },
            {
              "start_frame": 174,
              "end_frame": 180,
              "entry_jump_deg": 0.9387120122197514,
              "path_distance_deg": 7.905055579247679,
              "endpoint_distance_deg": 6.668851033366243,
              "path_to_endpoint_ratio": 1.1853699444921377,
              "peak_velocity_deg": 2.2123195157852122
            },
            {
              "start_frame": 84,
              "end_frame": 90,
              "entry_jump_deg": 0.06419894123763953,
              "path_distance_deg": 5.162480298578092,
              "endpoint_distance_deg": 1.6978484027064324,
              "path_to_endpoint_ratio": 3.040601440239841,
              "peak_velocity_deg": 1.4770386821148023
            },
            {
              "start_frame": 114,
              "end_frame": 120,
              "entry_jump_deg": 0.039049731555344414,
              "path_distance_deg": 4.922414816832227,
              "endpoint_distance_deg": 3.7752161381911566,
              "path_to_endpoint_ratio": 1.3038762912236157,
              "peak_velocity_deg": 1.4681525862680365
            },
            {
              "start_frame": 64,
              "end_frame": 70,
              "entry_jump_deg": 0.20173673080456792,
              "path_distance_deg": 3.1559090200304443,
              "endpoint_distance_deg": 2.038875730547223,
              "path_to_endpoint_ratio": 1.5478672744725916,
              "peak_velocity_deg": 1.3580336444091359
            },
            {
              "start_frame": 204,
              "end_frame": 210,
              "entry_jump_deg": 0.0667216090638918,
              "path_distance_deg": 4.317808263091079,
              "endpoint_distance_deg": 4.165102428243511,
              "path_to_endpoint_ratio": 1.0366631643467088,
              "peak_velocity_deg": 1.2450930405919303
            },
            {
              "start_frame": 54,
              "end_frame": 60,
              "entry_jump_deg": 0.6731379349166489,
              "path_distance_deg": 4.260238425050752,
              "endpoint_distance_deg": 1.8819402862151515,
              "path_to_endpoint_ratio": 2.2637479288031477,
              "peak_velocity_deg": 1.0187841757935956
            },
            {
              "start_frame": 214,
              "end_frame": 220,
              "entry_jump_deg": 0.11589805278947547,
              "path_distance_deg": 2.4091747554642953,
              "endpoint_distance_deg": 1.3355827188382408,
              "path_to_endpoint_ratio": 1.8038379214429494,
              "peak_velocity_deg": 0.8310292254748864
            },
            {
              "start_frame": 124,
              "end_frame": 130,
              "entry_jump_deg": 0.4514833239609667,
              "path_distance_deg": 3.015599127610271,
              "endpoint_distance_deg": 2.2642238704993676,
              "path_to_endpoint_ratio": 1.331846716616935,
              "peak_velocity_deg": 0.6611047544891434
            },
            {
              "start_frame": 194,
              "end_frame": 200,
              "entry_jump_deg": 0.11033770542869734,
              "path_distance_deg": 1.783042570392169,
              "endpoint_distance_deg": 0.7771065539270517,
              "path_to_endpoint_ratio": 2.2944634315354726,
              "peak_velocity_deg": 0.6231795680133528
            },
            {
              "start_frame": 104,
              "end_frame": 110,
              "entry_jump_deg": 0.5030248742006445,
              "path_distance_deg": 2.4457204934734915,
              "endpoint_distance_deg": 0.8874051273242312,
              "path_to_endpoint_ratio": 2.7560360180113075,
              "peak_velocity_deg": 0.5930753486100605
            },
            {
              "start_frame": 144,
              "end_frame": 150,
              "entry_jump_deg": 0.17564956070517648,
              "path_distance_deg": 2.6974727945062575,
              "endpoint_distance_deg": 0.9301275923962987,
              "path_to_endpoint_ratio": 2.9001104972670753,
              "peak_velocity_deg": 0.5708151366695595
            },
            {
              "start_frame": 164,
              "end_frame": 170,
              "entry_jump_deg": 0.38233553735319475,
              "path_distance_deg": 1.4658112172799858,
              "endpoint_distance_deg": 0.7480487720124877,
              "path_to_endpoint_ratio": 1.9595128982519285,
              "peak_velocity_deg": 0.38233553735319475
            },
            {
              "start_frame": 154,
              "end_frame": 160,
              "entry_jump_deg": 0.3800128553008091,
              "path_distance_deg": 1.717204568293455,
              "endpoint_distance_deg": 0.6212006762456157,
              "path_to_endpoint_ratio": 2.764331453519686,
              "peak_velocity_deg": 0.3800128553008091
            },
            {
              "start_frame": 34,
              "end_frame": 40,
              "entry_jump_deg": 0.36694593298542255,
              "path_distance_deg": 1.5374864239423869,
              "endpoint_distance_deg": 0.9539633365892464,
              "path_to_endpoint_ratio": 1.611682928444022,
              "peak_velocity_deg": 0.36694593298542255
            },
            {
              "start_frame": 94,
              "end_frame": 100,
              "entry_jump_deg": 0.27050452560283766,
              "path_distance_deg": 1.3670985916135225,
              "endpoint_distance_deg": 0.5450617060051451,
              "path_to_endpoint_ratio": 2.5081538045173506,
              "peak_velocity_deg": 0.27050452560283766
            },
            {
              "start_frame": 74,
              "end_frame": 80,
              "entry_jump_deg": 0.26823192051112504,
              "path_distance_deg": 1.2967679618840293,
              "endpoint_distance_deg": 0.32162612733979223,
              "path_to_endpoint_ratio": 4.031911128022312,
              "peak_velocity_deg": 0.26823192051112504
            },
            {
              "start_frame": 44,
              "end_frame": 50,
              "entry_jump_deg": 0.25704075511312946,
              "path_distance_deg": 1.0536758507002641,
              "endpoint_distance_deg": 0.28019206431736726,
              "path_to_endpoint_ratio": 3.7605485125616878,
              "peak_velocity_deg": 0.25704075511312946
            },
            {
              "start_frame": 134,
              "end_frame": 140,
              "entry_jump_deg": 0.06585590275173114,
              "path_distance_deg": 0.749000766480037,
              "endpoint_distance_deg": 0.2927416408122057,
              "path_to_endpoint_ratio": 2.558572686830441,
              "peak_velocity_deg": 0.17960082828482582
            }
          ]
        },
        "ratios": {
          "excursion_p90": 0.5985659522789818,
          "velocity_rms": 1.0254772090656694,
          "velocity_p95": 0.9277290348559528
        }
      },
      "RightArm": {
        "prediction": {
          "order": "XYZ",
          "excursion_p90_deg": 26.814495923784524,
          "excursion_max_deg": 42.955974976735455,
          "velocity_rms_deg_per_frame": 5.988946422597864,
          "velocity_p95_deg_per_frame": 11.755257122562966,
          "velocity_max_deg_per_frame": 22.373739680346944,
          "euler_axis_step_p95_deg": [
            10.889020799999976,
            6.8507725999999876,
            4.159280699999998
          ],
          "top_velocity_transitions": [
            {
              "from_frame": 133,
              "to_frame": 134,
              "velocity_deg": 22.373739680346944,
              "new_block_offset": 0,
              "inside_release_blend": false
            },
            {
              "from_frame": 174,
              "to_frame": 175,
              "velocity_deg": 20.479656179630666,
              "new_block_offset": 1,
              "inside_release_blend": false
            },
            {
              "from_frame": 134,
              "to_frame": 135,
              "velocity_deg": 20.166678814511044,
              "new_block_offset": 1,
              "inside_release_blend": false
            },
            {
              "from_frame": 175,
              "to_frame": 176,
              "velocity_deg": 18.028910751639877,
              "new_block_offset": 2,
              "inside_release_blend": false
            },
            {
              "from_frame": 153,
              "to_frame": 154,
              "velocity_deg": 17.75692801356208,
              "new_block_offset": 0,
              "inside_release_blend": false
            },
            {
              "from_frame": 135,
              "to_frame": 136,
              "velocity_deg": 15.034901079865602,
              "new_block_offset": 2,
              "inside_release_blend": false
            },
            {
              "from_frame": 163,
              "to_frame": 164,
              "velocity_deg": 14.782416825526544,
              "new_block_offset": 0,
              "inside_release_blend": false
            },
            {
              "from_frame": 199,
              "to_frame": 200,
              "velocity_deg": 13.810309084214898,
              "new_block_offset": 6,
              "inside_release_blend": false
            },
            {
              "from_frame": 93,
              "to_frame": 94,
              "velocity_deg": 13.554361154866488,
              "new_block_offset": 0,
              "inside_release_blend": false
            },
            {
              "from_frame": 73,
              "to_frame": 74,
              "velocity_deg": 13.206363549745781,
              "new_block_offset": 0,
              "inside_release_blend": false
            },
            {
              "from_frame": 173,
              "to_frame": 174,
              "velocity_deg": 12.43191364371618,
              "new_block_offset": 0,
              "inside_release_blend": false
            },
            {
              "from_frame": 90,
              "to_frame": 91,
              "velocity_deg": 11.779152370653827,
              "new_block_offset": 7,
              "inside_release_blend": false
            }
          ],
          "release_blend_blocks_by_path": [
            {
              "start_frame": 174,
              "endpoint_distance_deg": 40.634417936061396,
              "path_distance_deg": 69.85155739104866,
              "path_to_endpoint_ratio": 1.7190244364016898,
              "peak_velocity_deg": 20.479656179630666
            },
            {
              "start_frame": 134,
              "endpoint_distance_deg": 40.44844153471002,
              "path_distance_deg": 63.18583076928382,
              "path_to_endpoint_ratio": 1.5621326402665516,
              "peak_velocity_deg": 20.166678814511044
            },
            {
              "start_frame": 194,
              "endpoint_distance_deg": 14.219739607468547,
              "path_distance_deg": 49.97504642599843,
              "path_to_endpoint_ratio": 3.514483936101779,
              "peak_velocity_deg": 13.810309084214898
            },
            {
              "start_frame": 84,
              "endpoint_distance_deg": 28.75731347015244,
              "path_distance_deg": 48.86470429571766,
              "path_to_endpoint_ratio": 1.6992096409295994,
              "peak_velocity_deg": 10.580146087074294
            },
            {
              "start_frame": 74,
              "endpoint_distance_deg": 21.85723842875095,
              "path_distance_deg": 31.161870772085873,
              "path_to_endpoint_ratio": 1.4257002719563894,
              "peak_velocity_deg": 10.497792208998655
            },
            {
              "start_frame": 94,
              "endpoint_distance_deg": 15.46468308494514,
              "path_distance_deg": 30.220355703777802,
              "path_to_endpoint_ratio": 1.9541529262372859,
              "peak_velocity_deg": 7.98400120822301
            },
            {
              "start_frame": 164,
              "endpoint_distance_deg": 8.3683578374053,
              "path_distance_deg": 27.56347512444224,
              "path_to_endpoint_ratio": 3.293773481009339,
              "peak_velocity_deg": 11.192367383542738
            },
            {
              "start_frame": 204,
              "endpoint_distance_deg": 18.680447851918018,
              "path_distance_deg": 25.050593990386087,
              "path_to_endpoint_ratio": 1.3410060716405154,
              "peak_velocity_deg": 6.4315046923144985
            },
            {
              "start_frame": 124,
              "endpoint_distance_deg": 17.857786934787462,
              "path_distance_deg": 24.547001308844848,
              "path_to_endpoint_ratio": 1.374582494375415,
              "peak_velocity_deg": 6.034581217783994
            },
            {
              "start_frame": 44,
              "endpoint_distance_deg": 13.219150885654845,
              "path_distance_deg": 22.910304820407816,
              "path_to_endpoint_ratio": 1.7331147074862134,
              "peak_velocity_deg": 6.842334787495854
            },
            {
              "start_frame": 184,
              "endpoint_distance_deg": 9.661656310958477,
              "path_distance_deg": 21.550966822311317,
              "path_to_endpoint_ratio": 2.2305664917792307,
              "peak_velocity_deg": 5.638725084203718
            },
            {
              "start_frame": 154,
              "endpoint_distance_deg": 16.733837047009867,
              "path_distance_deg": 17.97464975205544,
              "path_to_endpoint_ratio": 1.0741499215965709,
              "peak_velocity_deg": 6.605186181254578
            },
            {
              "start_frame": 104,
              "endpoint_distance_deg": 10.530428483192466,
              "path_distance_deg": 16.945084464707435,
              "path_to_endpoint_ratio": 1.6091543180558465,
              "peak_velocity_deg": 4.144690265993262
            },
            {
              "start_frame": 144,
              "endpoint_distance_deg": 9.195898909983617,
              "path_distance_deg": 16.094798311057314,
              "path_to_endpoint_ratio": 1.7502147934209933,
              "peak_velocity_deg": 4.696882993910654
            },
            {
              "start_frame": 114,
              "endpoint_distance_deg": 6.889936214640732,
              "path_distance_deg": 15.725718623707674,
              "path_to_endpoint_ratio": 2.2824186079243223,
              "peak_velocity_deg": 6.239914865622058
            },
            {
              "start_frame": 34,
              "endpoint_distance_deg": 4.9354352429885955,
              "path_distance_deg": 15.695432949708243,
              "path_to_endpoint_ratio": 3.180151734744281,
              "peak_velocity_deg": 5.526728128516824
            },
            {
              "start_frame": 54,
              "endpoint_distance_deg": 11.73631917732377,
              "path_distance_deg": 13.48540226703188,
              "path_to_endpoint_ratio": 1.1490316566277088,
              "peak_velocity_deg": 3.557371475299011
            },
            {
              "start_frame": 64,
              "endpoint_distance_deg": 9.276885478133476,
              "path_distance_deg": 11.989667863893143,
              "path_to_endpoint_ratio": 1.2924238304066553,
              "peak_velocity_deg": 3.8372102758120903
            },
            {
              "start_frame": 214,
              "endpoint_distance_deg": 7.306928835584094,
              "path_distance_deg": 11.4437363263806,
              "path_to_endpoint_ratio": 1.5661485945573497,
              "peak_velocity_deg": 4.619954353177038
            }
          ],
          "boundary_blocks_by_peak": [
            {
              "start_frame": 134,
              "end_frame": 140,
              "entry_jump_deg": 22.373739680346944,
              "path_distance_deg": 85.55957044963077,
              "endpoint_distance_deg": 60.9726297732924,
              "path_to_endpoint_ratio": 1.403245534393993,
              "peak_velocity_deg": 22.373739680346944
            },
            {
              "start_frame": 174,
              "end_frame": 180,
              "entry_jump_deg": 12.43191364371618,
              "path_distance_deg": 82.28347103476484,
              "endpoint_distance_deg": 48.7831907917866,
              "path_to_endpoint_ratio": 1.6867176931079,
              "peak_velocity_deg": 20.479656179630666
            },
            {
              "start_frame": 154,
              "end_frame": 160,
              "entry_jump_deg": 17.75692801356208,
              "path_distance_deg": 35.73157776561752,
              "endpoint_distance_deg": 32.96124272979114,
              "path_to_endpoint_ratio": 1.084048258087141,
              "peak_velocity_deg": 17.75692801356208
            },
            {
              "start_frame": 164,
              "end_frame": 170,
              "entry_jump_deg": 14.782416825526544,
              "path_distance_deg": 42.34589194996879,
              "endpoint_distance_deg": 20.67628491876141,
              "path_to_endpoint_ratio": 2.0480416146492852,
              "peak_velocity_deg": 14.782416825526544
            },
            {
              "start_frame": 194,
              "end_frame": 200,
              "entry_jump_deg": 8.423607162597133,
              "path_distance_deg": 58.398653588595565,
              "endpoint_distance_deg": 7.268630393526582,
              "path_to_endpoint_ratio": 8.03434078043165,
              "peak_velocity_deg": 13.810309084214898
            },
            {
              "start_frame": 94,
              "end_frame": 100,
              "entry_jump_deg": 13.554361154866488,
              "path_distance_deg": 43.7747168586443,
              "endpoint_distance_deg": 20.342088886735507,
              "path_to_endpoint_ratio": 2.151928305022231,
              "peak_velocity_deg": 13.554361154866488
            },
            {
              "start_frame": 74,
              "end_frame": 80,
              "entry_jump_deg": 13.206363549745781,
              "path_distance_deg": 44.36823432183166,
              "endpoint_distance_deg": 33.59771340763134,
              "path_to_endpoint_ratio": 1.3205730337515742,
              "peak_velocity_deg": 13.206363549745781
            },
            {
              "start_frame": 84,
              "end_frame": 90,
              "entry_jump_deg": 8.25523277347263,
              "path_distance_deg": 57.11993706919027,
              "endpoint_distance_deg": 34.34031289026005,
              "path_to_endpoint_ratio": 1.6633493483803174,
              "peak_velocity_deg": 10.580146087074294
            },
            {
              "start_frame": 54,
              "end_frame": 60,
              "entry_jump_deg": 10.480804550915295,
              "path_distance_deg": 23.96620681794717,
              "endpoint_distance_deg": 19.795112298574814,
              "path_to_endpoint_ratio": 1.2107133547139646,
              "peak_velocity_deg": 10.480804550915295
            },
            {
              "start_frame": 124,
              "end_frame": 130,
              "entry_jump_deg": 10.273957685217546,
              "path_distance_deg": 34.820958994062394,
              "endpoint_distance_deg": 20.55051010131703,
              "path_to_endpoint_ratio": 1.6944084999540137,
              "peak_velocity_deg": 10.273957685217546
            },
            {
              "start_frame": 184,
              "end_frame": 190,
              "entry_jump_deg": 8.85589400567337,
              "path_distance_deg": 30.406860827984683,
              "endpoint_distance_deg": 10.149030991814342,
              "path_to_endpoint_ratio": 2.996035863178387,
              "peak_velocity_deg": 8.85589400567337
            },
            {
              "start_frame": 64,
              "end_frame": 70,
              "entry_jump_deg": 8.617065096023273,
              "path_distance_deg": 20.606732959916414,
              "endpoint_distance_deg": 4.657143657013335,
              "path_to_endpoint_ratio": 4.4247578510669525,
              "peak_velocity_deg": 8.617065096023273
            },
            {
              "start_frame": 34,
              "end_frame": 40,
              "entry_jump_deg": 8.01641941466817,
              "path_distance_deg": 23.711852364376412,
              "endpoint_distance_deg": 11.880761474832326,
              "path_to_endpoint_ratio": 1.9958192422772345,
              "peak_velocity_deg": 8.01641941466817
            },
            {
              "start_frame": 114,
              "end_frame": 120,
              "entry_jump_deg": 7.580542784498336,
              "path_distance_deg": 23.30626140820601,
              "endpoint_distance_deg": 13.060840537176878,
              "path_to_endpoint_ratio": 1.7844380950725316,
              "peak_velocity_deg": 7.580542784498336
            },
            {
              "start_frame": 144,
              "end_frame": 150,
              "entry_jump_deg": 7.281794557994142,
              "path_distance_deg": 23.376592869051457,
              "endpoint_distance_deg": 12.001299198860162,
              "path_to_endpoint_ratio": 1.947838519955546,
              "peak_velocity_deg": 7.281794557994142
            },
            {
              "start_frame": 44,
              "end_frame": 50,
              "entry_jump_deg": 4.098079229749783,
              "path_distance_deg": 27.0083840501576,
              "endpoint_distance_deg": 15.442206471518608,
              "path_to_endpoint_ratio": 1.7489977290467842,
              "peak_velocity_deg": 6.842334787495854
            },
            {
              "start_frame": 204,
              "end_frame": 210,
              "entry_jump_deg": 3.9465728339033435,
              "path_distance_deg": 28.99716682428943,
              "endpoint_distance_deg": 16.612728250737785,
              "path_to_endpoint_ratio": 1.745478911508809,
              "peak_velocity_deg": 6.4315046923144985
            },
            {
              "start_frame": 104,
              "end_frame": 110,
              "entry_jump_deg": 5.751646791758614,
              "path_distance_deg": 22.696731256466045,
              "endpoint_distance_deg": 14.050359326231826,
              "path_to_endpoint_ratio": 1.615384399037508,
              "peak_velocity_deg": 5.751646791758614
            },
            {
              "start_frame": 214,
              "end_frame": 220,
              "entry_jump_deg": 4.577631808077803,
              "path_distance_deg": 16.021368134458402,
              "endpoint_distance_deg": 11.627524916467987,
              "path_to_endpoint_ratio": 1.3778829329161397,
              "peak_velocity_deg": 4.619954353177038
            }
          ]
        },
        "ground_truth": {
          "order": "XYZ",
          "excursion_p90_deg": 44.001722687258685,
          "excursion_max_deg": 50.16767959254793,
          "velocity_rms_deg_per_frame": 4.226181582504065,
          "velocity_p95_deg_per_frame": 9.843757300376977,
          "velocity_max_deg_per_frame": 18.19860951547861,
          "euler_axis_step_p95_deg": [
            7.298069399999999,
            5.938309299999983,
            3.963589500000007
          ],
          "top_velocity_transitions": [
            {
              "from_frame": 87,
              "to_frame": 88,
              "velocity_deg": 18.19860951547861,
              "new_block_offset": 4,
              "inside_release_blend": false
            },
            {
              "from_frame": 100,
              "to_frame": 101,
              "velocity_deg": 16.025183673357358,
              "new_block_offset": 7,
              "inside_release_blend": false
            },
            {
              "from_frame": 86,
              "to_frame": 87,
              "velocity_deg": 13.81632394097606,
              "new_block_offset": 3,
              "inside_release_blend": false
            },
            {
              "from_frame": 101,
              "to_frame": 102,
              "velocity_deg": 12.822142387507025,
              "new_block_offset": 8,
              "inside_release_blend": false
            },
            {
              "from_frame": 117,
              "to_frame": 118,
              "velocity_deg": 12.405593433977177,
              "new_block_offset": 4,
              "inside_release_blend": false
            },
            {
              "from_frame": 70,
              "to_frame": 71,
              "velocity_deg": 11.21665652973969,
              "new_block_offset": 7,
              "inside_release_blend": false
            },
            {
              "from_frame": 69,
              "to_frame": 70,
              "velocity_deg": 11.095956977970523,
              "new_block_offset": 6,
              "inside_release_blend": false
            },
            {
              "from_frame": 67,
              "to_frame": 68,
              "velocity_deg": 10.841081796019001,
              "new_block_offset": 4,
              "inside_release_blend": false
            },
            {
              "from_frame": 116,
              "to_frame": 117,
              "velocity_deg": 10.43786287604209,
              "new_block_offset": 3,
              "inside_release_blend": false
            },
            {
              "from_frame": 68,
              "to_frame": 69,
              "velocity_deg": 10.311476128569062,
              "new_block_offset": 5,
              "inside_release_blend": false
            },
            {
              "from_frame": 88,
              "to_frame": 89,
              "velocity_deg": 10.053486707778973,
              "new_block_offset": 5,
              "inside_release_blend": false
            },
            {
              "from_frame": 52,
              "to_frame": 53,
              "velocity_deg": 9.857850166807262,
              "new_block_offset": 9,
              "inside_release_blend": false
            }
          ],
          "release_blend_blocks_by_path": [
            {
              "start_frame": 84,
              "endpoint_distance_deg": 38.125181271790964,
              "path_distance_deg": 50.659892128052846,
              "path_to_endpoint_ratio": 1.3287777379182295,
              "peak_velocity_deg": 18.19860951547861
            },
            {
              "start_frame": 64,
              "endpoint_distance_deg": 34.0068212252427,
              "path_distance_deg": 43.67209592817389,
              "path_to_endpoint_ratio": 1.2842157647994694,
              "peak_velocity_deg": 11.095956977970523
            },
            {
              "start_frame": 114,
              "endpoint_distance_deg": 28.065565887866413,
              "path_distance_deg": 42.06792173860903,
              "path_to_endpoint_ratio": 1.4989158567722398,
              "peak_velocity_deg": 12.405593433977177
            },
            {
              "start_frame": 104,
              "endpoint_distance_deg": 16.46144797515773,
              "path_distance_deg": 26.543307019936456,
              "path_to_endpoint_ratio": 1.6124527477773185,
              "peak_velocity_deg": 9.426088800308374
            },
            {
              "start_frame": 54,
              "endpoint_distance_deg": 13.030173278194377,
              "path_distance_deg": 25.650022413551955,
              "path_to_endpoint_ratio": 1.968509694071109,
              "peak_velocity_deg": 5.404642028620978
            },
            {
              "start_frame": 184,
              "endpoint_distance_deg": 17.663329794364657,
              "path_distance_deg": 22.708279288448153,
              "path_to_endpoint_ratio": 1.2856171261487201,
              "peak_velocity_deg": 9.716921502504432
            },
            {
              "start_frame": 124,
              "endpoint_distance_deg": 2.1740006499938658,
              "path_distance_deg": 17.135075424311445,
              "path_to_endpoint_ratio": 7.881817065859568,
              "peak_velocity_deg": 3.849775458572219
            },
            {
              "start_frame": 34,
              "endpoint_distance_deg": 14.222578704535144,
              "path_distance_deg": 16.62950092435799,
              "path_to_endpoint_ratio": 1.1692324767417426,
              "peak_velocity_deg": 3.4918145278458503
            },
            {
              "start_frame": 144,
              "endpoint_distance_deg": 4.0177346300593335,
              "path_distance_deg": 15.910705245131078,
              "path_to_endpoint_ratio": 3.960118502126187,
              "peak_velocity_deg": 4.10107251743828
            },
            {
              "start_frame": 174,
              "endpoint_distance_deg": 10.093531020996272,
              "path_distance_deg": 13.415116720566147,
              "path_to_endpoint_ratio": 1.329080645084501,
              "peak_velocity_deg": 3.233472289633297
            },
            {
              "start_frame": 94,
              "endpoint_distance_deg": 3.825306696932385,
              "path_distance_deg": 12.72493054705942,
              "path_to_endpoint_ratio": 3.326512500883623,
              "peak_velocity_deg": 4.203859706489542
            },
            {
              "start_frame": 214,
              "endpoint_distance_deg": 5.6517939301270586,
              "path_distance_deg": 11.829952895826057,
              "path_to_endpoint_ratio": 2.093132382758355,
              "peak_velocity_deg": 2.875038043745627
            },
            {
              "start_frame": 164,
              "endpoint_distance_deg": 8.032580899372734,
              "path_distance_deg": 9.16122632867791,
              "path_to_endpoint_ratio": 1.1405084422359584,
              "peak_velocity_deg": 2.5232643612984726
            },
            {
              "start_frame": 204,
              "endpoint_distance_deg": 6.6524953528895026,
              "path_distance_deg": 9.151089363606232,
              "path_to_endpoint_ratio": 1.3755874868264986,
              "peak_velocity_deg": 2.478621162948496
            },
            {
              "start_frame": 194,
              "endpoint_distance_deg": 6.243243937722845,
              "path_distance_deg": 8.932575891279871,
              "path_to_endpoint_ratio": 1.4307587498395795,
              "peak_velocity_deg": 2.7589590025046826
            },
            {
              "start_frame": 74,
              "endpoint_distance_deg": 3.7764592209373986,
              "path_distance_deg": 7.448848569296086,
              "path_to_endpoint_ratio": 1.9724424741562867,
              "peak_velocity_deg": 1.935372890054187
            },
            {
              "start_frame": 44,
              "endpoint_distance_deg": 4.192002297100295,
              "path_distance_deg": 5.80024746541285,
              "path_to_endpoint_ratio": 1.383646060839474,
              "peak_velocity_deg": 2.0697012570628477
            },
            {
              "start_frame": 134,
              "endpoint_distance_deg": 3.9606232492864333,
              "path_distance_deg": 5.2508184490992456,
              "path_to_endpoint_ratio": 1.3257555992091044,
              "peak_velocity_deg": 1.2963411820139912
            },
            {
              "start_frame": 154,
              "endpoint_distance_deg": 2.38198553412098,
              "path_distance_deg": 4.087913164034582,
              "path_to_endpoint_ratio": 1.716178837141065,
              "peak_velocity_deg": 1.0207394041107092
            }
          ],
          "boundary_blocks_by_peak": [
            {
              "start_frame": 84,
              "end_frame": 90,
              "entry_jump_deg": 0.8055970263080959,
              "path_distance_deg": 51.46548915436094,
              "endpoint_distance_deg": 38.77813782208007,
              "path_to_endpoint_ratio": 1.327177942130495,
              "peak_velocity_deg": 18.19860951547861
            },
            {
              "start_frame": 114,
              "end_frame": 120,
              "entry_jump_deg": 0.969729180737918,
              "path_distance_deg": 43.037650919346945,
              "endpoint_distance_deg": 28.762840274940416,
              "path_to_endpoint_ratio": 1.4962934991104977,
              "peak_velocity_deg": 12.405593433977177
            },
            {
              "start_frame": 64,
              "end_frame": 70,
              "entry_jump_deg": 3.953867173341735,
              "path_distance_deg": 47.62596310151562,
              "endpoint_distance_deg": 30.74110851442102,
              "path_to_endpoint_ratio": 1.5492597828465984,
              "peak_velocity_deg": 11.095956977970523
            },
            {
              "start_frame": 184,
              "end_frame": 190,
              "entry_jump_deg": 1.2724748591266422,
              "path_distance_deg": 23.980754147574796,
              "endpoint_distance_deg": 17.074521073294207,
              "path_to_endpoint_ratio": 1.4044759466244965,
              "peak_velocity_deg": 9.716921502504432
            },
            {
              "start_frame": 104,
              "end_frame": 110,
              "entry_jump_deg": 3.3603060424247153,
              "path_distance_deg": 29.903613062361167,
              "endpoint_distance_deg": 19.59300550855595,
              "path_to_endpoint_ratio": 1.5262392004791066,
              "peak_velocity_deg": 9.426088800308374
            },
            {
              "start_frame": 54,
              "end_frame": 60,
              "entry_jump_deg": 5.7752800796909485,
              "path_distance_deg": 31.425302493242906,
              "endpoint_distance_deg": 18.609814839854447,
              "path_to_endpoint_ratio": 1.6886413305920185,
              "peak_velocity_deg": 5.7752800796909485
            },
            {
              "start_frame": 124,
              "end_frame": 130,
              "entry_jump_deg": 5.026885648975245,
              "path_distance_deg": 22.16196107328669,
              "endpoint_distance_deg": 6.603234064366387,
              "path_to_endpoint_ratio": 3.356228305290771,
              "peak_velocity_deg": 5.026885648975245
            },
            {
              "start_frame": 144,
              "end_frame": 150,
              "entry_jump_deg": 4.991759659339284,
              "path_distance_deg": 20.902464904470364,
              "endpoint_distance_deg": 7.841534616819356,
              "path_to_endpoint_ratio": 2.6656089561393426,
              "peak_velocity_deg": 4.991759659339284
            },
            {
              "start_frame": 94,
              "end_frame": 100,
              "entry_jump_deg": 2.820902959068304,
              "path_distance_deg": 15.545833506127725,
              "endpoint_distance_deg": 6.3983955209174095,
              "path_to_endpoint_ratio": 2.4296455971353805,
              "peak_velocity_deg": 4.203859706489542
            },
            {
              "start_frame": 34,
              "end_frame": 40,
              "entry_jump_deg": 1.5682596358238337,
              "path_distance_deg": 18.197760560181823,
              "endpoint_distance_deg": 15.347807850367,
              "path_to_endpoint_ratio": 1.185691190403239,
              "peak_velocity_deg": 3.4918145278458503
            },
            {
              "start_frame": 174,
              "end_frame": 180,
              "entry_jump_deg": 1.2017241996890458,
              "path_distance_deg": 14.616840920255193,
              "endpoint_distance_deg": 9.572865392169527,
              "path_to_endpoint_ratio": 1.52690342143655,
              "peak_velocity_deg": 3.233472289633297
            },
            {
              "start_frame": 214,
              "end_frame": 220,
              "entry_jump_deg": 1.720361298741691,
              "path_distance_deg": 13.550314194567747,
              "endpoint_distance_deg": 4.070686259819431,
              "path_to_endpoint_ratio": 3.328754251664882,
              "peak_velocity_deg": 2.875038043745627
            },
            {
              "start_frame": 194,
              "end_frame": 200,
              "entry_jump_deg": 1.6163620444480942,
              "path_distance_deg": 10.548937935727963,
              "endpoint_distance_deg": 7.218552424487942,
              "path_to_endpoint_ratio": 1.4613647328988215,
              "peak_velocity_deg": 2.7589590025046826
            },
            {
              "start_frame": 74,
              "end_frame": 80,
              "entry_jump_deg": 2.635898262459529,
              "path_distance_deg": 10.084746831755615,
              "endpoint_distance_deg": 4.094899422757106,
              "path_to_endpoint_ratio": 2.4627581267833754,
              "peak_velocity_deg": 2.635898262459529
            },
            {
              "start_frame": 164,
              "end_frame": 170,
              "entry_jump_deg": 2.2441684889068547,
              "path_distance_deg": 11.405394817584765,
              "endpoint_distance_deg": 10.144113598031325,
              "path_to_endpoint_ratio": 1.1243362672711215,
              "peak_velocity_deg": 2.5232643612984726
            },
            {
              "start_frame": 204,
              "end_frame": 210,
              "entry_jump_deg": 1.6464762485664706,
              "path_distance_deg": 10.7975656121727,
              "endpoint_distance_deg": 7.857913083336656,
              "path_to_endpoint_ratio": 1.3741009219190548,
              "peak_velocity_deg": 2.478621162948496
            },
            {
              "start_frame": 44,
              "end_frame": 50,
              "entry_jump_deg": 2.3620304498144717,
              "path_distance_deg": 8.162277915227321,
              "endpoint_distance_deg": 3.211531982629277,
              "path_to_endpoint_ratio": 2.541552741612392,
              "peak_velocity_deg": 2.3620304498144717
            },
            {
              "start_frame": 154,
              "end_frame": 160,
              "entry_jump_deg": 2.0033665500745235,
              "path_distance_deg": 6.091279714109105,
              "endpoint_distance_deg": 1.799776660685417,
              "path_to_endpoint_ratio": 3.3844642211269345,
              "peak_velocity_deg": 2.0033665500745235
            },
            {
              "start_frame": 134,
              "end_frame": 140,
              "entry_jump_deg": 1.0052582317846284,
              "path_distance_deg": 6.256076680883874,
              "endpoint_distance_deg": 4.953031315275442,
              "path_to_endpoint_ratio": 1.2630803810163207,
              "peak_velocity_deg": 1.2963411820139912
            }
          ]
        },
        "ratios": {
          "excursion_p90": 0.6093965028225824,
          "velocity_rms": 1.4171057976759576,
          "velocity_p95": 1.1941839649086825
        }
      },
      "RightForeArm": {
        "prediction": {
          "order": "XYZ",
          "excursion_p90_deg": 49.304077491804264,
          "excursion_max_deg": 62.25084493189335,
          "velocity_rms_deg_per_frame": 10.557707426105376,
          "velocity_p95_deg_per_frame": 19.723800067709725,
          "velocity_max_deg_per_frame": 58.84377186093318,
          "euler_axis_step_p95_deg": [
            29.148620299999994,
            15.238648600000003,
            28.13894079999996
          ],
          "top_velocity_transitions": [
            {
              "from_frame": 63,
              "to_frame": 64,
              "velocity_deg": 58.84377186093318,
              "new_block_offset": 0,
              "inside_release_blend": false
            },
            {
              "from_frame": 183,
              "to_frame": 184,
              "velocity_deg": 43.31377829011818,
              "new_block_offset": 0,
              "inside_release_blend": false
            },
            {
              "from_frame": 133,
              "to_frame": 134,
              "velocity_deg": 39.268092825331806,
              "new_block_offset": 0,
              "inside_release_blend": false
            },
            {
              "from_frame": 174,
              "to_frame": 175,
              "velocity_deg": 36.58240338484097,
              "new_block_offset": 1,
              "inside_release_blend": false
            },
            {
              "from_frame": 173,
              "to_frame": 174,
              "velocity_deg": 36.209648072065335,
              "new_block_offset": 0,
              "inside_release_blend": false
            },
            {
              "from_frame": 163,
              "to_frame": 164,
              "velocity_deg": 35.779957222109374,
              "new_block_offset": 0,
              "inside_release_blend": false
            },
            {
              "from_frame": 53,
              "to_frame": 54,
              "velocity_deg": 34.44787122800344,
              "new_block_offset": 0,
              "inside_release_blend": false
            },
            {
              "from_frame": 134,
              "to_frame": 135,
              "velocity_deg": 28.974461640708075,
              "new_block_offset": 1,
              "inside_release_blend": false
            },
            {
              "from_frame": 153,
              "to_frame": 154,
              "velocity_deg": 26.29418340474865,
              "new_block_offset": 0,
              "inside_release_blend": false
            },
            {
              "from_frame": 200,
              "to_frame": 201,
              "velocity_deg": 24.298597292018584,
              "new_block_offset": 7,
              "inside_release_blend": false
            },
            {
              "from_frame": 93,
              "to_frame": 94,
              "velocity_deg": 23.281347424457465,
              "new_block_offset": 0,
              "inside_release_blend": false
            },
            {
              "from_frame": 135,
              "to_frame": 136,
              "velocity_deg": 19.75958035048031,
              "new_block_offset": 2,
              "inside_release_blend": false
            }
          ],
          "release_blend_blocks_by_path": [
            {
              "start_frame": 174,
              "endpoint_distance_deg": 45.6893747088811,
              "path_distance_deg": 78.3323216635371,
              "path_to_endpoint_ratio": 1.7144537906821227,
              "peak_velocity_deg": 36.58240338484097
            },
            {
              "start_frame": 134,
              "endpoint_distance_deg": 37.21756285072283,
              "path_distance_deg": 71.28961178740589,
              "path_to_endpoint_ratio": 1.9154830764535493,
              "peak_velocity_deg": 28.974461640708075
            },
            {
              "start_frame": 74,
              "endpoint_distance_deg": 19.967338026825654,
              "path_distance_deg": 55.42149196743207,
              "path_to_endpoint_ratio": 2.7756074391576173,
              "peak_velocity_deg": 11.859617376698651
            },
            {
              "start_frame": 164,
              "endpoint_distance_deg": 38.04296693509752,
              "path_distance_deg": 53.868770587170815,
              "path_to_endpoint_ratio": 1.4159981443895426,
              "peak_velocity_deg": 15.794475365075588
            },
            {
              "start_frame": 44,
              "endpoint_distance_deg": 45.61158491486596,
              "path_distance_deg": 52.864089973025045,
              "path_to_endpoint_ratio": 1.159005767321962,
              "peak_velocity_deg": 15.22288337139141
            },
            {
              "start_frame": 104,
              "endpoint_distance_deg": 27.265763346557396,
              "path_distance_deg": 48.99353676493921,
              "path_to_endpoint_ratio": 1.7968885060071198,
              "peak_velocity_deg": 13.374288028024642
            },
            {
              "start_frame": 194,
              "endpoint_distance_deg": 33.59027437211911,
              "path_distance_deg": 45.01613117771708,
              "path_to_endpoint_ratio": 1.340153720657958,
              "peak_velocity_deg": 14.649018461215121
            },
            {
              "start_frame": 64,
              "endpoint_distance_deg": 13.540962105100494,
              "path_distance_deg": 40.84070300728432,
              "path_to_endpoint_ratio": 3.016085761875132,
              "peak_velocity_deg": 15.868538103185779
            },
            {
              "start_frame": 184,
              "endpoint_distance_deg": 32.22013775599125,
              "path_distance_deg": 36.54770690137763,
              "path_to_endpoint_ratio": 1.1343125587531566,
              "peak_velocity_deg": 17.26878304624597
            },
            {
              "start_frame": 54,
              "endpoint_distance_deg": 12.879308007828572,
              "path_distance_deg": 33.074203625876876,
              "path_to_endpoint_ratio": 2.5680109215318883,
              "peak_velocity_deg": 11.031410050153479
            },
            {
              "start_frame": 94,
              "endpoint_distance_deg": 4.321170575680295,
              "path_distance_deg": 30.857279046229685,
              "path_to_endpoint_ratio": 7.1409537082140595,
              "peak_velocity_deg": 9.876956521322175
            },
            {
              "start_frame": 124,
              "endpoint_distance_deg": 8.154295542609308,
              "path_distance_deg": 25.150836947260526,
              "path_to_endpoint_ratio": 3.084366615833066,
              "peak_velocity_deg": 6.903008823780881
            },
            {
              "start_frame": 154,
              "endpoint_distance_deg": 1.3857453882269317,
              "path_distance_deg": 23.676070086692544,
              "path_to_endpoint_ratio": 17.085440289277237,
              "peak_velocity_deg": 6.466491418988595
            },
            {
              "start_frame": 84,
              "endpoint_distance_deg": 4.38905118900569,
              "path_distance_deg": 22.761658789957455,
              "path_to_endpoint_ratio": 5.186008959515908,
              "peak_velocity_deg": 8.137800265994368
            },
            {
              "start_frame": 34,
              "endpoint_distance_deg": 7.077051970881135,
              "path_distance_deg": 22.102523712833687,
              "path_to_endpoint_ratio": 3.123125816197983,
              "peak_velocity_deg": 6.337181306062194
            },
            {
              "start_frame": 114,
              "endpoint_distance_deg": 13.99430075865226,
              "path_distance_deg": 20.393961767059952,
              "path_to_endpoint_ratio": 1.4573048070623302,
              "peak_velocity_deg": 6.9393391964857605
            },
            {
              "start_frame": 204,
              "endpoint_distance_deg": 6.443416145589035,
              "path_distance_deg": 19.901184284968757,
              "path_to_endpoint_ratio": 3.088607632240624,
              "peak_velocity_deg": 7.9883120817680195
            },
            {
              "start_frame": 214,
              "endpoint_distance_deg": 5.076285845963611,
              "path_distance_deg": 12.483516245877597,
              "path_to_endpoint_ratio": 2.459183076895447,
              "peak_velocity_deg": 2.8355869685348707
            },
            {
              "start_frame": 144,
              "endpoint_distance_deg": 2.2920111494822057,
              "path_distance_deg": 11.295485995366866,
              "path_to_endpoint_ratio": 4.92819853774213,
              "peak_velocity_deg": 3.048641071883321
            }
          ],
          "boundary_blocks_by_peak": [
            {
              "start_frame": 64,
              "end_frame": 70,
              "entry_jump_deg": 58.84377186093318,
              "path_distance_deg": 99.6844748682175,
              "endpoint_distance_deg": 53.787124670786234,
              "path_to_endpoint_ratio": 1.8533148123896612,
              "peak_velocity_deg": 58.84377186093318
            },
            {
              "start_frame": 184,
              "end_frame": 190,
              "entry_jump_deg": 43.31377829011818,
              "path_distance_deg": 79.8614851914958,
              "endpoint_distance_deg": 74.5493524647637,
              "path_to_endpoint_ratio": 1.0712565911185201,
              "peak_velocity_deg": 43.31377829011818
            },
            {
              "start_frame": 134,
              "end_frame": 140,
              "entry_jump_deg": 39.268092825331806,
              "path_distance_deg": 110.5577046127377,
              "endpoint_distance_deg": 76.23339137945399,
              "path_to_endpoint_ratio": 1.4502530008462224,
              "peak_velocity_deg": 39.268092825331806
            },
            {
              "start_frame": 174,
              "end_frame": 180,
              "entry_jump_deg": 36.209648072065335,
              "path_distance_deg": 114.54196973560242,
              "endpoint_distance_deg": 71.91290294226053,
              "path_to_endpoint_ratio": 1.592787456064305,
              "peak_velocity_deg": 36.58240338484097
            },
            {
              "start_frame": 164,
              "end_frame": 170,
              "entry_jump_deg": 35.779957222109374,
              "path_distance_deg": 89.64872780928019,
              "endpoint_distance_deg": 23.142608425397068,
              "path_to_endpoint_ratio": 3.8737520923051285,
              "peak_velocity_deg": 35.779957222109374
            },
            {
              "start_frame": 54,
              "end_frame": 60,
              "entry_jump_deg": 34.44787122800344,
              "path_distance_deg": 67.52207485388031,
              "endpoint_distance_deg": 35.70168347819629,
              "path_to_endpoint_ratio": 1.8912854598332136,
              "peak_velocity_deg": 34.44787122800344
            },
            {
              "start_frame": 154,
              "end_frame": 160,
              "entry_jump_deg": 26.29418340474865,
              "path_distance_deg": 49.9702534914412,
              "endpoint_distance_deg": 26.719274956288565,
              "path_to_endpoint_ratio": 1.870194964990259,
              "peak_velocity_deg": 26.29418340474865
            },
            {
              "start_frame": 94,
              "end_frame": 100,
              "entry_jump_deg": 23.281347424457465,
              "path_distance_deg": 54.13862647068714,
              "endpoint_distance_deg": 25.678381245916132,
              "path_to_endpoint_ratio": 2.1083348655124943,
              "peak_velocity_deg": 23.281347424457465
            },
            {
              "start_frame": 104,
              "end_frame": 110,
              "entry_jump_deg": 18.81379791429813,
              "path_distance_deg": 67.80733467923734,
              "endpoint_distance_deg": 17.059274011677825,
              "path_to_endpoint_ratio": 3.974807757517713,
              "peak_velocity_deg": 18.81379791429813
            },
            {
              "start_frame": 74,
              "end_frame": 80,
              "entry_jump_deg": 15.4270368223858,
              "path_distance_deg": 70.84852878981786,
              "endpoint_distance_deg": 34.412169999030056,
              "path_to_endpoint_ratio": 2.058821887483841,
              "peak_velocity_deg": 15.4270368223858
            },
            {
              "start_frame": 44,
              "end_frame": 50,
              "entry_jump_deg": 4.957532052902062,
              "path_distance_deg": 57.821622025927105,
              "endpoint_distance_deg": 41.508464302046406,
              "path_to_endpoint_ratio": 1.3930079803765818,
              "peak_velocity_deg": 15.22288337139141
            },
            {
              "start_frame": 34,
              "end_frame": 40,
              "entry_jump_deg": 14.82418549846324,
              "path_distance_deg": 36.92670921129692,
              "endpoint_distance_deg": 18.216152718031026,
              "path_to_endpoint_ratio": 2.027140954672909,
              "peak_velocity_deg": 14.82418549846324
            },
            {
              "start_frame": 194,
              "end_frame": 200,
              "entry_jump_deg": 9.722056687506312,
              "path_distance_deg": 54.738187865223395,
              "endpoint_distance_deg": 23.930352827077577,
              "path_to_endpoint_ratio": 2.28739577141906,
              "peak_velocity_deg": 14.649018461215121
            },
            {
              "start_frame": 204,
              "end_frame": 210,
              "entry_jump_deg": 14.036758571356314,
              "path_distance_deg": 33.93794285632507,
              "endpoint_distance_deg": 16.152945078834207,
              "path_to_endpoint_ratio": 2.101037469680696,
              "peak_velocity_deg": 14.036758571356314
            },
            {
              "start_frame": 84,
              "end_frame": 90,
              "entry_jump_deg": 6.754562131892734,
              "path_distance_deg": 29.51622092185019,
              "endpoint_distance_deg": 9.794589777990943,
              "path_to_endpoint_ratio": 3.0135229336684413,
              "peak_velocity_deg": 8.137800265994368
            },
            {
              "start_frame": 114,
              "end_frame": 120,
              "entry_jump_deg": 7.132728807677304,
              "path_distance_deg": 27.526690574737255,
              "endpoint_distance_deg": 13.065571365206402,
              "path_to_endpoint_ratio": 2.1068110842852836,
              "peak_velocity_deg": 7.132728807677304
            },
            {
              "start_frame": 124,
              "end_frame": 130,
              "entry_jump_deg": 2.88410523643731,
              "path_distance_deg": 28.034942183697837,
              "endpoint_distance_deg": 10.953842298441543,
              "path_to_endpoint_ratio": 2.5593706226432076,
              "peak_velocity_deg": 6.903008823780881
            },
            {
              "start_frame": 144,
              "end_frame": 150,
              "entry_jump_deg": 1.1477938191490396,
              "path_distance_deg": 12.443279814515904,
              "endpoint_distance_deg": 1.2706540990211848,
              "path_to_endpoint_ratio": 9.792814444230936,
              "peak_velocity_deg": 3.048641071883321
            },
            {
              "start_frame": 214,
              "end_frame": 220,
              "entry_jump_deg": 1.264838003654528,
              "path_distance_deg": 13.748354249532126,
              "endpoint_distance_deg": 5.826041210019618,
              "path_to_endpoint_ratio": 2.3598106765684603,
              "peak_velocity_deg": 2.8355869685348707
            }
          ]
        },
        "ground_truth": {
          "order": "XYZ",
          "excursion_p90_deg": 61.77596914740521,
          "excursion_max_deg": 68.76024661148784,
          "velocity_rms_deg_per_frame": 9.399136184264677,
          "velocity_p95_deg_per_frame": 21.463402885865293,
          "velocity_max_deg_per_frame": 45.91108005895839,
          "euler_axis_step_p95_deg": [
            23.473730099999973,
            11.927863000000004,
            26.216088899999978
          ],
          "top_velocity_transitions": [
            {
              "from_frame": 142,
              "to_frame": 143,
              "velocity_deg": 45.91108005895839,
              "new_block_offset": 9,
              "inside_release_blend": false
            },
            {
              "from_frame": 143,
              "to_frame": 144,
              "velocity_deg": 39.76149138152878,
              "new_block_offset": 0,
              "inside_release_blend": false
            },
            {
              "from_frame": 87,
              "to_frame": 88,
              "velocity_deg": 33.60383165513175,
              "new_block_offset": 4,
              "inside_release_blend": false
            },
            {
              "from_frame": 69,
              "to_frame": 70,
              "velocity_deg": 32.82209337801137,
              "new_block_offset": 6,
              "inside_release_blend": false
            },
            {
              "from_frame": 88,
              "to_frame": 89,
              "velocity_deg": 30.551810966962357,
              "new_block_offset": 5,
              "inside_release_blend": false
            },
            {
              "from_frame": 217,
              "to_frame": 218,
              "velocity_deg": 28.012082486635084,
              "new_block_offset": 4,
              "inside_release_blend": false
            },
            {
              "from_frame": 86,
              "to_frame": 87,
              "velocity_deg": 26.450029289716298,
              "new_block_offset": 3,
              "inside_release_blend": false
            },
            {
              "from_frame": 216,
              "to_frame": 217,
              "velocity_deg": 26.2529194435873,
              "new_block_offset": 3,
              "inside_release_blend": false
            },
            {
              "from_frame": 70,
              "to_frame": 71,
              "velocity_deg": 26.23388897417388,
              "new_block_offset": 7,
              "inside_release_blend": false
            },
            {
              "from_frame": 89,
              "to_frame": 90,
              "velocity_deg": 22.932816991104872,
              "new_block_offset": 6,
              "inside_release_blend": false
            },
            {
              "from_frame": 100,
              "to_frame": 101,
              "velocity_deg": 22.915778207582637,
              "new_block_offset": 7,
              "inside_release_blend": false
            },
            {
              "from_frame": 122,
              "to_frame": 123,
              "velocity_deg": 21.536968590435162,
              "new_block_offset": 9,
              "inside_release_blend": false
            }
          ],
          "release_blend_blocks_by_path": [
            {
              "start_frame": 84,
              "endpoint_distance_deg": 54.57513684145448,
              "path_distance_deg": 118.83987549107617,
              "path_to_endpoint_ratio": 2.177546083600603,
              "peak_velocity_deg": 33.60383165513175
            },
            {
              "start_frame": 64,
              "endpoint_distance_deg": 50.928805606943094,
              "path_distance_deg": 78.68337300236671,
              "path_to_endpoint_ratio": 1.544967961935472,
              "peak_velocity_deg": 32.82209337801137
            },
            {
              "start_frame": 214,
              "endpoint_distance_deg": 72.59282440713864,
              "path_distance_deg": 74.6742108769568,
              "path_to_endpoint_ratio": 1.028672068993275,
              "peak_velocity_deg": 28.012082486635084
            },
            {
              "start_frame": 114,
              "endpoint_distance_deg": 7.382058373928919,
              "path_distance_deg": 62.32006374423578,
              "path_to_endpoint_ratio": 8.442098475451022,
              "peak_velocity_deg": 20.801311544736638
            },
            {
              "start_frame": 104,
              "endpoint_distance_deg": 20.305768386209987,
              "path_distance_deg": 48.15542900882579,
              "path_to_endpoint_ratio": 2.3715147387147884,
              "peak_velocity_deg": 14.710079341217112
            },
            {
              "start_frame": 54,
              "endpoint_distance_deg": 26.90597394314565,
              "path_distance_deg": 44.937657276916674,
              "path_to_endpoint_ratio": 1.6701739684976031,
              "peak_velocity_deg": 11.512756667183563
            },
            {
              "start_frame": 164,
              "endpoint_distance_deg": 43.86872797568816,
              "path_distance_deg": 44.50855010633506,
              "path_to_endpoint_ratio": 1.014584925530585,
              "peak_velocity_deg": 15.91888837701074
            },
            {
              "start_frame": 124,
              "endpoint_distance_deg": 29.914541463374693,
              "path_distance_deg": 42.875944855918476,
              "path_to_endpoint_ratio": 1.4332810318491036,
              "peak_velocity_deg": 16.092530877599746
            },
            {
              "start_frame": 194,
              "endpoint_distance_deg": 34.228167018357475,
              "path_distance_deg": 41.533335480841,
              "path_to_endpoint_ratio": 1.2134256403086254,
              "peak_velocity_deg": 18.206431933074455
            },
            {
              "start_frame": 184,
              "endpoint_distance_deg": 31.580030403861898,
              "path_distance_deg": 32.83941950598888,
              "path_to_endpoint_ratio": 1.0398792871957772,
              "peak_velocity_deg": 14.218509916618046
            },
            {
              "start_frame": 144,
              "endpoint_distance_deg": 9.915196557745931,
              "path_distance_deg": 23.93794495256909,
              "path_to_endpoint_ratio": 2.4142683216772274,
              "peak_velocity_deg": 6.369592204010217
            },
            {
              "start_frame": 134,
              "endpoint_distance_deg": 16.89489560681377,
              "path_distance_deg": 19.340534208844865,
              "path_to_endpoint_ratio": 1.144756064727903,
              "peak_velocity_deg": 6.232635458832872
            },
            {
              "start_frame": 34,
              "endpoint_distance_deg": 16.847754634185005,
              "path_distance_deg": 17.05719484393065,
              "path_to_endpoint_ratio": 1.0124313425909395,
              "peak_velocity_deg": 5.703427966222053
            },
            {
              "start_frame": 94,
              "endpoint_distance_deg": 8.094990732143184,
              "path_distance_deg": 15.162239958178436,
              "path_to_endpoint_ratio": 1.8730398168305458,
              "peak_velocity_deg": 7.372097535501093
            },
            {
              "start_frame": 174,
              "endpoint_distance_deg": 8.999889986897422,
              "path_distance_deg": 14.09485708998731,
              "path_to_endpoint_ratio": 1.5661143758987548,
              "peak_velocity_deg": 6.269892761196954
            },
            {
              "start_frame": 204,
              "endpoint_distance_deg": 7.786609996506004,
              "path_distance_deg": 12.733011345088382,
              "path_to_endpoint_ratio": 1.6352445224304184,
              "peak_velocity_deg": 3.7473978315690526
            },
            {
              "start_frame": 44,
              "endpoint_distance_deg": 5.93594960416254,
              "path_distance_deg": 12.160032104927627,
              "path_to_endpoint_ratio": 2.048540320558061,
              "peak_velocity_deg": 7.573659624244571
            },
            {
              "start_frame": 74,
              "endpoint_distance_deg": 2.3021994356951794,
              "path_distance_deg": 6.180686456572294,
              "path_to_endpoint_ratio": 2.684687677679825,
              "peak_velocity_deg": 1.8316367063638337
            },
            {
              "start_frame": 154,
              "endpoint_distance_deg": 4.178263004246995,
              "path_distance_deg": 4.3402043501872924,
              "path_to_endpoint_ratio": 1.0387580546690556,
              "peak_velocity_deg": 1.6260685275194837
            }
          ],
          "boundary_blocks_by_peak": [
            {
              "start_frame": 144,
              "end_frame": 150,
              "entry_jump_deg": 39.76149138152878,
              "path_distance_deg": 63.699436334097875,
              "endpoint_distance_deg": 46.95168808120521,
              "path_to_endpoint_ratio": 1.3567017276125755,
              "peak_velocity_deg": 39.76149138152878
            },
            {
              "start_frame": 84,
              "end_frame": 90,
              "entry_jump_deg": 1.2201640168004857,
              "path_distance_deg": 120.06003950787668,
              "endpoint_distance_deg": 55.50625588832327,
              "path_to_endpoint_ratio": 2.163000144514043,
              "peak_velocity_deg": 33.60383165513175
            },
            {
              "start_frame": 64,
              "end_frame": 70,
              "entry_jump_deg": 0.7030627234121157,
              "path_distance_deg": 79.38643572577882,
              "endpoint_distance_deg": 50.369848194924145,
              "path_to_endpoint_ratio": 1.576070577353432,
              "peak_velocity_deg": 32.82209337801137
            },
            {
              "start_frame": 214,
              "end_frame": 220,
              "entry_jump_deg": 0.4363660314590336,
              "path_distance_deg": 75.11057690841584,
              "endpoint_distance_deg": 72.21792428373875,
              "path_to_endpoint_ratio": 1.0400544969045644,
              "peak_velocity_deg": 28.012082486635084
            },
            {
              "start_frame": 114,
              "end_frame": 120,
              "entry_jump_deg": 1.059442116617852,
              "path_distance_deg": 63.37950586085363,
              "endpoint_distance_deg": 8.210076711554217,
              "path_to_endpoint_ratio": 7.719721518759781,
              "peak_velocity_deg": 20.801311544736638
            },
            {
              "start_frame": 194,
              "end_frame": 200,
              "entry_jump_deg": 1.184387529515934,
              "path_distance_deg": 42.717723010356934,
              "endpoint_distance_deg": 34.565387766399986,
              "path_to_endpoint_ratio": 1.2358525615003109,
              "peak_velocity_deg": 18.206431933074455
            },
            {
              "start_frame": 124,
              "end_frame": 130,
              "entry_jump_deg": 9.31041574502896,
              "path_distance_deg": 52.18636060094744,
              "endpoint_distance_deg": 20.66003144313026,
              "path_to_endpoint_ratio": 2.525957462581699,
              "peak_velocity_deg": 16.092530877599746
            },
            {
              "start_frame": 164,
              "end_frame": 170,
              "entry_jump_deg": 3.1803486415848323,
              "path_distance_deg": 47.688898747919886,
              "endpoint_distance_deg": 46.19702625322471,
              "path_to_endpoint_ratio": 1.0322936910812746,
              "peak_velocity_deg": 15.91888837701074
            },
            {
              "start_frame": 54,
              "end_frame": 60,
              "entry_jump_deg": 15.370968267518435,
              "path_distance_deg": 60.30862554443512,
              "endpoint_distance_deg": 41.7445761022341,
              "path_to_endpoint_ratio": 1.4447056641978333,
              "peak_velocity_deg": 15.370968267518435
            },
            {
              "start_frame": 104,
              "end_frame": 110,
              "entry_jump_deg": 6.373452323180968,
              "path_distance_deg": 54.52888133200675,
              "endpoint_distance_deg": 14.584133763613556,
              "path_to_endpoint_ratio": 3.7389180746581383,
              "peak_velocity_deg": 14.710079341217112
            },
            {
              "start_frame": 184,
              "end_frame": 190,
              "entry_jump_deg": 1.7425525968849194,
              "path_distance_deg": 34.5819721028738,
              "endpoint_distance_deg": 33.28121709609616,
              "path_to_endpoint_ratio": 1.0390837571541283,
              "peak_velocity_deg": 14.218509916618046
            },
            {
              "start_frame": 74,
              "end_frame": 80,
              "entry_jump_deg": 13.972181974963954,
              "path_distance_deg": 20.15286843153625,
              "endpoint_distance_deg": 11.797899863947471,
              "path_to_endpoint_ratio": 1.7081742228648888,
              "peak_velocity_deg": 13.972181974963954
            },
            {
              "start_frame": 44,
              "end_frame": 50,
              "entry_jump_deg": 3.0696440727810437,
              "path_distance_deg": 15.229676177708672,
              "endpoint_distance_deg": 8.155053951278342,
              "path_to_endpoint_ratio": 1.8675138470814594,
              "peak_velocity_deg": 7.573659624244571
            },
            {
              "start_frame": 94,
              "end_frame": 100,
              "entry_jump_deg": 2.654913615935449,
              "path_distance_deg": 17.817153574113885,
              "endpoint_distance_deg": 10.323425314215829,
              "path_to_endpoint_ratio": 1.7258955270959193,
              "peak_velocity_deg": 7.372097535501093
            },
            {
              "start_frame": 174,
              "end_frame": 180,
              "entry_jump_deg": 4.801897185819457,
              "path_distance_deg": 18.896754275806767,
              "endpoint_distance_deg": 13.040511225565751,
              "path_to_endpoint_ratio": 1.4490807874740315,
              "peak_velocity_deg": 6.269892761196954
            },
            {
              "start_frame": 134,
              "end_frame": 140,
              "entry_jump_deg": 0.832559963250911,
              "path_distance_deg": 20.173094172095773,
              "endpoint_distance_deg": 17.25516662346267,
              "path_to_endpoint_ratio": 1.1691045709558932,
              "peak_velocity_deg": 6.232635458832872
            },
            {
              "start_frame": 34,
              "end_frame": 40,
              "entry_jump_deg": 2.5338189351172424,
              "path_distance_deg": 19.59101377904789,
              "endpoint_distance_deg": 19.37464465713855,
              "path_to_endpoint_ratio": 1.0111676433678292,
              "peak_velocity_deg": 5.703427966222053
            },
            {
              "start_frame": 204,
              "end_frame": 210,
              "entry_jump_deg": 1.9584776236155632,
              "path_distance_deg": 14.691488968703947,
              "endpoint_distance_deg": 9.730282790871627,
              "path_to_endpoint_ratio": 1.5098727636658853,
              "peak_velocity_deg": 3.7473978315690526
            },
            {
              "start_frame": 154,
              "end_frame": 160,
              "entry_jump_deg": 2.175364793531977,
              "path_distance_deg": 6.5155691437192695,
              "endpoint_distance_deg": 2.628469689509125,
              "path_to_endpoint_ratio": 2.478845074654855,
              "peak_velocity_deg": 2.175364793531977
            }
          ]
        },
        "ratios": {
          "excursion_p90": 0.7981109511071943,
          "velocity_rms": 1.1232635871134935,
          "velocity_p95": 0.9189502788813986
        }
      },
      "RightHand": {
        "prediction": {
          "order": "XYZ",
          "excursion_p90_deg": 24.543488176133867,
          "excursion_max_deg": 37.017276322083845,
          "velocity_rms_deg_per_frame": 8.08467701460572,
          "velocity_p95_deg_per_frame": 16.849112614797857,
          "velocity_max_deg_per_frame": 40.328721737140164,
          "euler_axis_step_p95_deg": [
            2.9881950999999893,
            9.195933899999964,
            14.792838899999978
          ],
          "top_velocity_transitions": [
            {
              "from_frame": 193,
              "to_frame": 194,
              "velocity_deg": 40.328721737140164,
              "new_block_offset": 0,
              "inside_release_blend": false
            },
            {
              "from_frame": 133,
              "to_frame": 134,
              "velocity_deg": 31.272968654467064,
              "new_block_offset": 0,
              "inside_release_blend": false
            },
            {
              "from_frame": 77,
              "to_frame": 78,
              "velocity_deg": 30.730670771070425,
              "new_block_offset": 4,
              "inside_release_blend": false
            },
            {
              "from_frame": 63,
              "to_frame": 64,
              "velocity_deg": 27.770282266707742,
              "new_block_offset": 0,
              "inside_release_blend": false
            },
            {
              "from_frame": 90,
              "to_frame": 91,
              "velocity_deg": 25.65258507094189,
              "new_block_offset": 7,
              "inside_release_blend": false
            },
            {
              "from_frame": 200,
              "to_frame": 201,
              "velocity_deg": 23.277447335404766,
              "new_block_offset": 7,
              "inside_release_blend": false
            },
            {
              "from_frame": 179,
              "to_frame": 180,
              "velocity_deg": 22.43449002522563,
              "new_block_offset": 6,
              "inside_release_blend": false
            },
            {
              "from_frame": 91,
              "to_frame": 92,
              "velocity_deg": 21.101368865095754,
              "new_block_offset": 8,
              "inside_release_blend": false
            },
            {
              "from_frame": 75,
              "to_frame": 76,
              "velocity_deg": 18.77023098433012,
              "new_block_offset": 2,
              "inside_release_blend": false
            },
            {
              "from_frame": 53,
              "to_frame": 54,
              "velocity_deg": 18.6601718339182,
              "new_block_offset": 0,
              "inside_release_blend": false
            },
            {
              "from_frame": 50,
              "to_frame": 51,
              "velocity_deg": 17.347403448032694,
              "new_block_offset": 7,
              "inside_release_blend": false
            },
            {
              "from_frame": 64,
              "to_frame": 65,
              "velocity_deg": 16.865222520081534,
              "new_block_offset": 1,
              "inside_release_blend": false
            }
          ],
          "release_blend_blocks_by_path": [
            {
              "start_frame": 174,
              "endpoint_distance_deg": 32.23492645809725,
              "path_distance_deg": 73.17000349317335,
              "path_to_endpoint_ratio": 2.269898260456351,
              "peak_velocity_deg": 22.43449002522563
            },
            {
              "start_frame": 74,
              "endpoint_distance_deg": 33.53625934406661,
              "path_distance_deg": 71.30925533295907,
              "path_to_endpoint_ratio": 2.1263330117219956,
              "peak_velocity_deg": 30.730670771070425
            },
            {
              "start_frame": 94,
              "endpoint_distance_deg": 23.35119127876418,
              "path_distance_deg": 59.28571508896439,
              "path_to_endpoint_ratio": 2.5388732583797315,
              "peak_velocity_deg": 14.320447700553084
            },
            {
              "start_frame": 134,
              "endpoint_distance_deg": 5.5848783567846825,
              "path_distance_deg": 44.623618241320884,
              "path_to_endpoint_ratio": 7.990078814717735,
              "peak_velocity_deg": 12.554132483257238
            },
            {
              "start_frame": 84,
              "endpoint_distance_deg": 10.059600733192198,
              "path_distance_deg": 41.87798951028654,
              "path_to_endpoint_ratio": 4.162987241840309,
              "peak_velocity_deg": 10.646328758813151
            },
            {
              "start_frame": 204,
              "endpoint_distance_deg": 21.686273921057648,
              "path_distance_deg": 38.198385842260706,
              "path_to_endpoint_ratio": 1.761408436567316,
              "peak_velocity_deg": 11.732370630448989
            },
            {
              "start_frame": 104,
              "endpoint_distance_deg": 28.4388709773418,
              "path_distance_deg": 37.41213939591127,
              "path_to_endpoint_ratio": 1.3155282931491468,
              "peak_velocity_deg": 10.038984475177925
            },
            {
              "start_frame": 44,
              "endpoint_distance_deg": 31.65671360382093,
              "path_distance_deg": 35.744387487050126,
              "path_to_endpoint_ratio": 1.1291250233484698,
              "peak_velocity_deg": 9.885182221942046
            },
            {
              "start_frame": 194,
              "endpoint_distance_deg": 31.860789820089973,
              "path_distance_deg": 34.919305427379086,
              "path_to_endpoint_ratio": 1.0959962268531256,
              "peak_velocity_deg": 10.133977741970654
            },
            {
              "start_frame": 184,
              "endpoint_distance_deg": 13.301543761781076,
              "path_distance_deg": 30.645872759280795,
              "path_to_endpoint_ratio": 2.3039335364466984,
              "peak_velocity_deg": 8.148844939131248
            },
            {
              "start_frame": 54,
              "endpoint_distance_deg": 18.34447652494142,
              "path_distance_deg": 28.79969590588157,
              "path_to_endpoint_ratio": 1.5699382790631873,
              "peak_velocity_deg": 11.856838268120601
            },
            {
              "start_frame": 64,
              "endpoint_distance_deg": 14.741908929915708,
              "path_distance_deg": 26.07443206488398,
              "path_to_endpoint_ratio": 1.7687283369368276,
              "peak_velocity_deg": 16.865222520081534
            },
            {
              "start_frame": 124,
              "endpoint_distance_deg": 9.48722775759308,
              "path_distance_deg": 22.78592473308221,
              "path_to_endpoint_ratio": 2.401747414026774,
              "peak_velocity_deg": 8.874641094487309
            },
            {
              "start_frame": 114,
              "endpoint_distance_deg": 10.100192278105704,
              "path_distance_deg": 20.699197361000717,
              "path_to_endpoint_ratio": 2.049386466223083,
              "peak_velocity_deg": 6.484046052954551
            },
            {
              "start_frame": 164,
              "endpoint_distance_deg": 9.534091809977722,
              "path_distance_deg": 14.489185650648434,
              "path_to_endpoint_ratio": 1.519723738708395,
              "peak_velocity_deg": 4.217824598363103
            },
            {
              "start_frame": 154,
              "endpoint_distance_deg": 4.280527278918478,
              "path_distance_deg": 14.456668427151506,
              "path_to_endpoint_ratio": 3.3773101968886743,
              "peak_velocity_deg": 4.612953748729158
            },
            {
              "start_frame": 34,
              "endpoint_distance_deg": 0.37983953379082586,
              "path_distance_deg": 12.275220091031615,
              "path_to_endpoint_ratio": 32.31685751223427,
              "peak_velocity_deg": 2.9660469946945454
            },
            {
              "start_frame": 144,
              "endpoint_distance_deg": 3.2868416990866027,
              "path_distance_deg": 8.573091409817795,
              "path_to_endpoint_ratio": 2.608306756057104,
              "peak_velocity_deg": 2.009301953188963
            },
            {
              "start_frame": 214,
              "endpoint_distance_deg": 1.7529842109789362,
              "path_distance_deg": 6.214805390254676,
              "path_to_endpoint_ratio": 3.545271743653687,
              "peak_velocity_deg": 2.957689733323132
            }
          ],
          "boundary_blocks_by_peak": [
            {
              "start_frame": 194,
              "end_frame": 200,
              "entry_jump_deg": 40.328721737140164,
              "path_distance_deg": 75.24802716451926,
              "endpoint_distance_deg": 16.332963124620594,
              "path_to_endpoint_ratio": 4.60712649568706,
              "peak_velocity_deg": 40.328721737140164
            },
            {
              "start_frame": 134,
              "end_frame": 140,
              "entry_jump_deg": 31.272968654467064,
              "path_distance_deg": 75.89658689578795,
              "endpoint_distance_deg": 36.246742345915806,
              "path_to_endpoint_ratio": 2.09388711877827,
              "peak_velocity_deg": 31.272968654467064
            },
            {
              "start_frame": 74,
              "end_frame": 80,
              "entry_jump_deg": 12.323242257556322,
              "path_distance_deg": 83.63249759051538,
              "endpoint_distance_deg": 26.481232191045727,
              "path_to_endpoint_ratio": 3.158179989026137,
              "peak_velocity_deg": 30.730670771070425
            },
            {
              "start_frame": 64,
              "end_frame": 70,
              "entry_jump_deg": 27.770282266707742,
              "path_distance_deg": 53.84471433159172,
              "endpoint_distance_deg": 14.257575311657448,
              "path_to_endpoint_ratio": 3.7765688172494913,
              "peak_velocity_deg": 27.770282266707742
            },
            {
              "start_frame": 174,
              "end_frame": 180,
              "entry_jump_deg": 8.289051695706,
              "path_distance_deg": 81.45905518887935,
              "endpoint_distance_deg": 24.6137510004314,
              "path_to_endpoint_ratio": 3.3094937536116147,
              "peak_velocity_deg": 22.43449002522563
            },
            {
              "start_frame": 54,
              "end_frame": 60,
              "entry_jump_deg": 18.6601718339182,
              "path_distance_deg": 47.45986773979976,
              "endpoint_distance_deg": 1.112602853426055,
              "path_to_endpoint_ratio": 42.656611560590434,
              "peak_velocity_deg": 18.6601718339182
            },
            {
              "start_frame": 104,
              "end_frame": 110,
              "entry_jump_deg": 16.7041234672448,
              "path_distance_deg": 54.116262863156074,
              "endpoint_distance_deg": 25.982221108451164,
              "path_to_endpoint_ratio": 2.082818964447725,
              "peak_velocity_deg": 16.7041234672448
            },
            {
              "start_frame": 124,
              "end_frame": 130,
              "entry_jump_deg": 15.819890787460588,
              "path_distance_deg": 38.6058155205428,
              "endpoint_distance_deg": 24.427486375822735,
              "path_to_endpoint_ratio": 1.5804252196309956,
              "peak_velocity_deg": 15.819890787460588
            },
            {
              "start_frame": 94,
              "end_frame": 100,
              "entry_jump_deg": 8.097215995078727,
              "path_distance_deg": 67.38293108404311,
              "endpoint_distance_deg": 18.63938977699364,
              "path_to_endpoint_ratio": 3.615082461938373,
              "peak_velocity_deg": 14.320447700553084
            },
            {
              "start_frame": 114,
              "end_frame": 120,
              "entry_jump_deg": 13.004261627270493,
              "path_distance_deg": 33.703458988271215,
              "endpoint_distance_deg": 17.87700657820651,
              "path_to_endpoint_ratio": 1.8852965590647823,
              "peak_velocity_deg": 13.004261627270493
            },
            {
              "start_frame": 204,
              "end_frame": 210,
              "entry_jump_deg": 4.832944685445095,
              "path_distance_deg": 43.031330527705805,
              "endpoint_distance_deg": 26.33595065794114,
              "path_to_endpoint_ratio": 1.6339387587184162,
              "peak_velocity_deg": 11.732370630448989
            },
            {
              "start_frame": 84,
              "end_frame": 90,
              "entry_jump_deg": 3.2270458270503317,
              "path_distance_deg": 45.10503533733686,
              "endpoint_distance_deg": 10.846111544040355,
              "path_to_endpoint_ratio": 4.1586364988216316,
              "peak_velocity_deg": 10.646328758813151
            },
            {
              "start_frame": 44,
              "end_frame": 50,
              "entry_jump_deg": 1.8090333769233622,
              "path_distance_deg": 37.55342086397349,
              "endpoint_distance_deg": 30.47597125850046,
              "path_to_endpoint_ratio": 1.2322304856321509,
              "peak_velocity_deg": 9.885182221942046
            },
            {
              "start_frame": 184,
              "end_frame": 190,
              "entry_jump_deg": 6.981767731824013,
              "path_distance_deg": 37.62764049110481,
              "endpoint_distance_deg": 10.083906020880946,
              "path_to_endpoint_ratio": 3.7314548958695672,
              "peak_velocity_deg": 8.148844939131248
            },
            {
              "start_frame": 154,
              "end_frame": 160,
              "entry_jump_deg": 7.927423586648524,
              "path_distance_deg": 22.384092013800032,
              "endpoint_distance_deg": 12.047259263972954,
              "path_to_endpoint_ratio": 1.8580235988395413,
              "peak_velocity_deg": 7.927423586648524
            },
            {
              "start_frame": 144,
              "end_frame": 150,
              "entry_jump_deg": 4.355006506632629,
              "path_distance_deg": 12.928097916450424,
              "endpoint_distance_deg": 1.0744083002694456,
              "path_to_endpoint_ratio": 12.032760649008623,
              "peak_velocity_deg": 4.355006506632629
            },
            {
              "start_frame": 164,
              "end_frame": 170,
              "entry_jump_deg": 3.0597898116806483,
              "path_distance_deg": 17.548975462329082,
              "endpoint_distance_deg": 11.93837294066406,
              "path_to_endpoint_ratio": 1.4699637504667313,
              "peak_velocity_deg": 4.217824598363103
            },
            {
              "start_frame": 34,
              "end_frame": 40,
              "entry_jump_deg": 3.742390337759922,
              "path_distance_deg": 16.017610428791535,
              "endpoint_distance_deg": 3.840444767468303,
              "path_to_endpoint_ratio": 4.170769637015418,
              "peak_velocity_deg": 3.742390337759922
            },
            {
              "start_frame": 214,
              "end_frame": 220,
              "entry_jump_deg": 3.0550528865949977,
              "path_distance_deg": 9.269858276849673,
              "endpoint_distance_deg": 3.2140648844384154,
              "path_to_endpoint_ratio": 2.8841540572910276,
              "peak_velocity_deg": 3.0550528865949977
            }
          ]
        },
        "ground_truth": {
          "order": "XYZ",
          "excursion_p90_deg": 33.60753393598326,
          "excursion_max_deg": 60.411532227178405,
          "velocity_rms_deg_per_frame": 7.909775788973946,
          "velocity_p95_deg_per_frame": 18.617631098872593,
          "velocity_max_deg_per_frame": 34.156606423844956,
          "euler_axis_step_p95_deg": [
            5.433383299999988,
            6.6537964999999915,
            16.403619099999975
          ],
          "top_velocity_transitions": [
            {
              "from_frame": 146,
              "to_frame": 147,
              "velocity_deg": 34.156606423844956,
              "new_block_offset": 3,
              "inside_release_blend": false
            },
            {
              "from_frame": 87,
              "to_frame": 88,
              "velocity_deg": 31.82684088693639,
              "new_block_offset": 4,
              "inside_release_blend": false
            },
            {
              "from_frame": 147,
              "to_frame": 148,
              "velocity_deg": 29.352302406678266,
              "new_block_offset": 4,
              "inside_release_blend": false
            },
            {
              "from_frame": 148,
              "to_frame": 149,
              "velocity_deg": 24.034871571741764,
              "new_block_offset": 5,
              "inside_release_blend": false
            },
            {
              "from_frame": 168,
              "to_frame": 169,
              "velocity_deg": 23.95704663235667,
              "new_block_offset": 5,
              "inside_release_blend": false
            },
            {
              "from_frame": 88,
              "to_frame": 89,
              "velocity_deg": 23.72705155250261,
              "new_block_offset": 5,
              "inside_release_blend": false
            },
            {
              "from_frame": 151,
              "to_frame": 152,
              "velocity_deg": 22.47430169238309,
              "new_block_offset": 8,
              "inside_release_blend": false
            },
            {
              "from_frame": 149,
              "to_frame": 150,
              "velocity_deg": 21.402874348811515,
              "new_block_offset": 6,
              "inside_release_blend": false
            },
            {
              "from_frame": 89,
              "to_frame": 90,
              "velocity_deg": 21.392776393329683,
              "new_block_offset": 6,
              "inside_release_blend": false
            },
            {
              "from_frame": 68,
              "to_frame": 69,
              "velocity_deg": 19.901773561843275,
              "new_block_offset": 5,
              "inside_release_blend": false
            },
            {
              "from_frame": 176,
              "to_frame": 177,
              "velocity_deg": 19.105579529907107,
              "new_block_offset": 3,
              "inside_release_blend": false
            },
            {
              "from_frame": 188,
              "to_frame": 189,
              "velocity_deg": 18.632559073933415,
              "new_block_offset": 5,
              "inside_release_blend": false
            }
          ],
          "release_blend_blocks_by_path": [
            {
              "start_frame": 144,
              "endpoint_distance_deg": 14.139086398739403,
              "path_distance_deg": 130.9035135795208,
              "path_to_endpoint_ratio": 9.258272415054465,
              "peak_velocity_deg": 34.156606423844956
            },
            {
              "start_frame": 84,
              "endpoint_distance_deg": 25.101192728239663,
              "path_distance_deg": 86.27608748927898,
              "path_to_endpoint_ratio": 3.4371309930709213,
              "peak_velocity_deg": 31.82684088693639
            },
            {
              "start_frame": 164,
              "endpoint_distance_deg": 52.48417954420724,
              "path_distance_deg": 65.88886637866881,
              "path_to_endpoint_ratio": 1.2554043323316286,
              "peak_velocity_deg": 23.95704663235667
            },
            {
              "start_frame": 184,
              "endpoint_distance_deg": 64.23445762402217,
              "path_distance_deg": 64.75119646133125,
              "path_to_endpoint_ratio": 1.0080445738381363,
              "peak_velocity_deg": 18.632559073933415
            },
            {
              "start_frame": 174,
              "endpoint_distance_deg": 56.9454161249684,
              "path_distance_deg": 60.95186403142597,
              "path_to_endpoint_ratio": 1.0703559334374746,
              "peak_velocity_deg": 19.105579529907107
            },
            {
              "start_frame": 64,
              "endpoint_distance_deg": 19.335383439799866,
              "path_distance_deg": 49.74408540357001,
              "path_to_endpoint_ratio": 2.5726971258908167,
              "peak_velocity_deg": 19.901773561843275
            },
            {
              "start_frame": 54,
              "endpoint_distance_deg": 24.179929388873727,
              "path_distance_deg": 46.630328609815685,
              "path_to_endpoint_ratio": 1.9284724888928912,
              "peak_velocity_deg": 11.54555818152946
            },
            {
              "start_frame": 214,
              "endpoint_distance_deg": 24.980032955250813,
              "path_distance_deg": 45.15231300059426,
              "path_to_endpoint_ratio": 1.8075361662444576,
              "peak_velocity_deg": 16.147457958908912
            },
            {
              "start_frame": 204,
              "endpoint_distance_deg": 20.91171961311467,
              "path_distance_deg": 38.12669435730413,
              "path_to_endpoint_ratio": 1.823221383161296,
              "peak_velocity_deg": 12.183707910157816
            },
            {
              "start_frame": 104,
              "endpoint_distance_deg": 23.08323376294921,
              "path_distance_deg": 31.560971496526328,
              "path_to_endpoint_ratio": 1.3672682008352182,
              "peak_velocity_deg": 17.572177007243877
            },
            {
              "start_frame": 114,
              "endpoint_distance_deg": 4.726060300924601,
              "path_distance_deg": 31.266188842782036,
              "path_to_endpoint_ratio": 6.615698245886781,
              "peak_velocity_deg": 9.202711484732076
            },
            {
              "start_frame": 194,
              "endpoint_distance_deg": 15.46660578669232,
              "path_distance_deg": 30.352157769775495,
              "path_to_endpoint_ratio": 1.9624317182694933,
              "peak_velocity_deg": 12.91517379885118
            },
            {
              "start_frame": 124,
              "endpoint_distance_deg": 14.305763879623886,
              "path_distance_deg": 19.259163954896547,
              "path_to_endpoint_ratio": 1.3462520503590816,
              "peak_velocity_deg": 7.271337631429688
            },
            {
              "start_frame": 34,
              "endpoint_distance_deg": 3.3208272864762725,
              "path_distance_deg": 8.159151006184956,
              "path_to_endpoint_ratio": 2.4569633715707706,
              "peak_velocity_deg": 2.147242797519241
            },
            {
              "start_frame": 44,
              "endpoint_distance_deg": 2.2680986882040575,
              "path_distance_deg": 6.375980317535874,
              "path_to_endpoint_ratio": 2.811156476874712,
              "peak_velocity_deg": 2.4707904977501567
            },
            {
              "start_frame": 74,
              "endpoint_distance_deg": 1.0871326277354596,
              "path_distance_deg": 4.173507232896332,
              "path_to_endpoint_ratio": 3.8390046682619703,
              "peak_velocity_deg": 1.489565737261695
            },
            {
              "start_frame": 94,
              "endpoint_distance_deg": 2.6142852339348512,
              "path_distance_deg": 3.158044286827871,
              "path_to_endpoint_ratio": 1.2079953043511589,
              "peak_velocity_deg": 1.9011395124818191
            },
            {
              "start_frame": 134,
              "endpoint_distance_deg": 0.5606199976656359,
              "path_distance_deg": 2.8639157558406336,
              "path_to_endpoint_ratio": 5.108479483011104,
              "peak_velocity_deg": 0.9221682285683382
            },
            {
              "start_frame": 154,
              "endpoint_distance_deg": 1.5599532487501437,
              "path_distance_deg": 2.6750240069733633,
              "path_to_endpoint_ratio": 1.7148103695521835,
              "peak_velocity_deg": 0.5583411362292064
            }
          ],
          "boundary_blocks_by_peak": [
            {
              "start_frame": 144,
              "end_frame": 150,
              "entry_jump_deg": 15.130684637204816,
              "path_distance_deg": 146.03419821672563,
              "endpoint_distance_deg": 18.77713173151287,
              "path_to_endpoint_ratio": 7.7772367103140985,
              "peak_velocity_deg": 34.156606423844956
            },
            {
              "start_frame": 84,
              "end_frame": 90,
              "entry_jump_deg": 1.3188340601328923,
              "path_distance_deg": 87.59492154941188,
              "endpoint_distance_deg": 26.41160632719687,
              "path_to_endpoint_ratio": 3.316531393973285,
              "peak_velocity_deg": 31.82684088693639
            },
            {
              "start_frame": 164,
              "end_frame": 170,
              "entry_jump_deg": 4.590303913857067,
              "path_distance_deg": 70.47917029252586,
              "endpoint_distance_deg": 50.273209080962786,
              "path_to_endpoint_ratio": 1.401923043723393,
              "peak_velocity_deg": 23.95704663235667
            },
            {
              "start_frame": 64,
              "end_frame": 70,
              "entry_jump_deg": 5.194066790212484,
              "path_distance_deg": 54.9381521937825,
              "endpoint_distance_deg": 15.403138809896125,
              "path_to_endpoint_ratio": 3.5666855224654688,
              "peak_velocity_deg": 19.901773561843275
            },
            {
              "start_frame": 174,
              "end_frame": 180,
              "entry_jump_deg": 5.070385888048154,
              "path_distance_deg": 66.02224991947412,
              "endpoint_distance_deg": 52.158748676523274,
              "path_to_endpoint_ratio": 1.2657943603848538,
              "peak_velocity_deg": 19.105579529907107
            },
            {
              "start_frame": 184,
              "end_frame": 190,
              "entry_jump_deg": 1.211849499819102,
              "path_distance_deg": 65.96304596115036,
              "endpoint_distance_deg": 65.24337126099387,
              "path_to_endpoint_ratio": 1.0110306179194446,
              "peak_velocity_deg": 18.632559073933415
            },
            {
              "start_frame": 104,
              "end_frame": 110,
              "entry_jump_deg": 2.8341439389719123,
              "path_distance_deg": 34.395115435498234,
              "endpoint_distance_deg": 25.234413068996687,
              "path_to_endpoint_ratio": 1.3630241900793998,
              "peak_velocity_deg": 17.572177007243877
            },
            {
              "start_frame": 214,
              "end_frame": 220,
              "entry_jump_deg": 2.1879929789561037,
              "path_distance_deg": 47.340305979550365,
              "endpoint_distance_deg": 26.39226703089685,
              "path_to_endpoint_ratio": 1.793718816353673,
              "peak_velocity_deg": 16.147457958908912
            },
            {
              "start_frame": 194,
              "end_frame": 200,
              "entry_jump_deg": 2.613938393410754,
              "path_distance_deg": 32.96609616318624,
              "endpoint_distance_deg": 17.778323934971947,
              "path_to_endpoint_ratio": 1.8542859430262857,
              "peak_velocity_deg": 12.91517379885118
            },
            {
              "start_frame": 204,
              "end_frame": 210,
              "entry_jump_deg": 1.1885618666506887,
              "path_distance_deg": 39.31525622395482,
              "endpoint_distance_deg": 19.878343927577884,
              "path_to_endpoint_ratio": 1.977793339686183,
              "peak_velocity_deg": 12.183707910157816
            },
            {
              "start_frame": 54,
              "end_frame": 60,
              "entry_jump_deg": 9.551513377597193,
              "path_distance_deg": 56.181841987412874,
              "endpoint_distance_deg": 16.514146413773492,
              "path_to_endpoint_ratio": 3.4020433499702327,
              "peak_velocity_deg": 11.54555818152946
            },
            {
              "start_frame": 114,
              "end_frame": 120,
              "entry_jump_deg": 1.4992163677396444,
              "path_distance_deg": 32.76540521052168,
              "endpoint_distance_deg": 6.221201372145793,
              "path_to_endpoint_ratio": 5.266732782067197,
              "peak_velocity_deg": 9.202711484732076
            },
            {
              "start_frame": 124,
              "end_frame": 130,
              "entry_jump_deg": 4.808946203902894,
              "path_distance_deg": 24.06811015879944,
              "endpoint_distance_deg": 9.781977518888402,
              "path_to_endpoint_ratio": 2.4604544543601112,
              "peak_velocity_deg": 7.271337631429688
            },
            {
              "start_frame": 154,
              "end_frame": 160,
              "entry_jump_deg": 5.7334389700503285,
              "path_distance_deg": 8.40846297702369,
              "endpoint_distance_deg": 5.850503075425492,
              "path_to_endpoint_ratio": 1.4372205037106427,
              "peak_velocity_deg": 5.7334389700503285
            },
            {
              "start_frame": 74,
              "end_frame": 80,
              "entry_jump_deg": 5.408660083306256,
              "path_distance_deg": 9.582167316202586,
              "endpoint_distance_deg": 4.708255879855344,
              "path_to_endpoint_ratio": 2.0351840598130333,
              "peak_velocity_deg": 5.408660083306256
            },
            {
              "start_frame": 44,
              "end_frame": 50,
              "entry_jump_deg": 1.1773474571554494,
              "path_distance_deg": 7.553327774691324,
              "endpoint_distance_deg": 2.287276796551727,
              "path_to_endpoint_ratio": 3.302323438107113,
              "peak_velocity_deg": 2.4707904977501567
            },
            {
              "start_frame": 34,
              "end_frame": 40,
              "entry_jump_deg": 0.6604622626118045,
              "path_distance_deg": 8.819613268796761,
              "endpoint_distance_deg": 3.168609434998468,
              "path_to_endpoint_ratio": 2.7834333797598583,
              "peak_velocity_deg": 2.147242797519241
            },
            {
              "start_frame": 94,
              "end_frame": 100,
              "entry_jump_deg": 0.38725168798455495,
              "path_distance_deg": 3.5452959748124266,
              "endpoint_distance_deg": 2.947018297674851,
              "path_to_endpoint_ratio": 1.2030111851051644,
              "peak_velocity_deg": 1.9011395124818191
            },
            {
              "start_frame": 134,
              "end_frame": 140,
              "entry_jump_deg": 0.0746139728447457,
              "path_distance_deg": 2.9385297286853787,
              "endpoint_distance_deg": 0.5310602368872214,
              "path_to_endpoint_ratio": 5.533326588165213,
              "peak_velocity_deg": 0.9221682285683382
            }
          ]
        },
        "ratios": {
          "excursion_p90": 0.7302972072537399,
          "velocity_rms": 1.0221120332987923,
          "velocity_p95": 0.905008404416079
        }
      },
      "LeftShoulder": {
        "prediction": {
          "order": "XYZ",
          "excursion_p90_deg": 2.880089065289854,
          "excursion_max_deg": 4.330048586267976,
          "velocity_rms_deg_per_frame": 0.4645590151513228,
          "velocity_p95_deg_per_frame": 0.8071647339454777,
          "velocity_max_deg_per_frame": 2.5654939817128994,
          "euler_axis_step_p95_deg": [
            0.014232100000009492,
            0.6187027000000057,
            0.6551384999999922
          ],
          "top_velocity_transitions": [
            {
              "from_frame": 93,
              "to_frame": 94,
              "velocity_deg": 2.5654939817128994,
              "new_block_offset": 0,
              "inside_release_blend": false
            },
            {
              "from_frame": 53,
              "to_frame": 54,
              "velocity_deg": 2.1039931494696273,
              "new_block_offset": 0,
              "inside_release_blend": false
            },
            {
              "from_frame": 163,
              "to_frame": 164,
              "velocity_deg": 1.5263081910931113,
              "new_block_offset": 0,
              "inside_release_blend": false
            },
            {
              "from_frame": 83,
              "to_frame": 84,
              "velocity_deg": 1.38446639755536,
              "new_block_offset": 0,
              "inside_release_blend": false
            },
            {
              "from_frame": 153,
              "to_frame": 154,
              "velocity_deg": 1.3224513453261852,
              "new_block_offset": 0,
              "inside_release_blend": false
            },
            {
              "from_frame": 173,
              "to_frame": 174,
              "velocity_deg": 1.304864463689239,
              "new_block_offset": 0,
              "inside_release_blend": false
            },
            {
              "from_frame": 164,
              "to_frame": 165,
              "velocity_deg": 0.9949615898728287,
              "new_block_offset": 1,
              "inside_release_blend": false
            },
            {
              "from_frame": 94,
              "to_frame": 95,
              "velocity_deg": 0.9735462239353118,
              "new_block_offset": 1,
              "inside_release_blend": false
            },
            {
              "from_frame": 123,
              "to_frame": 124,
              "velocity_deg": 0.9727947267814512,
              "new_block_offset": 0,
              "inside_release_blend": false
            },
            {
              "from_frame": 174,
              "to_frame": 175,
              "velocity_deg": 0.8671565932321402,
              "new_block_offset": 1,
              "inside_release_blend": false
            },
            {
              "from_frame": 184,
              "to_frame": 185,
              "velocity_deg": 0.86328938176395,
              "new_block_offset": 1,
              "inside_release_blend": false
            },
            {
              "from_frame": 104,
              "to_frame": 105,
              "velocity_deg": 0.8094261138425055,
              "new_block_offset": 1,
              "inside_release_blend": false
            }
          ],
          "release_blend_blocks_by_path": [
            {
              "start_frame": 164,
              "endpoint_distance_deg": 1.326188578865445,
              "path_distance_deg": 3.4440819182637217,
              "path_to_endpoint_ratio": 2.5969775137184,
              "peak_velocity_deg": 0.9949615898728287
            },
            {
              "start_frame": 184,
              "endpoint_distance_deg": 1.2244760074898071,
              "path_distance_deg": 2.908145027446978,
              "path_to_endpoint_ratio": 2.3750118496880273,
              "peak_velocity_deg": 0.86328938176395
            },
            {
              "start_frame": 104,
              "endpoint_distance_deg": 0.8996539007876292,
              "path_distance_deg": 2.846267503005593,
              "path_to_endpoint_ratio": 3.163736077300106,
              "peak_velocity_deg": 0.8094261138425055
            },
            {
              "start_frame": 74,
              "endpoint_distance_deg": 0.48551073608245865,
              "path_distance_deg": 2.565145626547916,
              "path_to_endpoint_ratio": 5.283396299834354,
              "peak_velocity_deg": 0.6107609016659319
            },
            {
              "start_frame": 194,
              "endpoint_distance_deg": 1.1966029096292328,
              "path_distance_deg": 2.461255746441522,
              "path_to_endpoint_ratio": 2.0568692643444613,
              "peak_velocity_deg": 0.5521694534409299
            },
            {
              "start_frame": 84,
              "endpoint_distance_deg": 2.1624977284118567,
              "path_distance_deg": 2.3526121965442317,
              "path_to_endpoint_ratio": 1.0879142972658729,
              "peak_velocity_deg": 0.5741140598075234
            },
            {
              "start_frame": 94,
              "endpoint_distance_deg": 1.4242150721874653,
              "path_distance_deg": 2.170829514647289,
              "path_to_endpoint_ratio": 1.5242287187096621,
              "peak_velocity_deg": 0.9735462239353118
            },
            {
              "start_frame": 174,
              "endpoint_distance_deg": 0.262634350616035,
              "path_distance_deg": 2.165691941368161,
              "path_to_endpoint_ratio": 8.246034596343986,
              "peak_velocity_deg": 0.8671565932321402
            },
            {
              "start_frame": 124,
              "endpoint_distance_deg": 1.2233066892619788,
              "path_distance_deg": 2.0790751320842755,
              "path_to_endpoint_ratio": 1.6995534728405532,
              "peak_velocity_deg": 0.4854073610041628
            },
            {
              "start_frame": 154,
              "endpoint_distance_deg": 1.3523794340408561,
              "path_distance_deg": 2.0738919102108713,
              "path_to_endpoint_ratio": 1.533513345447856,
              "peak_velocity_deg": 0.5617223823126927
            },
            {
              "start_frame": 54,
              "endpoint_distance_deg": 1.0283046413969021,
              "path_distance_deg": 2.039590865942881,
              "path_to_endpoint_ratio": 1.9834500242770425,
              "peak_velocity_deg": 0.6035760518663317
            },
            {
              "start_frame": 214,
              "endpoint_distance_deg": 0.39863538187070313,
              "path_distance_deg": 1.8740923210429346,
              "path_to_endpoint_ratio": 4.701269396229344,
              "peak_velocity_deg": 0.4923963136071821
            },
            {
              "start_frame": 134,
              "endpoint_distance_deg": 0.2003788968304588,
              "path_distance_deg": 1.8611593501867314,
              "path_to_endpoint_ratio": 9.28820040246785,
              "peak_velocity_deg": 0.3993714937743381
            },
            {
              "start_frame": 114,
              "endpoint_distance_deg": 0.14577643333006154,
              "path_distance_deg": 1.607161207187698,
              "path_to_endpoint_ratio": 11.024835568234982,
              "peak_velocity_deg": 0.6281148311084291
            },
            {
              "start_frame": 34,
              "endpoint_distance_deg": 0.8864856689745834,
              "path_distance_deg": 1.5917951446066938,
              "path_to_endpoint_ratio": 1.7956242275726315,
              "peak_velocity_deg": 0.41477555102044644
            },
            {
              "start_frame": 144,
              "endpoint_distance_deg": 0.7766977417838247,
              "path_distance_deg": 1.5353865315979194,
              "path_to_endpoint_ratio": 1.976813435908325,
              "peak_velocity_deg": 0.5199671196247061
            },
            {
              "start_frame": 204,
              "endpoint_distance_deg": 0.6915993121016079,
              "path_distance_deg": 1.3224637509089612,
              "path_to_endpoint_ratio": 1.912181992909022,
              "peak_velocity_deg": 0.46584796308769516
            },
            {
              "start_frame": 44,
              "endpoint_distance_deg": 0.2907729668040651,
              "path_distance_deg": 1.315374985882739,
              "path_to_endpoint_ratio": 4.523718282136913,
              "peak_velocity_deg": 0.3779488673834906
            },
            {
              "start_frame": 64,
              "endpoint_distance_deg": 0.43136866542843844,
              "path_distance_deg": 1.0409052664703804,
              "path_to_endpoint_ratio": 2.4130293873722746,
              "peak_velocity_deg": 0.28057106179672897
            }
          ],
          "boundary_blocks_by_peak": [
            {
              "start_frame": 94,
              "end_frame": 100,
              "entry_jump_deg": 2.5654939817128994,
              "path_distance_deg": 4.736323496360189,
              "endpoint_distance_deg": 3.9823131852586355,
              "path_to_endpoint_ratio": 1.1893397821880711,
              "peak_velocity_deg": 2.5654939817128994
            },
            {
              "start_frame": 54,
              "end_frame": 60,
              "entry_jump_deg": 2.1039931494696273,
              "path_distance_deg": 4.143584015412508,
              "endpoint_distance_deg": 3.0714175514209074,
              "path_to_endpoint_ratio": 1.3490787058554095,
              "peak_velocity_deg": 2.1039931494696273
            },
            {
              "start_frame": 164,
              "end_frame": 170,
              "entry_jump_deg": 1.5263081910931113,
              "path_distance_deg": 4.970390109356833,
              "endpoint_distance_deg": 2.5131347396963424,
              "path_to_endpoint_ratio": 1.977765071982331,
              "peak_velocity_deg": 1.5263081910931113
            },
            {
              "start_frame": 84,
              "end_frame": 90,
              "entry_jump_deg": 1.38446639755536,
              "path_distance_deg": 3.737078594099591,
              "endpoint_distance_deg": 3.2461700885927747,
              "path_to_endpoint_ratio": 1.151226981984677,
              "peak_velocity_deg": 1.38446639755536
            },
            {
              "start_frame": 154,
              "end_frame": 160,
              "entry_jump_deg": 1.3224513453261852,
              "path_distance_deg": 3.3963432555370567,
              "endpoint_distance_deg": 2.4031957681951774,
              "path_to_endpoint_ratio": 1.413261166853561,
              "peak_velocity_deg": 1.3224513453261852
            },
            {
              "start_frame": 174,
              "end_frame": 180,
              "entry_jump_deg": 1.304864463689239,
              "path_distance_deg": 3.4705564050574003,
              "endpoint_distance_deg": 1.3864407201520563,
              "path_to_endpoint_ratio": 2.5032129788259327,
              "peak_velocity_deg": 1.304864463689239
            },
            {
              "start_frame": 124,
              "end_frame": 130,
              "entry_jump_deg": 0.9727947267814512,
              "path_distance_deg": 3.051869858865727,
              "endpoint_distance_deg": 0.5301578735302162,
              "path_to_endpoint_ratio": 5.756530292654018,
              "peak_velocity_deg": 0.9727947267814512
            },
            {
              "start_frame": 184,
              "end_frame": 190,
              "entry_jump_deg": 0.7162207379044297,
              "path_distance_deg": 3.624365765351408,
              "endpoint_distance_deg": 1.8216281408746122,
              "path_to_endpoint_ratio": 1.989629872324685,
              "peak_velocity_deg": 0.86328938176395
            },
            {
              "start_frame": 104,
              "end_frame": 110,
              "entry_jump_deg": 0.4125855555324236,
              "path_distance_deg": 3.2588530585380164,
              "endpoint_distance_deg": 1.1308668530919452,
              "path_to_endpoint_ratio": 2.881730107861827,
              "peak_velocity_deg": 0.8094261138425055
            },
            {
              "start_frame": 214,
              "end_frame": 220,
              "entry_jump_deg": 0.7251843486171092,
              "path_distance_deg": 2.599276669660044,
              "endpoint_distance_deg": 0.4300208654516728,
              "path_to_endpoint_ratio": 6.044536157402249,
              "peak_velocity_deg": 0.7251843486171092
            },
            {
              "start_frame": 74,
              "end_frame": 80,
              "entry_jump_deg": 0.715828134167504,
              "path_distance_deg": 3.28097376071542,
              "endpoint_distance_deg": 1.1881290319093702,
              "path_to_endpoint_ratio": 2.761462494896506,
              "peak_velocity_deg": 0.715828134167504
            },
            {
              "start_frame": 144,
              "end_frame": 150,
              "entry_jump_deg": 0.6767999706199689,
              "path_distance_deg": 2.212186502217888,
              "endpoint_distance_deg": 1.396330117948331,
              "path_to_endpoint_ratio": 1.5842861754413198,
              "peak_velocity_deg": 0.6767999706199689
            },
            {
              "start_frame": 194,
              "end_frame": 200,
              "entry_jump_deg": 0.639722890959326,
              "path_distance_deg": 3.1009786374008477,
              "endpoint_distance_deg": 1.780507335101463,
              "path_to_endpoint_ratio": 1.741626432122582,
              "peak_velocity_deg": 0.639722890959326
            },
            {
              "start_frame": 114,
              "end_frame": 120,
              "entry_jump_deg": 0.4274801140805529,
              "path_distance_deg": 2.0346413212682513,
              "endpoint_distance_deg": 0.28652967468237606,
              "path_to_endpoint_ratio": 7.100979413471545,
              "peak_velocity_deg": 0.6281148311084291
            },
            {
              "start_frame": 134,
              "end_frame": 140,
              "entry_jump_deg": 0.5399710240950096,
              "path_distance_deg": 2.401130374281741,
              "endpoint_distance_deg": 0.7335445741563155,
              "path_to_endpoint_ratio": 3.2733257921557053,
              "peak_velocity_deg": 0.5399710240950096
            },
            {
              "start_frame": 204,
              "end_frame": 210,
              "entry_jump_deg": 0.225388521216878,
              "path_distance_deg": 1.547852272125839,
              "endpoint_distance_deg": 0.6610249325124204,
              "path_to_endpoint_ratio": 2.341594387737796,
              "peak_velocity_deg": 0.46584796308769516
            },
            {
              "start_frame": 34,
              "end_frame": 40,
              "entry_jump_deg": 0.23451734776276933,
              "path_distance_deg": 1.8263124923694631,
              "endpoint_distance_deg": 1.053235609386902,
              "path_to_endpoint_ratio": 1.7340018473478847,
              "peak_velocity_deg": 0.41477555102044644
            },
            {
              "start_frame": 44,
              "end_frame": 50,
              "entry_jump_deg": 0.22122919940019287,
              "path_distance_deg": 1.5366041852829317,
              "endpoint_distance_deg": 0.4777882273010731,
              "path_to_endpoint_ratio": 3.216077955630868,
              "peak_velocity_deg": 0.3779488673834906
            },
            {
              "start_frame": 64,
              "end_frame": 70,
              "entry_jump_deg": 0.23282678454362626,
              "path_distance_deg": 1.2737320510140067,
              "endpoint_distance_deg": 0.2576285563044084,
              "path_to_endpoint_ratio": 4.944063923989048,
              "peak_velocity_deg": 0.28057106179672897
            }
          ]
        },
        "ground_truth": {
          "order": "XYZ",
          "excursion_p90_deg": 3.7702786057466824,
          "excursion_max_deg": 6.975530464435995,
          "velocity_rms_deg_per_frame": 0.46226478202854776,
          "velocity_p95_deg_per_frame": 0.9296968136626167,
          "velocity_max_deg_per_frame": 1.7996445779327166,
          "euler_axis_step_p95_deg": [
            9.999999974752427e-07,
            0.5843914000000041,
            0.7614000000000003
          ],
          "top_velocity_transitions": [
            {
              "from_frame": 125,
              "to_frame": 126,
              "velocity_deg": 1.7996445779327166,
              "new_block_offset": 2,
              "inside_release_blend": false
            },
            {
              "from_frame": 187,
              "to_frame": 188,
              "velocity_deg": 1.5404031052799787,
              "new_block_offset": 4,
              "inside_release_blend": false
            },
            {
              "from_frame": 175,
              "to_frame": 176,
              "velocity_deg": 1.3901592273947527,
              "new_block_offset": 2,
              "inside_release_blend": false
            },
            {
              "from_frame": 188,
              "to_frame": 189,
              "velocity_deg": 1.2864990855971132,
              "new_block_offset": 5,
              "inside_release_blend": false
            },
            {
              "from_frame": 205,
              "to_frame": 206,
              "velocity_deg": 1.2472512001168703,
              "new_block_offset": 2,
              "inside_release_blend": false
            },
            {
              "from_frame": 201,
              "to_frame": 202,
              "velocity_deg": 1.242230040732968,
              "new_block_offset": 8,
              "inside_release_blend": false
            },
            {
              "from_frame": 186,
              "to_frame": 187,
              "velocity_deg": 1.1176358485643623,
              "new_block_offset": 3,
              "inside_release_blend": false
            },
            {
              "from_frame": 64,
              "to_frame": 65,
              "velocity_deg": 1.085441228559927,
              "new_block_offset": 1,
              "inside_release_blend": false
            },
            {
              "from_frame": 120,
              "to_frame": 121,
              "velocity_deg": 0.9570237156921731,
              "new_block_offset": 7,
              "inside_release_blend": false
            },
            {
              "from_frame": 204,
              "to_frame": 205,
              "velocity_deg": 0.9496134688221048,
              "new_block_offset": 1,
              "inside_release_blend": false
            },
            {
              "from_frame": 123,
              "to_frame": 124,
              "velocity_deg": 0.9353351228593365,
              "new_block_offset": 0,
              "inside_release_blend": false
            },
            {
              "from_frame": 66,
              "to_frame": 67,
              "velocity_deg": 0.9298704257483213,
              "new_block_offset": 3,
              "inside_release_blend": false
            }
          ],
          "release_blend_blocks_by_path": [
            {
              "start_frame": 184,
              "endpoint_distance_deg": 4.182557542165616,
              "path_distance_deg": 4.869464924938895,
              "path_to_endpoint_ratio": 1.1642314243972403,
              "peak_velocity_deg": 1.5404031052799787
            },
            {
              "start_frame": 64,
              "endpoint_distance_deg": 2.051408860981915,
              "path_distance_deg": 4.3782372927134645,
              "path_to_endpoint_ratio": 2.134258740901511,
              "peak_velocity_deg": 1.085441228559927
            },
            {
              "start_frame": 204,
              "endpoint_distance_deg": 4.100588850212797,
              "path_distance_deg": 4.108292933578975,
              "path_to_endpoint_ratio": 1.0018787748900448,
              "peak_velocity_deg": 1.2472512001168703
            },
            {
              "start_frame": 174,
              "endpoint_distance_deg": 3.920321796009246,
              "path_distance_deg": 4.092515175014089,
              "path_to_endpoint_ratio": 1.043923276701451,
              "peak_velocity_deg": 1.3901592273947527
            },
            {
              "start_frame": 124,
              "endpoint_distance_deg": 1.575618724301301,
              "path_distance_deg": 3.622447078822162,
              "path_to_endpoint_ratio": 2.299063233352038,
              "peak_velocity_deg": 1.7996445779327166
            },
            {
              "start_frame": 144,
              "endpoint_distance_deg": 1.7162040367246805,
              "path_distance_deg": 3.253349169526911,
              "path_to_endpoint_ratio": 1.8956657250007534,
              "peak_velocity_deg": 0.8626288280064703
            },
            {
              "start_frame": 114,
              "endpoint_distance_deg": 1.840871613552013,
              "path_distance_deg": 3.056693498751997,
              "path_to_endpoint_ratio": 1.6604599018472679,
              "peak_velocity_deg": 0.8517590202743771
            },
            {
              "start_frame": 54,
              "endpoint_distance_deg": 0.878213983932781,
              "path_distance_deg": 2.6390581218447,
              "path_to_endpoint_ratio": 3.005028580877955,
              "peak_velocity_deg": 0.7053730834159498
            },
            {
              "start_frame": 84,
              "endpoint_distance_deg": 1.250808207445785,
              "path_distance_deg": 2.1995082564830066,
              "path_to_endpoint_ratio": 1.7584696385823342,
              "peak_velocity_deg": 0.7685341894094474
            },
            {
              "start_frame": 194,
              "endpoint_distance_deg": 1.7382489209479761,
              "path_distance_deg": 2.0160844056680287,
              "path_to_endpoint_ratio": 1.1598364200729845,
              "peak_velocity_deg": 0.5082297679635677
            },
            {
              "start_frame": 74,
              "endpoint_distance_deg": 0.2877275331642027,
              "path_distance_deg": 1.2798455662482615,
              "path_to_endpoint_ratio": 4.44811642519407,
              "peak_velocity_deg": 0.37253556632465834
            },
            {
              "start_frame": 34,
              "endpoint_distance_deg": 0.6519936305999471,
              "path_distance_deg": 1.1390638869608254,
              "path_to_endpoint_ratio": 1.7470475684136504,
              "peak_velocity_deg": 0.2775858060479616
            },
            {
              "start_frame": 164,
              "endpoint_distance_deg": 1.0013289589327043,
              "path_distance_deg": 1.1038616254720408,
              "path_to_endpoint_ratio": 1.1023965856821158,
              "peak_velocity_deg": 0.23178396132970022
            },
            {
              "start_frame": 44,
              "endpoint_distance_deg": 0.5014182512683127,
              "path_distance_deg": 0.9807642265134405,
              "path_to_endpoint_ratio": 1.9559803099162143,
              "peak_velocity_deg": 0.27907880616382524
            },
            {
              "start_frame": 134,
              "endpoint_distance_deg": 0.5216539728706842,
              "path_distance_deg": 0.9448453932184091,
              "path_to_endpoint_ratio": 1.811249300027151,
              "peak_velocity_deg": 0.3109235400837124
            },
            {
              "start_frame": 154,
              "endpoint_distance_deg": 0.442698317780457,
              "path_distance_deg": 0.9288991233803982,
              "path_to_endpoint_ratio": 2.098266666197403,
              "peak_velocity_deg": 0.28638271405109295
            },
            {
              "start_frame": 214,
              "endpoint_distance_deg": 0.7454668154398179,
              "path_distance_deg": 0.891947775011369,
              "path_to_endpoint_ratio": 1.1964956139397418,
              "peak_velocity_deg": 0.26268165903467794
            },
            {
              "start_frame": 104,
              "endpoint_distance_deg": 0.5734550823534947,
              "path_distance_deg": 0.8737503729726804,
              "path_to_endpoint_ratio": 1.5236596550627042,
              "peak_velocity_deg": 0.2900280106743447
            },
            {
              "start_frame": 94,
              "endpoint_distance_deg": 0.4915913854190955,
              "path_distance_deg": 0.6370476399587289,
              "path_to_endpoint_ratio": 1.2958885343680868,
              "peak_velocity_deg": 0.18914062713119084
            }
          ],
          "boundary_blocks_by_peak": [
            {
              "start_frame": 124,
              "end_frame": 130,
              "entry_jump_deg": 0.9353351228593365,
              "path_distance_deg": 4.557782201681498,
              "endpoint_distance_deg": 0.9345046450009384,
              "path_to_endpoint_ratio": 4.877217278761542,
              "peak_velocity_deg": 1.7996445779327166
            },
            {
              "start_frame": 184,
              "end_frame": 190,
              "entry_jump_deg": 0.1940524065574554,
              "path_distance_deg": 5.06351733149635,
              "endpoint_distance_deg": 4.083367166330831,
              "path_to_endpoint_ratio": 1.2400347863026602,
              "peak_velocity_deg": 1.5404031052799787
            },
            {
              "start_frame": 174,
              "end_frame": 180,
              "entry_jump_deg": 0.4000899445524079,
              "path_distance_deg": 4.492605119566496,
              "endpoint_distance_deg": 3.9923295789309776,
              "path_to_endpoint_ratio": 1.1253091786999903,
              "peak_velocity_deg": 1.3901592273947527
            },
            {
              "start_frame": 204,
              "end_frame": 210,
              "entry_jump_deg": 0.36934191880924766,
              "path_distance_deg": 4.477634852388222,
              "endpoint_distance_deg": 4.461977621618613,
              "path_to_endpoint_ratio": 1.003509033907689,
              "peak_velocity_deg": 1.2472512001168703
            },
            {
              "start_frame": 64,
              "end_frame": 70,
              "entry_jump_deg": 0.48782876247380025,
              "path_distance_deg": 4.8660660551872645,
              "endpoint_distance_deg": 2.121547605649923,
              "path_to_endpoint_ratio": 2.2936398137983685,
              "peak_velocity_deg": 1.085441228559927
            },
            {
              "start_frame": 144,
              "end_frame": 150,
              "entry_jump_deg": 0.30295651664641365,
              "path_distance_deg": 3.5563056861733244,
              "endpoint_distance_deg": 1.8011202181094306,
              "path_to_endpoint_ratio": 1.9744965663126293,
              "peak_velocity_deg": 0.8626288280064703
            },
            {
              "start_frame": 114,
              "end_frame": 120,
              "entry_jump_deg": 0.10409855848751244,
              "path_distance_deg": 3.16079205723951,
              "endpoint_distance_deg": 1.809863591674392,
              "path_to_endpoint_ratio": 1.7464255713964105,
              "peak_velocity_deg": 0.8517590202743771
            },
            {
              "start_frame": 84,
              "end_frame": 90,
              "entry_jump_deg": 0.2707322308612786,
              "path_distance_deg": 2.4702404873442854,
              "endpoint_distance_deg": 1.0093857620920126,
              "path_to_endpoint_ratio": 2.447270984112718,
              "peak_velocity_deg": 0.7685341894094474
            },
            {
              "start_frame": 54,
              "end_frame": 60,
              "entry_jump_deg": 0.6771989225330762,
              "path_distance_deg": 3.3162570443777764,
              "endpoint_distance_deg": 0.23418746235779345,
              "path_to_endpoint_ratio": 14.160694219023446,
              "peak_velocity_deg": 0.7053730834159498
            },
            {
              "start_frame": 194,
              "end_frame": 200,
              "entry_jump_deg": 0.30462372391283166,
              "path_distance_deg": 2.3207081295808605,
              "endpoint_distance_deg": 1.435413769751143,
              "path_to_endpoint_ratio": 1.6167520324005253,
              "peak_velocity_deg": 0.5082297679635677
            },
            {
              "start_frame": 164,
              "end_frame": 170,
              "entry_jump_deg": 0.5029627761231527,
              "path_distance_deg": 1.6068244015951934,
              "endpoint_distance_deg": 1.3655140120490399,
              "path_to_endpoint_ratio": 1.1767176223875229,
              "peak_velocity_deg": 0.5029627761231527
            },
            {
              "start_frame": 154,
              "end_frame": 160,
              "entry_jump_deg": 0.41364807347216886,
              "path_distance_deg": 1.3425471968525668,
              "endpoint_distance_deg": 0.7065930189619407,
              "path_to_endpoint_ratio": 1.9000289570153261,
              "peak_velocity_deg": 0.41364807347216886
            },
            {
              "start_frame": 74,
              "end_frame": 80,
              "entry_jump_deg": 0.3082216422228121,
              "path_distance_deg": 1.5880672084710734,
              "endpoint_distance_deg": 0.5587797812495722,
              "path_to_endpoint_ratio": 2.84202696976572,
              "peak_velocity_deg": 0.37253556632465834
            },
            {
              "start_frame": 104,
              "end_frame": 110,
              "entry_jump_deg": 0.3535182740921692,
              "path_distance_deg": 1.2272686470648497,
              "endpoint_distance_deg": 0.8631493458496725,
              "path_to_endpoint_ratio": 1.421849709978918,
              "peak_velocity_deg": 0.3535182740921692
            },
            {
              "start_frame": 134,
              "end_frame": 140,
              "entry_jump_deg": 0.013605005143473315,
              "path_distance_deg": 0.9584503983618824,
              "endpoint_distance_deg": 0.5085071953582339,
              "path_to_endpoint_ratio": 1.8848315365265813,
              "peak_velocity_deg": 0.3109235400837124
            },
            {
              "start_frame": 44,
              "end_frame": 50,
              "entry_jump_deg": 0.2139948883131382,
              "path_distance_deg": 1.1947591148265786,
              "endpoint_distance_deg": 0.714874484117801,
              "path_to_endpoint_ratio": 1.6712851575629877,
              "peak_velocity_deg": 0.27907880616382524
            },
            {
              "start_frame": 34,
              "end_frame": 40,
              "entry_jump_deg": 0.2468477772219273,
              "path_distance_deg": 1.3859116641827527,
              "endpoint_distance_deg": 0.7345219195276416,
              "path_to_endpoint_ratio": 1.886821383184873,
              "peak_velocity_deg": 0.2775858060479616
            },
            {
              "start_frame": 214,
              "end_frame": 220,
              "entry_jump_deg": 0.1489823251268292,
              "path_distance_deg": 1.0409301001381983,
              "endpoint_distance_deg": 0.7577500404008081,
              "path_to_endpoint_ratio": 1.3737117052314554,
              "peak_velocity_deg": 0.26268165903467794
            },
            {
              "start_frame": 94,
              "end_frame": 100,
              "entry_jump_deg": 0.13224128294967563,
              "path_distance_deg": 0.7692889229084046,
              "endpoint_distance_deg": 0.6237853617774022,
              "path_to_endpoint_ratio": 1.2332590183206724,
              "peak_velocity_deg": 0.18914062713119084
            }
          ]
        },
        "ratios": {
          "excursion_p90": 0.7638929019462922,
          "velocity_rms": 1.0049630281431072,
          "velocity_p95": 0.8682021085622378
        }
      },
      "LeftArm": {
        "prediction": {
          "order": "XYZ",
          "excursion_p90_deg": 17.086865910259288,
          "excursion_max_deg": 30.785123474422615,
          "velocity_rms_deg_per_frame": 4.220865624706146,
          "velocity_p95_deg_per_frame": 7.023378365374015,
          "velocity_max_deg_per_frame": 20.834342149302223,
          "euler_axis_step_p95_deg": [
            5.346228199999981,
            6.0572521,
            2.615896899999992
          ],
          "top_velocity_transitions": [
            {
              "from_frame": 153,
              "to_frame": 154,
              "velocity_deg": 20.834342149302223,
              "new_block_offset": 0,
              "inside_release_blend": false
            },
            {
              "from_frame": 163,
              "to_frame": 164,
              "velocity_deg": 20.10403006831017,
              "new_block_offset": 0,
              "inside_release_blend": false
            },
            {
              "from_frame": 173,
              "to_frame": 174,
              "velocity_deg": 17.39936099248103,
              "new_block_offset": 0,
              "inside_release_blend": false
            },
            {
              "from_frame": 123,
              "to_frame": 124,
              "velocity_deg": 12.27430875541862,
              "new_block_offset": 0,
              "inside_release_blend": false
            },
            {
              "from_frame": 33,
              "to_frame": 34,
              "velocity_deg": 11.768920595282578,
              "new_block_offset": 0,
              "inside_release_blend": false
            },
            {
              "from_frame": 124,
              "to_frame": 125,
              "velocity_deg": 9.99502440076315,
              "new_block_offset": 1,
              "inside_release_blend": false
            },
            {
              "from_frame": 93,
              "to_frame": 94,
              "velocity_deg": 9.60811303904956,
              "new_block_offset": 0,
              "inside_release_blend": false
            },
            {
              "from_frame": 183,
              "to_frame": 184,
              "velocity_deg": 9.513034616521333,
              "new_block_offset": 0,
              "inside_release_blend": false
            },
            {
              "from_frame": 83,
              "to_frame": 84,
              "velocity_deg": 8.536315370636371,
              "new_block_offset": 0,
              "inside_release_blend": false
            },
            {
              "from_frame": 140,
              "to_frame": 141,
              "velocity_deg": 8.306704769394816,
              "new_block_offset": 7,
              "inside_release_blend": false
            },
            {
              "from_frame": 164,
              "to_frame": 165,
              "velocity_deg": 7.478028461390679,
              "new_block_offset": 1,
              "inside_release_blend": false
            },
            {
              "from_frame": 154,
              "to_frame": 155,
              "velocity_deg": 7.023677364352335,
              "new_block_offset": 1,
              "inside_release_blend": false
            }
          ],
          "release_blend_blocks_by_path": [
            {
              "start_frame": 164,
              "endpoint_distance_deg": 17.576583829295146,
              "path_distance_deg": 32.625809857546045,
              "path_to_endpoint_ratio": 1.8562088159115504,
              "peak_velocity_deg": 7.478028461390679
            },
            {
              "start_frame": 124,
              "endpoint_distance_deg": 16.221434639672,
              "path_distance_deg": 27.088336993455354,
              "path_to_endpoint_ratio": 1.669910066228463,
              "peak_velocity_deg": 9.99502440076315
            },
            {
              "start_frame": 74,
              "endpoint_distance_deg": 12.159502980817281,
              "path_distance_deg": 21.506384304288325,
              "path_to_endpoint_ratio": 1.7686894224391077,
              "peak_velocity_deg": 4.112212907771496
            },
            {
              "start_frame": 154,
              "endpoint_distance_deg": 16.986673721127925,
              "path_distance_deg": 21.25405413146772,
              "path_to_endpoint_ratio": 1.2512193075818046,
              "peak_velocity_deg": 7.023677364352335
            },
            {
              "start_frame": 214,
              "endpoint_distance_deg": 15.64575202736384,
              "path_distance_deg": 20.149101224444728,
              "path_to_endpoint_ratio": 1.2878320702772674,
              "peak_velocity_deg": 6.734876477053101
            },
            {
              "start_frame": 204,
              "endpoint_distance_deg": 18.171562473037785,
              "path_distance_deg": 20.044362822538773,
              "path_to_endpoint_ratio": 1.1030621528709912,
              "peak_velocity_deg": 5.051017910662471
            },
            {
              "start_frame": 104,
              "endpoint_distance_deg": 9.872298091121571,
              "path_distance_deg": 18.026394946776705,
              "path_to_endpoint_ratio": 1.825957318183933,
              "peak_velocity_deg": 3.703078748973125
            },
            {
              "start_frame": 194,
              "endpoint_distance_deg": 11.487274439228676,
              "path_distance_deg": 18.006615475981754,
              "path_to_endpoint_ratio": 1.567527229478364,
              "peak_velocity_deg": 6.2349294197635095
            },
            {
              "start_frame": 134,
              "endpoint_distance_deg": 5.183092684442327,
              "path_distance_deg": 17.25664499074402,
              "path_to_endpoint_ratio": 3.32941084432889,
              "peak_velocity_deg": 5.9236539507223895
            },
            {
              "start_frame": 184,
              "endpoint_distance_deg": 6.6727807775465635,
              "path_distance_deg": 17.195101080449305,
              "path_to_endpoint_ratio": 2.5769018425286214,
              "peak_velocity_deg": 4.745502242127461
            },
            {
              "start_frame": 94,
              "endpoint_distance_deg": 12.406737294921902,
              "path_distance_deg": 16.454786615511956,
              "path_to_endpoint_ratio": 1.32627831349721,
              "peak_velocity_deg": 4.881684195334479
            },
            {
              "start_frame": 54,
              "endpoint_distance_deg": 4.249136283953715,
              "path_distance_deg": 16.280610447588593,
              "path_to_endpoint_ratio": 3.831510537581509,
              "peak_velocity_deg": 4.095229553813051
            },
            {
              "start_frame": 84,
              "endpoint_distance_deg": 7.362453327396675,
              "path_distance_deg": 15.03336644438128,
              "path_to_endpoint_ratio": 2.041896332088125,
              "peak_velocity_deg": 4.947669429222786
            },
            {
              "start_frame": 114,
              "endpoint_distance_deg": 7.49152166339258,
              "path_distance_deg": 13.344962468907623,
              "path_to_endpoint_ratio": 1.7813420381760303,
              "peak_velocity_deg": 5.267385411229397
            },
            {
              "start_frame": 44,
              "endpoint_distance_deg": 6.043390300524336,
              "path_distance_deg": 12.55682915533122,
              "path_to_endpoint_ratio": 2.0777789503752166,
              "peak_velocity_deg": 3.6076998764374784
            },
            {
              "start_frame": 34,
              "endpoint_distance_deg": 9.540628882837135,
              "path_distance_deg": 12.472168634111304,
              "path_to_endpoint_ratio": 1.3072690267355211,
              "peak_velocity_deg": 5.953065342582469
            },
            {
              "start_frame": 174,
              "endpoint_distance_deg": 2.850592895732894,
              "path_distance_deg": 12.057587083290937,
              "path_to_endpoint_ratio": 4.229852358553256,
              "peak_velocity_deg": 5.358421314939339
            },
            {
              "start_frame": 144,
              "endpoint_distance_deg": 6.2234301254970585,
              "path_distance_deg": 11.947725048024589,
              "path_to_endpoint_ratio": 1.919797411892744,
              "peak_velocity_deg": 3.2292351974243356
            },
            {
              "start_frame": 64,
              "endpoint_distance_deg": 4.724176201919605,
              "path_distance_deg": 10.036849738046318,
              "path_to_endpoint_ratio": 2.1245714192387615,
              "peak_velocity_deg": 3.166664912045411
            }
          ],
          "boundary_blocks_by_peak": [
            {
              "start_frame": 154,
              "end_frame": 160,
              "entry_jump_deg": 20.834342149302223,
              "path_distance_deg": 42.08839628076994,
              "endpoint_distance_deg": 35.383522826461515,
              "path_to_endpoint_ratio": 1.1894914050020535,
              "peak_velocity_deg": 20.834342149302223
            },
            {
              "start_frame": 164,
              "end_frame": 170,
              "entry_jump_deg": 20.10403006831017,
              "path_distance_deg": 52.72983992585621,
              "endpoint_distance_deg": 29.18961454568999,
              "path_to_endpoint_ratio": 1.8064589322794626,
              "peak_velocity_deg": 20.10403006831017
            },
            {
              "start_frame": 174,
              "end_frame": 180,
              "entry_jump_deg": 17.39936099248103,
              "path_distance_deg": 29.45694807577197,
              "endpoint_distance_deg": 19.8260586556305,
              "path_to_endpoint_ratio": 1.4857692387289667,
              "peak_velocity_deg": 17.39936099248103
            },
            {
              "start_frame": 124,
              "end_frame": 130,
              "entry_jump_deg": 12.27430875541862,
              "path_distance_deg": 39.36264574887397,
              "endpoint_distance_deg": 27.348757354966498,
              "path_to_endpoint_ratio": 1.4392846167734845,
              "peak_velocity_deg": 12.27430875541862
            },
            {
              "start_frame": 34,
              "end_frame": 40,
              "entry_jump_deg": 11.768920595282578,
              "path_distance_deg": 24.241089229393882,
              "endpoint_distance_deg": 21.268159930136765,
              "path_to_endpoint_ratio": 1.1397830987270556,
              "peak_velocity_deg": 11.768920595282578
            },
            {
              "start_frame": 94,
              "end_frame": 100,
              "entry_jump_deg": 9.60811303904956,
              "path_distance_deg": 26.062899654561512,
              "endpoint_distance_deg": 19.836721722817153,
              "path_to_endpoint_ratio": 1.3138713149654517,
              "peak_velocity_deg": 9.60811303904956
            },
            {
              "start_frame": 184,
              "end_frame": 190,
              "entry_jump_deg": 9.513034616521333,
              "path_distance_deg": 26.70813569697064,
              "endpoint_distance_deg": 9.080768291444306,
              "path_to_endpoint_ratio": 2.9411757727740326,
              "peak_velocity_deg": 9.513034616521333
            },
            {
              "start_frame": 84,
              "end_frame": 90,
              "entry_jump_deg": 8.536315370636371,
              "path_distance_deg": 23.56968181501765,
              "endpoint_distance_deg": 6.584799846647875,
              "path_to_endpoint_ratio": 3.5794074784241574,
              "peak_velocity_deg": 8.536315370636371
            },
            {
              "start_frame": 214,
              "end_frame": 220,
              "entry_jump_deg": 4.3647905776954925,
              "path_distance_deg": 24.513891802140222,
              "endpoint_distance_deg": 11.47143408744198,
              "path_to_endpoint_ratio": 2.1369509352781004,
              "peak_velocity_deg": 6.734876477053101
            },
            {
              "start_frame": 194,
              "end_frame": 200,
              "entry_jump_deg": 1.9713536004258303,
              "path_distance_deg": 19.977969076407582,
              "endpoint_distance_deg": 10.649900517968634,
              "path_to_endpoint_ratio": 1.8758831636690432,
              "peak_velocity_deg": 6.2349294197635095
            },
            {
              "start_frame": 74,
              "end_frame": 80,
              "entry_jump_deg": 6.188223302473628,
              "path_distance_deg": 27.694607606761952,
              "endpoint_distance_deg": 11.255791100818069,
              "path_to_endpoint_ratio": 2.46047633246757,
              "peak_velocity_deg": 6.188223302473628
            },
            {
              "start_frame": 134,
              "end_frame": 140,
              "entry_jump_deg": 2.4326062150433825,
              "path_distance_deg": 19.6892512057874,
              "endpoint_distance_deg": 4.694165415262845,
              "path_to_endpoint_ratio": 4.194409328177652,
              "peak_velocity_deg": 5.9236539507223895
            },
            {
              "start_frame": 204,
              "end_frame": 210,
              "entry_jump_deg": 5.794461162411101,
              "path_distance_deg": 25.83882398494987,
              "endpoint_distance_deg": 17.863644159613024,
              "path_to_endpoint_ratio": 1.4464475307545317,
              "peak_velocity_deg": 5.794461162411101
            },
            {
              "start_frame": 114,
              "end_frame": 120,
              "entry_jump_deg": 2.6306024256844034,
              "path_distance_deg": 15.975564894592026,
              "endpoint_distance_deg": 9.482414261845765,
              "path_to_endpoint_ratio": 1.6847571149546423,
              "peak_velocity_deg": 5.267385411229397
            },
            {
              "start_frame": 144,
              "end_frame": 150,
              "entry_jump_deg": 4.624048145499288,
              "path_distance_deg": 16.571773193523875,
              "endpoint_distance_deg": 1.6062717972141016,
              "path_to_endpoint_ratio": 10.316917237957957,
              "peak_velocity_deg": 4.624048145499288
            },
            {
              "start_frame": 104,
              "end_frame": 110,
              "entry_jump_deg": 4.160944651204957,
              "path_distance_deg": 22.187339597981662,
              "endpoint_distance_deg": 12.173609428503932,
              "path_to_endpoint_ratio": 1.8225769216836425,
              "peak_velocity_deg": 4.160944651204957
            },
            {
              "start_frame": 54,
              "end_frame": 60,
              "entry_jump_deg": 3.1825820237977216,
              "path_distance_deg": 19.463192471386318,
              "endpoint_distance_deg": 6.457835878395188,
              "path_to_endpoint_ratio": 3.013887754023108,
              "peak_velocity_deg": 4.095229553813051
            },
            {
              "start_frame": 44,
              "end_frame": 50,
              "entry_jump_deg": 1.9148031236682959,
              "path_distance_deg": 14.471632278999516,
              "endpoint_distance_deg": 7.361573817317716,
              "path_to_endpoint_ratio": 1.9658340238273182,
              "peak_velocity_deg": 3.6076998764374784
            },
            {
              "start_frame": 64,
              "end_frame": 70,
              "entry_jump_deg": 2.561697016528052,
              "path_distance_deg": 12.598546754574372,
              "endpoint_distance_deg": 5.268466235534721,
              "path_to_endpoint_ratio": 2.391312042506748,
              "peak_velocity_deg": 3.166664912045411
            }
          ]
        },
        "ground_truth": {
          "order": "XYZ",
          "excursion_p90_deg": 35.6365153220722,
          "excursion_max_deg": 41.15949060801629,
          "velocity_rms_deg_per_frame": 4.272393611958533,
          "velocity_p95_deg_per_frame": 8.739054912663152,
          "velocity_max_deg_per_frame": 11.070364393659379,
          "euler_axis_step_p95_deg": [
            6.985471500000005,
            6.814715399999991,
            4.020299699999987
          ],
          "top_velocity_transitions": [
            {
              "from_frame": 188,
              "to_frame": 189,
              "velocity_deg": 11.070364393659379,
              "new_block_offset": 5,
              "inside_release_blend": false
            },
            {
              "from_frame": 65,
              "to_frame": 66,
              "velocity_deg": 10.914866255646283,
              "new_block_offset": 2,
              "inside_release_blend": false
            },
            {
              "from_frame": 189,
              "to_frame": 190,
              "velocity_deg": 10.709898659650825,
              "new_block_offset": 6,
              "inside_release_blend": false
            },
            {
              "from_frame": 29,
              "to_frame": 30,
              "velocity_deg": 10.633879426662409,
              "new_block_offset": null,
              "inside_release_blend": false
            },
            {
              "from_frame": 116,
              "to_frame": 117,
              "velocity_deg": 10.17115082345258,
              "new_block_offset": 3,
              "inside_release_blend": false
            },
            {
              "from_frame": 28,
              "to_frame": 29,
              "velocity_deg": 9.812077735723074,
              "new_block_offset": null,
              "inside_release_blend": false
            },
            {
              "from_frame": 117,
              "to_frame": 118,
              "velocity_deg": 9.541270167942765,
              "new_block_offset": 4,
              "inside_release_blend": false
            },
            {
              "from_frame": 125,
              "to_frame": 126,
              "velocity_deg": 9.410267592526198,
              "new_block_offset": 2,
              "inside_release_blend": false
            },
            {
              "from_frame": 147,
              "to_frame": 148,
              "velocity_deg": 9.307743005521273,
              "new_block_offset": 4,
              "inside_release_blend": false
            },
            {
              "from_frame": 146,
              "to_frame": 147,
              "velocity_deg": 9.115100688878332,
              "new_block_offset": 3,
              "inside_release_blend": false
            },
            {
              "from_frame": 66,
              "to_frame": 67,
              "velocity_deg": 8.916055765972315,
              "new_block_offset": 3,
              "inside_release_blend": false
            },
            {
              "from_frame": 53,
              "to_frame": 54,
              "velocity_deg": 8.756971920090027,
              "new_block_offset": 0,
              "inside_release_blend": false
            }
          ],
          "release_blend_blocks_by_path": [
            {
              "start_frame": 144,
              "endpoint_distance_deg": 33.55932749953669,
              "path_distance_deg": 42.19984123660413,
              "path_to_endpoint_ratio": 1.2574698118484862,
              "peak_velocity_deg": 9.307743005521273
            },
            {
              "start_frame": 64,
              "endpoint_distance_deg": 24.763906315415497,
              "path_distance_deg": 41.41010490326738,
              "path_to_endpoint_ratio": 1.6721959926608851,
              "peak_velocity_deg": 10.914866255646283
            },
            {
              "start_frame": 114,
              "endpoint_distance_deg": 27.08837200206477,
              "path_distance_deg": 37.40308284980511,
              "path_to_endpoint_ratio": 1.380780020554728,
              "peak_velocity_deg": 10.17115082345258
            },
            {
              "start_frame": 184,
              "endpoint_distance_deg": 33.67363141273402,
              "path_distance_deg": 33.91772469133145,
              "path_to_endpoint_ratio": 1.007248795819067,
              "peak_velocity_deg": 11.070364393659379
            },
            {
              "start_frame": 124,
              "endpoint_distance_deg": 24.364488211949066,
              "path_distance_deg": 33.03422815841536,
              "path_to_endpoint_ratio": 1.3558350937252357,
              "peak_velocity_deg": 9.410267592526198
            },
            {
              "start_frame": 164,
              "endpoint_distance_deg": 30.285251645948748,
              "path_distance_deg": 32.75731101871092,
              "path_to_endpoint_ratio": 1.0816258488343404,
              "peak_velocity_deg": 8.261555197822176
            },
            {
              "start_frame": 54,
              "endpoint_distance_deg": 20.997315685947363,
              "path_distance_deg": 31.68880970048651,
              "path_to_endpoint_ratio": 1.5091838487571305,
              "peak_velocity_deg": 8.286543866575615
            },
            {
              "start_frame": 174,
              "endpoint_distance_deg": 28.903317321879147,
              "path_distance_deg": 29.73362994199816,
              "path_to_endpoint_ratio": 1.0287272429967922,
              "peak_velocity_deg": 8.57780184582131
            },
            {
              "start_frame": 74,
              "endpoint_distance_deg": 21.091235149533304,
              "path_distance_deg": 23.34817487906947,
              "path_to_endpoint_ratio": 1.1070084190676766,
              "peak_velocity_deg": 6.724803368898382
            },
            {
              "start_frame": 84,
              "endpoint_distance_deg": 9.89741483470528,
              "path_distance_deg": 17.347286088164115,
              "path_to_endpoint_ratio": 1.7527088010230576,
              "peak_velocity_deg": 4.539982737848915
            },
            {
              "start_frame": 34,
              "endpoint_distance_deg": 15.318923943773676,
              "path_distance_deg": 16.30403192487354,
              "path_to_endpoint_ratio": 1.064306604348686,
              "peak_velocity_deg": 4.295108870873231
            },
            {
              "start_frame": 204,
              "endpoint_distance_deg": 12.392390015380293,
              "path_distance_deg": 13.72266096776523,
              "path_to_endpoint_ratio": 1.1073457945347045,
              "peak_velocity_deg": 2.9927086769894164
            },
            {
              "start_frame": 44,
              "endpoint_distance_deg": 5.33948432419633,
              "path_distance_deg": 12.204973581890663,
              "path_to_endpoint_ratio": 2.285796313060192,
              "peak_velocity_deg": 3.14508053381661
            },
            {
              "start_frame": 194,
              "endpoint_distance_deg": 7.088840320504405,
              "path_distance_deg": 11.257085273921849,
              "path_to_endpoint_ratio": 1.588000965596705,
              "peak_velocity_deg": 2.5727335273734884
            },
            {
              "start_frame": 154,
              "endpoint_distance_deg": 3.227980736688184,
              "path_distance_deg": 7.9360681111865485,
              "path_to_endpoint_ratio": 2.458523999535613,
              "peak_velocity_deg": 2.0670530508541054
            },
            {
              "start_frame": 104,
              "endpoint_distance_deg": 5.0080409836703215,
              "path_distance_deg": 7.874025098672501,
              "path_to_endpoint_ratio": 1.572276489818528,
              "peak_velocity_deg": 2.11843361373475
            },
            {
              "start_frame": 94,
              "endpoint_distance_deg": 4.345231653364951,
              "path_distance_deg": 5.946566618369625,
              "path_to_endpoint_ratio": 1.3685269492512784,
              "peak_velocity_deg": 1.6813758911506955
            },
            {
              "start_frame": 134,
              "endpoint_distance_deg": 1.433849263050112,
              "path_distance_deg": 4.501264656906638,
              "path_to_endpoint_ratio": 3.1392872130306504,
              "peak_velocity_deg": 1.2755479299423433
            },
            {
              "start_frame": 214,
              "endpoint_distance_deg": 3.1839859010455323,
              "path_distance_deg": 4.2259330961849235,
              "path_to_endpoint_ratio": 1.3272461711583725,
              "peak_velocity_deg": 1.0887629317598992
            }
          ],
          "boundary_blocks_by_peak": [
            {
              "start_frame": 184,
              "end_frame": 190,
              "entry_jump_deg": 0.14429031666978262,
              "path_distance_deg": 34.06201500800124,
              "endpoint_distance_deg": 33.52985216680318,
              "path_to_endpoint_ratio": 1.0158713148674403,
              "peak_velocity_deg": 11.070364393659379
            },
            {
              "start_frame": 64,
              "end_frame": 70,
              "entry_jump_deg": 3.144550384602437,
              "path_distance_deg": 44.55465528786982,
              "endpoint_distance_deg": 22.749307590544262,
              "path_to_endpoint_ratio": 1.958505994546794,
              "peak_velocity_deg": 10.914866255646283
            },
            {
              "start_frame": 114,
              "end_frame": 120,
              "entry_jump_deg": 0.9152961464376244,
              "path_distance_deg": 38.31837899624273,
              "endpoint_distance_deg": 27.858606036334013,
              "path_to_endpoint_ratio": 1.3754593085622007,
              "peak_velocity_deg": 10.17115082345258
            },
            {
              "start_frame": 124,
              "end_frame": 130,
              "entry_jump_deg": 2.1158092675842948,
              "path_distance_deg": 35.15003742599966,
              "endpoint_distance_deg": 23.023312323019148,
              "path_to_endpoint_ratio": 1.5267150500693154,
              "peak_velocity_deg": 9.410267592526198
            },
            {
              "start_frame": 144,
              "end_frame": 150,
              "entry_jump_deg": 3.6631923368521635,
              "path_distance_deg": 45.86303357345629,
              "endpoint_distance_deg": 36.92249521217358,
              "path_to_endpoint_ratio": 1.2421433955074348,
              "peak_velocity_deg": 9.307743005521273
            },
            {
              "start_frame": 54,
              "end_frame": 60,
              "entry_jump_deg": 8.756971920090027,
              "path_distance_deg": 40.44578162057654,
              "endpoint_distance_deg": 25.67481204224003,
              "path_to_endpoint_ratio": 1.5753097453658242,
              "peak_velocity_deg": 8.756971920090027
            },
            {
              "start_frame": 174,
              "end_frame": 180,
              "entry_jump_deg": 2.6875884902552776,
              "path_distance_deg": 32.42121843225344,
              "endpoint_distance_deg": 30.278325686976267,
              "path_to_endpoint_ratio": 1.0707731585765623,
              "peak_velocity_deg": 8.57780184582131
            },
            {
              "start_frame": 164,
              "end_frame": 170,
              "entry_jump_deg": 0.8591137577320982,
              "path_distance_deg": 33.61642477644302,
              "endpoint_distance_deg": 30.664655050361993,
              "path_to_endpoint_ratio": 1.0962596749004088,
              "peak_velocity_deg": 8.261555197822176
            },
            {
              "start_frame": 74,
              "end_frame": 80,
              "entry_jump_deg": 4.55419899052775,
              "path_distance_deg": 27.902373869597223,
              "endpoint_distance_deg": 16.66327430391338,
              "path_to_endpoint_ratio": 1.674483259454256,
              "peak_velocity_deg": 6.724803368898382
            },
            {
              "start_frame": 34,
              "end_frame": 40,
              "entry_jump_deg": 4.827757727062285,
              "path_distance_deg": 21.13178965193583,
              "endpoint_distance_deg": 19.8169722181791,
              "path_to_endpoint_ratio": 1.0663480484950463,
              "peak_velocity_deg": 4.827757727062285
            },
            {
              "start_frame": 84,
              "end_frame": 90,
              "entry_jump_deg": 3.728737714578447,
              "path_distance_deg": 21.07602380274256,
              "endpoint_distance_deg": 13.477759561703898,
              "path_to_endpoint_ratio": 1.563763154124562,
              "peak_velocity_deg": 4.539982737848915
            },
            {
              "start_frame": 44,
              "end_frame": 50,
              "entry_jump_deg": 3.953875308074867,
              "path_distance_deg": 16.15884888996553,
              "endpoint_distance_deg": 8.312152733346338,
              "path_to_endpoint_ratio": 1.9440028844922632,
              "peak_velocity_deg": 3.953875308074867
            },
            {
              "start_frame": 204,
              "end_frame": 210,
              "entry_jump_deg": 0.7835006428779854,
              "path_distance_deg": 14.506161610643215,
              "endpoint_distance_deg": 13.004253787026618,
              "path_to_endpoint_ratio": 1.1154935798865244,
              "peak_velocity_deg": 2.9927086769894164
            },
            {
              "start_frame": 194,
              "end_frame": 200,
              "entry_jump_deg": 1.457466706482086,
              "path_distance_deg": 12.714551980403934,
              "endpoint_distance_deg": 8.402388481183673,
              "path_to_endpoint_ratio": 1.5132068707459707,
              "peak_velocity_deg": 2.5727335273734884
            },
            {
              "start_frame": 154,
              "end_frame": 160,
              "entry_jump_deg": 2.351166643281465,
              "path_distance_deg": 10.287234754468015,
              "endpoint_distance_deg": 4.020245103715871,
              "path_to_endpoint_ratio": 2.5588576042191136,
              "peak_velocity_deg": 2.351166643281465
            },
            {
              "start_frame": 94,
              "end_frame": 100,
              "entry_jump_deg": 2.141204717379512,
              "path_distance_deg": 8.087771335749137,
              "endpoint_distance_deg": 2.2669280100496025,
              "path_to_endpoint_ratio": 3.5677230595303153,
              "peak_velocity_deg": 2.141204717379512
            },
            {
              "start_frame": 104,
              "end_frame": 110,
              "entry_jump_deg": 1.2616114350462917,
              "path_distance_deg": 9.135636533718792,
              "endpoint_distance_deg": 4.27451789462273,
              "path_to_endpoint_ratio": 2.137232024507668,
              "peak_velocity_deg": 2.11843361373475
            },
            {
              "start_frame": 214,
              "end_frame": 220,
              "entry_jump_deg": 1.5838421206015023,
              "path_distance_deg": 5.809775216786426,
              "endpoint_distance_deg": 3.837581095745143,
              "path_to_endpoint_ratio": 1.5139159464872083,
              "peak_velocity_deg": 1.5838421206015023
            },
            {
              "start_frame": 134,
              "end_frame": 140,
              "entry_jump_deg": 0.5316309962170822,
              "path_distance_deg": 5.032895653123721,
              "endpoint_distance_deg": 1.4436995332694273,
              "path_to_endpoint_ratio": 3.4861101892345543,
              "peak_velocity_deg": 1.2755479299423433
            }
          ]
        },
        "ratios": {
          "excursion_p90": 0.4794763392501564,
          "velocity_rms": 0.9879393164739881,
          "velocity_p95": 0.8036771064565494
        }
      },
      "LeftForeArm": {
        "prediction": {
          "order": "XYZ",
          "excursion_p90_deg": 47.43645593923641,
          "excursion_max_deg": 52.09320857873536,
          "velocity_rms_deg_per_frame": 8.377864654254955,
          "velocity_p95_deg_per_frame": 16.419765721644282,
          "velocity_max_deg_per_frame": 43.94999560020807,
          "euler_axis_step_p95_deg": [
            30.263603999999827,
            9.949233900000001,
            25.911188099999944
          ],
          "top_velocity_transitions": [
            {
              "from_frame": 58,
              "to_frame": 59,
              "velocity_deg": 43.94999560020807,
              "new_block_offset": 5,
              "inside_release_blend": false
            },
            {
              "from_frame": 66,
              "to_frame": 67,
              "velocity_deg": 41.99223976530201,
              "new_block_offset": 3,
              "inside_release_blend": false
            },
            {
              "from_frame": 52,
              "to_frame": 53,
              "velocity_deg": 41.2921018450979,
              "new_block_offset": 9,
              "inside_release_blend": false
            },
            {
              "from_frame": 153,
              "to_frame": 154,
              "velocity_deg": 39.154936819444856,
              "new_block_offset": 0,
              "inside_release_blend": false
            },
            {
              "from_frame": 163,
              "to_frame": 164,
              "velocity_deg": 29.05650413996021,
              "new_block_offset": 0,
              "inside_release_blend": false
            },
            {
              "from_frame": 199,
              "to_frame": 200,
              "velocity_deg": 24.064550361508935,
              "new_block_offset": 6,
              "inside_release_blend": false
            },
            {
              "from_frame": 198,
              "to_frame": 199,
              "velocity_deg": 23.580066565231746,
              "new_block_offset": 5,
              "inside_release_blend": false
            },
            {
              "from_frame": 125,
              "to_frame": 126,
              "velocity_deg": 22.33675608707548,
              "new_block_offset": 2,
              "inside_release_blend": false
            },
            {
              "from_frame": 123,
              "to_frame": 124,
              "velocity_deg": 22.325425463248234,
              "new_block_offset": 0,
              "inside_release_blend": false
            },
            {
              "from_frame": 124,
              "to_frame": 125,
              "velocity_deg": 20.46898340171245,
              "new_block_offset": 1,
              "inside_release_blend": false
            },
            {
              "from_frame": 186,
              "to_frame": 187,
              "velocity_deg": 18.945826577360698,
              "new_block_offset": 3,
              "inside_release_blend": false
            },
            {
              "from_frame": 183,
              "to_frame": 184,
              "velocity_deg": 16.61851981805395,
              "new_block_offset": 0,
              "inside_release_blend": false
            }
          ],
          "release_blend_blocks_by_path": [
            {
              "start_frame": 54,
              "endpoint_distance_deg": 54.39726113759732,
              "path_distance_deg": 72.81387067769597,
              "path_to_endpoint_ratio": 1.3385576618189292,
              "peak_velocity_deg": 43.94999560020807
            },
            {
              "start_frame": 64,
              "endpoint_distance_deg": 65.40118654246832,
              "path_distance_deg": 68.34798000982802,
              "path_to_endpoint_ratio": 1.0450571866222365,
              "peak_velocity_deg": 41.99223976530201
            },
            {
              "start_frame": 194,
              "endpoint_distance_deg": 61.397450088059934,
              "path_distance_deg": 62.85438963448774,
              "path_to_endpoint_ratio": 1.023729642588384,
              "peak_velocity_deg": 24.064550361508935
            },
            {
              "start_frame": 124,
              "endpoint_distance_deg": 47.346773535132726,
              "path_distance_deg": 59.91804751480526,
              "path_to_endpoint_ratio": 1.265514902939358,
              "peak_velocity_deg": 22.33675608707548
            },
            {
              "start_frame": 184,
              "endpoint_distance_deg": 51.86926376485983,
              "path_distance_deg": 55.96311966456704,
              "path_to_endpoint_ratio": 1.0789264316198122,
              "peak_velocity_deg": 18.945826577360698
            },
            {
              "start_frame": 164,
              "endpoint_distance_deg": 28.87690007988185,
              "path_distance_deg": 43.12611319099035,
              "path_to_endpoint_ratio": 1.4934467713532638,
              "peak_velocity_deg": 11.280734757700154
            },
            {
              "start_frame": 104,
              "endpoint_distance_deg": 19.931043572252552,
              "path_distance_deg": 35.25935865933343,
              "path_to_endpoint_ratio": 1.7690673612504935,
              "peak_velocity_deg": 11.57848932389534
            },
            {
              "start_frame": 154,
              "endpoint_distance_deg": 2.7235048279026057,
              "path_distance_deg": 26.489981368781155,
              "path_to_endpoint_ratio": 9.726430846528483,
              "peak_velocity_deg": 8.38512104136791
            },
            {
              "start_frame": 74,
              "endpoint_distance_deg": 11.59040581508265,
              "path_distance_deg": 21.7002060380965,
              "path_to_endpoint_ratio": 1.872255931699813,
              "peak_velocity_deg": 6.710986255137003
            },
            {
              "start_frame": 114,
              "endpoint_distance_deg": 4.307292486415668,
              "path_distance_deg": 17.891161732365017,
              "path_to_endpoint_ratio": 4.153690929694265,
              "peak_velocity_deg": 4.315440427089357
            },
            {
              "start_frame": 84,
              "endpoint_distance_deg": 4.280662000047726,
              "path_distance_deg": 16.678077986336454,
              "path_to_endpoint_ratio": 3.8961445650580466,
              "peak_velocity_deg": 4.883758198479399
            },
            {
              "start_frame": 214,
              "endpoint_distance_deg": 7.650451787633357,
              "path_distance_deg": 16.53733036741806,
              "path_to_endpoint_ratio": 2.1616148727516955,
              "peak_velocity_deg": 4.752720240128528
            },
            {
              "start_frame": 134,
              "endpoint_distance_deg": 3.5546155979820697,
              "path_distance_deg": 16.21386373063294,
              "path_to_endpoint_ratio": 4.561355028047881,
              "peak_velocity_deg": 6.305105669986757
            },
            {
              "start_frame": 44,
              "endpoint_distance_deg": 3.3491317995520506,
              "path_distance_deg": 15.597064272837057,
              "path_to_endpoint_ratio": 4.657047021835085,
              "peak_velocity_deg": 3.801338114194429
            },
            {
              "start_frame": 94,
              "endpoint_distance_deg": 8.501881318955624,
              "path_distance_deg": 15.587281422510724,
              "path_to_endpoint_ratio": 1.8333920267456139,
              "peak_velocity_deg": 3.907389063871653
            },
            {
              "start_frame": 174,
              "endpoint_distance_deg": 4.541678419420058,
              "path_distance_deg": 15.299286733019787,
              "path_to_endpoint_ratio": 3.3686415725958434,
              "peak_velocity_deg": 3.8301445304246995
            },
            {
              "start_frame": 204,
              "endpoint_distance_deg": 11.156262763422014,
              "path_distance_deg": 13.532836966337957,
              "path_to_endpoint_ratio": 1.213026015370309,
              "peak_velocity_deg": 4.296871444275246
            },
            {
              "start_frame": 34,
              "endpoint_distance_deg": 2.565008416904367,
              "path_distance_deg": 12.663903706636196,
              "path_to_endpoint_ratio": 4.937178226463634,
              "peak_velocity_deg": 4.494314218775908
            },
            {
              "start_frame": 144,
              "endpoint_distance_deg": 7.8641316903621785,
              "path_distance_deg": 11.64122866468263,
              "path_to_endpoint_ratio": 1.4802942172178324,
              "peak_velocity_deg": 2.2969112680843637
            }
          ],
          "boundary_blocks_by_peak": [
            {
              "start_frame": 54,
              "end_frame": 60,
              "entry_jump_deg": 14.630978853957732,
              "path_distance_deg": 87.4448495316537,
              "endpoint_distance_deg": 42.42714325486257,
              "path_to_endpoint_ratio": 2.061059096210341,
              "peak_velocity_deg": 43.94999560020807
            },
            {
              "start_frame": 64,
              "end_frame": 70,
              "entry_jump_deg": 6.093217110978755,
              "path_distance_deg": 74.44119712080678,
              "endpoint_distance_deg": 59.504388735117736,
              "path_to_endpoint_ratio": 1.2510202810784237,
              "peak_velocity_deg": 41.99223976530201
            },
            {
              "start_frame": 154,
              "end_frame": 160,
              "entry_jump_deg": 39.154936819444856,
              "path_distance_deg": 65.64491818822601,
              "endpoint_distance_deg": 40.3532843833901,
              "path_to_endpoint_ratio": 1.6267552738593507,
              "peak_velocity_deg": 39.154936819444856
            },
            {
              "start_frame": 164,
              "end_frame": 170,
              "entry_jump_deg": 29.05650413996021,
              "path_distance_deg": 72.18261733095056,
              "endpoint_distance_deg": 52.0407660149919,
              "path_to_endpoint_ratio": 1.3870398700541071,
              "peak_velocity_deg": 29.05650413996021
            },
            {
              "start_frame": 194,
              "end_frame": 200,
              "entry_jump_deg": 9.889987374733813,
              "path_distance_deg": 72.74437700922155,
              "endpoint_distance_deg": 57.48469476413509,
              "path_to_endpoint_ratio": 1.2654564368428556,
              "peak_velocity_deg": 24.064550361508935
            },
            {
              "start_frame": 124,
              "end_frame": 130,
              "entry_jump_deg": 22.325425463248234,
              "path_distance_deg": 82.2434729780535,
              "endpoint_distance_deg": 68.74283244857415,
              "path_to_endpoint_ratio": 1.1963934282105564,
              "peak_velocity_deg": 22.33675608707548
            },
            {
              "start_frame": 184,
              "end_frame": 190,
              "entry_jump_deg": 16.61851981805395,
              "path_distance_deg": 72.58163948262097,
              "endpoint_distance_deg": 68.3852386707305,
              "path_to_endpoint_ratio": 1.0613641319890073,
              "peak_velocity_deg": 18.945826577360698
            },
            {
              "start_frame": 114,
              "end_frame": 120,
              "entry_jump_deg": 13.440098458792024,
              "path_distance_deg": 31.331260191157043,
              "endpoint_distance_deg": 16.43443492805388,
              "path_to_endpoint_ratio": 1.9064397606804242,
              "peak_velocity_deg": 13.440098458792024
            },
            {
              "start_frame": 174,
              "end_frame": 180,
              "entry_jump_deg": 12.921454608654907,
              "path_distance_deg": 28.220741341674696,
              "endpoint_distance_deg": 14.581221381706433,
              "path_to_endpoint_ratio": 1.9354168353194592,
              "peak_velocity_deg": 12.921454608654907
            },
            {
              "start_frame": 104,
              "end_frame": 110,
              "entry_jump_deg": 12.373569309303539,
              "path_distance_deg": 47.63292796863696,
              "endpoint_distance_deg": 19.387505326997015,
              "path_to_endpoint_ratio": 2.456887937114236,
              "peak_velocity_deg": 12.373569309303539
            },
            {
              "start_frame": 84,
              "end_frame": 90,
              "entry_jump_deg": 9.732577066882392,
              "path_distance_deg": 26.410655053218843,
              "endpoint_distance_deg": 7.05706648949771,
              "path_to_endpoint_ratio": 3.742441011789112,
              "peak_velocity_deg": 9.732577066882392
            },
            {
              "start_frame": 74,
              "end_frame": 80,
              "entry_jump_deg": 8.52404205366598,
              "path_distance_deg": 30.22424809176248,
              "endpoint_distance_deg": 19.86771232192481,
              "path_to_endpoint_ratio": 1.5212746994735182,
              "peak_velocity_deg": 8.52404205366598
            },
            {
              "start_frame": 94,
              "end_frame": 100,
              "entry_jump_deg": 7.780518657787941,
              "path_distance_deg": 23.36780008029867,
              "endpoint_distance_deg": 16.193892547289686,
              "path_to_endpoint_ratio": 1.4430008110810675,
              "peak_velocity_deg": 7.780518657787941
            },
            {
              "start_frame": 34,
              "end_frame": 40,
              "entry_jump_deg": 6.519523657032778,
              "path_distance_deg": 19.18342736366897,
              "endpoint_distance_deg": 7.745245289738833,
              "path_to_endpoint_ratio": 2.4768004945025863,
              "peak_velocity_deg": 6.519523657032778
            },
            {
              "start_frame": 134,
              "end_frame": 140,
              "entry_jump_deg": 4.971248531922058,
              "path_distance_deg": 21.185112262555,
              "endpoint_distance_deg": 5.669194593157849,
              "path_to_endpoint_ratio": 3.7368821821927423,
              "peak_velocity_deg": 6.305105669986757
            },
            {
              "start_frame": 204,
              "end_frame": 210,
              "entry_jump_deg": 5.438541290676242,
              "path_distance_deg": 18.971378257014205,
              "endpoint_distance_deg": 6.111844200840793,
              "path_to_endpoint_ratio": 3.10403499068323,
              "peak_velocity_deg": 5.438541290676242
            },
            {
              "start_frame": 214,
              "end_frame": 220,
              "entry_jump_deg": 3.171575029528458,
              "path_distance_deg": 19.70890539694652,
              "endpoint_distance_deg": 8.681393338212763,
              "path_to_endpoint_ratio": 2.2702467943934894,
              "peak_velocity_deg": 4.752720240128528
            },
            {
              "start_frame": 44,
              "end_frame": 50,
              "entry_jump_deg": 0.3458322340893868,
              "path_distance_deg": 15.942896506926445,
              "endpoint_distance_deg": 3.130608769295652,
              "path_to_endpoint_ratio": 5.092586676205279,
              "peak_velocity_deg": 3.801338114194429
            },
            {
              "start_frame": 144,
              "end_frame": 150,
              "entry_jump_deg": 2.1678028364933506,
              "path_distance_deg": 13.809031501175982,
              "endpoint_distance_deg": 7.577705595344025,
              "path_to_endpoint_ratio": 1.8223235684506767,
              "peak_velocity_deg": 2.2969112680843637
            }
          ]
        },
        "ground_truth": {
          "order": "XYZ",
          "excursion_p90_deg": 59.09739667457054,
          "excursion_max_deg": 63.949672604722046,
          "velocity_rms_deg_per_frame": 6.450972385788004,
          "velocity_p95_deg_per_frame": 14.140107169297679,
          "velocity_max_deg_per_frame": 27.011606298856556,
          "euler_axis_step_p95_deg": [
            20.606829799999954,
            7.972633500000002,
            21.582058699999955
          ],
          "top_velocity_transitions": [
            {
              "from_frame": 143,
              "to_frame": 144,
              "velocity_deg": 27.011606298856556,
              "new_block_offset": 0,
              "inside_release_blend": false
            },
            {
              "from_frame": 63,
              "to_frame": 64,
              "velocity_deg": 26.42784811912172,
              "new_block_offset": 0,
              "inside_release_blend": false
            },
            {
              "from_frame": 64,
              "to_frame": 65,
              "velocity_deg": 25.66096324145623,
              "new_block_offset": 1,
              "inside_release_blend": false
            },
            {
              "from_frame": 144,
              "to_frame": 145,
              "velocity_deg": 24.32254200134389,
              "new_block_offset": 1,
              "inside_release_blend": false
            },
            {
              "from_frame": 119,
              "to_frame": 120,
              "velocity_deg": 22.63557566961718,
              "new_block_offset": 6,
              "inside_release_blend": false
            },
            {
              "from_frame": 120,
              "to_frame": 121,
              "velocity_deg": 19.196505863402983,
              "new_block_offset": 7,
              "inside_release_blend": false
            },
            {
              "from_frame": 199,
              "to_frame": 200,
              "velocity_deg": 18.518314264475347,
              "new_block_offset": 6,
              "inside_release_blend": false
            },
            {
              "from_frame": 118,
              "to_frame": 119,
              "velocity_deg": 17.2261012765834,
              "new_block_offset": 5,
              "inside_release_blend": false
            },
            {
              "from_frame": 123,
              "to_frame": 124,
              "velocity_deg": 15.075844265737349,
              "new_block_offset": 0,
              "inside_release_blend": false
            },
            {
              "from_frame": 55,
              "to_frame": 56,
              "velocity_deg": 14.905379514190056,
              "new_block_offset": 2,
              "inside_release_blend": false
            },
            {
              "from_frame": 54,
              "to_frame": 55,
              "velocity_deg": 14.501661213333028,
              "new_block_offset": 1,
              "inside_release_blend": false
            },
            {
              "from_frame": 62,
              "to_frame": 63,
              "velocity_deg": 14.190296826684545,
              "new_block_offset": 9,
              "inside_release_blend": false
            }
          ],
          "release_blend_blocks_by_path": [
            {
              "start_frame": 114,
              "endpoint_distance_deg": 55.78948151796425,
              "path_distance_deg": 67.68278346077605,
              "path_to_endpoint_ratio": 1.2131817973426076,
              "peak_velocity_deg": 22.63557566961718
            },
            {
              "start_frame": 144,
              "endpoint_distance_deg": 39.181722740849416,
              "path_distance_deg": 61.579210354829264,
              "path_to_endpoint_ratio": 1.5716310066843757,
              "peak_velocity_deg": 24.32254200134389
            },
            {
              "start_frame": 54,
              "endpoint_distance_deg": 39.38566095023439,
              "path_distance_deg": 56.41003747848398,
              "path_to_endpoint_ratio": 1.4322480851536472,
              "peak_velocity_deg": 14.905379514190056
            },
            {
              "start_frame": 64,
              "endpoint_distance_deg": 29.174267351600346,
              "path_distance_deg": 52.31893452323268,
              "path_to_endpoint_ratio": 1.7933247095016676,
              "peak_velocity_deg": 25.66096324145623
            },
            {
              "start_frame": 194,
              "endpoint_distance_deg": 40.97320275152344,
              "path_distance_deg": 41.038280120030706,
              "path_to_endpoint_ratio": 1.0015882909837905,
              "peak_velocity_deg": 18.518314264475347
            },
            {
              "start_frame": 164,
              "endpoint_distance_deg": 30.05353344635428,
              "path_distance_deg": 30.770695415132177,
              "path_to_endpoint_ratio": 1.0238628169981423,
              "peak_velocity_deg": 8.897580431834276
            },
            {
              "start_frame": 74,
              "endpoint_distance_deg": 24.850726237036657,
              "path_distance_deg": 29.261266499194853,
              "path_to_endpoint_ratio": 1.1774813428021624,
              "peak_velocity_deg": 9.268911981059315
            },
            {
              "start_frame": 214,
              "endpoint_distance_deg": 25.023015112364376,
              "path_distance_deg": 25.264702760609243,
              "path_to_endpoint_ratio": 1.0096586141661819,
              "peak_velocity_deg": 6.695070834658927
            },
            {
              "start_frame": 124,
              "endpoint_distance_deg": 22.62807038962294,
              "path_distance_deg": 25.230211155784705,
              "path_to_endpoint_ratio": 1.1149961406941302,
              "peak_velocity_deg": 10.597889349099724
            },
            {
              "start_frame": 204,
              "endpoint_distance_deg": 11.170860082146213,
              "path_distance_deg": 21.204644068413067,
              "path_to_endpoint_ratio": 1.8982105149005772,
              "peak_velocity_deg": 5.604658465731538
            },
            {
              "start_frame": 34,
              "endpoint_distance_deg": 11.793886177918688,
              "path_distance_deg": 17.614955084896284,
              "path_to_endpoint_ratio": 1.4935666513278885,
              "peak_velocity_deg": 5.928329010737292
            },
            {
              "start_frame": 104,
              "endpoint_distance_deg": 14.229413480721288,
              "path_distance_deg": 16.141040785959884,
              "path_to_endpoint_ratio": 1.1343433661428535,
              "peak_velocity_deg": 5.970844204815928
            },
            {
              "start_frame": 84,
              "endpoint_distance_deg": 8.218859248648618,
              "path_distance_deg": 15.90148645156852,
              "path_to_endpoint_ratio": 1.9347559035255548,
              "peak_velocity_deg": 5.06878386576219
            },
            {
              "start_frame": 184,
              "endpoint_distance_deg": 10.761800100414945,
              "path_distance_deg": 13.352824123988038,
              "path_to_endpoint_ratio": 1.240761210893816,
              "peak_velocity_deg": 6.540697921198129
            },
            {
              "start_frame": 134,
              "endpoint_distance_deg": 3.6545841962686927,
              "path_distance_deg": 11.330050765933565,
              "path_to_endpoint_ratio": 3.100229781954805,
              "peak_velocity_deg": 3.433645701608372
            },
            {
              "start_frame": 94,
              "endpoint_distance_deg": 7.054547424320868,
              "path_distance_deg": 7.660620031189147,
              "path_to_endpoint_ratio": 1.0859123300778752,
              "peak_velocity_deg": 2.1756669410194736
            },
            {
              "start_frame": 44,
              "endpoint_distance_deg": 1.7180966068247494,
              "path_distance_deg": 7.3930445231508966,
              "path_to_endpoint_ratio": 4.303043550510316,
              "peak_velocity_deg": 2.410342299780035
            },
            {
              "start_frame": 174,
              "endpoint_distance_deg": 2.9611563305751485,
              "path_distance_deg": 6.78882941694325,
              "path_to_endpoint_ratio": 2.2926278315149435,
              "peak_velocity_deg": 2.4435314765922294
            },
            {
              "start_frame": 154,
              "endpoint_distance_deg": 2.8050831085070875,
              "path_distance_deg": 5.250669612297232,
              "path_to_endpoint_ratio": 1.8718410147540072,
              "peak_velocity_deg": 1.8841377182194585
            }
          ],
          "boundary_blocks_by_peak": [
            {
              "start_frame": 144,
              "end_frame": 150,
              "entry_jump_deg": 27.011606298856556,
              "path_distance_deg": 88.59081665368582,
              "endpoint_distance_deg": 63.862902880556014,
              "path_to_endpoint_ratio": 1.3872030969118156,
              "peak_velocity_deg": 27.011606298856556
            },
            {
              "start_frame": 64,
              "end_frame": 70,
              "entry_jump_deg": 26.42784811912172,
              "path_distance_deg": 78.74678264235439,
              "endpoint_distance_deg": 54.17707252637052,
              "path_to_endpoint_ratio": 1.4535075257900774,
              "peak_velocity_deg": 26.42784811912172
            },
            {
              "start_frame": 114,
              "end_frame": 120,
              "entry_jump_deg": 6.299657366557165,
              "path_distance_deg": 73.9824408273332,
              "endpoint_distance_deg": 61.47286340955336,
              "path_to_endpoint_ratio": 1.2034975552454217,
              "peak_velocity_deg": 22.63557566961718
            },
            {
              "start_frame": 194,
              "end_frame": 200,
              "entry_jump_deg": 2.948005602095377,
              "path_distance_deg": 43.986285722126084,
              "endpoint_distance_deg": 43.88822596890216,
              "path_to_endpoint_ratio": 1.0022343066063641,
              "peak_velocity_deg": 18.518314264475347
            },
            {
              "start_frame": 124,
              "end_frame": 130,
              "entry_jump_deg": 15.075844265737349,
              "path_distance_deg": 40.30605542152205,
              "endpoint_distance_deg": 7.708568234054592,
              "path_to_endpoint_ratio": 5.228734337909813,
              "peak_velocity_deg": 15.075844265737349
            },
            {
              "start_frame": 54,
              "end_frame": 60,
              "entry_jump_deg": 11.449504233949387,
              "path_distance_deg": 67.85954171243336,
              "endpoint_distance_deg": 47.24325233915939,
              "path_to_endpoint_ratio": 1.4363859038592346,
              "peak_velocity_deg": 14.905379514190056
            },
            {
              "start_frame": 164,
              "end_frame": 170,
              "entry_jump_deg": 13.688400252815997,
              "path_distance_deg": 44.459095667948176,
              "endpoint_distance_deg": 42.2514319955242,
              "path_to_endpoint_ratio": 1.052250623663071,
              "peak_velocity_deg": 13.688400252815997
            },
            {
              "start_frame": 74,
              "end_frame": 80,
              "entry_jump_deg": 5.493738355387677,
              "path_distance_deg": 34.75500485458253,
              "endpoint_distance_deg": 19.82032802453355,
              "path_to_endpoint_ratio": 1.7535030102207632,
              "peak_velocity_deg": 9.268911981059315
            },
            {
              "start_frame": 214,
              "end_frame": 220,
              "entry_jump_deg": 2.2665111291695026,
              "path_distance_deg": 27.531213889778744,
              "endpoint_distance_deg": 22.85319291463432,
              "path_to_endpoint_ratio": 1.2046987916576328,
              "peak_velocity_deg": 6.695070834658927
            },
            {
              "start_frame": 184,
              "end_frame": 190,
              "entry_jump_deg": 0.21768818105333587,
              "path_distance_deg": 13.570512305041374,
              "endpoint_distance_deg": 10.547278065484154,
              "path_to_endpoint_ratio": 1.286636440301192,
              "peak_velocity_deg": 6.540697921198129
            },
            {
              "start_frame": 104,
              "end_frame": 110,
              "entry_jump_deg": 3.1602875156416834,
              "path_distance_deg": 19.30132830160157,
              "endpoint_distance_deg": 17.27876661255855,
              "path_to_endpoint_ratio": 1.1170547490104406,
              "peak_velocity_deg": 5.970844204815928
            },
            {
              "start_frame": 34,
              "end_frame": 40,
              "entry_jump_deg": 3.9164758421523156,
              "path_distance_deg": 21.5314309270486,
              "endpoint_distance_deg": 15.655524378395638,
              "path_to_endpoint_ratio": 1.3753247995168794,
              "peak_velocity_deg": 5.928329010737292
            },
            {
              "start_frame": 204,
              "end_frame": 210,
              "entry_jump_deg": 1.8123550392922785,
              "path_distance_deg": 23.016999107705345,
              "endpoint_distance_deg": 11.858018220675627,
              "path_to_endpoint_ratio": 1.9410493962281938,
              "peak_velocity_deg": 5.604658465731538
            },
            {
              "start_frame": 84,
              "end_frame": 90,
              "entry_jump_deg": 3.812824531180056,
              "path_distance_deg": 19.71431098274858,
              "endpoint_distance_deg": 12.010542340654556,
              "path_to_endpoint_ratio": 1.6414172169409444,
              "peak_velocity_deg": 5.06878386576219
            },
            {
              "start_frame": 134,
              "end_frame": 140,
              "entry_jump_deg": 0.41776272083060584,
              "path_distance_deg": 11.747813486764171,
              "endpoint_distance_deg": 3.6626854351033873,
              "path_to_endpoint_ratio": 3.2074317314210097,
              "peak_velocity_deg": 3.433645701608372
            },
            {
              "start_frame": 44,
              "end_frame": 50,
              "entry_jump_deg": 3.391079964705547,
              "path_distance_deg": 10.784124487856445,
              "endpoint_distance_deg": 1.6808339561930508,
              "path_to_endpoint_ratio": 6.415936831905509,
              "peak_velocity_deg": 3.391079964705547
            },
            {
              "start_frame": 174,
              "end_frame": 180,
              "entry_jump_deg": 0.860963630494863,
              "path_distance_deg": 7.649793047438114,
              "endpoint_distance_deg": 2.117107350949334,
              "path_to_endpoint_ratio": 3.6133231713582514,
              "peak_velocity_deg": 2.4435314765922294
            },
            {
              "start_frame": 94,
              "end_frame": 100,
              "entry_jump_deg": 1.192238970833278,
              "path_distance_deg": 8.852859002022424,
              "endpoint_distance_deg": 5.881383339061459,
              "path_to_endpoint_ratio": 1.5052341416390564,
              "peak_velocity_deg": 2.1756669410194736
            },
            {
              "start_frame": 154,
              "end_frame": 160,
              "entry_jump_deg": 1.5249376545790647,
              "path_distance_deg": 6.775607266876298,
              "endpoint_distance_deg": 3.7164633460401864,
              "path_to_endpoint_ratio": 1.8231330800277004,
              "peak_velocity_deg": 1.8841377182194585
            }
          ]
        },
        "ratios": {
          "excursion_p90": 0.8026826663863553,
          "velocity_rms": 1.298697956406083,
          "velocity_p95": 1.1612193263496906
        }
      },
      "LeftHand": {
        "prediction": {
          "order": "XYZ",
          "excursion_p90_deg": 16.11765899142076,
          "excursion_max_deg": 24.91463455453466,
          "velocity_rms_deg_per_frame": 4.183590202188249,
          "velocity_p95_deg_per_frame": 9.244807489446526,
          "velocity_max_deg_per_frame": 22.26924706869134,
          "euler_axis_step_p95_deg": [
            1.6614956999999881,
            4.418749600000005,
            7.0962437999999795
          ],
          "top_velocity_transitions": [
            {
              "from_frame": 183,
              "to_frame": 184,
              "velocity_deg": 22.26924706869134,
              "new_block_offset": 0,
              "inside_release_blend": false
            },
            {
              "from_frame": 153,
              "to_frame": 154,
              "velocity_deg": 17.948850197720507,
              "new_block_offset": 0,
              "inside_release_blend": false
            },
            {
              "from_frame": 93,
              "to_frame": 94,
              "velocity_deg": 15.882017959084134,
              "new_block_offset": 0,
              "inside_release_blend": false
            },
            {
              "from_frame": 193,
              "to_frame": 194,
              "velocity_deg": 14.419900083846745,
              "new_block_offset": 0,
              "inside_release_blend": false
            },
            {
              "from_frame": 77,
              "to_frame": 78,
              "velocity_deg": 13.698291621187648,
              "new_block_offset": 4,
              "inside_release_blend": false
            },
            {
              "from_frame": 107,
              "to_frame": 108,
              "velocity_deg": 10.356042143332699,
              "new_block_offset": 4,
              "inside_release_blend": false
            },
            {
              "from_frame": 53,
              "to_frame": 54,
              "velocity_deg": 10.289433998167553,
              "new_block_offset": 0,
              "inside_release_blend": false
            },
            {
              "from_frame": 195,
              "to_frame": 196,
              "velocity_deg": 9.751274109063198,
              "new_block_offset": 2,
              "inside_release_blend": false
            },
            {
              "from_frame": 94,
              "to_frame": 95,
              "velocity_deg": 9.727437286425229,
              "new_block_offset": 1,
              "inside_release_blend": false
            },
            {
              "from_frame": 110,
              "to_frame": 111,
              "velocity_deg": 9.614296471989118,
              "new_block_offset": 7,
              "inside_release_blend": false
            },
            {
              "from_frame": 81,
              "to_frame": 82,
              "velocity_deg": 9.391685348612429,
              "new_block_offset": 8,
              "inside_release_blend": false
            },
            {
              "from_frame": 140,
              "to_frame": 141,
              "velocity_deg": 9.265740161563594,
              "new_block_offset": 7,
              "inside_release_blend": false
            }
          ],
          "release_blend_blocks_by_path": [
            {
              "start_frame": 194,
              "endpoint_distance_deg": 17.202906535930772,
              "path_distance_deg": 33.44262159995461,
              "path_to_endpoint_ratio": 1.9440099572769773,
              "peak_velocity_deg": 9.751274109063198
            },
            {
              "start_frame": 104,
              "endpoint_distance_deg": 21.047349790172827,
              "path_distance_deg": 28.84973210746004,
              "path_to_endpoint_ratio": 1.370706164674956,
              "peak_velocity_deg": 10.356042143332699
            },
            {
              "start_frame": 74,
              "endpoint_distance_deg": 16.311805403907403,
              "path_distance_deg": 28.583400689203113,
              "path_to_endpoint_ratio": 1.7523137372860098,
              "peak_velocity_deg": 13.698291621187648
            },
            {
              "start_frame": 164,
              "endpoint_distance_deg": 23.68882418369079,
              "path_distance_deg": 28.525243164563577,
              "path_to_endpoint_ratio": 1.2041645859401728,
              "peak_velocity_deg": 9.043558289129829
            },
            {
              "start_frame": 94,
              "endpoint_distance_deg": 13.272853565633117,
              "path_distance_deg": 23.501605434391617,
              "path_to_endpoint_ratio": 1.7706520544491962,
              "peak_velocity_deg": 9.727437286425229
            },
            {
              "start_frame": 184,
              "endpoint_distance_deg": 5.509040236120694,
              "path_distance_deg": 22.236375632938742,
              "path_to_endpoint_ratio": 4.036342934499413,
              "peak_velocity_deg": 8.552649406661605
            },
            {
              "start_frame": 124,
              "endpoint_distance_deg": 7.66141368319543,
              "path_distance_deg": 21.71880212014146,
              "path_to_endpoint_ratio": 2.8348295782251722,
              "peak_velocity_deg": 6.331508869766249
            },
            {
              "start_frame": 54,
              "endpoint_distance_deg": 11.543192040299623,
              "path_distance_deg": 17.285636105228154,
              "path_to_endpoint_ratio": 1.4974745325972656,
              "peak_velocity_deg": 5.0273037351117775
            },
            {
              "start_frame": 84,
              "endpoint_distance_deg": 7.811520092180591,
              "path_distance_deg": 14.435952425442176,
              "path_to_endpoint_ratio": 1.8480337059995158,
              "peak_velocity_deg": 3.8021015685576116
            },
            {
              "start_frame": 114,
              "endpoint_distance_deg": 5.404872194275127,
              "path_distance_deg": 14.091795945353224,
              "path_to_endpoint_ratio": 2.6072394385716167,
              "peak_velocity_deg": 3.568916849242441
            },
            {
              "start_frame": 134,
              "endpoint_distance_deg": 6.012991913294041,
              "path_distance_deg": 12.780580321552968,
              "path_to_endpoint_ratio": 2.1254943472144974,
              "peak_velocity_deg": 4.612871389712222
            },
            {
              "start_frame": 154,
              "endpoint_distance_deg": 4.200031683310076,
              "path_distance_deg": 9.494802290913851,
              "path_to_endpoint_ratio": 2.2606501585795007,
              "peak_velocity_deg": 3.5140276900434992
            },
            {
              "start_frame": 174,
              "endpoint_distance_deg": 1.6501972020738302,
              "path_distance_deg": 8.938396632503544,
              "path_to_endpoint_ratio": 5.416562712184042,
              "peak_velocity_deg": 2.8874003421618735
            },
            {
              "start_frame": 34,
              "endpoint_distance_deg": 2.115208461982286,
              "path_distance_deg": 8.540667794401738,
              "path_to_endpoint_ratio": 4.037742826727242,
              "peak_velocity_deg": 3.1179755099166275
            },
            {
              "start_frame": 44,
              "endpoint_distance_deg": 5.749033754005192,
              "path_distance_deg": 7.320425631645044,
              "path_to_endpoint_ratio": 1.2733314753188059,
              "peak_velocity_deg": 1.990494647481853
            },
            {
              "start_frame": 204,
              "endpoint_distance_deg": 4.203559651366724,
              "path_distance_deg": 6.782181155459101,
              "path_to_endpoint_ratio": 1.6134375905083151,
              "peak_velocity_deg": 2.501590652049831
            },
            {
              "start_frame": 144,
              "endpoint_distance_deg": 1.9226783278354675,
              "path_distance_deg": 6.646877081329484,
              "path_to_endpoint_ratio": 3.4570926322410225,
              "peak_velocity_deg": 1.637093741970122
            },
            {
              "start_frame": 64,
              "endpoint_distance_deg": 1.9464237890010396,
              "path_distance_deg": 6.096585208591143,
              "path_to_endpoint_ratio": 3.1321982617773516,
              "peak_velocity_deg": 2.0413139805277307
            },
            {
              "start_frame": 214,
              "endpoint_distance_deg": 1.3229361410227933,
              "path_distance_deg": 4.7831244237333355,
              "path_to_endpoint_ratio": 3.6155368920796045,
              "peak_velocity_deg": 1.502821464710559
            }
          ],
          "boundary_blocks_by_peak": [
            {
              "start_frame": 184,
              "end_frame": 190,
              "entry_jump_deg": 22.26924706869134,
              "path_distance_deg": 44.50562270163009,
              "endpoint_distance_deg": 18.42617240499095,
              "path_to_endpoint_ratio": 2.4153482190134725,
              "peak_velocity_deg": 22.26924706869134
            },
            {
              "start_frame": 154,
              "end_frame": 160,
              "entry_jump_deg": 17.948850197720507,
              "path_distance_deg": 27.44365248863436,
              "endpoint_distance_deg": 20.636540947203017,
              "path_to_endpoint_ratio": 1.3298571964578176,
              "peak_velocity_deg": 17.948850197720507
            },
            {
              "start_frame": 94,
              "end_frame": 100,
              "entry_jump_deg": 15.882017959084134,
              "path_distance_deg": 39.38362339347575,
              "endpoint_distance_deg": 28.73092333706027,
              "path_to_endpoint_ratio": 1.3707747200269917,
              "peak_velocity_deg": 15.882017959084134
            },
            {
              "start_frame": 194,
              "end_frame": 200,
              "entry_jump_deg": 14.419900083846745,
              "path_distance_deg": 47.86252168380136,
              "endpoint_distance_deg": 11.519037910287663,
              "path_to_endpoint_ratio": 4.155079795427646,
              "peak_velocity_deg": 14.419900083846745
            },
            {
              "start_frame": 74,
              "end_frame": 80,
              "entry_jump_deg": 8.075279709596417,
              "path_distance_deg": 36.658680398799525,
              "endpoint_distance_deg": 24.30969898423315,
              "path_to_endpoint_ratio": 1.5079857805962842,
              "peak_velocity_deg": 13.698291621187648
            },
            {
              "start_frame": 104,
              "end_frame": 110,
              "entry_jump_deg": 5.241276973668331,
              "path_distance_deg": 34.09100908112838,
              "endpoint_distance_deg": 21.23054510314349,
              "path_to_endpoint_ratio": 1.6057528864899802,
              "peak_velocity_deg": 10.356042143332699
            },
            {
              "start_frame": 54,
              "end_frame": 60,
              "entry_jump_deg": 10.289433998167553,
              "path_distance_deg": 27.5750701033957,
              "endpoint_distance_deg": 14.878336357784589,
              "path_to_endpoint_ratio": 1.8533705274762102,
              "peak_velocity_deg": 10.289433998167553
            },
            {
              "start_frame": 164,
              "end_frame": 170,
              "entry_jump_deg": 4.70717531970502,
              "path_distance_deg": 33.23241848426859,
              "endpoint_distance_deg": 26.61852643953665,
              "path_to_endpoint_ratio": 1.248469503364705,
              "peak_velocity_deg": 9.043558289129829
            },
            {
              "start_frame": 114,
              "end_frame": 120,
              "entry_jump_deg": 9.006748121452917,
              "path_distance_deg": 23.09854406680614,
              "endpoint_distance_deg": 13.879155661891277,
              "path_to_endpoint_ratio": 1.6642614745095066,
              "peak_velocity_deg": 9.006748121452917
            },
            {
              "start_frame": 134,
              "end_frame": 140,
              "entry_jump_deg": 6.585424631142918,
              "path_distance_deg": 19.366004952695885,
              "endpoint_distance_deg": 11.289287561142359,
              "path_to_endpoint_ratio": 1.715431983445397,
              "peak_velocity_deg": 6.585424631142918
            },
            {
              "start_frame": 124,
              "end_frame": 130,
              "entry_jump_deg": 6.091401596476656,
              "path_distance_deg": 27.810203716618112,
              "endpoint_distance_deg": 13.514769504751532,
              "path_to_endpoint_ratio": 2.057763819563521,
              "peak_velocity_deg": 6.331508869766249
            },
            {
              "start_frame": 34,
              "end_frame": 40,
              "entry_jump_deg": 5.851251422143872,
              "path_distance_deg": 14.391919216545613,
              "endpoint_distance_deg": 7.686177467147974,
              "path_to_endpoint_ratio": 1.8724417017508528,
              "peak_velocity_deg": 5.851251422143872
            },
            {
              "start_frame": 64,
              "end_frame": 70,
              "entry_jump_deg": 4.321735486828616,
              "path_distance_deg": 10.41832069541976,
              "endpoint_distance_deg": 6.157734359799768,
              "path_to_endpoint_ratio": 1.6919081088386758,
              "peak_velocity_deg": 4.321735486828616
            },
            {
              "start_frame": 84,
              "end_frame": 90,
              "entry_jump_deg": 4.252322776071508,
              "path_distance_deg": 18.688275201513683,
              "endpoint_distance_deg": 7.337382653829844,
              "path_to_endpoint_ratio": 2.5469947641014863,
              "peak_velocity_deg": 4.252322776071508
            },
            {
              "start_frame": 144,
              "end_frame": 150,
              "entry_jump_deg": 3.831700869660127,
              "path_distance_deg": 10.478577950989612,
              "endpoint_distance_deg": 4.202141715528178,
              "path_to_endpoint_ratio": 2.493627930792556,
              "peak_velocity_deg": 3.831700869660127
            },
            {
              "start_frame": 174,
              "end_frame": 180,
              "entry_jump_deg": 3.648173832013052,
              "path_distance_deg": 12.586570464516598,
              "endpoint_distance_deg": 3.0453367607461446,
              "path_to_endpoint_ratio": 4.1330635832316736,
              "peak_velocity_deg": 3.648173832013052
            },
            {
              "start_frame": 204,
              "end_frame": 210,
              "entry_jump_deg": 3.5008802017735383,
              "path_distance_deg": 10.28306135723264,
              "endpoint_distance_deg": 4.782288112784427,
              "path_to_endpoint_ratio": 2.1502387799980243,
              "peak_velocity_deg": 3.5008802017735383
            },
            {
              "start_frame": 214,
              "end_frame": 220,
              "entry_jump_deg": 2.0613552451513324,
              "path_distance_deg": 6.844479668884668,
              "endpoint_distance_deg": 2.39381747449008,
              "path_to_endpoint_ratio": 2.85923206001437,
              "peak_velocity_deg": 2.0613552451513324
            },
            {
              "start_frame": 44,
              "end_frame": 50,
              "entry_jump_deg": 1.7403457021159514,
              "path_distance_deg": 9.060771333760997,
              "endpoint_distance_deg": 7.2484106755169035,
              "path_to_endpoint_ratio": 1.2500355925424782,
              "peak_velocity_deg": 1.990494647481853
            }
          ]
        },
        "ground_truth": {
          "order": "XYZ",
          "excursion_p90_deg": 30.24216631628135,
          "excursion_max_deg": 42.476048975319024,
          "velocity_rms_deg_per_frame": 4.557583467399062,
          "velocity_p95_deg_per_frame": 10.607497347842406,
          "velocity_max_deg_per_frame": 25.27434589609639,
          "euler_axis_step_p95_deg": [
            2.1500118999999893,
            5.716240799999988,
            7.151803599999994
          ],
          "top_velocity_transitions": [
            {
              "from_frame": 191,
              "to_frame": 192,
              "velocity_deg": 25.27434589609639,
              "new_block_offset": 8,
              "inside_release_blend": false
            },
            {
              "from_frame": 190,
              "to_frame": 191,
              "velocity_deg": 22.161271689623145,
              "new_block_offset": 7,
              "inside_release_blend": false
            },
            {
              "from_frame": 162,
              "to_frame": 163,
              "velocity_deg": 18.33876313802325,
              "new_block_offset": 9,
              "inside_release_blend": false
            },
            {
              "from_frame": 199,
              "to_frame": 200,
              "velocity_deg": 15.17391093725081,
              "new_block_offset": 6,
              "inside_release_blend": false
            },
            {
              "from_frame": 149,
              "to_frame": 150,
              "velocity_deg": 14.238431083256822,
              "new_block_offset": 6,
              "inside_release_blend": false
            },
            {
              "from_frame": 53,
              "to_frame": 54,
              "velocity_deg": 13.629894612171721,
              "new_block_offset": 0,
              "inside_release_blend": false
            },
            {
              "from_frame": 148,
              "to_frame": 149,
              "velocity_deg": 13.135967077020956,
              "new_block_offset": 5,
              "inside_release_blend": false
            },
            {
              "from_frame": 161,
              "to_frame": 162,
              "velocity_deg": 13.060268979007933,
              "new_block_offset": 8,
              "inside_release_blend": false
            },
            {
              "from_frame": 189,
              "to_frame": 190,
              "velocity_deg": 11.647164898405578,
              "new_block_offset": 6,
              "inside_release_blend": false
            },
            {
              "from_frame": 145,
              "to_frame": 146,
              "velocity_deg": 11.087166440900488,
              "new_block_offset": 2,
              "inside_release_blend": false
            },
            {
              "from_frame": 150,
              "to_frame": 151,
              "velocity_deg": 10.717557101503846,
              "new_block_offset": 7,
              "inside_release_blend": false
            },
            {
              "from_frame": 144,
              "to_frame": 145,
              "velocity_deg": 10.619970341801903,
              "new_block_offset": 1,
              "inside_release_blend": false
            }
          ],
          "release_blend_blocks_by_path": [
            {
              "start_frame": 144,
              "endpoint_distance_deg": 8.95109757081392,
              "path_distance_deg": 61.38937287537146,
              "path_to_endpoint_ratio": 6.858306748385645,
              "peak_velocity_deg": 14.238431083256822
            },
            {
              "start_frame": 194,
              "endpoint_distance_deg": 11.932712137533622,
              "path_distance_deg": 32.768674514934986,
              "path_to_endpoint_ratio": 2.7461212620610453,
              "peak_velocity_deg": 15.17391093725081
            },
            {
              "start_frame": 164,
              "endpoint_distance_deg": 29.140103734812122,
              "path_distance_deg": 30.533700875003756,
              "path_to_endpoint_ratio": 1.0478240281117044,
              "peak_velocity_deg": 6.845055912341967
            },
            {
              "start_frame": 64,
              "endpoint_distance_deg": 6.823025083354661,
              "path_distance_deg": 26.187377756616065,
              "path_to_endpoint_ratio": 3.8380890348039842,
              "peak_velocity_deg": 6.172014410842447
            },
            {
              "start_frame": 204,
              "endpoint_distance_deg": 23.599094247669903,
              "path_distance_deg": 25.686562369927373,
              "path_to_endpoint_ratio": 1.0884554339395285,
              "peak_velocity_deg": 8.52132952171877
            },
            {
              "start_frame": 184,
              "endpoint_distance_deg": 23.28311807018555,
              "path_distance_deg": 24.943688774985084,
              "path_to_endpoint_ratio": 1.0713208041892774,
              "peak_velocity_deg": 11.647164898405578
            },
            {
              "start_frame": 54,
              "endpoint_distance_deg": 6.979696200938495,
              "path_distance_deg": 23.411453665197882,
              "path_to_endpoint_ratio": 3.354222446250592,
              "peak_velocity_deg": 5.823793477531671
            },
            {
              "start_frame": 44,
              "endpoint_distance_deg": 9.840564496548451,
              "path_distance_deg": 13.80801072647099,
              "path_to_endpoint_ratio": 1.4031726260535267,
              "peak_velocity_deg": 5.991276303638707
            },
            {
              "start_frame": 174,
              "endpoint_distance_deg": 8.739689850386393,
              "path_distance_deg": 12.959744676934498,
              "path_to_endpoint_ratio": 1.4828609365767746,
              "peak_velocity_deg": 6.900385613596185
            },
            {
              "start_frame": 214,
              "endpoint_distance_deg": 5.3526522740371885,
              "path_distance_deg": 11.630232831487564,
              "path_to_endpoint_ratio": 2.1727981262484604,
              "peak_velocity_deg": 4.504575658870892
            },
            {
              "start_frame": 114,
              "endpoint_distance_deg": 2.4475901855085325,
              "path_distance_deg": 11.151552500690531,
              "path_to_endpoint_ratio": 4.556135486535132,
              "peak_velocity_deg": 3.1606034353212618
            },
            {
              "start_frame": 104,
              "endpoint_distance_deg": 5.8807602949516555,
              "path_distance_deg": 9.541808641501351,
              "path_to_endpoint_ratio": 1.622546773364071,
              "peak_velocity_deg": 2.174023866980107
            },
            {
              "start_frame": 154,
              "endpoint_distance_deg": 7.761465318648783,
              "path_distance_deg": 8.62161618193676,
              "path_to_endpoint_ratio": 1.110823256688561,
              "peak_velocity_deg": 3.3720203738548915
            },
            {
              "start_frame": 74,
              "endpoint_distance_deg": 4.86992428645758,
              "path_distance_deg": 8.18062171075955,
              "path_to_endpoint_ratio": 1.6798252353755168,
              "peak_velocity_deg": 2.82819338834042
            },
            {
              "start_frame": 124,
              "endpoint_distance_deg": 4.796584911721503,
              "path_distance_deg": 8.153934180250356,
              "path_to_endpoint_ratio": 1.6999457593931961,
              "peak_velocity_deg": 3.757764267101666
            },
            {
              "start_frame": 34,
              "endpoint_distance_deg": 0.3550688454726978,
              "path_distance_deg": 6.43797342340075,
              "path_to_endpoint_ratio": 18.131620122373658,
              "peak_velocity_deg": 2.0482956329317226
            },
            {
              "start_frame": 84,
              "endpoint_distance_deg": 1.903584583148994,
              "path_distance_deg": 6.127436731013498,
              "path_to_endpoint_ratio": 3.2188938622717886,
              "peak_velocity_deg": 1.5524303745504182
            },
            {
              "start_frame": 94,
              "endpoint_distance_deg": 2.3851305929301927,
              "path_distance_deg": 2.617096529303149,
              "path_to_endpoint_ratio": 1.0972550253896078,
              "peak_velocity_deg": 0.6675677354458293
            },
            {
              "start_frame": 134,
              "endpoint_distance_deg": 0.4548752063898288,
              "path_distance_deg": 2.327475013487264,
              "path_to_endpoint_ratio": 5.116733074901018,
              "peak_velocity_deg": 0.5153243070192961
            }
          ],
          "boundary_blocks_by_peak": [
            {
              "start_frame": 194,
              "end_frame": 200,
              "entry_jump_deg": 2.9272467858998485,
              "path_distance_deg": 35.695921300834826,
              "endpoint_distance_deg": 14.442634370767685,
              "path_to_endpoint_ratio": 2.4715658088724046,
              "peak_velocity_deg": 15.17391093725081
            },
            {
              "start_frame": 144,
              "end_frame": 150,
              "entry_jump_deg": 9.702405136998692,
              "path_distance_deg": 71.09177801237016,
              "endpoint_distance_deg": 18.253015100037373,
              "path_to_endpoint_ratio": 3.894796428028189,
              "peak_velocity_deg": 14.238431083256822
            },
            {
              "start_frame": 54,
              "end_frame": 60,
              "entry_jump_deg": 13.629894612171721,
              "path_distance_deg": 37.0413482773696,
              "endpoint_distance_deg": 10.66492131762175,
              "path_to_endpoint_ratio": 3.4731947076033114,
              "peak_velocity_deg": 13.629894612171721
            },
            {
              "start_frame": 184,
              "end_frame": 190,
              "entry_jump_deg": 0.208098245211957,
              "path_distance_deg": 25.15178702019704,
              "endpoint_distance_deg": 23.238488715023784,
              "path_to_endpoint_ratio": 1.0823331641156295,
              "peak_velocity_deg": 11.647164898405578
            },
            {
              "start_frame": 164,
              "end_frame": 170,
              "entry_jump_deg": 10.494782706423539,
              "path_distance_deg": 41.028483581427295,
              "endpoint_distance_deg": 37.49815263980483,
              "path_to_endpoint_ratio": 1.09414679639111,
              "peak_velocity_deg": 10.494782706423539
            },
            {
              "start_frame": 204,
              "end_frame": 210,
              "entry_jump_deg": 1.037062512080159,
              "path_distance_deg": 26.723624882007535,
              "endpoint_distance_deg": 24.08385990401602,
              "path_to_endpoint_ratio": 1.1096072219532938,
              "peak_velocity_deg": 8.52132952171877
            },
            {
              "start_frame": 174,
              "end_frame": 180,
              "entry_jump_deg": 0.5438605837688945,
              "path_distance_deg": 13.503605260703395,
              "endpoint_distance_deg": 9.282480312797736,
              "path_to_endpoint_ratio": 1.4547410611887863,
              "peak_velocity_deg": 6.900385613596185
            },
            {
              "start_frame": 64,
              "end_frame": 70,
              "entry_jump_deg": 0.6946956616395892,
              "path_distance_deg": 26.882073418255654,
              "endpoint_distance_deg": 6.946956827196399,
              "path_to_endpoint_ratio": 3.869618609549431,
              "peak_velocity_deg": 6.172014410842447
            },
            {
              "start_frame": 44,
              "end_frame": 50,
              "entry_jump_deg": 1.2730759127603548,
              "path_distance_deg": 15.081086639231344,
              "endpoint_distance_deg": 10.956447290141394,
              "path_to_endpoint_ratio": 1.376457736697305,
              "peak_velocity_deg": 5.991276303638707
            },
            {
              "start_frame": 124,
              "end_frame": 130,
              "entry_jump_deg": 4.785942625988473,
              "path_distance_deg": 12.939876806238827,
              "endpoint_distance_deg": 0.6969952088243576,
              "path_to_endpoint_ratio": 18.56523063919607,
              "peak_velocity_deg": 4.785942625988473
            },
            {
              "start_frame": 214,
              "end_frame": 220,
              "entry_jump_deg": 2.1868236825774545,
              "path_distance_deg": 13.817056514065019,
              "endpoint_distance_deg": 4.182741647585602,
              "path_to_endpoint_ratio": 3.303349257069372,
              "peak_velocity_deg": 4.504575658870892
            },
            {
              "start_frame": 154,
              "end_frame": 160,
              "entry_jump_deg": 1.3217707329263666,
              "path_distance_deg": 9.943386914863126,
              "endpoint_distance_deg": 9.059159581690148,
              "path_to_endpoint_ratio": 1.0976058899503358,
              "peak_velocity_deg": 3.3720203738548915
            },
            {
              "start_frame": 114,
              "end_frame": 120,
              "entry_jump_deg": 1.1069242644753514,
              "path_distance_deg": 12.258476765165884,
              "endpoint_distance_deg": 2.7599726162301295,
              "path_to_endpoint_ratio": 4.441521156072136,
              "peak_velocity_deg": 3.1606034353212618
            },
            {
              "start_frame": 74,
              "end_frame": 80,
              "entry_jump_deg": 1.6345198903460085,
              "path_distance_deg": 9.815141601105559,
              "endpoint_distance_deg": 3.5959740048520836,
              "path_to_endpoint_ratio": 2.729480688086702,
              "peak_velocity_deg": 2.82819338834042
            },
            {
              "start_frame": 104,
              "end_frame": 110,
              "entry_jump_deg": 1.8037571314063936,
              "path_distance_deg": 11.345565772907744,
              "endpoint_distance_deg": 7.666507834041123,
              "path_to_endpoint_ratio": 1.4798870644246558,
              "peak_velocity_deg": 2.174023866980107
            },
            {
              "start_frame": 34,
              "end_frame": 40,
              "entry_jump_deg": 1.3016139537989437,
              "path_distance_deg": 7.739587377199694,
              "endpoint_distance_deg": 1.370455361833318,
              "path_to_endpoint_ratio": 5.647456745213583,
              "peak_velocity_deg": 2.0482956329317226
            },
            {
              "start_frame": 84,
              "end_frame": 90,
              "entry_jump_deg": 0.5061331679281551,
              "path_distance_deg": 6.633569898941653,
              "endpoint_distance_deg": 2.4034502991571203,
              "path_to_endpoint_ratio": 2.760019585704775,
              "peak_velocity_deg": 1.5524303745504182
            },
            {
              "start_frame": 94,
              "end_frame": 100,
              "entry_jump_deg": 0.6627673809446855,
              "path_distance_deg": 3.279863910247834,
              "endpoint_distance_deg": 1.8586263826378502,
              "path_to_endpoint_ratio": 1.7646709101335885,
              "peak_velocity_deg": 0.6675677354458293
            },
            {
              "start_frame": 134,
              "end_frame": 140,
              "entry_jump_deg": 0.0916583455087317,
              "path_distance_deg": 2.4191333589959956,
              "endpoint_distance_deg": 0.45242655277817995,
              "path_to_endpoint_ratio": 5.347018967257812,
              "peak_velocity_deg": 0.5153243070192961
            }
          ]
        },
        "ratios": {
          "excursion_p90": 0.5329531893601009,
          "velocity_rms": 0.917940446316336,
          "velocity_p95": 0.8715352157337042
        }
      }
    },
    "typical": {
      "RightShoulder": {
        "prediction": {
          "order": "XYZ",
          "excursion_p90_deg": 3.2933333840009182,
          "excursion_max_deg": 10.083757054734436,
          "velocity_rms_deg_per_frame": 0.8600907252448706,
          "velocity_p95_deg_per_frame": 1.741293921790517,
          "velocity_max_deg_per_frame": 5.2592691441278365,
          "euler_axis_step_p95_deg": [
            0.010600199999996103,
            0.7219951000000006,
            1.3946619999999965
          ],
          "top_velocity_transitions": [
            {
              "from_frame": 163,
              "to_frame": 164,
              "velocity_deg": 5.2592691441278365,
              "new_block_offset": 0,
              "inside_release_blend": false
            },
            {
              "from_frame": 153,
              "to_frame": 154,
              "velocity_deg": 4.936215445326227,
              "new_block_offset": 0,
              "inside_release_blend": false
            },
            {
              "from_frame": 143,
              "to_frame": 144,
              "velocity_deg": 2.9779705055550276,
              "new_block_offset": 0,
              "inside_release_blend": false
            },
            {
              "from_frame": 164,
              "to_frame": 165,
              "velocity_deg": 2.725448307135476,
              "new_block_offset": 1,
              "inside_release_blend": false
            },
            {
              "from_frame": 155,
              "to_frame": 156,
              "velocity_deg": 2.2493675617270794,
              "new_block_offset": 2,
              "inside_release_blend": false
            },
            {
              "from_frame": 161,
              "to_frame": 162,
              "velocity_deg": 2.210303241062051,
              "new_block_offset": 8,
              "inside_release_blend": false
            },
            {
              "from_frame": 53,
              "to_frame": 54,
              "velocity_deg": 2.1620302794121935,
              "new_block_offset": 0,
              "inside_release_blend": false
            },
            {
              "from_frame": 156,
              "to_frame": 157,
              "velocity_deg": 2.1606823824860286,
              "new_block_offset": 3,
              "inside_release_blend": false
            },
            {
              "from_frame": 157,
              "to_frame": 158,
              "velocity_deg": 2.1155109016406817,
              "new_block_offset": 4,
              "inside_release_blend": false
            },
            {
              "from_frame": 162,
              "to_frame": 163,
              "velocity_deg": 2.1083032528936405,
              "new_block_offset": 9,
              "inside_release_blend": false
            },
            {
              "from_frame": 73,
              "to_frame": 74,
              "velocity_deg": 1.9852914056885191,
              "new_block_offset": 0,
              "inside_release_blend": false
            },
            {
              "from_frame": 123,
              "to_frame": 124,
              "velocity_deg": 1.7643387937132256,
              "new_block_offset": 0,
              "inside_release_blend": false
            }
          ],
          "release_blend_blocks_by_path": [
            {
              "start_frame": 154,
              "endpoint_distance_deg": 9.04820644910686,
              "path_distance_deg": 9.350490493403292,
              "path_to_endpoint_ratio": 1.0334081727684572,
              "peak_velocity_deg": 2.2493675617270794
            },
            {
              "start_frame": 164,
              "endpoint_distance_deg": 2.963652387570473,
              "path_distance_deg": 6.870632303990315,
              "path_to_endpoint_ratio": 2.3182989789240045,
              "peak_velocity_deg": 2.725448307135476
            },
            {
              "start_frame": 34,
              "endpoint_distance_deg": 3.849955919010006,
              "path_distance_deg": 4.853629630433114,
              "path_to_endpoint_ratio": 1.260697455383125,
              "peak_velocity_deg": 1.438510535460305
            },
            {
              "start_frame": 64,
              "endpoint_distance_deg": 0.7350918026834897,
              "path_distance_deg": 3.731001130018595,
              "path_to_endpoint_ratio": 5.075558068255403,
              "peak_velocity_deg": 0.9542417953721487
            },
            {
              "start_frame": 104,
              "endpoint_distance_deg": 1.9018588020835694,
              "path_distance_deg": 3.423316051186133,
              "path_to_endpoint_ratio": 1.7999843350283105,
              "peak_velocity_deg": 0.7140297337596987
            },
            {
              "start_frame": 44,
              "endpoint_distance_deg": 3.0762641717994854,
              "path_distance_deg": 3.2643197761009715,
              "path_to_endpoint_ratio": 1.061131162279695,
              "peak_velocity_deg": 0.8212722240079201
            },
            {
              "start_frame": 124,
              "endpoint_distance_deg": 2.182071148441603,
              "path_distance_deg": 2.8589230976195696,
              "path_to_endpoint_ratio": 1.3101878459193974,
              "peak_velocity_deg": 0.6982318430051774
            },
            {
              "start_frame": 184,
              "endpoint_distance_deg": 1.6819983410791495,
              "path_distance_deg": 2.611132860087384,
              "path_to_endpoint_ratio": 1.5523991887008124,
              "peak_velocity_deg": 0.7195797748514048
            },
            {
              "start_frame": 54,
              "endpoint_distance_deg": 1.5974816636946745,
              "path_distance_deg": 2.556158489208056,
              "path_to_endpoint_ratio": 1.6001175771220701,
              "peak_velocity_deg": 0.7336672696386901
            },
            {
              "start_frame": 204,
              "endpoint_distance_deg": 1.3844711660569513,
              "path_distance_deg": 2.555723904958282,
              "path_to_endpoint_ratio": 1.8459928726700188,
              "peak_velocity_deg": 0.8791041644668541
            },
            {
              "start_frame": 84,
              "endpoint_distance_deg": 0.9117927649253217,
              "path_distance_deg": 2.3928120097172036,
              "path_to_endpoint_ratio": 2.6242937011165925,
              "peak_velocity_deg": 0.892615560943066
            },
            {
              "start_frame": 144,
              "endpoint_distance_deg": 1.8501744639792927,
              "path_distance_deg": 2.372693274232061,
              "path_to_endpoint_ratio": 1.2824159669401947,
              "peak_velocity_deg": 1.0781865905220662
            },
            {
              "start_frame": 74,
              "endpoint_distance_deg": 0.7828180593784639,
              "path_distance_deg": 2.24338499590263,
              "path_to_endpoint_ratio": 2.8657808401658698,
              "peak_velocity_deg": 0.8083117347507651
            },
            {
              "start_frame": 114,
              "endpoint_distance_deg": 0.8853894373091404,
              "path_distance_deg": 2.1800694061141415,
              "path_to_endpoint_ratio": 2.4622717577699693,
              "peak_velocity_deg": 0.7153826610874209
            },
            {
              "start_frame": 214,
              "endpoint_distance_deg": 1.163585686646916,
              "path_distance_deg": 2.153843361008639,
              "path_to_endpoint_ratio": 1.8510397521435062,
              "peak_velocity_deg": 0.5356090428721668
            },
            {
              "start_frame": 134,
              "endpoint_distance_deg": 1.763850182987733,
              "path_distance_deg": 2.0794873376520977,
              "path_to_endpoint_ratio": 1.178947825449504,
              "peak_velocity_deg": 0.6916805571790641
            },
            {
              "start_frame": 94,
              "endpoint_distance_deg": 1.0779944189799335,
              "path_distance_deg": 1.8092831552417354,
              "path_to_endpoint_ratio": 1.6783789631803414,
              "peak_velocity_deg": 0.4454914752656198
            },
            {
              "start_frame": 194,
              "endpoint_distance_deg": 1.0063839745513254,
              "path_distance_deg": 1.5801283731420224,
              "path_to_endpoint_ratio": 1.5701048636495711,
              "peak_velocity_deg": 0.5454320785604949
            },
            {
              "start_frame": 174,
              "endpoint_distance_deg": 1.04319468869485,
              "path_distance_deg": 1.519589289219036,
              "path_to_endpoint_ratio": 1.4566689283284286,
              "peak_velocity_deg": 0.5682791758601407
            }
          ],
          "boundary_blocks_by_peak": [
            {
              "start_frame": 164,
              "end_frame": 170,
              "entry_jump_deg": 5.2592691441278365,
              "path_distance_deg": 12.12990144811815,
              "endpoint_distance_deg": 8.222087718320372,
              "path_to_endpoint_ratio": 1.47528241775996,
              "peak_velocity_deg": 5.2592691441278365
            },
            {
              "start_frame": 154,
              "end_frame": 160,
              "entry_jump_deg": 4.936215445326227,
              "path_distance_deg": 14.286705938729519,
              "endpoint_distance_deg": 13.340589924724906,
              "path_to_endpoint_ratio": 1.0709201031845765,
              "peak_velocity_deg": 4.936215445326227
            },
            {
              "start_frame": 144,
              "end_frame": 150,
              "entry_jump_deg": 2.9779705055550276,
              "path_distance_deg": 5.350663779787089,
              "endpoint_distance_deg": 4.828138286232874,
              "path_to_endpoint_ratio": 1.1082250471251338,
              "peak_velocity_deg": 2.9779705055550276
            },
            {
              "start_frame": 54,
              "end_frame": 60,
              "entry_jump_deg": 2.1620302794121935,
              "path_distance_deg": 4.71818876862025,
              "endpoint_distance_deg": 2.0550792772509325,
              "path_to_endpoint_ratio": 2.295867035811749,
              "peak_velocity_deg": 2.1620302794121935
            },
            {
              "start_frame": 74,
              "end_frame": 80,
              "entry_jump_deg": 1.9852914056885191,
              "path_distance_deg": 4.228676401591149,
              "endpoint_distance_deg": 2.4529887102792256,
              "path_to_endpoint_ratio": 1.7238874291882882,
              "peak_velocity_deg": 1.9852914056885191
            },
            {
              "start_frame": 124,
              "end_frame": 130,
              "entry_jump_deg": 1.7643387937132256,
              "path_distance_deg": 4.6232618913327945,
              "endpoint_distance_deg": 3.943365189667878,
              "path_to_endpoint_ratio": 1.1724153531218293,
              "peak_velocity_deg": 1.7643387937132256
            },
            {
              "start_frame": 194,
              "end_frame": 200,
              "entry_jump_deg": 1.4524282956571566,
              "path_distance_deg": 3.0325566687991787,
              "endpoint_distance_deg": 1.5607961408627518,
              "path_to_endpoint_ratio": 1.9429550018767288,
              "peak_velocity_deg": 1.4524282956571566
            },
            {
              "start_frame": 34,
              "end_frame": 40,
              "entry_jump_deg": 1.142697317112473,
              "path_distance_deg": 5.996326947545588,
              "endpoint_distance_deg": 2.737608987380245,
              "path_to_endpoint_ratio": 2.190351863683708,
              "peak_velocity_deg": 1.438510535460305
            },
            {
              "start_frame": 64,
              "end_frame": 70,
              "entry_jump_deg": 1.2574528882774523,
              "path_distance_deg": 4.988454018296047,
              "endpoint_distance_deg": 1.3715233201713468,
              "path_to_endpoint_ratio": 3.637163105380396,
              "peak_velocity_deg": 1.2574528882774523
            },
            {
              "start_frame": 44,
              "end_frame": 50,
              "entry_jump_deg": 1.0491199110048943,
              "path_distance_deg": 4.313439687105866,
              "endpoint_distance_deg": 4.056782818734032,
              "path_to_endpoint_ratio": 1.0632661100778196,
              "peak_velocity_deg": 1.0491199110048943
            },
            {
              "start_frame": 204,
              "end_frame": 210,
              "entry_jump_deg": 1.039893897895784,
              "path_distance_deg": 3.5956178028540666,
              "endpoint_distance_deg": 2.3814993883134776,
              "path_to_endpoint_ratio": 1.509812608182276,
              "peak_velocity_deg": 1.039893897895784
            },
            {
              "start_frame": 84,
              "end_frame": 90,
              "entry_jump_deg": 0.12791021766711982,
              "path_distance_deg": 2.5207222273843235,
              "endpoint_distance_deg": 0.8948765869878721,
              "path_to_endpoint_ratio": 2.8168378344426235,
              "peak_velocity_deg": 0.892615560943066
            },
            {
              "start_frame": 104,
              "end_frame": 110,
              "entry_jump_deg": 0.7593171221979683,
              "path_distance_deg": 4.182633173384101,
              "endpoint_distance_deg": 1.2172308367416897,
              "path_to_endpoint_ratio": 3.436187325470874,
              "peak_velocity_deg": 0.7593171221979683
            },
            {
              "start_frame": 134,
              "end_frame": 140,
              "entry_jump_deg": 0.7531365901900502,
              "path_distance_deg": 2.8326239278421483,
              "endpoint_distance_deg": 1.66564882614758,
              "path_to_endpoint_ratio": 1.7006129283527451,
              "peak_velocity_deg": 0.7531365901900502
            },
            {
              "start_frame": 184,
              "end_frame": 190,
              "entry_jump_deg": 0.5693770127506943,
              "path_distance_deg": 3.180509872838078,
              "endpoint_distance_deg": 1.3311623650863351,
              "path_to_endpoint_ratio": 2.3892726809714153,
              "peak_velocity_deg": 0.7195797748514048
            },
            {
              "start_frame": 114,
              "end_frame": 120,
              "entry_jump_deg": 0.4478372384674149,
              "path_distance_deg": 2.6279066445815564,
              "endpoint_distance_deg": 1.3329203906767904,
              "path_to_endpoint_ratio": 1.9715405833406425,
              "peak_velocity_deg": 0.7153826610874209
            },
            {
              "start_frame": 174,
              "end_frame": 180,
              "entry_jump_deg": 0.34275459045686707,
              "path_distance_deg": 1.862343879675903,
              "endpoint_distance_deg": 1.3184676193928602,
              "path_to_endpoint_ratio": 1.4125063462184169,
              "peak_velocity_deg": 0.5682791758601407
            },
            {
              "start_frame": 214,
              "end_frame": 220,
              "entry_jump_deg": 0.554037933658772,
              "path_distance_deg": 2.7078812946674113,
              "endpoint_distance_deg": 0.6783971224423136,
              "path_to_endpoint_ratio": 3.991587235686825,
              "peak_velocity_deg": 0.554037933658772
            },
            {
              "start_frame": 94,
              "end_frame": 100,
              "entry_jump_deg": 0.11605023499306236,
              "path_distance_deg": 1.9253333902347978,
              "endpoint_distance_deg": 1.193891729658528,
              "path_to_endpoint_ratio": 1.61265326026295,
              "peak_velocity_deg": 0.4454914752656198
            }
          ]
        },
        "ground_truth": {
          "order": "XYZ",
          "excursion_p90_deg": 4.380206125086077,
          "excursion_max_deg": 6.06116139405237,
          "velocity_rms_deg_per_frame": 0.48471934153364155,
          "velocity_p95_deg_per_frame": 0.8892629133932514,
          "velocity_max_deg_per_frame": 1.645960048844323,
          "euler_axis_step_p95_deg": [
            9.999999974752427e-07,
            0.6791610999999957,
            0.7701866000000078
          ],
          "top_velocity_transitions": [
            {
              "from_frame": 215,
              "to_frame": 216,
              "velocity_deg": 1.645960048844323,
              "new_block_offset": 2,
              "inside_release_blend": false
            },
            {
              "from_frame": 52,
              "to_frame": 53,
              "velocity_deg": 1.3681277572740151,
              "new_block_offset": 9,
              "inside_release_blend": false
            },
            {
              "from_frame": 214,
              "to_frame": 215,
              "velocity_deg": 1.3133124209833136,
              "new_block_offset": 1,
              "inside_release_blend": false
            },
            {
              "from_frame": 53,
              "to_frame": 54,
              "velocity_deg": 1.2662864521527943,
              "new_block_offset": 0,
              "inside_release_blend": false
            },
            {
              "from_frame": 54,
              "to_frame": 55,
              "velocity_deg": 1.208857873414806,
              "new_block_offset": 1,
              "inside_release_blend": false
            },
            {
              "from_frame": 86,
              "to_frame": 87,
              "velocity_deg": 1.1278324251193554,
              "new_block_offset": 3,
              "inside_release_blend": false
            },
            {
              "from_frame": 83,
              "to_frame": 84,
              "velocity_deg": 1.0447925119343764,
              "new_block_offset": 0,
              "inside_release_blend": false
            },
            {
              "from_frame": 199,
              "to_frame": 200,
              "velocity_deg": 0.977966922778374,
              "new_block_offset": 6,
              "inside_release_blend": false
            },
            {
              "from_frame": 43,
              "to_frame": 44,
              "velocity_deg": 0.9761500682960631,
              "new_block_offset": 0,
              "inside_release_blend": false
            },
            {
              "from_frame": 73,
              "to_frame": 74,
              "velocity_deg": 0.9291795979438996,
              "new_block_offset": 0,
              "inside_release_blend": false
            },
            {
              "from_frame": 42,
              "to_frame": 43,
              "velocity_deg": 0.9117769354546362,
              "new_block_offset": 9,
              "inside_release_blend": false
            },
            {
              "from_frame": 44,
              "to_frame": 45,
              "velocity_deg": 0.8902633622153642,
              "new_block_offset": 1,
              "inside_release_blend": false
            }
          ],
          "release_blend_blocks_by_path": [
            {
              "start_frame": 214,
              "endpoint_distance_deg": 3.1536661128749564,
              "path_distance_deg": 4.617188476818273,
              "path_to_endpoint_ratio": 1.4640701683568955,
              "peak_velocity_deg": 1.645960048844323
            },
            {
              "start_frame": 84,
              "endpoint_distance_deg": 3.5059411526943283,
              "path_distance_deg": 4.213856803475753,
              "path_to_endpoint_ratio": 1.2019188628529573,
              "peak_velocity_deg": 1.1278324251193554
            },
            {
              "start_frame": 144,
              "endpoint_distance_deg": 2.2758260287059335,
              "path_distance_deg": 3.7771613979181695,
              "path_to_endpoint_ratio": 1.6596881089658317,
              "peak_velocity_deg": 0.7827373219790165
            },
            {
              "start_frame": 194,
              "endpoint_distance_deg": 1.3636348068410205,
              "path_distance_deg": 3.095668849984745,
              "path_to_endpoint_ratio": 2.270159748383171,
              "peak_velocity_deg": 0.977966922778374
            },
            {
              "start_frame": 54,
              "endpoint_distance_deg": 0.8996055551613928,
              "path_distance_deg": 2.9757659227523843,
              "path_to_endpoint_ratio": 3.30785632178374,
              "peak_velocity_deg": 1.208857873414806
            },
            {
              "start_frame": 44,
              "endpoint_distance_deg": 1.598020592517827,
              "path_distance_deg": 2.2802242833685704,
              "path_to_endpoint_ratio": 1.4269054441757032,
              "peak_velocity_deg": 0.8902633622153642
            },
            {
              "start_frame": 114,
              "endpoint_distance_deg": 0.5388941598375663,
              "path_distance_deg": 2.238058660832021,
              "path_to_endpoint_ratio": 4.153057924225079,
              "peak_velocity_deg": 0.850716163305523
            },
            {
              "start_frame": 134,
              "endpoint_distance_deg": 0.39412590140799214,
              "path_distance_deg": 2.1113127920706036,
              "path_to_endpoint_ratio": 5.356950112966593,
              "peak_velocity_deg": 0.8687360550238395
            },
            {
              "start_frame": 124,
              "endpoint_distance_deg": 0.9711731211299621,
              "path_distance_deg": 1.970077724964342,
              "path_to_endpoint_ratio": 2.0285546233735876,
              "peak_velocity_deg": 0.8802588739942385
            },
            {
              "start_frame": 74,
              "endpoint_distance_deg": 1.0039263849057782,
              "path_distance_deg": 1.831476495851528,
              "path_to_endpoint_ratio": 1.8243135387097311,
              "peak_velocity_deg": 0.5939364139505529
            },
            {
              "start_frame": 174,
              "endpoint_distance_deg": 0.9668015404327661,
              "path_distance_deg": 1.8263558110419558,
              "path_to_endpoint_ratio": 1.8890700259170359,
              "peak_velocity_deg": 0.5886030621531236
            },
            {
              "start_frame": 204,
              "endpoint_distance_deg": 1.7266850292803497,
              "path_distance_deg": 1.8003939896473442,
              "path_to_endpoint_ratio": 1.0426881331088595,
              "peak_velocity_deg": 0.7154878969735233
            },
            {
              "start_frame": 164,
              "endpoint_distance_deg": 1.4412770216527861,
              "path_distance_deg": 1.740677442416918,
              "path_to_endpoint_ratio": 1.2077327371949593,
              "peak_velocity_deg": 0.4965487679232839
            },
            {
              "start_frame": 184,
              "endpoint_distance_deg": 1.0632772845796865,
              "path_distance_deg": 1.6104136288512354,
              "path_to_endpoint_ratio": 1.5145754096381658,
              "peak_velocity_deg": 0.5275865538127097
            },
            {
              "start_frame": 34,
              "endpoint_distance_deg": 1.4760389846022615,
              "path_distance_deg": 1.5941301297009052,
              "path_to_endpoint_ratio": 1.0800054377496437,
              "peak_velocity_deg": 0.4727932468556319
            },
            {
              "start_frame": 104,
              "endpoint_distance_deg": 0.8937359143845546,
              "path_distance_deg": 1.585246961538228,
              "path_to_endpoint_ratio": 1.7737308482560674,
              "peak_velocity_deg": 0.42608153058321835
            },
            {
              "start_frame": 94,
              "endpoint_distance_deg": 0.15342694921256742,
              "path_distance_deg": 1.1169596775107296,
              "path_to_endpoint_ratio": 7.280074871092059,
              "peak_velocity_deg": 0.22778263185302797
            },
            {
              "start_frame": 154,
              "endpoint_distance_deg": 0.8175396752442514,
              "path_distance_deg": 1.0378565615147677,
              "path_to_endpoint_ratio": 1.2694876994253441,
              "peak_velocity_deg": 0.36561113429221326
            },
            {
              "start_frame": 64,
              "endpoint_distance_deg": 0.1850668368648023,
              "path_distance_deg": 0.3632579278800895,
              "path_to_endpoint_ratio": 1.9628472287850358,
              "peak_velocity_deg": 0.08340108250007901
            }
          ],
          "boundary_blocks_by_peak": [
            {
              "start_frame": 214,
              "end_frame": 220,
              "entry_jump_deg": 0.4134956919529549,
              "path_distance_deg": 5.030684168771227,
              "endpoint_distance_deg": 3.55454424973517,
              "path_to_endpoint_ratio": 1.4152824709232517,
              "peak_velocity_deg": 1.645960048844323
            },
            {
              "start_frame": 54,
              "end_frame": 60,
              "entry_jump_deg": 1.2662864521527943,
              "path_distance_deg": 4.242052374905179,
              "endpoint_distance_deg": 1.080813004443918,
              "path_to_endpoint_ratio": 3.924871700713603,
              "peak_velocity_deg": 1.2662864521527943
            },
            {
              "start_frame": 84,
              "end_frame": 90,
              "entry_jump_deg": 1.0447925119343764,
              "path_distance_deg": 5.25864931541013,
              "endpoint_distance_deg": 2.4613678939120875,
              "path_to_endpoint_ratio": 2.1364743273107605,
              "peak_velocity_deg": 1.1278324251193554
            },
            {
              "start_frame": 194,
              "end_frame": 200,
              "entry_jump_deg": 0.6526169781797346,
              "path_distance_deg": 3.74828582816448,
              "endpoint_distance_deg": 1.081535041892111,
              "path_to_endpoint_ratio": 3.465709092150148,
              "peak_velocity_deg": 0.977966922778374
            },
            {
              "start_frame": 44,
              "end_frame": 50,
              "entry_jump_deg": 0.9761500682960631,
              "path_distance_deg": 3.2563743516646335,
              "endpoint_distance_deg": 2.562950708590529,
              "path_to_endpoint_ratio": 1.2705567612946587,
              "peak_velocity_deg": 0.9761500682960631
            },
            {
              "start_frame": 74,
              "end_frame": 80,
              "entry_jump_deg": 0.9291795979438996,
              "path_distance_deg": 2.7606560937954274,
              "endpoint_distance_deg": 1.4651515219999471,
              "path_to_endpoint_ratio": 1.8842120097088,
              "peak_velocity_deg": 0.9291795979438996
            },
            {
              "start_frame": 124,
              "end_frame": 130,
              "entry_jump_deg": 0.7759525468695154,
              "path_distance_deg": 2.7460302718338574,
              "endpoint_distance_deg": 1.4849830262673644,
              "path_to_endpoint_ratio": 1.8491997708123615,
              "peak_velocity_deg": 0.8802588739942385
            },
            {
              "start_frame": 134,
              "end_frame": 140,
              "entry_jump_deg": 0.08662488069909008,
              "path_distance_deg": 2.1979376727696938,
              "endpoint_distance_deg": 0.3111165486105761,
              "path_to_endpoint_ratio": 7.064676188346534,
              "peak_velocity_deg": 0.8687360550238395
            },
            {
              "start_frame": 114,
              "end_frame": 120,
              "entry_jump_deg": 0.17575980756945708,
              "path_distance_deg": 2.4138184684014785,
              "endpoint_distance_deg": 0.36527062182325776,
              "path_to_endpoint_ratio": 6.60830169246254,
              "peak_velocity_deg": 0.850716163305523
            },
            {
              "start_frame": 144,
              "end_frame": 150,
              "entry_jump_deg": 0.2181597637478439,
              "path_distance_deg": 3.9953211616660136,
              "endpoint_distance_deg": 2.4282386417711375,
              "path_to_endpoint_ratio": 1.645357706173335,
              "peak_velocity_deg": 0.7827373219790165
            },
            {
              "start_frame": 204,
              "end_frame": 210,
              "entry_jump_deg": 0.4247574515269394,
              "path_distance_deg": 2.2251514411742837,
              "endpoint_distance_deg": 2.1470742449953852,
              "path_to_endpoint_ratio": 1.036364460316586,
              "peak_velocity_deg": 0.7154878969735233
            },
            {
              "start_frame": 34,
              "end_frame": 40,
              "entry_jump_deg": 0.6147070275440797,
              "path_distance_deg": 2.208837157244985,
              "endpoint_distance_deg": 1.661081811962403,
              "path_to_endpoint_ratio": 1.3297581981440538,
              "peak_velocity_deg": 0.6147070275440797
            },
            {
              "start_frame": 174,
              "end_frame": 180,
              "entry_jump_deg": 0.2336660473652985,
              "path_distance_deg": 2.060021858407254,
              "endpoint_distance_deg": 0.7745848413787514,
              "path_to_endpoint_ratio": 2.6595173935245633,
              "peak_velocity_deg": 0.5886030621531236
            },
            {
              "start_frame": 184,
              "end_frame": 190,
              "entry_jump_deg": 0.3301597201385744,
              "path_distance_deg": 1.94057334898981,
              "endpoint_distance_deg": 1.3326368430355122,
              "path_to_endpoint_ratio": 1.4561906787520038,
              "peak_velocity_deg": 0.5275865538127097
            },
            {
              "start_frame": 164,
              "end_frame": 170,
              "entry_jump_deg": 0.2622982711440907,
              "path_distance_deg": 2.0029757135610087,
              "endpoint_distance_deg": 1.6530717311146925,
              "path_to_endpoint_ratio": 1.2116689650305559,
              "peak_velocity_deg": 0.4965487679232839
            },
            {
              "start_frame": 104,
              "end_frame": 110,
              "entry_jump_deg": 0.45656444669904905,
              "path_distance_deg": 2.041811408237277,
              "endpoint_distance_deg": 0.8121952689027235,
              "path_to_endpoint_ratio": 2.5139415192552965,
              "peak_velocity_deg": 0.45656444669904905
            },
            {
              "start_frame": 154,
              "end_frame": 160,
              "entry_jump_deg": 0.42162255824498424,
              "path_distance_deg": 1.459479119759752,
              "endpoint_distance_deg": 1.2388611952929438,
              "path_to_endpoint_ratio": 1.178081229200694,
              "peak_velocity_deg": 0.42162255824498424
            },
            {
              "start_frame": 94,
              "end_frame": 100,
              "entry_jump_deg": 0.3171379340183532,
              "path_distance_deg": 1.4340976115290829,
              "endpoint_distance_deg": 0.4320677552268057,
              "path_to_endpoint_ratio": 3.319149818935877,
              "peak_velocity_deg": 0.3171379340183532
            },
            {
              "start_frame": 64,
              "end_frame": 70,
              "entry_jump_deg": 0.16580081664877333,
              "path_distance_deg": 0.5290587445288628,
              "endpoint_distance_deg": 0.1861056796360213,
              "path_to_endpoint_ratio": 2.842786665960849,
              "peak_velocity_deg": 0.16580081664877333
            }
          ]
        },
        "ratios": {
          "excursion_p90": 0.7518672158233649,
          "velocity_rms": 1.774409749203657,
          "velocity_p95": 1.9581317241107963
        }
      },
      "RightArm": {
        "prediction": {
          "order": "XYZ",
          "excursion_p90_deg": 31.42818810824964,
          "excursion_max_deg": 66.85123750801729,
          "velocity_rms_deg_per_frame": 7.1549832023232165,
          "velocity_p95_deg_per_frame": 16.985660567064183,
          "velocity_max_deg_per_frame": 29.0995444259359,
          "euler_axis_step_p95_deg": [
            13.063664199999984,
            7.1104704999999955,
            5.7817794
          ],
          "top_velocity_transitions": [
            {
              "from_frame": 155,
              "to_frame": 156,
              "velocity_deg": 29.0995444259359,
              "new_block_offset": 2,
              "inside_release_blend": false
            },
            {
              "from_frame": 133,
              "to_frame": 134,
              "velocity_deg": 26.5781050805963,
              "new_block_offset": 0,
              "inside_release_blend": false
            },
            {
              "from_frame": 153,
              "to_frame": 154,
              "velocity_deg": 26.419364331488577,
              "new_block_offset": 0,
              "inside_release_blend": false
            },
            {
              "from_frame": 163,
              "to_frame": 164,
              "velocity_deg": 21.700855758673974,
              "new_block_offset": 0,
              "inside_release_blend": false
            },
            {
              "from_frame": 63,
              "to_frame": 64,
              "velocity_deg": 20.815254689662915,
              "new_block_offset": 0,
              "inside_release_blend": false
            },
            {
              "from_frame": 164,
              "to_frame": 165,
              "velocity_deg": 20.177020328674946,
              "new_block_offset": 1,
              "inside_release_blend": false
            },
            {
              "from_frame": 123,
              "to_frame": 124,
              "velocity_deg": 19.614141460591252,
              "new_block_offset": 0,
              "inside_release_blend": false
            },
            {
              "from_frame": 132,
              "to_frame": 133,
              "velocity_deg": 19.492267065739274,
              "new_block_offset": 9,
              "inside_release_blend": false
            },
            {
              "from_frame": 154,
              "to_frame": 155,
              "velocity_deg": 19.33760601267994,
              "new_block_offset": 1,
              "inside_release_blend": false
            },
            {
              "from_frame": 134,
              "to_frame": 135,
              "velocity_deg": 18.616795604980418,
              "new_block_offset": 1,
              "inside_release_blend": false
            },
            {
              "from_frame": 162,
              "to_frame": 163,
              "velocity_deg": 17.97890531766491,
              "new_block_offset": 9,
              "inside_release_blend": false
            },
            {
              "from_frame": 103,
              "to_frame": 104,
              "velocity_deg": 17.161187152444214,
              "new_block_offset": 0,
              "inside_release_blend": false
            }
          ],
          "release_blend_blocks_by_path": [
            {
              "start_frame": 154,
              "endpoint_distance_deg": 49.63569258755421,
              "path_distance_deg": 81.73585087294519,
              "path_to_endpoint_ratio": 1.6467152287392453,
              "peak_velocity_deg": 29.0995444259359
            },
            {
              "start_frame": 164,
              "endpoint_distance_deg": 22.917898673102144,
              "path_distance_deg": 57.5729052783829,
              "path_to_endpoint_ratio": 2.5121371771293326,
              "peak_velocity_deg": 20.177020328674946
            },
            {
              "start_frame": 104,
              "endpoint_distance_deg": 42.57077347791435,
              "path_distance_deg": 43.80121377068918,
              "path_to_endpoint_ratio": 1.0289034046659542,
              "peak_velocity_deg": 8.892173671450434
            },
            {
              "start_frame": 34,
              "endpoint_distance_deg": 33.140446859213625,
              "path_distance_deg": 39.658013703770564,
              "path_to_endpoint_ratio": 1.1966650260403757,
              "peak_velocity_deg": 11.175982596701608
            },
            {
              "start_frame": 134,
              "endpoint_distance_deg": 16.81858875584465,
              "path_distance_deg": 36.14002817194606,
              "path_to_endpoint_ratio": 2.148814546606176,
              "peak_velocity_deg": 18.616795604980418
            },
            {
              "start_frame": 204,
              "endpoint_distance_deg": 29.01626858314563,
              "path_distance_deg": 33.60114039856545,
              "path_to_endpoint_ratio": 1.1580103865623501,
              "peak_velocity_deg": 7.305797941726129
            },
            {
              "start_frame": 44,
              "endpoint_distance_deg": 12.170217099095652,
              "path_distance_deg": 33.46459452301484,
              "path_to_endpoint_ratio": 2.7497122073115308,
              "peak_velocity_deg": 7.165365172835037
            },
            {
              "start_frame": 184,
              "endpoint_distance_deg": 28.620693715686965,
              "path_distance_deg": 31.68327379285628,
              "path_to_endpoint_ratio": 1.107005794743917,
              "peak_velocity_deg": 8.630925271823578
            },
            {
              "start_frame": 124,
              "endpoint_distance_deg": 15.651237981264465,
              "path_distance_deg": 30.712249429528335,
              "path_to_endpoint_ratio": 1.9622888276501107,
              "peak_velocity_deg": 11.90377193112155
            },
            {
              "start_frame": 84,
              "endpoint_distance_deg": 8.154633831579936,
              "path_distance_deg": 29.22357767569389,
              "path_to_endpoint_ratio": 3.5836774868445453,
              "peak_velocity_deg": 6.741082168210618
            },
            {
              "start_frame": 54,
              "endpoint_distance_deg": 12.341264967711854,
              "path_distance_deg": 28.4332133609665,
              "path_to_endpoint_ratio": 2.3039140181622884,
              "peak_velocity_deg": 8.565972048043227
            },
            {
              "start_frame": 214,
              "endpoint_distance_deg": 10.137070269414401,
              "path_distance_deg": 22.221091690612464,
              "path_to_endpoint_ratio": 2.192062509190452,
              "peak_velocity_deg": 6.408292174152182
            },
            {
              "start_frame": 64,
              "endpoint_distance_deg": 8.183523798946304,
              "path_distance_deg": 19.590378463118455,
              "path_to_endpoint_ratio": 2.39388055126581,
              "peak_velocity_deg": 8.374891376997818
            },
            {
              "start_frame": 114,
              "endpoint_distance_deg": 15.846642460823379,
              "path_distance_deg": 18.52811179766876,
              "path_to_endpoint_ratio": 1.1692137210437228,
              "peak_velocity_deg": 7.244025769848624
            },
            {
              "start_frame": 74,
              "endpoint_distance_deg": 6.760890311940172,
              "path_distance_deg": 17.342786547380108,
              "path_to_endpoint_ratio": 2.5651631289967267,
              "peak_velocity_deg": 3.7247366864000666
            },
            {
              "start_frame": 144,
              "endpoint_distance_deg": 13.220342703974776,
              "path_distance_deg": 17.27766777121755,
              "path_to_endpoint_ratio": 1.3069001430668599,
              "peak_velocity_deg": 4.088014322949067
            },
            {
              "start_frame": 174,
              "endpoint_distance_deg": 9.897307975469984,
              "path_distance_deg": 16.27681220597121,
              "path_to_endpoint_ratio": 1.644569639169816,
              "peak_velocity_deg": 3.695500557122328
            },
            {
              "start_frame": 194,
              "endpoint_distance_deg": 11.200587375041211,
              "path_distance_deg": 15.26951436677419,
              "path_to_endpoint_ratio": 1.3632780010091219,
              "peak_velocity_deg": 6.921004288237513
            },
            {
              "start_frame": 94,
              "endpoint_distance_deg": 7.42499806422338,
              "path_distance_deg": 11.02093270483352,
              "path_to_endpoint_ratio": 1.4843010879607896,
              "peak_velocity_deg": 3.415691191066286
            }
          ],
          "boundary_blocks_by_peak": [
            {
              "start_frame": 154,
              "end_frame": 160,
              "entry_jump_deg": 26.419364331488577,
              "path_distance_deg": 108.15521520443377,
              "endpoint_distance_deg": 58.362575134440675,
              "path_to_endpoint_ratio": 1.853160436380568,
              "peak_velocity_deg": 29.0995444259359
            },
            {
              "start_frame": 134,
              "end_frame": 140,
              "entry_jump_deg": 26.5781050805963,
              "path_distance_deg": 62.71813325254235,
              "endpoint_distance_deg": 42.421799707981044,
              "path_to_endpoint_ratio": 1.478441124239782,
              "peak_velocity_deg": 26.5781050805963
            },
            {
              "start_frame": 164,
              "end_frame": 170,
              "entry_jump_deg": 21.700855758673974,
              "path_distance_deg": 79.27376103705687,
              "endpoint_distance_deg": 43.649264115122804,
              "path_to_endpoint_ratio": 1.8161534368134178,
              "peak_velocity_deg": 21.700855758673974
            },
            {
              "start_frame": 64,
              "end_frame": 70,
              "entry_jump_deg": 20.815254689662915,
              "path_distance_deg": 40.40563315278136,
              "endpoint_distance_deg": 27.636369169550253,
              "path_to_endpoint_ratio": 1.4620456437273346,
              "peak_velocity_deg": 20.815254689662915
            },
            {
              "start_frame": 124,
              "end_frame": 130,
              "entry_jump_deg": 19.614141460591252,
              "path_distance_deg": 50.32639089011959,
              "endpoint_distance_deg": 34.282585722732804,
              "path_to_endpoint_ratio": 1.4679870210824888,
              "peak_velocity_deg": 19.614141460591252
            },
            {
              "start_frame": 104,
              "end_frame": 110,
              "entry_jump_deg": 17.161187152444214,
              "path_distance_deg": 60.962400923133394,
              "endpoint_distance_deg": 59.224962457632856,
              "path_to_endpoint_ratio": 1.0293362527117418,
              "peak_velocity_deg": 17.161187152444214
            },
            {
              "start_frame": 54,
              "end_frame": 60,
              "entry_jump_deg": 15.405921298644316,
              "path_distance_deg": 43.83913465961082,
              "endpoint_distance_deg": 21.45842670685938,
              "path_to_endpoint_ratio": 2.0429799098736927,
              "peak_velocity_deg": 15.405921298644316
            },
            {
              "start_frame": 114,
              "end_frame": 120,
              "entry_jump_deg": 14.468184283948617,
              "path_distance_deg": 32.99629608161737,
              "endpoint_distance_deg": 30.102780679352406,
              "path_to_endpoint_ratio": 1.0961212000009566,
              "peak_velocity_deg": 14.468184283948617
            },
            {
              "start_frame": 214,
              "end_frame": 220,
              "entry_jump_deg": 13.234147174775488,
              "path_distance_deg": 35.455238865387955,
              "endpoint_distance_deg": 15.394196698553257,
              "path_to_endpoint_ratio": 2.3031561542097245,
              "peak_velocity_deg": 13.234147174775488
            },
            {
              "start_frame": 184,
              "end_frame": 190,
              "entry_jump_deg": 12.897601993273087,
              "path_distance_deg": 44.58087578612937,
              "endpoint_distance_deg": 38.861066979993865,
              "path_to_endpoint_ratio": 1.1471860978258814,
              "peak_velocity_deg": 12.897601993273087
            },
            {
              "start_frame": 194,
              "end_frame": 200,
              "entry_jump_deg": 12.710330817106449,
              "path_distance_deg": 27.979845183880634,
              "endpoint_distance_deg": 20.73857947312432,
              "path_to_endpoint_ratio": 1.3491688386921805,
              "peak_velocity_deg": 12.710330817106449
            },
            {
              "start_frame": 84,
              "end_frame": 90,
              "entry_jump_deg": 11.402743797790242,
              "path_distance_deg": 40.62632147348414,
              "endpoint_distance_deg": 13.832929619426716,
              "path_to_endpoint_ratio": 2.9369282278736724,
              "peak_velocity_deg": 11.402743797790242
            },
            {
              "start_frame": 34,
              "end_frame": 40,
              "entry_jump_deg": 5.827793674246037,
              "path_distance_deg": 45.485807378016595,
              "endpoint_distance_deg": 33.2934211979242,
              "path_to_endpoint_ratio": 1.366210072182446,
              "peak_velocity_deg": 11.175982596701608
            },
            {
              "start_frame": 94,
              "end_frame": 100,
              "entry_jump_deg": 9.94869445562753,
              "path_distance_deg": 20.96962716046105,
              "endpoint_distance_deg": 9.95730238489575,
              "path_to_endpoint_ratio": 2.1059546401111526,
              "peak_velocity_deg": 9.94869445562753
            },
            {
              "start_frame": 144,
              "end_frame": 150,
              "entry_jump_deg": 8.725808378057803,
              "path_distance_deg": 26.003476149275354,
              "endpoint_distance_deg": 21.163322490921924,
              "path_to_endpoint_ratio": 1.2287048104299139,
              "peak_velocity_deg": 8.725808378057803
            },
            {
              "start_frame": 204,
              "end_frame": 210,
              "entry_jump_deg": 3.9992696409596378,
              "path_distance_deg": 37.60041003952509,
              "endpoint_distance_deg": 27.213065527174667,
              "path_to_endpoint_ratio": 1.3817043141272611,
              "peak_velocity_deg": 7.305797941726129
            },
            {
              "start_frame": 74,
              "end_frame": 80,
              "entry_jump_deg": 7.264800824446415,
              "path_distance_deg": 24.607587371826522,
              "endpoint_distance_deg": 4.5306474104018974,
              "path_to_endpoint_ratio": 5.431362263002424,
              "peak_velocity_deg": 7.264800824446415
            },
            {
              "start_frame": 44,
              "end_frame": 50,
              "entry_jump_deg": 6.233922943356148,
              "path_distance_deg": 39.69851746637099,
              "endpoint_distance_deg": 10.786718071852121,
              "path_to_endpoint_ratio": 3.680314735393339,
              "peak_velocity_deg": 7.165365172835037
            },
            {
              "start_frame": 174,
              "end_frame": 180,
              "entry_jump_deg": 1.3678326078752503,
              "path_distance_deg": 17.644644813846458,
              "endpoint_distance_deg": 9.678194760885281,
              "path_to_endpoint_ratio": 1.8231338849635292,
              "peak_velocity_deg": 3.695500557122328
            }
          ]
        },
        "ground_truth": {
          "order": "XYZ",
          "excursion_p90_deg": 44.50509833270315,
          "excursion_max_deg": 51.897657258364625,
          "velocity_rms_deg_per_frame": 5.391344610463227,
          "velocity_p95_deg_per_frame": 11.12660703832051,
          "velocity_max_deg_per_frame": 18.506939925102944,
          "euler_axis_step_p95_deg": [
            9.616519599999986,
            6.9777197999999885,
            7.137368199999988
          ],
          "top_velocity_transitions": [
            {
              "from_frame": 52,
              "to_frame": 53,
              "velocity_deg": 18.506939925102944,
              "new_block_offset": 9,
              "inside_release_blend": false
            },
            {
              "from_frame": 53,
              "to_frame": 54,
              "velocity_deg": 18.06886111804565,
              "new_block_offset": 0,
              "inside_release_blend": false
            },
            {
              "from_frame": 83,
              "to_frame": 84,
              "velocity_deg": 16.767083676149394,
              "new_block_offset": 0,
              "inside_release_blend": false
            },
            {
              "from_frame": 200,
              "to_frame": 201,
              "velocity_deg": 15.324573789200395,
              "new_block_offset": 7,
              "inside_release_blend": false
            },
            {
              "from_frame": 72,
              "to_frame": 73,
              "velocity_deg": 14.572449344567012,
              "new_block_offset": 9,
              "inside_release_blend": false
            },
            {
              "from_frame": 214,
              "to_frame": 215,
              "velocity_deg": 13.305534991591566,
              "new_block_offset": 1,
              "inside_release_blend": false
            },
            {
              "from_frame": 101,
              "to_frame": 102,
              "velocity_deg": 12.982714375322423,
              "new_block_offset": 8,
              "inside_release_blend": false
            },
            {
              "from_frame": 51,
              "to_frame": 52,
              "velocity_deg": 12.233752667160987,
              "new_block_offset": 8,
              "inside_release_blend": false
            },
            {
              "from_frame": 71,
              "to_frame": 72,
              "velocity_deg": 11.840769834620898,
              "new_block_offset": 8,
              "inside_release_blend": false
            },
            {
              "from_frame": 24,
              "to_frame": 25,
              "velocity_deg": 11.830874195369196,
              "new_block_offset": null,
              "inside_release_blend": false
            },
            {
              "from_frame": 201,
              "to_frame": 202,
              "velocity_deg": 11.360530637601048,
              "new_block_offset": 8,
              "inside_release_blend": false
            },
            {
              "from_frame": 213,
              "to_frame": 214,
              "velocity_deg": 11.163426136225477,
              "new_block_offset": 0,
              "inside_release_blend": false
            }
          ],
          "release_blend_blocks_by_path": [
            {
              "start_frame": 144,
              "endpoint_distance_deg": 38.75968579508479,
              "path_distance_deg": 48.15661975629746,
              "path_to_endpoint_ratio": 1.2424409220160477,
              "peak_velocity_deg": 10.795235157175885
            },
            {
              "start_frame": 214,
              "endpoint_distance_deg": 11.415385591973436,
              "path_distance_deg": 39.49217384201166,
              "path_to_endpoint_ratio": 3.4595567117575086,
              "peak_velocity_deg": 13.305534991591566
            },
            {
              "start_frame": 194,
              "endpoint_distance_deg": 10.318298700836731,
              "path_distance_deg": 36.098852017661805,
              "path_to_endpoint_ratio": 3.498527525156301,
              "peak_velocity_deg": 8.207049666814678
            },
            {
              "start_frame": 104,
              "endpoint_distance_deg": 24.539177766323586,
              "path_distance_deg": 32.32796298334368,
              "path_to_endpoint_ratio": 1.3174020454633593,
              "peak_velocity_deg": 7.7558536335964785
            },
            {
              "start_frame": 114,
              "endpoint_distance_deg": 7.640396599775308,
              "path_distance_deg": 26.62626060793643,
              "path_to_endpoint_ratio": 3.4849317388470995,
              "peak_velocity_deg": 9.272343615913059
            },
            {
              "start_frame": 84,
              "endpoint_distance_deg": 15.533548688531779,
              "path_distance_deg": 25.884117054807135,
              "path_to_endpoint_ratio": 1.6663363648460476,
              "peak_velocity_deg": 10.230001923022778
            },
            {
              "start_frame": 74,
              "endpoint_distance_deg": 10.540760005094754,
              "path_distance_deg": 25.59426955913575,
              "path_to_endpoint_ratio": 2.428123735552755,
              "peak_velocity_deg": 9.765184891415691
            },
            {
              "start_frame": 124,
              "endpoint_distance_deg": 6.106871052467991,
              "path_distance_deg": 21.59716280439337,
              "path_to_endpoint_ratio": 3.5365349323472675,
              "peak_velocity_deg": 6.8033722577923
            },
            {
              "start_frame": 34,
              "endpoint_distance_deg": 18.48783601461019,
              "path_distance_deg": 20.89000394387895,
              "path_to_endpoint_ratio": 1.1299323472671665,
              "peak_velocity_deg": 4.4881541995990775
            },
            {
              "start_frame": 134,
              "endpoint_distance_deg": 16.989252971408295,
              "path_distance_deg": 19.361404677094626,
              "path_to_endpoint_ratio": 1.139626604517485,
              "peak_velocity_deg": 8.39018870501737
            },
            {
              "start_frame": 54,
              "endpoint_distance_deg": 4.941335940762538,
              "path_distance_deg": 18.144259759967788,
              "path_to_endpoint_ratio": 3.6719340634767286,
              "peak_velocity_deg": 6.064855663713893
            },
            {
              "start_frame": 44,
              "endpoint_distance_deg": 12.334956793760714,
              "path_distance_deg": 15.703876912229655,
              "path_to_endpoint_ratio": 1.273119734004501,
              "peak_velocity_deg": 6.365715260219608
            },
            {
              "start_frame": 154,
              "endpoint_distance_deg": 8.345930384825632,
              "path_distance_deg": 14.458233083273875,
              "path_to_endpoint_ratio": 1.7323692406494886,
              "peak_velocity_deg": 2.922005569793854
            },
            {
              "start_frame": 164,
              "endpoint_distance_deg": 8.89758394578046,
              "path_distance_deg": 12.742789423922012,
              "path_to_endpoint_ratio": 1.4321628772005104,
              "peak_velocity_deg": 2.4092972964715558
            },
            {
              "start_frame": 204,
              "endpoint_distance_deg": 6.9164044865571634,
              "path_distance_deg": 11.964137695543233,
              "path_to_endpoint_ratio": 1.7298204173565797,
              "peak_velocity_deg": 2.890416678494227
            },
            {
              "start_frame": 184,
              "endpoint_distance_deg": 3.608365724057603,
              "path_distance_deg": 10.912560501310583,
              "path_to_endpoint_ratio": 3.0242390422219794,
              "peak_velocity_deg": 2.613968424646737
            },
            {
              "start_frame": 94,
              "endpoint_distance_deg": 4.581461649570991,
              "path_distance_deg": 9.677523657981173,
              "path_to_endpoint_ratio": 2.1123223106947493,
              "peak_velocity_deg": 2.279989266345255
            },
            {
              "start_frame": 174,
              "endpoint_distance_deg": 2.532056206288718,
              "path_distance_deg": 8.55820459927556,
              "path_to_endpoint_ratio": 3.3799425850105758,
              "peak_velocity_deg": 2.021334497413995
            },
            {
              "start_frame": 64,
              "endpoint_distance_deg": 1.2950634375307364,
              "path_distance_deg": 2.128790654269824,
              "path_to_endpoint_ratio": 1.643773264365129,
              "peak_velocity_deg": 0.7746560093166265
            }
          ],
          "boundary_blocks_by_peak": [
            {
              "start_frame": 54,
              "end_frame": 60,
              "entry_jump_deg": 18.06886111804565,
              "path_distance_deg": 36.21312087801344,
              "endpoint_distance_deg": 13.59555142959793,
              "path_to_endpoint_ratio": 2.6636007421645567,
              "peak_velocity_deg": 18.06886111804565
            },
            {
              "start_frame": 84,
              "end_frame": 90,
              "entry_jump_deg": 16.767083676149394,
              "path_distance_deg": 42.65120073095653,
              "endpoint_distance_deg": 18.123610571041745,
              "path_to_endpoint_ratio": 2.3533500989645764,
              "peak_velocity_deg": 16.767083676149394
            },
            {
              "start_frame": 214,
              "end_frame": 220,
              "entry_jump_deg": 11.163426136225477,
              "path_distance_deg": 50.65559997823713,
              "endpoint_distance_deg": 19.034691484691418,
              "path_to_endpoint_ratio": 2.6612251645358533,
              "peak_velocity_deg": 13.305534991591566
            },
            {
              "start_frame": 144,
              "end_frame": 150,
              "entry_jump_deg": 9.374847900106403,
              "path_distance_deg": 57.531467656403876,
              "endpoint_distance_deg": 47.1756028687294,
              "path_to_endpoint_ratio": 1.2195173809753033,
              "peak_velocity_deg": 10.795235157175885
            },
            {
              "start_frame": 74,
              "end_frame": 80,
              "entry_jump_deg": 6.6736308496244074,
              "path_distance_deg": 32.26790040876016,
              "endpoint_distance_deg": 15.184205095671091,
              "path_to_endpoint_ratio": 2.1250964542068465,
              "peak_velocity_deg": 9.765184891415691
            },
            {
              "start_frame": 114,
              "end_frame": 120,
              "entry_jump_deg": 1.004123814033214,
              "path_distance_deg": 27.630384421969644,
              "endpoint_distance_deg": 8.402769365451991,
              "path_to_endpoint_ratio": 3.2882473884826644,
              "peak_velocity_deg": 9.272343615913059
            },
            {
              "start_frame": 134,
              "end_frame": 140,
              "entry_jump_deg": 2.1610557755006456,
              "path_distance_deg": 21.522460452595272,
              "endpoint_distance_deg": 15.026886999274893,
              "path_to_endpoint_ratio": 1.432263412484157,
              "peak_velocity_deg": 8.39018870501737
            },
            {
              "start_frame": 44,
              "end_frame": 50,
              "entry_jump_deg": 8.317639918951533,
              "path_distance_deg": 24.021516831181184,
              "endpoint_distance_deg": 19.16550037719096,
              "path_to_endpoint_ratio": 1.2533727979139755,
              "peak_velocity_deg": 8.317639918951533
            },
            {
              "start_frame": 194,
              "end_frame": 200,
              "entry_jump_deg": 6.15407599696929,
              "path_distance_deg": 42.252928014631095,
              "endpoint_distance_deg": 11.886319180797633,
              "path_to_endpoint_ratio": 3.55475293671154,
              "peak_velocity_deg": 8.207049666814678
            },
            {
              "start_frame": 124,
              "end_frame": 130,
              "entry_jump_deg": 7.934966775990748,
              "path_distance_deg": 29.532129580384126,
              "endpoint_distance_deg": 7.820116473764153,
              "path_to_endpoint_ratio": 3.776430911158675,
              "peak_velocity_deg": 7.934966775990748
            },
            {
              "start_frame": 104,
              "end_frame": 110,
              "entry_jump_deg": 4.950486487012178,
              "path_distance_deg": 37.27844947035586,
              "endpoint_distance_deg": 26.663519262024717,
              "path_to_endpoint_ratio": 1.3981068704403685,
              "peak_velocity_deg": 7.7558536335964785
            },
            {
              "start_frame": 34,
              "end_frame": 40,
              "entry_jump_deg": 4.462709002132388,
              "path_distance_deg": 25.352712946011334,
              "endpoint_distance_deg": 19.15750176757454,
              "path_to_endpoint_ratio": 1.3233830409413108,
              "peak_velocity_deg": 4.4881541995990775
            },
            {
              "start_frame": 204,
              "end_frame": 210,
              "entry_jump_deg": 4.061371159529923,
              "path_distance_deg": 16.025508855073156,
              "endpoint_distance_deg": 5.8873673747685915,
              "path_to_endpoint_ratio": 2.72201611262675,
              "peak_velocity_deg": 4.061371159529923
            },
            {
              "start_frame": 154,
              "end_frame": 160,
              "entry_jump_deg": 2.920638629265679,
              "path_distance_deg": 17.378871712539553,
              "endpoint_distance_deg": 9.353302164181708,
              "path_to_endpoint_ratio": 1.8580466457174463,
              "peak_velocity_deg": 2.922005569793854
            },
            {
              "start_frame": 184,
              "end_frame": 190,
              "entry_jump_deg": 1.4896222570688165,
              "path_distance_deg": 12.4021827583794,
              "endpoint_distance_deg": 3.8532667278689026,
              "path_to_endpoint_ratio": 3.2186151736343938,
              "peak_velocity_deg": 2.613968424646737
            },
            {
              "start_frame": 164,
              "end_frame": 170,
              "entry_jump_deg": 1.8796134900497066,
              "path_distance_deg": 14.62240291397172,
              "endpoint_distance_deg": 7.79480875588182,
              "path_to_endpoint_ratio": 1.875915544808963,
              "peak_velocity_deg": 2.4092972964715558
            },
            {
              "start_frame": 94,
              "end_frame": 100,
              "entry_jump_deg": 2.2726759451142944,
              "path_distance_deg": 11.950199603095466,
              "endpoint_distance_deg": 6.81193725945481,
              "path_to_endpoint_ratio": 1.754302652525002,
              "peak_velocity_deg": 2.279989266345255
            },
            {
              "start_frame": 174,
              "end_frame": 180,
              "entry_jump_deg": 1.087760408945048,
              "path_distance_deg": 9.64596500822061,
              "endpoint_distance_deg": 3.5363118236599553,
              "path_to_endpoint_ratio": 2.7276907380405677,
              "peak_velocity_deg": 2.021334497413995
            },
            {
              "start_frame": 64,
              "end_frame": 70,
              "entry_jump_deg": 0.39027135367295657,
              "path_distance_deg": 2.5190620079427806,
              "endpoint_distance_deg": 1.4096898410480816,
              "path_to_endpoint_ratio": 1.786961879550681,
              "peak_velocity_deg": 0.7746560093166265
            }
          ]
        },
        "ratios": {
          "excursion_p90": 0.7061705127197897,
          "velocity_rms": 1.3271240700209028,
          "velocity_p95": 1.5265804309044837
        }
      },
      "RightForeArm": {
        "prediction": {
          "order": "XYZ",
          "excursion_p90_deg": 50.09958794623119,
          "excursion_max_deg": 69.26002598614562,
          "velocity_rms_deg_per_frame": 9.484541364259137,
          "velocity_p95_deg_per_frame": 19.550992133794317,
          "velocity_max_deg_per_frame": 38.72935386480987,
          "euler_axis_step_p95_deg": [
            37.17798509999983,
            14.494094000000008,
            39.73726189999984
          ],
          "top_velocity_transitions": [
            {
              "from_frame": 93,
              "to_frame": 94,
              "velocity_deg": 38.72935386480987,
              "new_block_offset": 0,
              "inside_release_blend": false
            },
            {
              "from_frame": 213,
              "to_frame": 214,
              "velocity_deg": 36.516754390963975,
              "new_block_offset": 0,
              "inside_release_blend": false
            },
            {
              "from_frame": 103,
              "to_frame": 104,
              "velocity_deg": 35.49193795921078,
              "new_block_offset": 0,
              "inside_release_blend": false
            },
            {
              "from_frame": 83,
              "to_frame": 84,
              "velocity_deg": 34.652130942957065,
              "new_block_offset": 0,
              "inside_release_blend": false
            },
            {
              "from_frame": 163,
              "to_frame": 164,
              "velocity_deg": 29.565292236092823,
              "new_block_offset": 0,
              "inside_release_blend": false
            },
            {
              "from_frame": 183,
              "to_frame": 184,
              "velocity_deg": 27.772752142702718,
              "new_block_offset": 0,
              "inside_release_blend": false
            },
            {
              "from_frame": 43,
              "to_frame": 44,
              "velocity_deg": 27.474668659318016,
              "new_block_offset": 0,
              "inside_release_blend": false
            },
            {
              "from_frame": 63,
              "to_frame": 64,
              "velocity_deg": 27.46861985325055,
              "new_block_offset": 0,
              "inside_release_blend": false
            },
            {
              "from_frame": 64,
              "to_frame": 65,
              "velocity_deg": 23.59542318443545,
              "new_block_offset": 1,
              "inside_release_blend": false
            },
            {
              "from_frame": 132,
              "to_frame": 133,
              "velocity_deg": 22.762279216548105,
              "new_block_offset": 9,
              "inside_release_blend": false
            },
            {
              "from_frame": 154,
              "to_frame": 155,
              "velocity_deg": 20.95444003747624,
              "new_block_offset": 1,
              "inside_release_blend": false
            },
            {
              "from_frame": 184,
              "to_frame": 185,
              "velocity_deg": 19.634747037045592,
              "new_block_offset": 1,
              "inside_release_blend": false
            }
          ],
          "release_blend_blocks_by_path": [
            {
              "start_frame": 34,
              "endpoint_distance_deg": 43.40227863699851,
              "path_distance_deg": 64.58626904929415,
              "path_to_endpoint_ratio": 1.4880847521732932,
              "peak_velocity_deg": 14.68703976982453
            },
            {
              "start_frame": 154,
              "endpoint_distance_deg": 36.8408815179074,
              "path_distance_deg": 59.210723709246295,
              "path_to_endpoint_ratio": 1.6072015996811992,
              "peak_velocity_deg": 20.95444003747624
            },
            {
              "start_frame": 184,
              "endpoint_distance_deg": 57.208852148873355,
              "path_distance_deg": 58.634707735921644,
              "path_to_endpoint_ratio": 1.0249236880917978,
              "peak_velocity_deg": 19.634747037045592
            },
            {
              "start_frame": 214,
              "endpoint_distance_deg": 11.503597628951242,
              "path_distance_deg": 57.51223787475722,
              "path_to_endpoint_ratio": 4.999500132898901,
              "peak_velocity_deg": 16.554021031408645
            },
            {
              "start_frame": 104,
              "endpoint_distance_deg": 46.53220348373881,
              "path_distance_deg": 53.52968684471112,
              "path_to_endpoint_ratio": 1.150379368202876,
              "peak_velocity_deg": 17.156023684194
            },
            {
              "start_frame": 64,
              "endpoint_distance_deg": 37.04678371274153,
              "path_distance_deg": 43.343449701635926,
              "path_to_endpoint_ratio": 1.1699652536025356,
              "peak_velocity_deg": 23.59542318443545
            },
            {
              "start_frame": 204,
              "endpoint_distance_deg": 35.35603783828133,
              "path_distance_deg": 41.18144417020073,
              "path_to_endpoint_ratio": 1.1647641163459783,
              "peak_velocity_deg": 11.11687668853872
            },
            {
              "start_frame": 44,
              "endpoint_distance_deg": 11.709606230844681,
              "path_distance_deg": 36.34205372581117,
              "path_to_endpoint_ratio": 3.1036102332870343,
              "peak_velocity_deg": 8.941698115361127
            },
            {
              "start_frame": 164,
              "endpoint_distance_deg": 16.329892693334852,
              "path_distance_deg": 35.821360912891315,
              "path_to_endpoint_ratio": 2.193606632057786,
              "peak_velocity_deg": 9.11637531463211
            },
            {
              "start_frame": 134,
              "endpoint_distance_deg": 24.654404129613205,
              "path_distance_deg": 34.80186893151988,
              "path_to_endpoint_ratio": 1.4115883210382774,
              "peak_velocity_deg": 14.977578199409892
            },
            {
              "start_frame": 74,
              "endpoint_distance_deg": 6.690927925178471,
              "path_distance_deg": 34.34915943762547,
              "path_to_endpoint_ratio": 5.133691443359742,
              "peak_velocity_deg": 9.778729007908876
            },
            {
              "start_frame": 84,
              "endpoint_distance_deg": 23.308303491805628,
              "path_distance_deg": 34.18057308470876,
              "path_to_endpoint_ratio": 1.4664547806632704,
              "peak_velocity_deg": 10.188836088784043
            },
            {
              "start_frame": 54,
              "endpoint_distance_deg": 13.285270633086135,
              "path_distance_deg": 21.674100803298025,
              "path_to_endpoint_ratio": 1.6314384103941424,
              "peak_velocity_deg": 8.232336963566837
            },
            {
              "start_frame": 144,
              "endpoint_distance_deg": 8.109335631754385,
              "path_distance_deg": 20.643417495432505,
              "path_to_endpoint_ratio": 2.545636095588077,
              "peak_velocity_deg": 4.8212723705594875
            },
            {
              "start_frame": 174,
              "endpoint_distance_deg": 1.256499717795135,
              "path_distance_deg": 19.630892452904465,
              "path_to_endpoint_ratio": 15.623475417369868,
              "peak_velocity_deg": 4.066151846858417
            },
            {
              "start_frame": 94,
              "endpoint_distance_deg": 12.485329817033108,
              "path_distance_deg": 18.945723685865076,
              "path_to_endpoint_ratio": 1.517438783236497,
              "peak_velocity_deg": 7.369435745934087
            },
            {
              "start_frame": 124,
              "endpoint_distance_deg": 14.986952751754698,
              "path_distance_deg": 18.67468472176412,
              "path_to_endpoint_ratio": 1.2460628275202679,
              "peak_velocity_deg": 5.5629254272925035
            },
            {
              "start_frame": 114,
              "endpoint_distance_deg": 11.754522017119072,
              "path_distance_deg": 15.047846512011638,
              "path_to_endpoint_ratio": 1.2801751096383356,
              "peak_velocity_deg": 5.027980447590276
            },
            {
              "start_frame": 194,
              "endpoint_distance_deg": 3.3940485026268887,
              "path_distance_deg": 7.920119721144591,
              "path_to_endpoint_ratio": 2.3335316849522516,
              "peak_velocity_deg": 3.0203766175113325
            }
          ],
          "boundary_blocks_by_peak": [
            {
              "start_frame": 94,
              "end_frame": 100,
              "entry_jump_deg": 38.72935386480987,
              "path_distance_deg": 57.675077550674956,
              "endpoint_distance_deg": 45.48149494078405,
              "path_to_endpoint_ratio": 1.2680998640384775,
              "peak_velocity_deg": 38.72935386480987
            },
            {
              "start_frame": 214,
              "end_frame": 220,
              "entry_jump_deg": 36.516754390963975,
              "path_distance_deg": 94.0289922657212,
              "endpoint_distance_deg": 47.490591303618075,
              "path_to_endpoint_ratio": 1.9799499160701668,
              "peak_velocity_deg": 36.516754390963975
            },
            {
              "start_frame": 104,
              "end_frame": 110,
              "entry_jump_deg": 35.49193795921078,
              "path_distance_deg": 89.0216248039219,
              "endpoint_distance_deg": 81.16050254828836,
              "path_to_endpoint_ratio": 1.0968589647526685,
              "peak_velocity_deg": 35.49193795921078
            },
            {
              "start_frame": 84,
              "end_frame": 90,
              "entry_jump_deg": 34.652130942957065,
              "path_distance_deg": 68.83270402766581,
              "endpoint_distance_deg": 39.250521945550084,
              "path_to_endpoint_ratio": 1.7536761453300758,
              "peak_velocity_deg": 34.652130942957065
            },
            {
              "start_frame": 164,
              "end_frame": 170,
              "entry_jump_deg": 29.565292236092823,
              "path_distance_deg": 65.38665314898414,
              "endpoint_distance_deg": 36.97832798936588,
              "path_to_endpoint_ratio": 1.7682425546062506,
              "peak_velocity_deg": 29.565292236092823
            },
            {
              "start_frame": 184,
              "end_frame": 190,
              "entry_jump_deg": 27.772752142702718,
              "path_distance_deg": 86.40745987862437,
              "endpoint_distance_deg": 79.39558069242936,
              "path_to_endpoint_ratio": 1.0883157365314617,
              "peak_velocity_deg": 27.772752142702718
            },
            {
              "start_frame": 44,
              "end_frame": 50,
              "entry_jump_deg": 27.474668659318016,
              "path_distance_deg": 63.81672238512918,
              "endpoint_distance_deg": 39.03674610054024,
              "path_to_endpoint_ratio": 1.6347859071236985,
              "peak_velocity_deg": 27.474668659318016
            },
            {
              "start_frame": 64,
              "end_frame": 70,
              "entry_jump_deg": 27.46861985325055,
              "path_distance_deg": 70.81206955488646,
              "endpoint_distance_deg": 63.76615059489481,
              "path_to_endpoint_ratio": 1.1104962255720006,
              "peak_velocity_deg": 27.46861985325055
            },
            {
              "start_frame": 154,
              "end_frame": 160,
              "entry_jump_deg": 18.583037589682913,
              "path_distance_deg": 77.7937612989292,
              "endpoint_distance_deg": 54.550776445569646,
              "path_to_endpoint_ratio": 1.4260798171507463,
              "peak_velocity_deg": 20.95444003747624
            },
            {
              "start_frame": 144,
              "end_frame": 150,
              "entry_jump_deg": 18.797198004533033,
              "path_distance_deg": 39.44061549996553,
              "endpoint_distance_deg": 26.360540124110468,
              "path_to_endpoint_ratio": 1.4961990655074429,
              "peak_velocity_deg": 18.797198004533033
            },
            {
              "start_frame": 114,
              "end_frame": 120,
              "entry_jump_deg": 17.224572240447095,
              "path_distance_deg": 32.272418752458734,
              "endpoint_distance_deg": 23.36779714407503,
              "path_to_endpoint_ratio": 1.381063801328038,
              "peak_velocity_deg": 17.224572240447095
            },
            {
              "start_frame": 34,
              "end_frame": 40,
              "entry_jump_deg": 17.104165364999407,
              "path_distance_deg": 81.69043441429355,
              "endpoint_distance_deg": 58.23470824488383,
              "path_to_endpoint_ratio": 1.4027791479743597,
              "peak_velocity_deg": 17.104165364999407
            },
            {
              "start_frame": 124,
              "end_frame": 130,
              "entry_jump_deg": 17.014953838345882,
              "path_distance_deg": 35.689638560110005,
              "endpoint_distance_deg": 23.392583481343063,
              "path_to_endpoint_ratio": 1.5256817866472316,
              "peak_velocity_deg": 17.014953838345882
            },
            {
              "start_frame": 194,
              "end_frame": 200,
              "entry_jump_deg": 15.281454555033724,
              "path_distance_deg": 23.201574276178313,
              "endpoint_distance_deg": 18.382336089235753,
              "path_to_endpoint_ratio": 1.262166797709927,
              "peak_velocity_deg": 15.281454555033724
            },
            {
              "start_frame": 134,
              "end_frame": 140,
              "entry_jump_deg": 9.550378715708707,
              "path_distance_deg": 44.35224764722858,
              "endpoint_distance_deg": 31.75119868969423,
              "path_to_endpoint_ratio": 1.3968684483595382,
              "peak_velocity_deg": 14.977578199409892
            },
            {
              "start_frame": 74,
              "end_frame": 80,
              "entry_jump_deg": 12.308563345069368,
              "path_distance_deg": 46.65772278269483,
              "endpoint_distance_deg": 9.161266860146116,
              "path_to_endpoint_ratio": 5.092933487798288,
              "peak_velocity_deg": 12.308563345069368
            },
            {
              "start_frame": 204,
              "end_frame": 210,
              "entry_jump_deg": 7.830770865515636,
              "path_distance_deg": 49.012215035716366,
              "endpoint_distance_deg": 42.794656161367136,
              "path_to_endpoint_ratio": 1.1452882072683208,
              "peak_velocity_deg": 11.11687668853872
            },
            {
              "start_frame": 54,
              "end_frame": 60,
              "entry_jump_deg": 10.538149161865226,
              "path_distance_deg": 32.21224996516325,
              "endpoint_distance_deg": 20.380682770431367,
              "path_to_endpoint_ratio": 1.5805284998546427,
              "peak_velocity_deg": 10.538149161865226
            },
            {
              "start_frame": 174,
              "end_frame": 180,
              "entry_jump_deg": 5.345859794292884,
              "path_distance_deg": 24.97675224719735,
              "endpoint_distance_deg": 4.306464503399596,
              "path_to_endpoint_ratio": 5.799827730492212,
              "peak_velocity_deg": 5.345859794292884
            }
          ]
        },
        "ground_truth": {
          "order": "XYZ",
          "excursion_p90_deg": 50.2001655404577,
          "excursion_max_deg": 61.043459635323885,
          "velocity_rms_deg_per_frame": 6.703470214995805,
          "velocity_p95_deg_per_frame": 14.3425149896,
          "velocity_max_deg_per_frame": 28.1076166197482,
          "euler_axis_step_p95_deg": [
            28.437591599999987,
            10.363777300000011,
            29.078936599999988
          ],
          "top_velocity_transitions": [
            {
              "from_frame": 52,
              "to_frame": 53,
              "velocity_deg": 28.1076166197482,
              "new_block_offset": 9,
              "inside_release_blend": false
            },
            {
              "from_frame": 70,
              "to_frame": 71,
              "velocity_deg": 21.379626890797905,
              "new_block_offset": 7,
              "inside_release_blend": false
            },
            {
              "from_frame": 192,
              "to_frame": 193,
              "velocity_deg": 20.1917106239835,
              "new_block_offset": 9,
              "inside_release_blend": false
            },
            {
              "from_frame": 193,
              "to_frame": 194,
              "velocity_deg": 18.02444960742052,
              "new_block_offset": 0,
              "inside_release_blend": false
            },
            {
              "from_frame": 198,
              "to_frame": 199,
              "velocity_deg": 17.696835773177874,
              "new_block_offset": 5,
              "inside_release_blend": false
            },
            {
              "from_frame": 118,
              "to_frame": 119,
              "velocity_deg": 17.07154492304631,
              "new_block_offset": 5,
              "inside_release_blend": false
            },
            {
              "from_frame": 122,
              "to_frame": 123,
              "velocity_deg": 16.7972598625848,
              "new_block_offset": 9,
              "inside_release_blend": false
            },
            {
              "from_frame": 191,
              "to_frame": 192,
              "velocity_deg": 16.591320307346436,
              "new_block_offset": 8,
              "inside_release_blend": false
            },
            {
              "from_frame": 51,
              "to_frame": 52,
              "velocity_deg": 15.963617286481597,
              "new_block_offset": 8,
              "inside_release_blend": false
            },
            {
              "from_frame": 117,
              "to_frame": 118,
              "velocity_deg": 15.924930961040898,
              "new_block_offset": 4,
              "inside_release_blend": false
            },
            {
              "from_frame": 121,
              "to_frame": 122,
              "velocity_deg": 15.020297753157118,
              "new_block_offset": 8,
              "inside_release_blend": false
            },
            {
              "from_frame": 199,
              "to_frame": 200,
              "velocity_deg": 14.408784853722542,
              "new_block_offset": 6,
              "inside_release_blend": false
            }
          ],
          "release_blend_blocks_by_path": [
            {
              "start_frame": 194,
              "endpoint_distance_deg": 16.09258663910721,
              "path_distance_deg": 57.19547178076282,
              "path_to_endpoint_ratio": 3.5541503092964506,
              "peak_velocity_deg": 17.696835773177874
            },
            {
              "start_frame": 144,
              "endpoint_distance_deg": 46.82109206842958,
              "path_distance_deg": 48.832073125160825,
              "path_to_endpoint_ratio": 1.0429503236232118,
              "peak_velocity_deg": 13.62450711802784
            },
            {
              "start_frame": 114,
              "endpoint_distance_deg": 39.21127140749386,
              "path_distance_deg": 47.394842860585314,
              "path_to_endpoint_ratio": 1.2087045678281028,
              "peak_velocity_deg": 17.07154492304631
            },
            {
              "start_frame": 84,
              "endpoint_distance_deg": 12.316754437673035,
              "path_distance_deg": 35.117374233872454,
              "path_to_endpoint_ratio": 2.8511873327976383,
              "peak_velocity_deg": 10.455503375247218
            },
            {
              "start_frame": 154,
              "endpoint_distance_deg": 4.964397088411652,
              "path_distance_deg": 29.669823767522622,
              "path_to_endpoint_ratio": 5.976521063711972,
              "peak_velocity_deg": 7.103064097009932
            },
            {
              "start_frame": 104,
              "endpoint_distance_deg": 24.751011942964002,
              "path_distance_deg": 29.196168650044257,
              "path_to_endpoint_ratio": 1.179594948171155,
              "peak_velocity_deg": 8.011792306581372
            },
            {
              "start_frame": 124,
              "endpoint_distance_deg": 19.362699947085627,
              "path_distance_deg": 24.215324056557066,
              "path_to_endpoint_ratio": 1.2506171206873362,
              "peak_velocity_deg": 10.763480712220382
            },
            {
              "start_frame": 164,
              "endpoint_distance_deg": 20.75292321882981,
              "path_distance_deg": 22.51441936688427,
              "path_to_endpoint_ratio": 1.0848794229844303,
              "peak_velocity_deg": 5.771160274047189
            },
            {
              "start_frame": 204,
              "endpoint_distance_deg": 20.70595752810221,
              "path_distance_deg": 22.085132400863408,
              "path_to_endpoint_ratio": 1.0666076355507528,
              "peak_velocity_deg": 4.376879136962859
            },
            {
              "start_frame": 214,
              "endpoint_distance_deg": 2.905169794758469,
              "path_distance_deg": 21.87816171746133,
              "path_to_endpoint_ratio": 7.530768685855845,
              "peak_velocity_deg": 5.819462764747011
            },
            {
              "start_frame": 134,
              "endpoint_distance_deg": 6.416184488822428,
              "path_distance_deg": 21.509866418785347,
              "path_to_endpoint_ratio": 3.352438892032714,
              "peak_velocity_deg": 5.267443361512942
            },
            {
              "start_frame": 74,
              "endpoint_distance_deg": 7.109430048543402,
              "path_distance_deg": 21.059137443185154,
              "path_to_endpoint_ratio": 2.9621414514796167,
              "peak_velocity_deg": 8.182025171012896
            },
            {
              "start_frame": 184,
              "endpoint_distance_deg": 4.8111592087282,
              "path_distance_deg": 18.493718295643326,
              "path_to_endpoint_ratio": 3.8439214944483258,
              "peak_velocity_deg": 5.998404981082855
            },
            {
              "start_frame": 34,
              "endpoint_distance_deg": 3.6065683925665692,
              "path_distance_deg": 17.1527286603766,
              "path_to_endpoint_ratio": 4.755969329662448,
              "peak_velocity_deg": 4.832975664404451
            },
            {
              "start_frame": 94,
              "endpoint_distance_deg": 1.1921369399656965,
              "path_distance_deg": 11.009223638794015,
              "path_to_endpoint_ratio": 9.234864946900148,
              "peak_velocity_deg": 2.8614202883608804
            },
            {
              "start_frame": 54,
              "endpoint_distance_deg": 6.091574580667545,
              "path_distance_deg": 9.507039573817833,
              "path_to_endpoint_ratio": 1.5606867235919164,
              "peak_velocity_deg": 3.4576321596000863
            },
            {
              "start_frame": 174,
              "endpoint_distance_deg": 3.5515905296758548,
              "path_distance_deg": 9.298425702880955,
              "path_to_endpoint_ratio": 2.6181018406222636,
              "peak_velocity_deg": 2.3755777614295503
            },
            {
              "start_frame": 44,
              "endpoint_distance_deg": 5.5636577194434675,
              "path_distance_deg": 9.001368019567813,
              "path_to_endpoint_ratio": 1.6178867344967116,
              "peak_velocity_deg": 4.571566697151744
            },
            {
              "start_frame": 64,
              "endpoint_distance_deg": 5.347087403102285,
              "path_distance_deg": 5.6348025042509775,
              "path_to_endpoint_ratio": 1.0538078171270897,
              "peak_velocity_deg": 4.188041044636448
            }
          ],
          "boundary_blocks_by_peak": [
            {
              "start_frame": 194,
              "end_frame": 200,
              "entry_jump_deg": 18.02444960742052,
              "path_distance_deg": 75.21992138818334,
              "endpoint_distance_deg": 25.860929729391337,
              "path_to_endpoint_ratio": 2.9086317535867536,
              "peak_velocity_deg": 18.02444960742052
            },
            {
              "start_frame": 114,
              "end_frame": 120,
              "entry_jump_deg": 0.6700666139358673,
              "path_distance_deg": 48.06490947452118,
              "endpoint_distance_deg": 38.562372087127734,
              "path_to_endpoint_ratio": 1.2464199392590123,
              "peak_velocity_deg": 17.07154492304631
            },
            {
              "start_frame": 54,
              "end_frame": 60,
              "entry_jump_deg": 13.74608621249726,
              "path_distance_deg": 23.253125786315096,
              "endpoint_distance_deg": 8.433065349856852,
              "path_to_endpoint_ratio": 2.7573752629237966,
              "peak_velocity_deg": 13.74608621249726
            },
            {
              "start_frame": 144,
              "end_frame": 150,
              "entry_jump_deg": 3.1677257962836625,
              "path_distance_deg": 51.999798921444494,
              "endpoint_distance_deg": 49.45967768094194,
              "path_to_endpoint_ratio": 1.0513574159720278,
              "peak_velocity_deg": 13.62450711802784
            },
            {
              "start_frame": 124,
              "end_frame": 130,
              "entry_jump_deg": 12.229451802788274,
              "path_distance_deg": 36.44477585934534,
              "endpoint_distance_deg": 9.040962751672863,
              "path_to_endpoint_ratio": 4.031072448849755,
              "peak_velocity_deg": 12.229451802788274
            },
            {
              "start_frame": 84,
              "end_frame": 90,
              "entry_jump_deg": 2.1570575749073253,
              "path_distance_deg": 37.27443180877979,
              "endpoint_distance_deg": 10.722119590649104,
              "path_to_endpoint_ratio": 3.476405154190529,
              "peak_velocity_deg": 10.455503375247218
            },
            {
              "start_frame": 44,
              "end_frame": 50,
              "entry_jump_deg": 9.845446435802353,
              "path_distance_deg": 18.84681445537017,
              "endpoint_distance_deg": 12.859596827426103,
              "path_to_endpoint_ratio": 1.4655836188561466,
              "peak_velocity_deg": 9.845446435802353
            },
            {
              "start_frame": 74,
              "end_frame": 80,
              "entry_jump_deg": 7.678734084484176,
              "path_distance_deg": 28.73787152766933,
              "endpoint_distance_deg": 4.160587254570079,
              "path_to_endpoint_ratio": 6.907167130337918,
              "peak_velocity_deg": 8.182025171012896
            },
            {
              "start_frame": 104,
              "end_frame": 110,
              "entry_jump_deg": 2.525047317070215,
              "path_distance_deg": 31.721215967114475,
              "endpoint_distance_deg": 22.29308425626693,
              "path_to_endpoint_ratio": 1.4229173317818127,
              "peak_velocity_deg": 8.011792306581372
            },
            {
              "start_frame": 34,
              "end_frame": 40,
              "entry_jump_deg": 7.486290106435858,
              "path_distance_deg": 24.639018766812455,
              "endpoint_distance_deg": 8.451093791388615,
              "path_to_endpoint_ratio": 2.9154828209241743,
              "peak_velocity_deg": 7.486290106435858
            },
            {
              "start_frame": 154,
              "end_frame": 160,
              "entry_jump_deg": 6.932818202932942,
              "path_distance_deg": 36.602641970455565,
              "endpoint_distance_deg": 10.168133005704743,
              "path_to_endpoint_ratio": 3.599740675099349,
              "peak_velocity_deg": 7.103064097009932
            },
            {
              "start_frame": 134,
              "end_frame": 140,
              "entry_jump_deg": 6.365799414151186,
              "path_distance_deg": 27.875665832936534,
              "endpoint_distance_deg": 12.755340285475677,
              "path_to_endpoint_ratio": 2.185411381355161,
              "peak_velocity_deg": 6.365799414151186
            },
            {
              "start_frame": 184,
              "end_frame": 190,
              "entry_jump_deg": 2.9944807633886232,
              "path_distance_deg": 21.48819905903195,
              "endpoint_distance_deg": 2.914824455031002,
              "path_to_endpoint_ratio": 7.372038827910616,
              "peak_velocity_deg": 5.998404981082855
            },
            {
              "start_frame": 214,
              "end_frame": 220,
              "entry_jump_deg": 2.179455448796106,
              "path_distance_deg": 24.057617166257437,
              "endpoint_distance_deg": 3.168331386134712,
              "path_to_endpoint_ratio": 7.593150537074075,
              "peak_velocity_deg": 5.819462764747011
            },
            {
              "start_frame": 164,
              "end_frame": 170,
              "entry_jump_deg": 3.5792686557104383,
              "path_distance_deg": 26.093688022594705,
              "endpoint_distance_deg": 23.36197756450738,
              "path_to_endpoint_ratio": 1.1169297612132574,
              "peak_velocity_deg": 5.771160274047189
            },
            {
              "start_frame": 94,
              "end_frame": 100,
              "entry_jump_deg": 5.65898172394954,
              "path_distance_deg": 16.668205362743553,
              "endpoint_distance_deg": 6.839063553920454,
              "path_to_endpoint_ratio": 2.4372058003743216,
              "peak_velocity_deg": 5.65898172394954
            },
            {
              "start_frame": 204,
              "end_frame": 210,
              "entry_jump_deg": 5.328705677779574,
              "path_distance_deg": 27.413838078642986,
              "endpoint_distance_deg": 21.22344944392042,
              "path_to_endpoint_ratio": 1.2916768384460633,
              "peak_velocity_deg": 5.328705677779574
            },
            {
              "start_frame": 174,
              "end_frame": 180,
              "entry_jump_deg": 4.6522241225117575,
              "path_distance_deg": 13.950649825392713,
              "endpoint_distance_deg": 2.4332077937040926,
              "path_to_endpoint_ratio": 5.733439561343638,
              "peak_velocity_deg": 4.6522241225117575
            },
            {
              "start_frame": 64,
              "end_frame": 70,
              "entry_jump_deg": 0.3058118005760792,
              "path_distance_deg": 5.940614304827057,
              "endpoint_distance_deg": 5.112643199327968,
              "path_to_endpoint_ratio": 1.1619458024389266,
              "peak_velocity_deg": 4.188041044636448
            }
          ]
        },
        "ratios": {
          "excursion_p90": 0.9979964688732859,
          "velocity_rms": 1.414870367148349,
          "velocity_p95": 1.3631494997893376
        }
      },
      "RightHand": {
        "prediction": {
          "order": "XYZ",
          "excursion_p90_deg": 28.43066744207853,
          "excursion_max_deg": 37.6263411568633,
          "velocity_rms_deg_per_frame": 7.065762172784661,
          "velocity_p95_deg_per_frame": 15.245824682120181,
          "velocity_max_deg_per_frame": 29.82505197227018,
          "euler_axis_step_p95_deg": [
            3.057486199999986,
            7.567361499999992,
            12.437825099999994
          ],
          "top_velocity_transitions": [
            {
              "from_frame": 153,
              "to_frame": 154,
              "velocity_deg": 29.82505197227018,
              "new_block_offset": 0,
              "inside_release_blend": false
            },
            {
              "from_frame": 183,
              "to_frame": 184,
              "velocity_deg": 25.73659125308591,
              "new_block_offset": 0,
              "inside_release_blend": false
            },
            {
              "from_frame": 131,
              "to_frame": 132,
              "velocity_deg": 24.0118233103221,
              "new_block_offset": 8,
              "inside_release_blend": false
            },
            {
              "from_frame": 43,
              "to_frame": 44,
              "velocity_deg": 23.132813326366357,
              "new_block_offset": 0,
              "inside_release_blend": false
            },
            {
              "from_frame": 133,
              "to_frame": 134,
              "velocity_deg": 22.079741623426607,
              "new_block_offset": 0,
              "inside_release_blend": false
            },
            {
              "from_frame": 93,
              "to_frame": 94,
              "velocity_deg": 19.997771120958248,
              "new_block_offset": 0,
              "inside_release_blend": false
            },
            {
              "from_frame": 103,
              "to_frame": 104,
              "velocity_deg": 19.003590887339957,
              "new_block_offset": 0,
              "inside_release_blend": false
            },
            {
              "from_frame": 109,
              "to_frame": 110,
              "velocity_deg": 17.521466692815256,
              "new_block_offset": 6,
              "inside_release_blend": false
            },
            {
              "from_frame": 132,
              "to_frame": 133,
              "velocity_deg": 17.33359123069764,
              "new_block_offset": 9,
              "inside_release_blend": false
            },
            {
              "from_frame": 52,
              "to_frame": 53,
              "velocity_deg": 15.765368625874206,
              "new_block_offset": 9,
              "inside_release_blend": false
            },
            {
              "from_frame": 213,
              "to_frame": 214,
              "velocity_deg": 15.709309131880119,
              "new_block_offset": 0,
              "inside_release_blend": false
            },
            {
              "from_frame": 155,
              "to_frame": 156,
              "velocity_deg": 15.29854493406213,
              "new_block_offset": 2,
              "inside_release_blend": false
            }
          ],
          "release_blend_blocks_by_path": [
            {
              "start_frame": 104,
              "endpoint_distance_deg": 16.34056909451823,
              "path_distance_deg": 59.89048221673242,
              "path_to_endpoint_ratio": 3.6651405388826928,
              "peak_velocity_deg": 17.521466692815256
            },
            {
              "start_frame": 44,
              "endpoint_distance_deg": 29.290959213246456,
              "path_distance_deg": 50.80914286170389,
              "path_to_endpoint_ratio": 1.7346356768926199,
              "peak_velocity_deg": 10.507693157465651
            },
            {
              "start_frame": 204,
              "endpoint_distance_deg": 41.48795098164473,
              "path_distance_deg": 43.20043554279697,
              "path_to_endpoint_ratio": 1.0412766723984483,
              "peak_velocity_deg": 12.609062752373582
            },
            {
              "start_frame": 54,
              "endpoint_distance_deg": 26.371603685573067,
              "path_distance_deg": 37.949280856228874,
              "path_to_endpoint_ratio": 1.439020596119057,
              "peak_velocity_deg": 10.879119974847779
            },
            {
              "start_frame": 144,
              "endpoint_distance_deg": 15.211754247318368,
              "path_distance_deg": 36.97166642797683,
              "path_to_endpoint_ratio": 2.4304669814459072,
              "peak_velocity_deg": 12.954633879857148
            },
            {
              "start_frame": 154,
              "endpoint_distance_deg": 27.547225287536783,
              "path_distance_deg": 35.764107379832424,
              "path_to_endpoint_ratio": 1.298283475251252,
              "peak_velocity_deg": 15.29854493406213
            },
            {
              "start_frame": 84,
              "endpoint_distance_deg": 12.85997662220088,
              "path_distance_deg": 35.571396053445795,
              "path_to_endpoint_ratio": 2.7660544881580074,
              "peak_velocity_deg": 12.267295632075884
            },
            {
              "start_frame": 164,
              "endpoint_distance_deg": 2.8873864134217584,
              "path_distance_deg": 34.62135686392958,
              "path_to_endpoint_ratio": 11.990551975653583,
              "peak_velocity_deg": 11.245767247018541
            },
            {
              "start_frame": 34,
              "endpoint_distance_deg": 9.464553596971559,
              "path_distance_deg": 33.279929368159536,
              "path_to_endpoint_ratio": 3.516270368927738,
              "peak_velocity_deg": 7.41761663449634
            },
            {
              "start_frame": 74,
              "endpoint_distance_deg": 12.13065078188147,
              "path_distance_deg": 31.133238175664786,
              "path_to_endpoint_ratio": 2.5664936478235676,
              "peak_velocity_deg": 8.781998855207076
            },
            {
              "start_frame": 124,
              "endpoint_distance_deg": 15.407744351993749,
              "path_distance_deg": 28.242089629494455,
              "path_to_endpoint_ratio": 1.8329801549335774,
              "peak_velocity_deg": 7.546056615587478
            },
            {
              "start_frame": 134,
              "endpoint_distance_deg": 10.175856530492714,
              "path_distance_deg": 27.448122269396375,
              "path_to_endpoint_ratio": 2.6973770893040823,
              "peak_velocity_deg": 9.344388237293181
            },
            {
              "start_frame": 184,
              "endpoint_distance_deg": 21.500369178380826,
              "path_distance_deg": 26.110745258582575,
              "path_to_endpoint_ratio": 1.214432414715818,
              "peak_velocity_deg": 11.080917876546527
            },
            {
              "start_frame": 214,
              "endpoint_distance_deg": 2.857366746929013,
              "path_distance_deg": 21.82518090193002,
              "path_to_endpoint_ratio": 7.638214774280157,
              "peak_velocity_deg": 8.207979603169075
            },
            {
              "start_frame": 64,
              "endpoint_distance_deg": 10.190376381672314,
              "path_distance_deg": 21.43730153550591,
              "path_to_endpoint_ratio": 2.103681035183501,
              "peak_velocity_deg": 4.408208691932564
            },
            {
              "start_frame": 94,
              "endpoint_distance_deg": 3.626220106217905,
              "path_distance_deg": 21.29227860162985,
              "path_to_endpoint_ratio": 5.871755706477892,
              "peak_velocity_deg": 8.940896001854838
            },
            {
              "start_frame": 174,
              "endpoint_distance_deg": 11.693823734257638,
              "path_distance_deg": 12.058733802483102,
              "path_to_endpoint_ratio": 1.0312053675955832,
              "peak_velocity_deg": 4.434680339911821
            },
            {
              "start_frame": 114,
              "endpoint_distance_deg": 3.7663325046027034,
              "path_distance_deg": 11.370891575070415,
              "path_to_endpoint_ratio": 3.019088612376747,
              "peak_velocity_deg": 2.6636050351418628
            },
            {
              "start_frame": 194,
              "endpoint_distance_deg": 1.3104616946886338,
              "path_distance_deg": 4.874261102236119,
              "path_to_endpoint_ratio": 3.7194991063010394,
              "peak_velocity_deg": 1.658810333179636
            }
          ],
          "boundary_blocks_by_peak": [
            {
              "start_frame": 154,
              "end_frame": 160,
              "entry_jump_deg": 29.82505197227018,
              "path_distance_deg": 65.5891593521026,
              "endpoint_distance_deg": 30.34988720828936,
              "path_to_endpoint_ratio": 2.161100596584374,
              "peak_velocity_deg": 29.82505197227018
            },
            {
              "start_frame": 184,
              "end_frame": 190,
              "entry_jump_deg": 25.73659125308591,
              "path_distance_deg": 51.84733651166848,
              "endpoint_distance_deg": 42.1618727247095,
              "path_to_endpoint_ratio": 1.2297209104111426,
              "peak_velocity_deg": 25.73659125308591
            },
            {
              "start_frame": 44,
              "end_frame": 50,
              "entry_jump_deg": 23.132813326366357,
              "path_distance_deg": 73.94195618807025,
              "endpoint_distance_deg": 51.14041132745876,
              "path_to_endpoint_ratio": 1.4458615851681405,
              "peak_velocity_deg": 23.132813326366357
            },
            {
              "start_frame": 134,
              "end_frame": 140,
              "entry_jump_deg": 22.079741623426607,
              "path_distance_deg": 49.52786389282298,
              "endpoint_distance_deg": 20.10522029676598,
              "path_to_endpoint_ratio": 2.463433036880962,
              "peak_velocity_deg": 22.079741623426607
            },
            {
              "start_frame": 94,
              "end_frame": 100,
              "entry_jump_deg": 19.997771120958248,
              "path_distance_deg": 41.2900497225881,
              "endpoint_distance_deg": 21.333564456791716,
              "path_to_endpoint_ratio": 1.9354501122499046,
              "peak_velocity_deg": 19.997771120958248
            },
            {
              "start_frame": 104,
              "end_frame": 110,
              "entry_jump_deg": 19.003590887339957,
              "path_distance_deg": 78.89407310407238,
              "endpoint_distance_deg": 17.700676586861345,
              "path_to_endpoint_ratio": 4.45712189118426,
              "peak_velocity_deg": 19.003590887339957
            },
            {
              "start_frame": 214,
              "end_frame": 220,
              "entry_jump_deg": 15.709309131880119,
              "path_distance_deg": 37.53449003381014,
              "endpoint_distance_deg": 15.948035322493434,
              "path_to_endpoint_ratio": 2.353549467053834,
              "peak_velocity_deg": 15.709309131880119
            },
            {
              "start_frame": 124,
              "end_frame": 130,
              "entry_jump_deg": 14.2195319316469,
              "path_distance_deg": 42.46162156114136,
              "endpoint_distance_deg": 23.70473954918045,
              "path_to_endpoint_ratio": 1.79127138153304,
              "peak_velocity_deg": 14.2195319316469
            },
            {
              "start_frame": 144,
              "end_frame": 150,
              "entry_jump_deg": 5.266000582604594,
              "path_distance_deg": 42.23766701058142,
              "endpoint_distance_deg": 15.855494231962675,
              "path_to_endpoint_ratio": 2.6639136183743557,
              "peak_velocity_deg": 12.954633879857148
            },
            {
              "start_frame": 204,
              "end_frame": 210,
              "entry_jump_deg": 10.356363186009123,
              "path_distance_deg": 53.556798728806086,
              "endpoint_distance_deg": 49.117460803341395,
              "path_to_endpoint_ratio": 1.090382072950373,
              "peak_velocity_deg": 12.609062752373582
            },
            {
              "start_frame": 84,
              "end_frame": 90,
              "entry_jump_deg": 11.620125228578685,
              "path_distance_deg": 47.19152128202448,
              "endpoint_distance_deg": 7.640825027308625,
              "path_to_endpoint_ratio": 6.176233733053699,
              "peak_velocity_deg": 12.267295632075884
            },
            {
              "start_frame": 164,
              "end_frame": 170,
              "entry_jump_deg": 8.250258654656054,
              "path_distance_deg": 42.87161551858564,
              "endpoint_distance_deg": 6.427933477015775,
              "path_to_endpoint_ratio": 6.669579838042937,
              "peak_velocity_deg": 11.245767247018541
            },
            {
              "start_frame": 54,
              "end_frame": 60,
              "entry_jump_deg": 8.530248700149865,
              "path_distance_deg": 46.479529556378736,
              "endpoint_distance_deg": 20.679636785262595,
              "path_to_endpoint_ratio": 2.2475989321776924,
              "peak_velocity_deg": 10.879119974847779
            },
            {
              "start_frame": 64,
              "end_frame": 70,
              "entry_jump_deg": 10.245016134430777,
              "path_distance_deg": 31.682317669936687,
              "endpoint_distance_deg": 14.156999315592941,
              "path_to_endpoint_ratio": 2.23792605789285,
              "peak_velocity_deg": 10.245016134430777
            },
            {
              "start_frame": 114,
              "end_frame": 120,
              "entry_jump_deg": 9.548909894482716,
              "path_distance_deg": 20.919801469553136,
              "endpoint_distance_deg": 13.241998622778642,
              "path_to_endpoint_ratio": 1.5798069510117059,
              "peak_velocity_deg": 9.548909894482716
            },
            {
              "start_frame": 74,
              "end_frame": 80,
              "entry_jump_deg": 8.639241426702606,
              "path_distance_deg": 39.7724796023674,
              "endpoint_distance_deg": 5.499980879223015,
              "path_to_endpoint_ratio": 7.23138506764883,
              "peak_velocity_deg": 8.781998855207076
            },
            {
              "start_frame": 34,
              "end_frame": 40,
              "entry_jump_deg": 1.2893119264868051,
              "path_distance_deg": 34.56924129464634,
              "endpoint_distance_deg": 10.018860717938708,
              "path_to_endpoint_ratio": 3.4504163964222325,
              "peak_velocity_deg": 7.41761663449634
            },
            {
              "start_frame": 194,
              "end_frame": 200,
              "entry_jump_deg": 5.413097020241991,
              "path_distance_deg": 10.287358122478109,
              "endpoint_distance_deg": 4.1267145649793475,
              "path_to_endpoint_ratio": 2.4928688331826976,
              "peak_velocity_deg": 5.413097020241991
            },
            {
              "start_frame": 174,
              "end_frame": 180,
              "entry_jump_deg": 1.111480834308679,
              "path_distance_deg": 13.170214636791782,
              "endpoint_distance_deg": 12.493973532321602,
              "path_to_endpoint_ratio": 1.0541253831473838,
              "peak_velocity_deg": 4.434680339911821
            }
          ]
        },
        "ground_truth": {
          "order": "XYZ",
          "excursion_p90_deg": 34.14473085389689,
          "excursion_max_deg": 44.85875726077824,
          "velocity_rms_deg_per_frame": 7.514645793951631,
          "velocity_p95_deg_per_frame": 18.037243374818512,
          "velocity_max_deg_per_frame": 38.866036874698665,
          "euler_axis_step_p95_deg": [
            4.205839199999993,
            11.18093879999998,
            14.7562479
          ],
          "top_velocity_transitions": [
            {
              "from_frame": 117,
              "to_frame": 118,
              "velocity_deg": 38.866036874698665,
              "new_block_offset": 4,
              "inside_release_blend": false
            },
            {
              "from_frame": 70,
              "to_frame": 71,
              "velocity_deg": 25.223830414929832,
              "new_block_offset": 7,
              "inside_release_blend": false
            },
            {
              "from_frame": 101,
              "to_frame": 102,
              "velocity_deg": 24.34568497646372,
              "new_block_offset": 8,
              "inside_release_blend": false
            },
            {
              "from_frame": 29,
              "to_frame": 30,
              "velocity_deg": 22.971315033227032,
              "new_block_offset": null,
              "inside_release_blend": false
            },
            {
              "from_frame": 138,
              "to_frame": 139,
              "velocity_deg": 20.737352179848763,
              "new_block_offset": 5,
              "inside_release_blend": false
            },
            {
              "from_frame": 74,
              "to_frame": 75,
              "velocity_deg": 20.726496319613457,
              "new_block_offset": 1,
              "inside_release_blend": false
            },
            {
              "from_frame": 52,
              "to_frame": 53,
              "velocity_deg": 20.204773126557786,
              "new_block_offset": 9,
              "inside_release_blend": false
            },
            {
              "from_frame": 191,
              "to_frame": 192,
              "velocity_deg": 19.397091627579332,
              "new_block_offset": 8,
              "inside_release_blend": false
            },
            {
              "from_frame": 82,
              "to_frame": 83,
              "velocity_deg": 19.295208808994772,
              "new_block_offset": 9,
              "inside_release_blend": false
            },
            {
              "from_frame": 80,
              "to_frame": 81,
              "velocity_deg": 19.291927278671213,
              "new_block_offset": 7,
              "inside_release_blend": false
            },
            {
              "from_frame": 85,
              "to_frame": 86,
              "velocity_deg": 19.127124581534183,
              "new_block_offset": 2,
              "inside_release_blend": false
            },
            {
              "from_frame": 84,
              "to_frame": 85,
              "velocity_deg": 18.049155439745935,
              "new_block_offset": 1,
              "inside_release_blend": false
            }
          ],
          "release_blend_blocks_by_path": [
            {
              "start_frame": 114,
              "endpoint_distance_deg": 19.84538377082302,
              "path_distance_deg": 61.1569882825879,
              "path_to_endpoint_ratio": 3.0816732489951555,
              "peak_velocity_deg": 38.866036874698665
            },
            {
              "start_frame": 84,
              "endpoint_distance_deg": 26.983216498719692,
              "path_distance_deg": 57.00506238942055,
              "path_to_endpoint_ratio": 2.1126118301028103,
              "peak_velocity_deg": 19.127124581534183
            },
            {
              "start_frame": 74,
              "endpoint_distance_deg": 15.247063225136372,
              "path_distance_deg": 52.92208513876034,
              "path_to_endpoint_ratio": 3.470969088100374,
              "peak_velocity_deg": 20.726496319613457
            },
            {
              "start_frame": 104,
              "endpoint_distance_deg": 45.254285291754165,
              "path_distance_deg": 49.29985797261288,
              "path_to_endpoint_ratio": 1.0893964550489954,
              "peak_velocity_deg": 16.297172647782293
            },
            {
              "start_frame": 214,
              "endpoint_distance_deg": 34.005204411462174,
              "path_distance_deg": 39.50731356934985,
              "path_to_endpoint_ratio": 1.1618019727601776,
              "peak_velocity_deg": 12.74103238936273
            },
            {
              "start_frame": 134,
              "endpoint_distance_deg": 15.962321383232837,
              "path_distance_deg": 35.082558622417864,
              "path_to_endpoint_ratio": 2.197835626794818,
              "peak_velocity_deg": 20.737352179848763
            },
            {
              "start_frame": 124,
              "endpoint_distance_deg": 18.996140461354408,
              "path_distance_deg": 32.847101542329845,
              "path_to_endpoint_ratio": 1.7291460657049635,
              "peak_velocity_deg": 9.38064335756292
            },
            {
              "start_frame": 34,
              "endpoint_distance_deg": 12.348216009325116,
              "path_distance_deg": 28.422669101490797,
              "path_to_endpoint_ratio": 2.301763192353178,
              "peak_velocity_deg": 15.078365161502138
            },
            {
              "start_frame": 194,
              "endpoint_distance_deg": 5.369385146050889,
              "path_distance_deg": 27.686673015080324,
              "path_to_endpoint_ratio": 5.1563954274063395,
              "peak_velocity_deg": 12.982186622989744
            },
            {
              "start_frame": 94,
              "endpoint_distance_deg": 11.250193582838858,
              "path_distance_deg": 16.08250443730532,
              "path_to_endpoint_ratio": 1.4295313515171608,
              "peak_velocity_deg": 6.34396505597935
            },
            {
              "start_frame": 144,
              "endpoint_distance_deg": 7.6110524612874055,
              "path_distance_deg": 14.664635621344,
              "path_to_endpoint_ratio": 1.926755293822201,
              "peak_velocity_deg": 5.034065192562141
            },
            {
              "start_frame": 54,
              "endpoint_distance_deg": 4.0690811271098335,
              "path_distance_deg": 8.367040748342122,
              "path_to_endpoint_ratio": 2.0562482012456265,
              "peak_velocity_deg": 3.1381922147032233
            },
            {
              "start_frame": 64,
              "endpoint_distance_deg": 6.922753175367614,
              "path_distance_deg": 7.919320596347966,
              "path_to_endpoint_ratio": 1.1439553593397371,
              "peak_velocity_deg": 6.701816494225333
            },
            {
              "start_frame": 44,
              "endpoint_distance_deg": 4.109620466372045,
              "path_distance_deg": 7.0949393099376685,
              "path_to_endpoint_ratio": 1.72642203045116,
              "peak_velocity_deg": 1.687140226492928
            },
            {
              "start_frame": 164,
              "endpoint_distance_deg": 3.99416679674704,
              "path_distance_deg": 7.021098375729803,
              "path_to_endpoint_ratio": 1.7578380505911722,
              "peak_velocity_deg": 1.9540971716449367
            },
            {
              "start_frame": 154,
              "endpoint_distance_deg": 4.861462377063988,
              "path_distance_deg": 6.921142355427508,
              "path_to_endpoint_ratio": 1.4236749806150788,
              "peak_velocity_deg": 1.5553335974177842
            },
            {
              "start_frame": 184,
              "endpoint_distance_deg": 0.8085461142881334,
              "path_distance_deg": 6.584373287583952,
              "path_to_endpoint_ratio": 8.143472797938085,
              "peak_velocity_deg": 1.5227900501843206
            },
            {
              "start_frame": 204,
              "endpoint_distance_deg": 1.9008471596471075,
              "path_distance_deg": 6.2260881777789105,
              "path_to_endpoint_ratio": 3.275428088039853,
              "peak_velocity_deg": 1.6438900914180843
            },
            {
              "start_frame": 174,
              "endpoint_distance_deg": 2.039350345805757,
              "path_distance_deg": 6.028685231196238,
              "path_to_endpoint_ratio": 2.9561792771875472,
              "peak_velocity_deg": 1.902398960831807
            }
          ],
          "boundary_blocks_by_peak": [
            {
              "start_frame": 114,
              "end_frame": 120,
              "entry_jump_deg": 1.2212030022800182,
              "path_distance_deg": 62.378191284867924,
              "endpoint_distance_deg": 21.061705850046557,
              "path_to_endpoint_ratio": 2.9616875161481775,
              "peak_velocity_deg": 38.866036874698665
            },
            {
              "start_frame": 134,
              "end_frame": 140,
              "entry_jump_deg": 1.367159750613884,
              "path_distance_deg": 36.44971837303175,
              "endpoint_distance_deg": 14.6669406375232,
              "path_to_endpoint_ratio": 2.4851616484886105,
              "peak_velocity_deg": 20.737352179848763
            },
            {
              "start_frame": 74,
              "end_frame": 80,
              "entry_jump_deg": 11.20366347835497,
              "path_distance_deg": 64.12574861711532,
              "endpoint_distance_deg": 14.126714297568492,
              "path_to_endpoint_ratio": 4.539325087656988,
              "peak_velocity_deg": 20.726496319613457
            },
            {
              "start_frame": 84,
              "end_frame": 90,
              "entry_jump_deg": 15.87111389279275,
              "path_distance_deg": 72.8761762822133,
              "endpoint_distance_deg": 37.03323541344,
              "path_to_endpoint_ratio": 1.9678587481925833,
              "peak_velocity_deg": 19.127124581534183
            },
            {
              "start_frame": 104,
              "end_frame": 110,
              "entry_jump_deg": 5.737408379384761,
              "path_distance_deg": 55.03726635199764,
              "endpoint_distance_deg": 40.752157067238606,
              "path_to_endpoint_ratio": 1.3505362737287614,
              "peak_velocity_deg": 16.297172647782293
            },
            {
              "start_frame": 34,
              "end_frame": 40,
              "entry_jump_deg": 2.770199932559184,
              "path_distance_deg": 31.192869034049984,
              "endpoint_distance_deg": 9.986759191126467,
              "path_to_endpoint_ratio": 3.1234225675297926,
              "peak_velocity_deg": 15.078365161502138
            },
            {
              "start_frame": 194,
              "end_frame": 200,
              "entry_jump_deg": 5.441156206905311,
              "path_distance_deg": 33.127829221985635,
              "endpoint_distance_deg": 5.427409911392389,
              "path_to_endpoint_ratio": 6.103800848439467,
              "peak_velocity_deg": 12.982186622989744
            },
            {
              "start_frame": 214,
              "end_frame": 220,
              "entry_jump_deg": 1.1144854712125238,
              "path_distance_deg": 40.621799040562365,
              "endpoint_distance_deg": 33.485222882003676,
              "path_to_endpoint_ratio": 1.2131261357795584,
              "peak_velocity_deg": 12.74103238936273
            },
            {
              "start_frame": 124,
              "end_frame": 130,
              "entry_jump_deg": 4.0175473748155515,
              "path_distance_deg": 36.864648917145395,
              "endpoint_distance_deg": 15.308788030967547,
              "path_to_endpoint_ratio": 2.408071027084139,
              "peak_velocity_deg": 9.38064335756292
            },
            {
              "start_frame": 64,
              "end_frame": 70,
              "entry_jump_deg": 0.26033903555578386,
              "path_distance_deg": 8.17965963190375,
              "endpoint_distance_deg": 7.180461567842672,
              "path_to_endpoint_ratio": 1.1391551301570828,
              "peak_velocity_deg": 6.701816494225333
            },
            {
              "start_frame": 94,
              "end_frame": 100,
              "entry_jump_deg": 0.6379261652364352,
              "path_distance_deg": 16.720430602541754,
              "endpoint_distance_deg": 10.615632738485532,
              "path_to_endpoint_ratio": 1.5750762120776944,
              "peak_velocity_deg": 6.34396505597935
            },
            {
              "start_frame": 44,
              "end_frame": 50,
              "entry_jump_deg": 5.830436144491452,
              "path_distance_deg": 12.925375454429124,
              "endpoint_distance_deg": 2.10923330310418,
              "path_to_endpoint_ratio": 6.127997047745604,
              "peak_velocity_deg": 5.830436144491452
            },
            {
              "start_frame": 144,
              "end_frame": 150,
              "entry_jump_deg": 1.3172075921220725,
              "path_distance_deg": 15.981843213466073,
              "endpoint_distance_deg": 6.776983424021989,
              "path_to_endpoint_ratio": 2.3582532542157533,
              "peak_velocity_deg": 5.034065192562141
            },
            {
              "start_frame": 54,
              "end_frame": 60,
              "entry_jump_deg": 2.9388756061013526,
              "path_distance_deg": 11.305916354443474,
              "endpoint_distance_deg": 3.8178810862836015,
              "path_to_endpoint_ratio": 2.961306572659357,
              "peak_velocity_deg": 3.1381922147032233
            },
            {
              "start_frame": 164,
              "end_frame": 170,
              "entry_jump_deg": 2.1649423133562897,
              "path_distance_deg": 9.186040689086092,
              "endpoint_distance_deg": 3.344518704288068,
              "path_to_endpoint_ratio": 2.7465956991983633,
              "peak_velocity_deg": 2.1649423133562897
            },
            {
              "start_frame": 174,
              "end_frame": 180,
              "entry_jump_deg": 1.1532131857842698,
              "path_distance_deg": 7.181898416980507,
              "endpoint_distance_deg": 1.4966892087189685,
              "path_to_endpoint_ratio": 4.798523551277267,
              "peak_velocity_deg": 1.902398960831807
            },
            {
              "start_frame": 204,
              "end_frame": 210,
              "entry_jump_deg": 1.2478279528687575,
              "path_distance_deg": 7.473916130647668,
              "endpoint_distance_deg": 3.0288565187907377,
              "path_to_endpoint_ratio": 2.467570214792349,
              "peak_velocity_deg": 1.6438900914180843
            },
            {
              "start_frame": 154,
              "end_frame": 160,
              "entry_jump_deg": 1.0326149534267368,
              "path_distance_deg": 7.953757308854246,
              "endpoint_distance_deg": 4.578538362465592,
              "path_to_endpoint_ratio": 1.7371826288621643,
              "peak_velocity_deg": 1.5553335974177842
            },
            {
              "start_frame": 184,
              "end_frame": 190,
              "entry_jump_deg": 0.3981631420506388,
              "path_distance_deg": 6.982536429634591,
              "endpoint_distance_deg": 0.7958020148261635,
              "path_to_endpoint_ratio": 8.774213057452322,
              "peak_velocity_deg": 1.5227900501843206
            }
          ]
        },
        "ratios": {
          "excursion_p90": 0.8326516780504591,
          "velocity_rms": 0.940265498404693,
          "velocity_p95": 0.84524139112103
        }
      },
      "LeftShoulder": {
        "prediction": {
          "order": "XYZ",
          "excursion_p90_deg": 3.5560319165258325,
          "excursion_max_deg": 8.428479598419168,
          "velocity_rms_deg_per_frame": 0.8548100947899641,
          "velocity_p95_deg_per_frame": 1.6330136940347986,
          "velocity_max_deg_per_frame": 5.257758443754988,
          "euler_axis_step_p95_deg": [
            0.014657499999992748,
            0.8261048999999955,
            1.3802246999999936
          ],
          "top_velocity_transitions": [
            {
              "from_frame": 163,
              "to_frame": 164,
              "velocity_deg": 5.257758443754988,
              "new_block_offset": 0,
              "inside_release_blend": false
            },
            {
              "from_frame": 153,
              "to_frame": 154,
              "velocity_deg": 3.319136693736443,
              "new_block_offset": 0,
              "inside_release_blend": false
            },
            {
              "from_frame": 164,
              "to_frame": 165,
              "velocity_deg": 3.1539787956849743,
              "new_block_offset": 1,
              "inside_release_blend": false
            },
            {
              "from_frame": 43,
              "to_frame": 44,
              "velocity_deg": 2.6960555748823674,
              "new_block_offset": 0,
              "inside_release_blend": false
            },
            {
              "from_frame": 63,
              "to_frame": 64,
              "velocity_deg": 2.5096514460672497,
              "new_block_offset": 0,
              "inside_release_blend": false
            },
            {
              "from_frame": 32,
              "to_frame": 33,
              "velocity_deg": 2.1019114048173093,
              "new_block_offset": null,
              "inside_release_blend": false
            },
            {
              "from_frame": 44,
              "to_frame": 45,
              "velocity_deg": 1.9499040776101684,
              "new_block_offset": 1,
              "inside_release_blend": false
            },
            {
              "from_frame": 154,
              "to_frame": 155,
              "velocity_deg": 1.915289754879422,
              "new_block_offset": 1,
              "inside_release_blend": false
            },
            {
              "from_frame": 143,
              "to_frame": 144,
              "velocity_deg": 1.9092398512653077,
              "new_block_offset": 0,
              "inside_release_blend": false
            },
            {
              "from_frame": 213,
              "to_frame": 214,
              "velocity_deg": 1.8001325968670252,
              "new_block_offset": 0,
              "inside_release_blend": false
            },
            {
              "from_frame": 155,
              "to_frame": 156,
              "velocity_deg": 1.7079872905205697,
              "new_block_offset": 2,
              "inside_release_blend": false
            },
            {
              "from_frame": 64,
              "to_frame": 65,
              "velocity_deg": 1.6378518798288566,
              "new_block_offset": 1,
              "inside_release_blend": false
            }
          ],
          "release_blend_blocks_by_path": [
            {
              "start_frame": 154,
              "endpoint_distance_deg": 7.670629985050095,
              "path_distance_deg": 8.051947342439922,
              "path_to_endpoint_ratio": 1.0497113481073923,
              "peak_velocity_deg": 1.915289754879422
            },
            {
              "start_frame": 164,
              "endpoint_distance_deg": 2.3274487800570545,
              "path_distance_deg": 7.189969694594501,
              "path_to_endpoint_ratio": 3.089206411845612,
              "peak_velocity_deg": 3.1539787956849743
            },
            {
              "start_frame": 34,
              "endpoint_distance_deg": 4.816568115684555,
              "path_distance_deg": 5.333737576122901,
              "path_to_endpoint_ratio": 1.1073730191324915,
              "peak_velocity_deg": 1.3279512590000255
            },
            {
              "start_frame": 44,
              "endpoint_distance_deg": 3.9157117886094874,
              "path_distance_deg": 4.5508060463807185,
              "path_to_endpoint_ratio": 1.1621912674009034,
              "peak_velocity_deg": 1.9499040776101684
            },
            {
              "start_frame": 54,
              "endpoint_distance_deg": 4.0278157791704965,
              "path_distance_deg": 4.534448322834129,
              "path_to_endpoint_ratio": 1.1257834447850468,
              "peak_velocity_deg": 1.0098621488016808
            },
            {
              "start_frame": 174,
              "endpoint_distance_deg": 2.5532149136375795,
              "path_distance_deg": 4.532706926550203,
              "path_to_endpoint_ratio": 1.7752939254504159,
              "peak_velocity_deg": 1.5344491153598612
            },
            {
              "start_frame": 64,
              "endpoint_distance_deg": 1.7967216301784013,
              "path_distance_deg": 3.8747031923033015,
              "path_to_endpoint_ratio": 2.156540627786939,
              "peak_velocity_deg": 1.6378518798288566
            },
            {
              "start_frame": 184,
              "endpoint_distance_deg": 0.998420239354289,
              "path_distance_deg": 3.461119489533651,
              "path_to_endpoint_ratio": 3.466595881281483,
              "peak_velocity_deg": 0.8027026617267232
            },
            {
              "start_frame": 134,
              "endpoint_distance_deg": 0.2042256180100956,
              "path_distance_deg": 3.2269348634011026,
              "path_to_endpoint_ratio": 15.800832896691658,
              "peak_velocity_deg": 0.7438703591472734
            },
            {
              "start_frame": 104,
              "endpoint_distance_deg": 0.9943842356367373,
              "path_distance_deg": 3.053551444349921,
              "path_to_endpoint_ratio": 3.070796312850465,
              "peak_velocity_deg": 0.725463911849295
            },
            {
              "start_frame": 84,
              "endpoint_distance_deg": 1.4963252283029878,
              "path_distance_deg": 2.9280892669410346,
              "path_to_endpoint_ratio": 1.9568535045431525,
              "peak_velocity_deg": 0.6623922811382034
            },
            {
              "start_frame": 94,
              "endpoint_distance_deg": 1.9144779312555733,
              "path_distance_deg": 2.5702637388685816,
              "path_to_endpoint_ratio": 1.342540280515495,
              "peak_velocity_deg": 0.9121728681225868
            },
            {
              "start_frame": 194,
              "endpoint_distance_deg": 2.0469334641789994,
              "path_distance_deg": 2.470388818733145,
              "path_to_endpoint_ratio": 1.206873043000442,
              "peak_velocity_deg": 0.6773417171753319
            },
            {
              "start_frame": 214,
              "endpoint_distance_deg": 1.1115081112962164,
              "path_distance_deg": 2.0995376480522863,
              "path_to_endpoint_ratio": 1.888908975755338,
              "peak_velocity_deg": 0.4976973870239537
            },
            {
              "start_frame": 124,
              "endpoint_distance_deg": 1.45821703152173,
              "path_distance_deg": 2.035346281775015,
              "path_to_endpoint_ratio": 1.3957773347709557,
              "peak_velocity_deg": 0.7473719165664063
            },
            {
              "start_frame": 114,
              "endpoint_distance_deg": 0.523313777426598,
              "path_distance_deg": 2.0086032407676626,
              "path_to_endpoint_ratio": 3.8382387917340797,
              "peak_velocity_deg": 0.42291539719555293
            },
            {
              "start_frame": 144,
              "endpoint_distance_deg": 0.990105170779228,
              "path_distance_deg": 1.9787328737393102,
              "path_to_endpoint_ratio": 1.9985077667880644,
              "peak_velocity_deg": 0.6102471972430761
            },
            {
              "start_frame": 204,
              "endpoint_distance_deg": 0.4575847214556538,
              "path_distance_deg": 1.6538881841171078,
              "path_to_endpoint_ratio": 3.614386815311079,
              "peak_velocity_deg": 0.4700329180066037
            },
            {
              "start_frame": 74,
              "endpoint_distance_deg": 0.7683791638870798,
              "path_distance_deg": 1.5638014402914553,
              "path_to_endpoint_ratio": 2.035195010208879,
              "peak_velocity_deg": 0.36908163294354696
            }
          ],
          "boundary_blocks_by_peak": [
            {
              "start_frame": 164,
              "end_frame": 170,
              "entry_jump_deg": 5.257758443754988,
              "path_distance_deg": 12.447728138349486,
              "endpoint_distance_deg": 7.5728094317617884,
              "path_to_endpoint_ratio": 1.6437397838299443,
              "peak_velocity_deg": 5.257758443754988
            },
            {
              "start_frame": 154,
              "end_frame": 160,
              "entry_jump_deg": 3.319136693736443,
              "path_distance_deg": 11.371084036176365,
              "endpoint_distance_deg": 10.099540639981265,
              "path_to_endpoint_ratio": 1.125901111894279,
              "peak_velocity_deg": 3.319136693736443
            },
            {
              "start_frame": 44,
              "end_frame": 50,
              "entry_jump_deg": 2.6960555748823674,
              "path_distance_deg": 7.246861621263085,
              "endpoint_distance_deg": 6.202481253717429,
              "path_to_endpoint_ratio": 1.1683810599056164,
              "peak_velocity_deg": 2.6960555748823674
            },
            {
              "start_frame": 64,
              "end_frame": 70,
              "entry_jump_deg": 2.5096514460672497,
              "path_distance_deg": 6.38435463837055,
              "endpoint_distance_deg": 4.3061462905004175,
              "path_to_endpoint_ratio": 1.4826144324113577,
              "peak_velocity_deg": 2.5096514460672497
            },
            {
              "start_frame": 144,
              "end_frame": 150,
              "entry_jump_deg": 1.9092398512653077,
              "path_distance_deg": 3.887972725004618,
              "endpoint_distance_deg": 2.7334885888737723,
              "path_to_endpoint_ratio": 1.4223482552039868,
              "peak_velocity_deg": 1.9092398512653077
            },
            {
              "start_frame": 214,
              "end_frame": 220,
              "entry_jump_deg": 1.8001325968670252,
              "path_distance_deg": 3.8996702449193115,
              "endpoint_distance_deg": 2.605253956487841,
              "path_to_endpoint_ratio": 1.4968484109612412,
              "peak_velocity_deg": 1.8001325968670252
            },
            {
              "start_frame": 174,
              "end_frame": 180,
              "entry_jump_deg": 1.0939554876592785,
              "path_distance_deg": 5.626662414209481,
              "endpoint_distance_deg": 1.4677752115721772,
              "path_to_endpoint_ratio": 3.83346330544893,
              "peak_velocity_deg": 1.5344491153598612
            },
            {
              "start_frame": 34,
              "end_frame": 40,
              "entry_jump_deg": 0.867623097846808,
              "path_distance_deg": 6.201360673969709,
              "endpoint_distance_deg": 4.696819435655443,
              "path_to_endpoint_ratio": 1.320331930772703,
              "peak_velocity_deg": 1.3279512590000255
            },
            {
              "start_frame": 54,
              "end_frame": 60,
              "entry_jump_deg": 1.2457249123348215,
              "path_distance_deg": 5.78017323516895,
              "endpoint_distance_deg": 3.461961327313818,
              "path_to_endpoint_ratio": 1.6696238601988842,
              "peak_velocity_deg": 1.2457249123348215
            },
            {
              "start_frame": 104,
              "end_frame": 110,
              "entry_jump_deg": 1.124721308140212,
              "path_distance_deg": 4.178272752490133,
              "endpoint_distance_deg": 1.4366118324134218,
              "path_to_endpoint_ratio": 2.9084215083143823,
              "peak_velocity_deg": 1.124721308140212
            },
            {
              "start_frame": 94,
              "end_frame": 100,
              "entry_jump_deg": 0.7298710794896347,
              "path_distance_deg": 3.300134818358216,
              "endpoint_distance_deg": 1.9055557826944078,
              "path_to_endpoint_ratio": 1.731848969381473,
              "peak_velocity_deg": 0.9121728681225868
            },
            {
              "start_frame": 84,
              "end_frame": 90,
              "entry_jump_deg": 0.8291941532318088,
              "path_distance_deg": 3.7572834201728433,
              "endpoint_distance_deg": 2.325044414312464,
              "path_to_endpoint_ratio": 1.6160050092135143,
              "peak_velocity_deg": 0.8291941532318088
            },
            {
              "start_frame": 184,
              "end_frame": 190,
              "entry_jump_deg": 0.09577510820244525,
              "path_distance_deg": 3.5568945977360964,
              "endpoint_distance_deg": 1.0560466793641354,
              "path_to_endpoint_ratio": 3.3681225150745857,
              "peak_velocity_deg": 0.8027026617267232
            },
            {
              "start_frame": 204,
              "end_frame": 210,
              "entry_jump_deg": 0.7513545569102433,
              "path_distance_deg": 2.405242741027351,
              "endpoint_distance_deg": 0.6319903674370747,
              "path_to_endpoint_ratio": 3.805821836781133,
              "peak_velocity_deg": 0.7513545569102433
            },
            {
              "start_frame": 124,
              "end_frame": 130,
              "entry_jump_deg": 0.4780825922633473,
              "path_distance_deg": 2.513428874038362,
              "endpoint_distance_deg": 1.7711679116384482,
              "path_to_endpoint_ratio": 1.419079951439089,
              "peak_velocity_deg": 0.7473719165664063
            },
            {
              "start_frame": 134,
              "end_frame": 140,
              "entry_jump_deg": 0.5469889455998577,
              "path_distance_deg": 3.7739238090009604,
              "endpoint_distance_deg": 0.3966083155179956,
              "path_to_endpoint_ratio": 9.515493400767397,
              "peak_velocity_deg": 0.7438703591472734
            },
            {
              "start_frame": 74,
              "end_frame": 80,
              "entry_jump_deg": 0.7159518888410279,
              "path_distance_deg": 2.2797533291324834,
              "endpoint_distance_deg": 1.2642950610911745,
              "path_to_endpoint_ratio": 1.8031813927714768,
              "peak_velocity_deg": 0.7159518888410279
            },
            {
              "start_frame": 194,
              "end_frame": 200,
              "entry_jump_deg": 0.45255923631266204,
              "path_distance_deg": 2.9229480550458073,
              "endpoint_distance_deg": 2.4992165200596803,
              "path_to_endpoint_ratio": 1.1695457482715457,
              "peak_velocity_deg": 0.6773417171753319
            },
            {
              "start_frame": 114,
              "end_frame": 120,
              "entry_jump_deg": 0.554308583277037,
              "path_distance_deg": 2.5629118240446993,
              "endpoint_distance_deg": 0.3931433013201027,
              "path_to_endpoint_ratio": 6.519027070889709,
              "peak_velocity_deg": 0.554308583277037
            }
          ]
        },
        "ground_truth": {
          "order": "XYZ",
          "excursion_p90_deg": 2.439307047064614,
          "excursion_max_deg": 4.279850351723788,
          "velocity_rms_deg_per_frame": 0.3542412311368025,
          "velocity_p95_deg_per_frame": 0.7203303533187654,
          "velocity_max_deg_per_frame": 1.1993709264836134,
          "euler_axis_step_p95_deg": [
            9.999999974752427e-07,
            0.44150689999999027,
            0.5858209000000096
          ],
          "top_velocity_transitions": [
            {
              "from_frame": 202,
              "to_frame": 203,
              "velocity_deg": 1.1993709264836134,
              "new_block_offset": 9,
              "inside_release_blend": false
            },
            {
              "from_frame": 214,
              "to_frame": 215,
              "velocity_deg": 1.1628182418037223,
              "new_block_offset": 1,
              "inside_release_blend": false
            },
            {
              "from_frame": 183,
              "to_frame": 184,
              "velocity_deg": 1.1381883189703488,
              "new_block_offset": 0,
              "inside_release_blend": false
            },
            {
              "from_frame": 139,
              "to_frame": 140,
              "velocity_deg": 1.0037229535667898,
              "new_block_offset": 6,
              "inside_release_blend": false
            },
            {
              "from_frame": 207,
              "to_frame": 208,
              "velocity_deg": 0.9745557963308855,
              "new_block_offset": 4,
              "inside_release_blend": false
            },
            {
              "from_frame": 160,
              "to_frame": 161,
              "velocity_deg": 0.9090303630736569,
              "new_block_offset": 7,
              "inside_release_blend": false
            },
            {
              "from_frame": 88,
              "to_frame": 89,
              "velocity_deg": 0.8821791432145895,
              "new_block_offset": 5,
              "inside_release_blend": false
            },
            {
              "from_frame": 182,
              "to_frame": 183,
              "velocity_deg": 0.7747026167025981,
              "new_block_offset": 9,
              "inside_release_blend": false
            },
            {
              "from_frame": 203,
              "to_frame": 204,
              "velocity_deg": 0.7696975287544675,
              "new_block_offset": 0,
              "inside_release_blend": false
            },
            {
              "from_frame": 178,
              "to_frame": 179,
              "velocity_deg": 0.7652490674469324,
              "new_block_offset": 5,
              "inside_release_blend": false
            },
            {
              "from_frame": 159,
              "to_frame": 160,
              "velocity_deg": 0.7324933107728653,
              "new_block_offset": 6,
              "inside_release_blend": false
            },
            {
              "from_frame": 217,
              "to_frame": 218,
              "velocity_deg": 0.7237990290800362,
              "new_block_offset": 4,
              "inside_release_blend": false
            }
          ],
          "release_blend_blocks_by_path": [
            {
              "start_frame": 214,
              "endpoint_distance_deg": 3.546869843445285,
              "path_distance_deg": 3.781141300338198,
              "path_to_endpoint_ratio": 1.0660501984096917,
              "peak_velocity_deg": 1.1628182418037223
            },
            {
              "start_frame": 204,
              "endpoint_distance_deg": 1.6045448431713434,
              "path_distance_deg": 2.4494699431186553,
              "path_to_endpoint_ratio": 1.5265824159063939,
              "peak_velocity_deg": 0.9745557963308855
            },
            {
              "start_frame": 174,
              "endpoint_distance_deg": 1.2950968107569205,
              "path_distance_deg": 2.38664585727847,
              "path_to_endpoint_ratio": 1.8428320087388623,
              "peak_velocity_deg": 0.7652490674469324
            },
            {
              "start_frame": 84,
              "endpoint_distance_deg": 0.44902161423752396,
              "path_distance_deg": 2.3229792180515005,
              "path_to_endpoint_ratio": 5.173424049967199,
              "peak_velocity_deg": 0.8821791432145895
            },
            {
              "start_frame": 144,
              "endpoint_distance_deg": 1.6286554031499765,
              "path_distance_deg": 2.243296027973928,
              "path_to_endpoint_ratio": 1.3773914504168145,
              "peak_velocity_deg": 0.6628129692258068
            },
            {
              "start_frame": 34,
              "endpoint_distance_deg": 0.9609319885231352,
              "path_distance_deg": 2.1943456051499335,
              "path_to_endpoint_ratio": 2.2835597434137274,
              "peak_velocity_deg": 0.5043978957721492
            },
            {
              "start_frame": 154,
              "endpoint_distance_deg": 0.3438195941658743,
              "path_distance_deg": 2.061572761694796,
              "path_to_endpoint_ratio": 5.996088636822132,
              "peak_velocity_deg": 0.7324933107728653
            },
            {
              "start_frame": 134,
              "endpoint_distance_deg": 1.4722331445936907,
              "path_distance_deg": 2.0203724550643045,
              "path_to_endpoint_ratio": 1.3723182788564987,
              "peak_velocity_deg": 1.0037229535667898
            },
            {
              "start_frame": 194,
              "endpoint_distance_deg": 1.121743403980081,
              "path_distance_deg": 1.9716104655614122,
              "path_to_endpoint_ratio": 1.7576305406083959,
              "peak_velocity_deg": 0.572502213586036
            },
            {
              "start_frame": 164,
              "endpoint_distance_deg": 1.2683770185816428,
              "path_distance_deg": 1.4038686315568578,
              "path_to_endpoint_ratio": 1.106822822386618,
              "peak_velocity_deg": 0.41383021222503175
            },
            {
              "start_frame": 44,
              "endpoint_distance_deg": 0.392198409922708,
              "path_distance_deg": 1.1935998029134975,
              "path_to_endpoint_ratio": 3.0433570680429956,
              "peak_velocity_deg": 0.28482101786318725
            },
            {
              "start_frame": 124,
              "endpoint_distance_deg": 0.4732771603621471,
              "path_distance_deg": 1.143205638469791,
              "path_to_endpoint_ratio": 2.4155098411996496,
              "peak_velocity_deg": 0.3071307478471742
            },
            {
              "start_frame": 184,
              "endpoint_distance_deg": 0.5108732342594831,
              "path_distance_deg": 1.1354489953757014,
              "path_to_endpoint_ratio": 2.2225650498631984,
              "peak_velocity_deg": 0.27384254492590243
            },
            {
              "start_frame": 74,
              "endpoint_distance_deg": 0.2143111609618486,
              "path_distance_deg": 1.1038784042674499,
              "path_to_endpoint_ratio": 5.150820887317021,
              "peak_velocity_deg": 0.28763525978846943
            },
            {
              "start_frame": 54,
              "endpoint_distance_deg": 0.3272417878819732,
              "path_distance_deg": 1.0423328651385602,
              "path_to_endpoint_ratio": 3.1852070968225483,
              "peak_velocity_deg": 0.26801956909034197
            },
            {
              "start_frame": 104,
              "endpoint_distance_deg": 0.3922356515216355,
              "path_distance_deg": 1.0238656747282664,
              "path_to_endpoint_ratio": 2.610333024946333,
              "peak_velocity_deg": 0.3302694459833216
            },
            {
              "start_frame": 94,
              "endpoint_distance_deg": 0.3376707794888715,
              "path_distance_deg": 0.8398105048518542,
              "path_to_endpoint_ratio": 2.487068931824856,
              "peak_velocity_deg": 0.2828404240596019
            },
            {
              "start_frame": 64,
              "endpoint_distance_deg": 0.4843712741152861,
              "path_distance_deg": 0.6331631551793303,
              "path_to_endpoint_ratio": 1.3071856012432108,
              "peak_velocity_deg": 0.20072456090303342
            },
            {
              "start_frame": 114,
              "endpoint_distance_deg": 0.10631461086817687,
              "path_distance_deg": 0.6146984890972114,
              "path_to_endpoint_ratio": 5.781881569029088,
              "peak_velocity_deg": 0.21098608563594884
            }
          ],
          "boundary_blocks_by_peak": [
            {
              "start_frame": 214,
              "end_frame": 220,
              "entry_jump_deg": 0.6320264284344059,
              "path_distance_deg": 4.4131677287726045,
              "endpoint_distance_deg": 4.128427936303881,
              "path_to_endpoint_ratio": 1.0689705129559914,
              "peak_velocity_deg": 1.1628182418037223
            },
            {
              "start_frame": 184,
              "end_frame": 190,
              "entry_jump_deg": 1.1381883189703488,
              "path_distance_deg": 2.2736373143460504,
              "endpoint_distance_deg": 1.3529393656555322,
              "path_to_endpoint_ratio": 1.680516785942153,
              "peak_velocity_deg": 1.1381883189703488
            },
            {
              "start_frame": 134,
              "end_frame": 140,
              "entry_jump_deg": 0.04244661921518619,
              "path_distance_deg": 2.0628190742794907,
              "endpoint_distance_deg": 1.4644730957523742,
              "path_to_endpoint_ratio": 1.4085742375620194,
              "peak_velocity_deg": 1.0037229535667898
            },
            {
              "start_frame": 204,
              "end_frame": 210,
              "entry_jump_deg": 0.7696975287544675,
              "path_distance_deg": 3.219167471873123,
              "endpoint_distance_deg": 2.3683106246487364,
              "path_to_endpoint_ratio": 1.3592674197248025,
              "peak_velocity_deg": 0.9745557963308855
            },
            {
              "start_frame": 84,
              "end_frame": 90,
              "entry_jump_deg": 0.18008528414621186,
              "path_distance_deg": 2.5030645021977125,
              "endpoint_distance_deg": 0.4810168586248615,
              "path_to_endpoint_ratio": 5.203693919072841,
              "peak_velocity_deg": 0.8821791432145895
            },
            {
              "start_frame": 174,
              "end_frame": 180,
              "entry_jump_deg": 0.2232375079154428,
              "path_distance_deg": 2.609883365193913,
              "endpoint_distance_deg": 1.460194523718013,
              "path_to_endpoint_ratio": 1.787353207262078,
              "peak_velocity_deg": 0.7652490674469324
            },
            {
              "start_frame": 154,
              "end_frame": 160,
              "entry_jump_deg": 0.4248452119388037,
              "path_distance_deg": 2.4864179736336,
              "endpoint_distance_deg": 0.37592026718664323,
              "path_to_endpoint_ratio": 6.614216339655614,
              "peak_velocity_deg": 0.7324933107728653
            },
            {
              "start_frame": 144,
              "end_frame": 150,
              "entry_jump_deg": 0.16399124986149022,
              "path_distance_deg": 2.407287277835418,
              "endpoint_distance_deg": 1.707164499933682,
              "path_to_endpoint_ratio": 1.4101085618456415,
              "peak_velocity_deg": 0.6628129692258068
            },
            {
              "start_frame": 194,
              "end_frame": 200,
              "entry_jump_deg": 0.39120334406092316,
              "path_distance_deg": 2.3628138096223354,
              "endpoint_distance_deg": 0.732448836131138,
              "path_to_endpoint_ratio": 3.225909705997944,
              "peak_velocity_deg": 0.572502213586036
            },
            {
              "start_frame": 34,
              "end_frame": 40,
              "entry_jump_deg": 0.24737151381077938,
              "path_distance_deg": 2.441717118960713,
              "endpoint_distance_deg": 1.1924866981174207,
              "path_to_endpoint_ratio": 2.0475843653564043,
              "peak_velocity_deg": 0.5043978957721492
            },
            {
              "start_frame": 164,
              "end_frame": 170,
              "entry_jump_deg": 0.16887988124762918,
              "path_distance_deg": 1.572748512804487,
              "endpoint_distance_deg": 1.1409346244121805,
              "path_to_endpoint_ratio": 1.3784738223846793,
              "peak_velocity_deg": 0.41383021222503175
            },
            {
              "start_frame": 54,
              "end_frame": 60,
              "entry_jump_deg": 0.3857170508946514,
              "path_distance_deg": 1.4280499160332116,
              "endpoint_distance_deg": 0.7126274239692071,
              "path_to_endpoint_ratio": 2.0039222011401545,
              "peak_velocity_deg": 0.3857170508946514
            },
            {
              "start_frame": 104,
              "end_frame": 110,
              "entry_jump_deg": 0.2655023703724595,
              "path_distance_deg": 1.289368045100726,
              "endpoint_distance_deg": 0.5278261206531717,
              "path_to_endpoint_ratio": 2.4427893858401037,
              "peak_velocity_deg": 0.3302694459833216
            },
            {
              "start_frame": 74,
              "end_frame": 80,
              "entry_jump_deg": 0.3193202369346684,
              "path_distance_deg": 1.4231986412021185,
              "endpoint_distance_deg": 0.29074620180741445,
              "path_to_endpoint_ratio": 4.894986185046785,
              "peak_velocity_deg": 0.3193202369346684
            },
            {
              "start_frame": 124,
              "end_frame": 130,
              "entry_jump_deg": 0.11106196394268317,
              "path_distance_deg": 1.2542676024124741,
              "endpoint_distance_deg": 0.5826440810966635,
              "path_to_endpoint_ratio": 2.152716629424379,
              "peak_velocity_deg": 0.3071307478471742
            },
            {
              "start_frame": 44,
              "end_frame": 50,
              "entry_jump_deg": 0.18297452792201238,
              "path_distance_deg": 1.37657433083551,
              "endpoint_distance_deg": 0.24614691179045634,
              "path_to_endpoint_ratio": 5.592490764244815,
              "peak_velocity_deg": 0.28482101786318725
            },
            {
              "start_frame": 94,
              "end_frame": 100,
              "entry_jump_deg": 0.13482132173455091,
              "path_distance_deg": 0.974631826586405,
              "endpoint_distance_deg": 0.4468411065536907,
              "path_to_endpoint_ratio": 2.1811597283503215,
              "peak_velocity_deg": 0.2828404240596019
            },
            {
              "start_frame": 114,
              "end_frame": 120,
              "entry_jump_deg": 0.07935862400479267,
              "path_distance_deg": 0.6940571131020041,
              "endpoint_distance_deg": 0.15905492403866836,
              "path_to_endpoint_ratio": 4.363631728454189,
              "peak_velocity_deg": 0.21098608563594884
            },
            {
              "start_frame": 64,
              "end_frame": 70,
              "entry_jump_deg": 0.15083357907668318,
              "path_distance_deg": 0.7839967342560135,
              "endpoint_distance_deg": 0.3927782136546022,
              "path_to_endpoint_ratio": 1.9960290744268152,
              "peak_velocity_deg": 0.20072456090303342
            }
          ]
        },
        "ratios": {
          "excursion_p90": 1.4578041418791663,
          "velocity_rms": 2.4130734077644664,
          "velocity_p95": 2.267034405132372
        }
      },
      "LeftArm": {
        "prediction": {
          "order": "XYZ",
          "excursion_p90_deg": 26.897907250357697,
          "excursion_max_deg": 50.07554955337157,
          "velocity_rms_deg_per_frame": 6.69859272068356,
          "velocity_p95_deg_per_frame": 14.212987453152687,
          "velocity_max_deg_per_frame": 22.93123811113494,
          "euler_axis_step_p95_deg": [
            10.106677199999984,
            6.558696599999997,
            6.1508858
          ],
          "top_velocity_transitions": [
            {
              "from_frame": 103,
              "to_frame": 104,
              "velocity_deg": 22.93123811113494,
              "new_block_offset": 0,
              "inside_release_blend": false
            },
            {
              "from_frame": 143,
              "to_frame": 144,
              "velocity_deg": 21.890160532140523,
              "new_block_offset": 0,
              "inside_release_blend": false
            },
            {
              "from_frame": 164,
              "to_frame": 165,
              "velocity_deg": 21.742470867170685,
              "new_block_offset": 1,
              "inside_release_blend": false
            },
            {
              "from_frame": 93,
              "to_frame": 94,
              "velocity_deg": 19.575394710331214,
              "new_block_offset": 0,
              "inside_release_blend": false
            },
            {
              "from_frame": 43,
              "to_frame": 44,
              "velocity_deg": 19.543302962565985,
              "new_block_offset": 0,
              "inside_release_blend": false
            },
            {
              "from_frame": 154,
              "to_frame": 155,
              "velocity_deg": 19.46575157305916,
              "new_block_offset": 1,
              "inside_release_blend": false
            },
            {
              "from_frame": 155,
              "to_frame": 156,
              "velocity_deg": 19.192764790163963,
              "new_block_offset": 2,
              "inside_release_blend": false
            },
            {
              "from_frame": 153,
              "to_frame": 154,
              "velocity_deg": 17.823758778743844,
              "new_block_offset": 0,
              "inside_release_blend": false
            },
            {
              "from_frame": 163,
              "to_frame": 164,
              "velocity_deg": 16.560762723077847,
              "new_block_offset": 0,
              "inside_release_blend": false
            },
            {
              "from_frame": 193,
              "to_frame": 194,
              "velocity_deg": 15.592660820898478,
              "new_block_offset": 0,
              "inside_release_blend": false
            },
            {
              "from_frame": 165,
              "to_frame": 166,
              "velocity_deg": 14.898310509645825,
              "new_block_offset": 2,
              "inside_release_blend": false
            },
            {
              "from_frame": 33,
              "to_frame": 34,
              "velocity_deg": 14.303377850028268,
              "new_block_offset": 0,
              "inside_release_blend": false
            }
          ],
          "release_blend_blocks_by_path": [
            {
              "start_frame": 164,
              "endpoint_distance_deg": 28.01195723785378,
              "path_distance_deg": 72.18525816208923,
              "path_to_endpoint_ratio": 2.5769444651494093,
              "peak_velocity_deg": 21.742470867170685
            },
            {
              "start_frame": 154,
              "endpoint_distance_deg": 53.58625629222098,
              "path_distance_deg": 61.17158425780302,
              "path_to_endpoint_ratio": 1.1415536088995861,
              "peak_velocity_deg": 19.46575157305916
            },
            {
              "start_frame": 94,
              "endpoint_distance_deg": 11.742377085245742,
              "path_distance_deg": 38.976513081572804,
              "path_to_endpoint_ratio": 3.3193034765121503,
              "peak_velocity_deg": 13.39947388127266
            },
            {
              "start_frame": 64,
              "endpoint_distance_deg": 25.475978835523975,
              "path_distance_deg": 38.22269694080715,
              "path_to_endpoint_ratio": 1.5003426242256495,
              "peak_velocity_deg": 8.338335785575104
            },
            {
              "start_frame": 174,
              "endpoint_distance_deg": 31.88317071596986,
              "path_distance_deg": 37.08480269264495,
              "path_to_endpoint_ratio": 1.1631466337841254,
              "peak_velocity_deg": 9.152148595302979
            },
            {
              "start_frame": 184,
              "endpoint_distance_deg": 7.54609110065637,
              "path_distance_deg": 34.38017273321352,
              "path_to_endpoint_ratio": 4.556024075858703,
              "peak_velocity_deg": 9.845590174313342
            },
            {
              "start_frame": 84,
              "endpoint_distance_deg": 16.818327923909187,
              "path_distance_deg": 32.48025647862595,
              "path_to_endpoint_ratio": 1.9312417159170459,
              "peak_velocity_deg": 8.285389982494074
            },
            {
              "start_frame": 44,
              "endpoint_distance_deg": 9.374319145113132,
              "path_distance_deg": 31.352760996689085,
              "path_to_endpoint_ratio": 3.3445374017411598,
              "peak_velocity_deg": 10.680185138585784
            },
            {
              "start_frame": 34,
              "endpoint_distance_deg": 20.60062711776051,
              "path_distance_deg": 29.96410664401479,
              "path_to_endpoint_ratio": 1.454524004183431,
              "peak_velocity_deg": 9.17510418716988
            },
            {
              "start_frame": 214,
              "endpoint_distance_deg": 8.976942651130816,
              "path_distance_deg": 29.85620390083056,
              "path_to_endpoint_ratio": 3.325876644323845,
              "peak_velocity_deg": 6.419661039538806
            },
            {
              "start_frame": 54,
              "endpoint_distance_deg": 19.81593354584331,
              "path_distance_deg": 26.442332119744812,
              "path_to_endpoint_ratio": 1.3343974967705463,
              "peak_velocity_deg": 6.116829295968556
            },
            {
              "start_frame": 134,
              "endpoint_distance_deg": 7.470673014579534,
              "path_distance_deg": 26.220870986105503,
              "path_to_endpoint_ratio": 3.5098405371154198,
              "peak_velocity_deg": 5.630584099536242
            },
            {
              "start_frame": 204,
              "endpoint_distance_deg": 17.001315797792135,
              "path_distance_deg": 25.45285139909325,
              "path_to_endpoint_ratio": 1.497110676715897,
              "peak_velocity_deg": 5.71938918785116
            },
            {
              "start_frame": 104,
              "endpoint_distance_deg": 19.646387573835675,
              "path_distance_deg": 24.050107257577974,
              "path_to_endpoint_ratio": 1.2241490791725502,
              "peak_velocity_deg": 8.20550730499054
            },
            {
              "start_frame": 144,
              "endpoint_distance_deg": 17.400572436424454,
              "path_distance_deg": 23.87398795077109,
              "path_to_endpoint_ratio": 1.3720231353306456,
              "peak_velocity_deg": 8.465474572195559
            },
            {
              "start_frame": 114,
              "endpoint_distance_deg": 9.388913290641897,
              "path_distance_deg": 15.725297327141812,
              "path_to_endpoint_ratio": 1.6748793859685025,
              "peak_velocity_deg": 6.447616195183508
            },
            {
              "start_frame": 124,
              "endpoint_distance_deg": 8.165616338210148,
              "path_distance_deg": 14.648948871008374,
              "path_to_endpoint_ratio": 1.7939795680162132,
              "peak_velocity_deg": 4.121124500744836
            },
            {
              "start_frame": 74,
              "endpoint_distance_deg": 7.638359118130267,
              "path_distance_deg": 14.471279416041773,
              "path_to_endpoint_ratio": 1.894553423351491,
              "peak_velocity_deg": 3.280846956018945
            },
            {
              "start_frame": 194,
              "endpoint_distance_deg": 11.335154823855115,
              "path_distance_deg": 13.68266148303191,
              "path_to_endpoint_ratio": 1.2070996555103428,
              "peak_velocity_deg": 5.20559534195348
            }
          ],
          "boundary_blocks_by_peak": [
            {
              "start_frame": 104,
              "end_frame": 110,
              "entry_jump_deg": 22.93123811113494,
              "path_distance_deg": 46.98134536871292,
              "endpoint_distance_deg": 37.68999207349985,
              "path_to_endpoint_ratio": 1.2465204364355889,
              "peak_velocity_deg": 22.93123811113494
            },
            {
              "start_frame": 144,
              "end_frame": 150,
              "entry_jump_deg": 21.890160532140523,
              "path_distance_deg": 45.76414848291162,
              "endpoint_distance_deg": 33.198672399827224,
              "path_to_endpoint_ratio": 1.3784933304486535,
              "peak_velocity_deg": 21.890160532140523
            },
            {
              "start_frame": 164,
              "end_frame": 170,
              "entry_jump_deg": 16.560762723077847,
              "path_distance_deg": 88.74602088516707,
              "endpoint_distance_deg": 44.06331451523208,
              "path_to_endpoint_ratio": 2.0140568602593163,
              "peak_velocity_deg": 21.742470867170685
            },
            {
              "start_frame": 94,
              "end_frame": 100,
              "entry_jump_deg": 19.575394710331214,
              "path_distance_deg": 58.551907791904014,
              "endpoint_distance_deg": 30.731637097604253,
              "path_to_endpoint_ratio": 1.9052648450175975,
              "peak_velocity_deg": 19.575394710331214
            },
            {
              "start_frame": 44,
              "end_frame": 50,
              "entry_jump_deg": 19.543302962565985,
              "path_distance_deg": 50.896063959255066,
              "endpoint_distance_deg": 25.601570641129456,
              "path_to_endpoint_ratio": 1.9880055279690334,
              "peak_velocity_deg": 19.543302962565985
            },
            {
              "start_frame": 154,
              "end_frame": 160,
              "entry_jump_deg": 17.823758778743844,
              "path_distance_deg": 78.99534303654686,
              "endpoint_distance_deg": 70.72498717056385,
              "path_to_endpoint_ratio": 1.1169368309115109,
              "peak_velocity_deg": 19.46575157305916
            },
            {
              "start_frame": 194,
              "end_frame": 200,
              "entry_jump_deg": 15.592660820898478,
              "path_distance_deg": 29.275322303930395,
              "endpoint_distance_deg": 26.570945669873293,
              "path_to_endpoint_ratio": 1.1017794649711463,
              "peak_velocity_deg": 15.592660820898478
            },
            {
              "start_frame": 34,
              "end_frame": 40,
              "entry_jump_deg": 14.303377850028268,
              "path_distance_deg": 44.26748449404306,
              "endpoint_distance_deg": 12.998455660251786,
              "path_to_endpoint_ratio": 3.4055956839095436,
              "peak_velocity_deg": 14.303377850028268
            },
            {
              "start_frame": 54,
              "end_frame": 60,
              "entry_jump_deg": 12.738765208565026,
              "path_distance_deg": 39.18109732830984,
              "endpoint_distance_deg": 13.748187740344873,
              "path_to_endpoint_ratio": 2.849909971285203,
              "peak_velocity_deg": 12.738765208565026
            },
            {
              "start_frame": 84,
              "end_frame": 90,
              "entry_jump_deg": 12.732617116109303,
              "path_distance_deg": 45.21287359473525,
              "endpoint_distance_deg": 26.903651177788685,
              "path_to_endpoint_ratio": 1.6805478667543248,
              "peak_velocity_deg": 12.732617116109303
            },
            {
              "start_frame": 214,
              "end_frame": 220,
              "entry_jump_deg": 12.198974514171642,
              "path_distance_deg": 42.0551784150022,
              "endpoint_distance_deg": 12.970196769368524,
              "path_to_endpoint_ratio": 3.2424472167086273,
              "peak_velocity_deg": 12.198974514171642
            },
            {
              "start_frame": 64,
              "end_frame": 70,
              "entry_jump_deg": 10.267824167030433,
              "path_distance_deg": 48.49052110783758,
              "endpoint_distance_deg": 32.31644353501768,
              "path_to_endpoint_ratio": 1.5004906420254405,
              "peak_velocity_deg": 10.267824167030433
            },
            {
              "start_frame": 134,
              "end_frame": 140,
              "entry_jump_deg": 10.119300457352876,
              "path_distance_deg": 36.34017144345838,
              "endpoint_distance_deg": 13.990558964811747,
              "path_to_endpoint_ratio": 2.5974781661589863,
              "peak_velocity_deg": 10.119300457352876
            },
            {
              "start_frame": 184,
              "end_frame": 190,
              "entry_jump_deg": 8.277890142840553,
              "path_distance_deg": 42.658062876054075,
              "endpoint_distance_deg": 6.52700380637979,
              "path_to_endpoint_ratio": 6.535627087325756,
              "peak_velocity_deg": 9.845590174313342
            },
            {
              "start_frame": 114,
              "end_frame": 120,
              "entry_jump_deg": 9.56590253935393,
              "path_distance_deg": 25.291199866495745,
              "endpoint_distance_deg": 18.940846871648514,
              "path_to_endpoint_ratio": 1.33527291772538,
              "peak_velocity_deg": 9.56590253935393
            },
            {
              "start_frame": 174,
              "end_frame": 180,
              "entry_jump_deg": 2.9291325501967376,
              "path_distance_deg": 40.01393524284169,
              "endpoint_distance_deg": 34.56952047717681,
              "path_to_endpoint_ratio": 1.1574917641469555,
              "peak_velocity_deg": 9.152148595302979
            },
            {
              "start_frame": 74,
              "end_frame": 80,
              "entry_jump_deg": 8.40602082885403,
              "path_distance_deg": 22.877300244895803,
              "endpoint_distance_deg": 11.722907015095346,
              "path_to_endpoint_ratio": 1.9515040267262356,
              "peak_velocity_deg": 8.40602082885403
            },
            {
              "start_frame": 124,
              "end_frame": 130,
              "entry_jump_deg": 8.101886821291357,
              "path_distance_deg": 22.75083569229973,
              "endpoint_distance_deg": 11.775678191481,
              "path_to_endpoint_ratio": 1.9320191433864593,
              "peak_velocity_deg": 8.101886821291357
            },
            {
              "start_frame": 204,
              "end_frame": 210,
              "entry_jump_deg": 6.236930283134996,
              "path_distance_deg": 31.689781682228247,
              "endpoint_distance_deg": 21.107019333082352,
              "path_to_endpoint_ratio": 1.5013859220074182,
              "peak_velocity_deg": 6.236930283134996
            }
          ]
        },
        "ground_truth": {
          "order": "XYZ",
          "excursion_p90_deg": 42.071252832352876,
          "excursion_max_deg": 60.89553452645308,
          "velocity_rms_deg_per_frame": 5.451303815083178,
          "velocity_p95_deg_per_frame": 10.590679219672138,
          "velocity_max_deg_per_frame": 28.752882816234536,
          "euler_axis_step_p95_deg": [
            8.057360799999984,
            7.5531961000000045,
            3.3486897999999945
          ],
          "top_velocity_transitions": [
            {
              "from_frame": 183,
              "to_frame": 184,
              "velocity_deg": 28.752882816234536,
              "new_block_offset": 0,
              "inside_release_blend": false
            },
            {
              "from_frame": 182,
              "to_frame": 183,
              "velocity_deg": 23.09912620498383,
              "new_block_offset": 9,
              "inside_release_blend": false
            },
            {
              "from_frame": 158,
              "to_frame": 159,
              "velocity_deg": 21.365005271234534,
              "new_block_offset": 5,
              "inside_release_blend": false
            },
            {
              "from_frame": 201,
              "to_frame": 202,
              "velocity_deg": 15.486897516214173,
              "new_block_offset": 8,
              "inside_release_blend": false
            },
            {
              "from_frame": 197,
              "to_frame": 198,
              "velocity_deg": 15.093930234628017,
              "new_block_offset": 4,
              "inside_release_blend": false
            },
            {
              "from_frame": 200,
              "to_frame": 201,
              "velocity_deg": 13.929931381224357,
              "new_block_offset": 7,
              "inside_release_blend": false
            },
            {
              "from_frame": 181,
              "to_frame": 182,
              "velocity_deg": 13.744611866073315,
              "new_block_offset": 8,
              "inside_release_blend": false
            },
            {
              "from_frame": 34,
              "to_frame": 35,
              "velocity_deg": 12.95666113026505,
              "new_block_offset": 1,
              "inside_release_blend": false
            },
            {
              "from_frame": 35,
              "to_frame": 36,
              "velocity_deg": 11.746107218566646,
              "new_block_offset": 2,
              "inside_release_blend": false
            },
            {
              "from_frame": 213,
              "to_frame": 214,
              "velocity_deg": 11.533120366716796,
              "new_block_offset": 0,
              "inside_release_blend": false
            },
            {
              "from_frame": 157,
              "to_frame": 158,
              "velocity_deg": 10.850132882316336,
              "new_block_offset": 4,
              "inside_release_blend": false
            },
            {
              "from_frame": 196,
              "to_frame": 197,
              "velocity_deg": 10.635457599392725,
              "new_block_offset": 3,
              "inside_release_blend": false
            }
          ],
          "release_blend_blocks_by_path": [
            {
              "start_frame": 154,
              "endpoint_distance_deg": 46.227712805016836,
              "path_distance_deg": 55.15037760321405,
              "path_to_endpoint_ratio": 1.1930154934515576,
              "peak_velocity_deg": 21.365005271234534
            },
            {
              "start_frame": 194,
              "endpoint_distance_deg": 36.569182190825785,
              "path_distance_deg": 51.2605250520351,
              "path_to_endpoint_ratio": 1.4017410830941408,
              "peak_velocity_deg": 15.093930234628017
            },
            {
              "start_frame": 34,
              "endpoint_distance_deg": 13.214790479446448,
              "path_distance_deg": 45.22210858274389,
              "path_to_endpoint_ratio": 3.422082904233696,
              "peak_velocity_deg": 12.95666113026505
            },
            {
              "start_frame": 174,
              "endpoint_distance_deg": 28.89708930582963,
              "path_distance_deg": 31.843621916368008,
              "path_to_endpoint_ratio": 1.101966415349104,
              "peak_velocity_deg": 9.813187624939976
            },
            {
              "start_frame": 144,
              "endpoint_distance_deg": 22.53044125151249,
              "path_distance_deg": 28.4253638438967,
              "path_to_endpoint_ratio": 1.2616425717800126,
              "peak_velocity_deg": 6.65679071559387
            },
            {
              "start_frame": 214,
              "endpoint_distance_deg": 13.576164004356121,
              "path_distance_deg": 27.734577276517733,
              "path_to_endpoint_ratio": 2.042887612997211,
              "peak_velocity_deg": 10.18767380218697
            },
            {
              "start_frame": 134,
              "endpoint_distance_deg": 20.01532858501834,
              "path_distance_deg": 22.012161689980097,
              "path_to_endpoint_ratio": 1.099765192286496,
              "peak_velocity_deg": 6.233065902007456
            },
            {
              "start_frame": 184,
              "endpoint_distance_deg": 8.178758898956332,
              "path_distance_deg": 21.088601688208804,
              "path_to_endpoint_ratio": 2.5784598798846927,
              "peak_velocity_deg": 8.070660791734301
            },
            {
              "start_frame": 44,
              "endpoint_distance_deg": 18.226659764049167,
              "path_distance_deg": 19.248778334838235,
              "path_to_endpoint_ratio": 1.0560782164159956,
              "peak_velocity_deg": 4.377665118209559
            },
            {
              "start_frame": 54,
              "endpoint_distance_deg": 9.717542816841608,
              "path_distance_deg": 17.878020640824552,
              "path_to_endpoint_ratio": 1.8397676221029773,
              "peak_velocity_deg": 4.644966725318677
            },
            {
              "start_frame": 164,
              "endpoint_distance_deg": 14.629802039833587,
              "path_distance_deg": 16.535299662695458,
              "path_to_endpoint_ratio": 1.1302476696317312,
              "peak_velocity_deg": 4.6006477532307475
            },
            {
              "start_frame": 84,
              "endpoint_distance_deg": 10.916546570541705,
              "path_distance_deg": 15.52845350125847,
              "path_to_endpoint_ratio": 1.4224694046707036,
              "peak_velocity_deg": 3.723379706579719
            },
            {
              "start_frame": 204,
              "endpoint_distance_deg": 7.234974835981004,
              "path_distance_deg": 13.159459977005541,
              "path_to_endpoint_ratio": 1.818867414930162,
              "peak_velocity_deg": 3.0076899383744657
            },
            {
              "start_frame": 74,
              "endpoint_distance_deg": 2.422883263282947,
              "path_distance_deg": 11.515669914934088,
              "path_to_endpoint_ratio": 4.752878559791048,
              "peak_velocity_deg": 2.838656288067068
            },
            {
              "start_frame": 104,
              "endpoint_distance_deg": 7.964462502694245,
              "path_distance_deg": 10.739515821865236,
              "path_to_endpoint_ratio": 1.348429453743079,
              "peak_velocity_deg": 3.9697414573166547
            },
            {
              "start_frame": 94,
              "endpoint_distance_deg": 6.652693247979083,
              "path_distance_deg": 10.416596640100027,
              "path_to_endpoint_ratio": 1.5657713728593035,
              "peak_velocity_deg": 2.6032974628209984
            },
            {
              "start_frame": 124,
              "endpoint_distance_deg": 5.767768307201718,
              "path_distance_deg": 9.65371174912259,
              "path_to_endpoint_ratio": 1.6737343171480774,
              "peak_velocity_deg": 2.6222467256591777
            },
            {
              "start_frame": 64,
              "endpoint_distance_deg": 9.341620835721505,
              "path_distance_deg": 9.432567993883218,
              "path_to_endpoint_ratio": 1.0097356935976185,
              "peak_velocity_deg": 2.1516025294870036
            },
            {
              "start_frame": 114,
              "endpoint_distance_deg": 3.4476185414302383,
              "path_distance_deg": 4.2812136434026895,
              "path_to_endpoint_ratio": 1.2417886700500909,
              "peak_velocity_deg": 1.4469191583945429
            }
          ],
          "boundary_blocks_by_peak": [
            {
              "start_frame": 184,
              "end_frame": 190,
              "entry_jump_deg": 28.752882816234536,
              "path_distance_deg": 49.84148450444334,
              "endpoint_distance_deg": 26.32274394297646,
              "path_to_endpoint_ratio": 1.8934760225763716,
              "peak_velocity_deg": 28.752882816234536
            },
            {
              "start_frame": 154,
              "end_frame": 160,
              "entry_jump_deg": 1.0815809288299794,
              "path_distance_deg": 56.231958532044025,
              "endpoint_distance_deg": 45.392298064338945,
              "path_to_endpoint_ratio": 1.2387995525659654,
              "peak_velocity_deg": 21.365005271234534
            },
            {
              "start_frame": 194,
              "end_frame": 200,
              "entry_jump_deg": 3.9232843812106553,
              "path_distance_deg": 55.18380943324575,
              "endpoint_distance_deg": 38.582244723531986,
              "path_to_endpoint_ratio": 1.430290275453781,
              "peak_velocity_deg": 15.093930234628017
            },
            {
              "start_frame": 34,
              "end_frame": 40,
              "entry_jump_deg": 8.57861749868097,
              "path_distance_deg": 53.80072608142487,
              "endpoint_distance_deg": 21.37342423863379,
              "path_to_endpoint_ratio": 2.517178599027512,
              "peak_velocity_deg": 12.95666113026505
            },
            {
              "start_frame": 214,
              "end_frame": 220,
              "entry_jump_deg": 11.533120366716796,
              "path_distance_deg": 39.26769764323453,
              "endpoint_distance_deg": 24.686008711475512,
              "path_to_endpoint_ratio": 1.5906863722761544,
              "peak_velocity_deg": 11.533120366716796
            },
            {
              "start_frame": 174,
              "end_frame": 180,
              "entry_jump_deg": 7.240836769330965,
              "path_distance_deg": 39.08445868569897,
              "endpoint_distance_deg": 35.91773325623278,
              "path_to_endpoint_ratio": 1.0881660712516337,
              "peak_velocity_deg": 9.813187624939976
            },
            {
              "start_frame": 204,
              "end_frame": 210,
              "entry_jump_deg": 9.611584167608314,
              "path_distance_deg": 22.771044144613853,
              "endpoint_distance_deg": 3.13773492435873,
              "path_to_endpoint_ratio": 7.257159923815952,
              "peak_velocity_deg": 9.611584167608314
            },
            {
              "start_frame": 144,
              "end_frame": 150,
              "entry_jump_deg": 6.424518731544535,
              "path_distance_deg": 34.849882575441235,
              "endpoint_distance_deg": 27.817774163912055,
              "path_to_endpoint_ratio": 1.2527919153449711,
              "peak_velocity_deg": 6.65679071559387
            },
            {
              "start_frame": 134,
              "end_frame": 140,
              "entry_jump_deg": 0.6830237005707682,
              "path_distance_deg": 22.695185390550865,
              "endpoint_distance_deg": 20.28822636317311,
              "path_to_endpoint_ratio": 1.1186382182597703,
              "peak_velocity_deg": 6.233065902007456
            },
            {
              "start_frame": 54,
              "end_frame": 60,
              "entry_jump_deg": 3.550595513605223,
              "path_distance_deg": 21.428616154429776,
              "endpoint_distance_deg": 12.214103483823461,
              "path_to_endpoint_ratio": 1.7544158016026432,
              "peak_velocity_deg": 4.644966725318677
            },
            {
              "start_frame": 164,
              "end_frame": 170,
              "entry_jump_deg": 3.6467509509775295,
              "path_distance_deg": 20.182050613672985,
              "endpoint_distance_deg": 18.274508663380495,
              "path_to_endpoint_ratio": 1.10438266688477,
              "peak_velocity_deg": 4.6006477532307475
            },
            {
              "start_frame": 44,
              "end_frame": 50,
              "entry_jump_deg": 2.13761583839759,
              "path_distance_deg": 21.386394173235825,
              "endpoint_distance_deg": 16.911936535988275,
              "path_to_endpoint_ratio": 1.264573937332723,
              "peak_velocity_deg": 4.377665118209559
            },
            {
              "start_frame": 104,
              "end_frame": 110,
              "entry_jump_deg": 3.431497078017741,
              "path_distance_deg": 14.171012899882978,
              "endpoint_distance_deg": 11.269715228255842,
              "path_to_endpoint_ratio": 1.2574419683962286,
              "peak_velocity_deg": 3.9697414573166547
            },
            {
              "start_frame": 84,
              "end_frame": 90,
              "entry_jump_deg": 2.266789070481195,
              "path_distance_deg": 17.795242571739664,
              "endpoint_distance_deg": 12.034357000129374,
              "path_to_endpoint_ratio": 1.4787032303884917,
              "peak_velocity_deg": 3.723379706579719
            },
            {
              "start_frame": 74,
              "end_frame": 80,
              "entry_jump_deg": 2.1295207423743037,
              "path_distance_deg": 13.64519065730839,
              "endpoint_distance_deg": 1.3570741456740347,
              "path_to_endpoint_ratio": 10.054860083220483,
              "peak_velocity_deg": 2.838656288067068
            },
            {
              "start_frame": 124,
              "end_frame": 130,
              "entry_jump_deg": 2.182020380865598,
              "path_distance_deg": 11.835732129988187,
              "endpoint_distance_deg": 3.966462978044991,
              "path_to_endpoint_ratio": 2.9839512420765963,
              "peak_velocity_deg": 2.6222467256591777
            },
            {
              "start_frame": 94,
              "end_frame": 100,
              "entry_jump_deg": 2.0759751746556683,
              "path_distance_deg": 12.492571814755694,
              "endpoint_distance_deg": 5.2116979266051136,
              "path_to_endpoint_ratio": 2.3970253055117725,
              "peak_velocity_deg": 2.6032974628209984
            },
            {
              "start_frame": 64,
              "end_frame": 70,
              "entry_jump_deg": 0.23192872744275833,
              "path_distance_deg": 9.664496721325976,
              "endpoint_distance_deg": 9.243858717089758,
              "path_to_endpoint_ratio": 1.0455045903566826,
              "peak_velocity_deg": 2.1516025294870036
            },
            {
              "start_frame": 114,
              "end_frame": 120,
              "entry_jump_deg": 1.1790268214570474,
              "path_distance_deg": 5.460240464859736,
              "endpoint_distance_deg": 2.4553527227557637,
              "path_to_endpoint_ratio": 2.2238110289634636,
              "peak_velocity_deg": 1.4469191583945429
            }
          ]
        },
        "ratios": {
          "excursion_p90": 0.6393417224236583,
          "velocity_rms": 1.2288056119985948,
          "velocity_p95": 1.3420279434724194
        }
      },
      "LeftForeArm": {
        "prediction": {
          "order": "XYZ",
          "excursion_p90_deg": 48.05917373630815,
          "excursion_max_deg": 69.19063369404502,
          "velocity_rms_deg_per_frame": 10.923133064247285,
          "velocity_p95_deg_per_frame": 21.145851588039527,
          "velocity_max_deg_per_frame": 52.71079201945601,
          "euler_axis_step_p95_deg": [
            51.152264599999896,
            11.447498599999983,
            52.38089659999994
          ],
          "top_velocity_transitions": [
            {
              "from_frame": 113,
              "to_frame": 114,
              "velocity_deg": 52.71079201945601,
              "new_block_offset": 0,
              "inside_release_blend": false
            },
            {
              "from_frame": 103,
              "to_frame": 104,
              "velocity_deg": 48.4527958095651,
              "new_block_offset": 0,
              "inside_release_blend": false
            },
            {
              "from_frame": 173,
              "to_frame": 174,
              "velocity_deg": 44.53292498782585,
              "new_block_offset": 0,
              "inside_release_blend": false
            },
            {
              "from_frame": 37,
              "to_frame": 38,
              "velocity_deg": 34.41037520542406,
              "new_block_offset": 4,
              "inside_release_blend": false
            },
            {
              "from_frame": 43,
              "to_frame": 44,
              "velocity_deg": 31.996058594485255,
              "new_block_offset": 0,
              "inside_release_blend": false
            },
            {
              "from_frame": 138,
              "to_frame": 139,
              "velocity_deg": 29.360813544512897,
              "new_block_offset": 5,
              "inside_release_blend": false
            },
            {
              "from_frame": 53,
              "to_frame": 54,
              "velocity_deg": 28.069535409581235,
              "new_block_offset": 0,
              "inside_release_blend": false
            },
            {
              "from_frame": 205,
              "to_frame": 206,
              "velocity_deg": 27.7028083634102,
              "new_block_offset": 2,
              "inside_release_blend": false
            },
            {
              "from_frame": 63,
              "to_frame": 64,
              "velocity_deg": 27.64100628758385,
              "new_block_offset": 0,
              "inside_release_blend": false
            },
            {
              "from_frame": 143,
              "to_frame": 144,
              "velocity_deg": 24.824218851648933,
              "new_block_offset": 0,
              "inside_release_blend": false
            },
            {
              "from_frame": 163,
              "to_frame": 164,
              "velocity_deg": 23.362763753717793,
              "new_block_offset": 0,
              "inside_release_blend": false
            },
            {
              "from_frame": 153,
              "to_frame": 154,
              "velocity_deg": 21.248103960487686,
              "new_block_offset": 0,
              "inside_release_blend": false
            }
          ],
          "release_blend_blocks_by_path": [
            {
              "start_frame": 34,
              "endpoint_distance_deg": 23.424197984409304,
              "path_distance_deg": 85.4017404319021,
              "path_to_endpoint_ratio": 3.645876818866706,
              "peak_velocity_deg": 34.41037520542406
            },
            {
              "start_frame": 134,
              "endpoint_distance_deg": 53.917567366968285,
              "path_distance_deg": 81.39247478838094,
              "path_to_endpoint_ratio": 1.5095724596478124,
              "peak_velocity_deg": 29.360813544512897
            },
            {
              "start_frame": 204,
              "endpoint_distance_deg": 64.64583706156289,
              "path_distance_deg": 70.59725254570756,
              "path_to_endpoint_ratio": 1.0920618520025827,
              "peak_velocity_deg": 27.7028083634102
            },
            {
              "start_frame": 154,
              "endpoint_distance_deg": 23.314391820499225,
              "path_distance_deg": 68.73256788605201,
              "path_to_endpoint_ratio": 2.948074666293408,
              "peak_velocity_deg": 18.234210590920014
            },
            {
              "start_frame": 104,
              "endpoint_distance_deg": 62.763024197271676,
              "path_distance_deg": 65.65385131433607,
              "path_to_endpoint_ratio": 1.0460593980936639,
              "peak_velocity_deg": 16.43755540933532
            },
            {
              "start_frame": 174,
              "endpoint_distance_deg": 52.16880833683994,
              "path_distance_deg": 63.253447182514435,
              "path_to_endpoint_ratio": 1.2124763666078775,
              "peak_velocity_deg": 20.06790966421604
            },
            {
              "start_frame": 184,
              "endpoint_distance_deg": 54.012526660497336,
              "path_distance_deg": 57.57730298954475,
              "path_to_endpoint_ratio": 1.065999066317602,
              "peak_velocity_deg": 12.107530588181541
            },
            {
              "start_frame": 164,
              "endpoint_distance_deg": 31.920781115061114,
              "path_distance_deg": 47.073086500334064,
              "path_to_endpoint_ratio": 1.4746846679802479,
              "peak_velocity_deg": 19.353776360244385
            },
            {
              "start_frame": 64,
              "endpoint_distance_deg": 40.22891202256983,
              "path_distance_deg": 46.23821418864018,
              "path_to_endpoint_ratio": 1.149377695392282,
              "peak_velocity_deg": 14.929270541244069
            },
            {
              "start_frame": 94,
              "endpoint_distance_deg": 12.711179983957155,
              "path_distance_deg": 37.161598717284456,
              "path_to_endpoint_ratio": 2.923536505988138,
              "peak_velocity_deg": 10.729121755357426
            },
            {
              "start_frame": 44,
              "endpoint_distance_deg": 21.695822930919896,
              "path_distance_deg": 33.670469640174915,
              "path_to_endpoint_ratio": 1.551933279847583,
              "peak_velocity_deg": 8.896325518946817
            },
            {
              "start_frame": 144,
              "endpoint_distance_deg": 12.523591826178077,
              "path_distance_deg": 29.470695143816727,
              "path_to_endpoint_ratio": 2.3532142817218062,
              "peak_velocity_deg": 12.491508060348613
            },
            {
              "start_frame": 84,
              "endpoint_distance_deg": 12.72140655001667,
              "path_distance_deg": 27.065538756294064,
              "path_to_endpoint_ratio": 2.1275586665578734,
              "peak_velocity_deg": 10.38783742823448
            },
            {
              "start_frame": 74,
              "endpoint_distance_deg": 1.770526811235678,
              "path_distance_deg": 23.793989776652587,
              "path_to_endpoint_ratio": 13.438932201227946,
              "peak_velocity_deg": 9.485499246444519
            },
            {
              "start_frame": 194,
              "endpoint_distance_deg": 13.8988584480082,
              "path_distance_deg": 21.914472631914705,
              "path_to_endpoint_ratio": 1.5767102538593878,
              "peak_velocity_deg": 7.0025052648163895
            },
            {
              "start_frame": 114,
              "endpoint_distance_deg": 11.509622994460933,
              "path_distance_deg": 20.87693013171993,
              "path_to_endpoint_ratio": 1.8138674170098414,
              "peak_velocity_deg": 5.580212669369692
            },
            {
              "start_frame": 214,
              "endpoint_distance_deg": 6.987761052482805,
              "path_distance_deg": 19.83799806670403,
              "path_to_endpoint_ratio": 2.83896342729914,
              "peak_velocity_deg": 6.256588229876199
            },
            {
              "start_frame": 54,
              "endpoint_distance_deg": 11.115848822992568,
              "path_distance_deg": 16.73806391662277,
              "path_to_endpoint_ratio": 1.5057836952586956,
              "peak_velocity_deg": 5.987734469954784
            },
            {
              "start_frame": 124,
              "endpoint_distance_deg": 12.939177240337742,
              "path_distance_deg": 13.722008954407666,
              "path_to_endpoint_ratio": 1.060500888080384,
              "peak_velocity_deg": 3.702477120064268
            }
          ],
          "boundary_blocks_by_peak": [
            {
              "start_frame": 114,
              "end_frame": 120,
              "entry_jump_deg": 52.71079201945601,
              "path_distance_deg": 73.58772215117594,
              "endpoint_distance_deg": 44.86954329102133,
              "path_to_endpoint_ratio": 1.6400372447272333,
              "peak_velocity_deg": 52.71079201945601
            },
            {
              "start_frame": 104,
              "end_frame": 110,
              "entry_jump_deg": 48.4527958095651,
              "path_distance_deg": 114.10664712390117,
              "endpoint_distance_deg": 15.936796333333533,
              "path_to_endpoint_ratio": 7.159948884157776,
              "peak_velocity_deg": 48.4527958095651
            },
            {
              "start_frame": 174,
              "end_frame": 180,
              "entry_jump_deg": 44.53292498782585,
              "path_distance_deg": 107.78637217034029,
              "endpoint_distance_deg": 83.64203743524749,
              "path_to_endpoint_ratio": 1.2886626805783448,
              "peak_velocity_deg": 44.53292498782585
            },
            {
              "start_frame": 34,
              "end_frame": 40,
              "entry_jump_deg": 14.247327036722275,
              "path_distance_deg": 99.64906746862438,
              "endpoint_distance_deg": 25.956094682990816,
              "path_to_endpoint_ratio": 3.8391394655346596,
              "peak_velocity_deg": 34.41037520542406
            },
            {
              "start_frame": 44,
              "end_frame": 50,
              "entry_jump_deg": 31.996058594485255,
              "path_distance_deg": 65.66652823466016,
              "endpoint_distance_deg": 50.81047508741591,
              "path_to_endpoint_ratio": 1.29238170124734,
              "peak_velocity_deg": 31.996058594485255
            },
            {
              "start_frame": 134,
              "end_frame": 140,
              "entry_jump_deg": 18.42554762319572,
              "path_distance_deg": 99.81802241157665,
              "endpoint_distance_deg": 51.775769541425525,
              "path_to_endpoint_ratio": 1.9278906580367243,
              "peak_velocity_deg": 29.360813544512897
            },
            {
              "start_frame": 54,
              "end_frame": 60,
              "entry_jump_deg": 28.069535409581235,
              "path_distance_deg": 44.807599326204006,
              "endpoint_distance_deg": 22.120216141111833,
              "path_to_endpoint_ratio": 2.0256402125712607,
              "peak_velocity_deg": 28.069535409581235
            },
            {
              "start_frame": 204,
              "end_frame": 210,
              "entry_jump_deg": 16.99666569422139,
              "path_distance_deg": 87.59391823992898,
              "endpoint_distance_deg": 70.70064654488414,
              "path_to_endpoint_ratio": 1.238940837469148,
              "peak_velocity_deg": 27.7028083634102
            },
            {
              "start_frame": 64,
              "end_frame": 70,
              "entry_jump_deg": 27.64100628758385,
              "path_distance_deg": 73.879220476224,
              "endpoint_distance_deg": 67.5925406511828,
              "path_to_endpoint_ratio": 1.093008485322133,
              "peak_velocity_deg": 27.64100628758385
            },
            {
              "start_frame": 144,
              "end_frame": 150,
              "entry_jump_deg": 24.824218851648933,
              "path_distance_deg": 54.29491399546566,
              "endpoint_distance_deg": 33.115418485014075,
              "path_to_endpoint_ratio": 1.6395659931048758,
              "peak_velocity_deg": 24.824218851648933
            },
            {
              "start_frame": 164,
              "end_frame": 170,
              "entry_jump_deg": 23.362763753717793,
              "path_distance_deg": 70.43585025405186,
              "endpoint_distance_deg": 51.26896447578116,
              "path_to_endpoint_ratio": 1.373849676392916,
              "peak_velocity_deg": 23.362763753717793
            },
            {
              "start_frame": 154,
              "end_frame": 160,
              "entry_jump_deg": 21.248103960487686,
              "path_distance_deg": 89.98067184653969,
              "endpoint_distance_deg": 44.30068001864864,
              "path_to_endpoint_ratio": 2.0311352288195526,
              "peak_velocity_deg": 21.248103960487686
            },
            {
              "start_frame": 84,
              "end_frame": 90,
              "entry_jump_deg": 20.22558023600633,
              "path_distance_deg": 47.2911189923004,
              "endpoint_distance_deg": 9.946291677047377,
              "path_to_endpoint_ratio": 4.754648317968801,
              "peak_velocity_deg": 20.22558023600633
            },
            {
              "start_frame": 94,
              "end_frame": 100,
              "entry_jump_deg": 18.076523790800966,
              "path_distance_deg": 55.238122508085425,
              "endpoint_distance_deg": 17.2686279737811,
              "path_to_endpoint_ratio": 3.1987557200232284,
              "peak_velocity_deg": 18.076523790800966
            },
            {
              "start_frame": 214,
              "end_frame": 220,
              "entry_jump_deg": 14.873533383524828,
              "path_distance_deg": 34.71153145022886,
              "endpoint_distance_deg": 21.700747953808047,
              "path_to_endpoint_ratio": 1.599554610933937,
              "peak_velocity_deg": 14.873533383524828
            },
            {
              "start_frame": 184,
              "end_frame": 190,
              "entry_jump_deg": 8.765925723900043,
              "path_distance_deg": 66.34322871344479,
              "endpoint_distance_deg": 61.253954144668846,
              "path_to_endpoint_ratio": 1.083084833295107,
              "peak_velocity_deg": 12.107530588181541
            },
            {
              "start_frame": 194,
              "end_frame": 200,
              "entry_jump_deg": 11.279847695494471,
              "path_distance_deg": 33.19432032740917,
              "endpoint_distance_deg": 3.703658765148821,
              "path_to_endpoint_ratio": 8.96257523499883,
              "peak_velocity_deg": 11.279847695494471
            },
            {
              "start_frame": 74,
              "end_frame": 80,
              "entry_jump_deg": 4.971807107884521,
              "path_distance_deg": 28.765796884537107,
              "endpoint_distance_deg": 3.49205459884206,
              "path_to_endpoint_ratio": 8.237499177153655,
              "peak_velocity_deg": 9.485499246444519
            },
            {
              "start_frame": 124,
              "end_frame": 130,
              "entry_jump_deg": 2.752335883952035,
              "path_distance_deg": 16.474344838359702,
              "endpoint_distance_deg": 15.408806296987631,
              "path_to_endpoint_ratio": 1.0691512710871303,
              "peak_velocity_deg": 3.702477120064268
            }
          ]
        },
        "ground_truth": {
          "order": "XYZ",
          "excursion_p90_deg": 45.410730356799334,
          "excursion_max_deg": 65.7540071055711,
          "velocity_rms_deg_per_frame": 6.99635432817123,
          "velocity_p95_deg_per_frame": 16.28621943046176,
          "velocity_max_deg_per_frame": 26.911439386595433,
          "euler_axis_step_p95_deg": [
            26.14702439999997,
            11.156182100000004,
            27.589587399999964
          ],
          "top_velocity_transitions": [
            {
              "from_frame": 157,
              "to_frame": 158,
              "velocity_deg": 26.911439386595433,
              "new_block_offset": 4,
              "inside_release_blend": false
            },
            {
              "from_frame": 200,
              "to_frame": 201,
              "velocity_deg": 24.053387879279818,
              "new_block_offset": 7,
              "inside_release_blend": false
            },
            {
              "from_frame": 158,
              "to_frame": 159,
              "velocity_deg": 23.748718417949796,
              "new_block_offset": 5,
              "inside_release_blend": false
            },
            {
              "from_frame": 156,
              "to_frame": 157,
              "velocity_deg": 22.21372394465522,
              "new_block_offset": 3,
              "inside_release_blend": false
            },
            {
              "from_frame": 192,
              "to_frame": 193,
              "velocity_deg": 20.14945270903409,
              "new_block_offset": 9,
              "inside_release_blend": false
            },
            {
              "from_frame": 193,
              "to_frame": 194,
              "velocity_deg": 17.94923395186073,
              "new_block_offset": 0,
              "inside_release_blend": false
            },
            {
              "from_frame": 139,
              "to_frame": 140,
              "velocity_deg": 17.662990989986405,
              "new_block_offset": 6,
              "inside_release_blend": false
            },
            {
              "from_frame": 201,
              "to_frame": 202,
              "velocity_deg": 17.63436996451799,
              "new_block_offset": 8,
              "inside_release_blend": false
            },
            {
              "from_frame": 191,
              "to_frame": 192,
              "velocity_deg": 17.446034886659287,
              "new_block_offset": 8,
              "inside_release_blend": false
            },
            {
              "from_frame": 199,
              "to_frame": 200,
              "velocity_deg": 16.913637576723612,
              "new_block_offset": 6,
              "inside_release_blend": false
            },
            {
              "from_frame": 155,
              "to_frame": 156,
              "velocity_deg": 16.40106607748057,
              "new_block_offset": 2,
              "inside_release_blend": false
            },
            {
              "from_frame": 138,
              "to_frame": 139,
              "velocity_deg": 16.309324127343693,
              "new_block_offset": 5,
              "inside_release_blend": false
            }
          ],
          "release_blend_blocks_by_path": [
            {
              "start_frame": 154,
              "endpoint_distance_deg": 90.99350268456135,
              "path_distance_deg": 109.34132983717713,
              "path_to_endpoint_ratio": 1.2016388710325887,
              "peak_velocity_deg": 26.911439386595433
            },
            {
              "start_frame": 194,
              "endpoint_distance_deg": 22.58651189651624,
              "path_distance_deg": 59.11392547420495,
              "path_to_endpoint_ratio": 2.617222426598891,
              "peak_velocity_deg": 16.913637576723612
            },
            {
              "start_frame": 174,
              "endpoint_distance_deg": 9.636055133435521,
              "path_distance_deg": 52.47904289613096,
              "path_to_endpoint_ratio": 5.446112768080513,
              "peak_velocity_deg": 13.251365958587101
            },
            {
              "start_frame": 34,
              "endpoint_distance_deg": 7.9151387146965115,
              "path_distance_deg": 43.55131116763873,
              "path_to_endpoint_ratio": 5.502280217373121,
              "peak_velocity_deg": 13.22077889907408
            },
            {
              "start_frame": 134,
              "endpoint_distance_deg": 24.83678002913152,
              "path_distance_deg": 42.83245991015626,
              "path_to_endpoint_ratio": 1.7245576866211028,
              "peak_velocity_deg": 17.662990989986405
            },
            {
              "start_frame": 204,
              "endpoint_distance_deg": 23.38262511332334,
              "path_distance_deg": 24.188483299760676,
              "path_to_endpoint_ratio": 1.0344639741060624,
              "peak_velocity_deg": 5.0306845902387405
            },
            {
              "start_frame": 54,
              "endpoint_distance_deg": 3.6656259011328736,
              "path_distance_deg": 23.812489355308884,
              "path_to_endpoint_ratio": 6.496159181969321,
              "peak_velocity_deg": 6.365437739538342
            },
            {
              "start_frame": 44,
              "endpoint_distance_deg": 20.213294048917287,
              "path_distance_deg": 22.41490662855332,
              "path_to_endpoint_ratio": 1.1089190398313116,
              "peak_velocity_deg": 7.645064815064133
            },
            {
              "start_frame": 214,
              "endpoint_distance_deg": 13.374190502968558,
              "path_distance_deg": 21.724839430257365,
              "path_to_endpoint_ratio": 1.6243853731136313,
              "peak_velocity_deg": 4.979587103411748
            },
            {
              "start_frame": 184,
              "endpoint_distance_deg": 18.42349751677576,
              "path_distance_deg": 19.32575434363143,
              "path_to_endpoint_ratio": 1.0489731564831328,
              "peak_velocity_deg": 5.242362471299336
            },
            {
              "start_frame": 144,
              "endpoint_distance_deg": 16.14461711191669,
              "path_distance_deg": 17.62193630241334,
              "path_to_endpoint_ratio": 1.091505371744382,
              "peak_velocity_deg": 6.312919775589014
            },
            {
              "start_frame": 84,
              "endpoint_distance_deg": 13.608058263078252,
              "path_distance_deg": 15.335932153214817,
              "path_to_endpoint_ratio": 1.1269743160069117,
              "peak_velocity_deg": 5.456029507547753
            },
            {
              "start_frame": 94,
              "endpoint_distance_deg": 9.631871285639686,
              "path_distance_deg": 13.920597221230693,
              "path_to_endpoint_ratio": 1.4452640414729314,
              "peak_velocity_deg": 3.9688813194042214
            },
            {
              "start_frame": 74,
              "endpoint_distance_deg": 2.7217356111727065,
              "path_distance_deg": 12.03165774878892,
              "path_to_endpoint_ratio": 4.4205828440496004,
              "peak_velocity_deg": 3.863511091740615
            },
            {
              "start_frame": 104,
              "endpoint_distance_deg": 5.853080006741252,
              "path_distance_deg": 11.129616909897202,
              "path_to_endpoint_ratio": 1.9014974845856758,
              "peak_velocity_deg": 4.075692673001168
            },
            {
              "start_frame": 64,
              "endpoint_distance_deg": 9.66717648261755,
              "path_distance_deg": 9.754441547553553,
              "path_to_endpoint_ratio": 1.0090269444333526,
              "peak_velocity_deg": 2.7271539990557585
            },
            {
              "start_frame": 164,
              "endpoint_distance_deg": 5.528558442575208,
              "path_distance_deg": 9.599483238945734,
              "path_to_endpoint_ratio": 1.7363447160150278,
              "peak_velocity_deg": 4.564315385558155
            },
            {
              "start_frame": 124,
              "endpoint_distance_deg": 6.3832350840456344,
              "path_distance_deg": 8.086281705106977,
              "path_to_endpoint_ratio": 1.2667999217697568,
              "peak_velocity_deg": 3.8989471745969895
            },
            {
              "start_frame": 114,
              "endpoint_distance_deg": 4.415136483436414,
              "path_distance_deg": 4.521363213824406,
              "path_to_endpoint_ratio": 1.0240596708134633,
              "peak_velocity_deg": 1.7380804077469398
            }
          ],
          "boundary_blocks_by_peak": [
            {
              "start_frame": 154,
              "end_frame": 160,
              "entry_jump_deg": 6.838976101940588,
              "path_distance_deg": 116.1803059391177,
              "endpoint_distance_deg": 95.06572676565698,
              "path_to_endpoint_ratio": 1.2221050623797312,
              "peak_velocity_deg": 26.911439386595433
            },
            {
              "start_frame": 194,
              "end_frame": 200,
              "entry_jump_deg": 17.94923395186073,
              "path_distance_deg": 77.06315942606567,
              "endpoint_distance_deg": 30.2032598357753,
              "path_to_endpoint_ratio": 2.551484834586813,
              "peak_velocity_deg": 17.94923395186073
            },
            {
              "start_frame": 134,
              "end_frame": 140,
              "entry_jump_deg": 1.1549150837452178,
              "path_distance_deg": 43.987374993901476,
              "endpoint_distance_deg": 23.756253641896567,
              "path_to_endpoint_ratio": 1.8516124493773407,
              "peak_velocity_deg": 17.662990989986405
            },
            {
              "start_frame": 174,
              "end_frame": 180,
              "entry_jump_deg": 14.744596710271956,
              "path_distance_deg": 67.22363960640291,
              "endpoint_distance_deg": 22.998418474943726,
              "path_to_endpoint_ratio": 2.9229679284095815,
              "peak_velocity_deg": 14.744596710271956
            },
            {
              "start_frame": 34,
              "end_frame": 40,
              "entry_jump_deg": 12.818662926357513,
              "path_distance_deg": 56.369974093996234,
              "endpoint_distance_deg": 20.723066816783213,
              "path_to_endpoint_ratio": 2.720155978474348,
              "peak_velocity_deg": 13.22077889907408
            },
            {
              "start_frame": 184,
              "end_frame": 190,
              "entry_jump_deg": 12.788929853084225,
              "path_distance_deg": 32.11468419671566,
              "endpoint_distance_deg": 9.895739499038356,
              "path_to_endpoint_ratio": 3.245304123035624,
              "peak_velocity_deg": 12.788929853084225
            },
            {
              "start_frame": 144,
              "end_frame": 150,
              "entry_jump_deg": 8.983950114315546,
              "path_distance_deg": 26.60588641672888,
              "endpoint_distance_deg": 25.11680994234108,
              "path_to_endpoint_ratio": 1.0592860509677051,
              "peak_velocity_deg": 8.983950114315546
            },
            {
              "start_frame": 44,
              "end_frame": 50,
              "entry_jump_deg": 2.3647893332070025,
              "path_distance_deg": 24.779695961760325,
              "endpoint_distance_deg": 17.890776790253536,
              "path_to_endpoint_ratio": 1.38505422387583,
              "peak_velocity_deg": 7.645064815064133
            },
            {
              "start_frame": 204,
              "end_frame": 210,
              "entry_jump_deg": 7.225011528749202,
              "path_distance_deg": 31.413494828509876,
              "endpoint_distance_deg": 16.9926017779999,
              "path_to_endpoint_ratio": 1.848657153207728,
              "peak_velocity_deg": 7.225011528749202
            },
            {
              "start_frame": 54,
              "end_frame": 60,
              "entry_jump_deg": 3.213210482102974,
              "path_distance_deg": 27.025699837411857,
              "endpoint_distance_deg": 6.878025870677474,
              "path_to_endpoint_ratio": 3.92928150396007,
              "peak_velocity_deg": 6.365437739538342
            },
            {
              "start_frame": 84,
              "end_frame": 90,
              "entry_jump_deg": 1.6799170305352584,
              "path_distance_deg": 17.015849183750074,
              "endpoint_distance_deg": 12.02784757341644,
              "path_to_endpoint_ratio": 1.414704424868,
              "peak_velocity_deg": 5.456029507547753
            },
            {
              "start_frame": 214,
              "end_frame": 220,
              "entry_jump_deg": 2.7321228347268285,
              "path_distance_deg": 24.456962264984192,
              "endpoint_distance_deg": 16.101840607130562,
              "path_to_endpoint_ratio": 1.5188923342188367,
              "peak_velocity_deg": 4.979587103411748
            },
            {
              "start_frame": 164,
              "end_frame": 170,
              "entry_jump_deg": 2.062083523050709,
              "path_distance_deg": 11.661566761996443,
              "endpoint_distance_deg": 7.5372287215014016,
              "path_to_endpoint_ratio": 1.5471955532846668,
              "peak_velocity_deg": 4.564315385558155
            },
            {
              "start_frame": 104,
              "end_frame": 110,
              "entry_jump_deg": 2.5010368924440027,
              "path_distance_deg": 13.630653802341204,
              "endpoint_distance_deg": 8.352105162477788,
              "path_to_endpoint_ratio": 1.6320021763587864,
              "peak_velocity_deg": 4.075692673001168
            },
            {
              "start_frame": 94,
              "end_frame": 100,
              "entry_jump_deg": 2.208251164542414,
              "path_distance_deg": 16.128848385773107,
              "endpoint_distance_deg": 7.550972429843572,
              "path_to_endpoint_ratio": 2.1359961959372744,
              "peak_velocity_deg": 3.9688813194042214
            },
            {
              "start_frame": 124,
              "end_frame": 130,
              "entry_jump_deg": 2.6646702434576093,
              "path_distance_deg": 10.750951948564586,
              "endpoint_distance_deg": 3.7283569100608736,
              "path_to_endpoint_ratio": 2.88356297637531,
              "peak_velocity_deg": 3.8989471745969895
            },
            {
              "start_frame": 74,
              "end_frame": 80,
              "entry_jump_deg": 2.1975355494823123,
              "path_distance_deg": 14.229193298271234,
              "endpoint_distance_deg": 0.5255070174057976,
              "path_to_endpoint_ratio": 27.077075713497887,
              "peak_velocity_deg": 3.863511091740615
            },
            {
              "start_frame": 64,
              "end_frame": 70,
              "entry_jump_deg": 0.2783596812230511,
              "path_distance_deg": 10.032801228776604,
              "endpoint_distance_deg": 9.89414349863552,
              "path_to_endpoint_ratio": 1.0140141216023606,
              "peak_velocity_deg": 2.7271539990557585
            },
            {
              "start_frame": 114,
              "end_frame": 120,
              "entry_jump_deg": 0.5949857744978744,
              "path_distance_deg": 5.11634898832228,
              "endpoint_distance_deg": 3.829437788791017,
              "path_to_endpoint_ratio": 1.3360574764520594,
              "peak_velocity_deg": 1.7380804077469398
            }
          ]
        },
        "ratios": {
          "excursion_p90": 1.0583219727738262,
          "velocity_rms": 1.561260701200431,
          "velocity_p95": 1.2983892104811203
        }
      },
      "LeftHand": {
        "prediction": {
          "order": "XYZ",
          "excursion_p90_deg": 27.178417905098687,
          "excursion_max_deg": 44.5347087476182,
          "velocity_rms_deg_per_frame": 6.687373108843147,
          "velocity_p95_deg_per_frame": 11.807633890144574,
          "velocity_max_deg_per_frame": 50.462154789252374,
          "euler_axis_step_p95_deg": [
            2.3042274000000074,
            7.377731799999982,
            10.827374499999992
          ],
          "top_velocity_transitions": [
            {
              "from_frame": 183,
              "to_frame": 184,
              "velocity_deg": 50.462154789252374,
              "new_block_offset": 0,
              "inside_release_blend": false
            },
            {
              "from_frame": 53,
              "to_frame": 54,
              "velocity_deg": 25.61718842616679,
              "new_block_offset": 0,
              "inside_release_blend": false
            },
            {
              "from_frame": 43,
              "to_frame": 44,
              "velocity_deg": 22.384894453202275,
              "new_block_offset": 0,
              "inside_release_blend": false
            },
            {
              "from_frame": 177,
              "to_frame": 178,
              "velocity_deg": 19.77048818672836,
              "new_block_offset": 4,
              "inside_release_blend": false
            },
            {
              "from_frame": 52,
              "to_frame": 53,
              "velocity_deg": 19.48708689230377,
              "new_block_offset": 9,
              "inside_release_blend": false
            },
            {
              "from_frame": 184,
              "to_frame": 185,
              "velocity_deg": 17.3278944264176,
              "new_block_offset": 1,
              "inside_release_blend": false
            },
            {
              "from_frame": 103,
              "to_frame": 104,
              "velocity_deg": 16.825543540684116,
              "new_block_offset": 0,
              "inside_release_blend": false
            },
            {
              "from_frame": 83,
              "to_frame": 84,
              "velocity_deg": 16.339931781265328,
              "new_block_offset": 0,
              "inside_release_blend": false
            },
            {
              "from_frame": 144,
              "to_frame": 145,
              "velocity_deg": 15.555866750869749,
              "new_block_offset": 1,
              "inside_release_blend": false
            },
            {
              "from_frame": 153,
              "to_frame": 154,
              "velocity_deg": 12.645174746989989,
              "new_block_offset": 0,
              "inside_release_blend": false
            },
            {
              "from_frame": 40,
              "to_frame": 41,
              "velocity_deg": 12.196594695545485,
              "new_block_offset": 7,
              "inside_release_blend": false
            },
            {
              "from_frame": 45,
              "to_frame": 46,
              "velocity_deg": 11.881259678620529,
              "new_block_offset": 2,
              "inside_release_blend": false
            }
          ],
          "release_blend_blocks_by_path": [
            {
              "start_frame": 174,
              "endpoint_distance_deg": 22.749338800920786,
              "path_distance_deg": 53.71825541647766,
              "path_to_endpoint_ratio": 2.3613106247423508,
              "peak_velocity_deg": 19.77048818672836
            },
            {
              "start_frame": 184,
              "endpoint_distance_deg": 20.645936761263812,
              "path_distance_deg": 49.01428378840415,
              "path_to_endpoint_ratio": 2.374040197602727,
              "peak_velocity_deg": 17.3278944264176
            },
            {
              "start_frame": 44,
              "endpoint_distance_deg": 5.141310929268423,
              "path_distance_deg": 41.33142224709077,
              "path_to_endpoint_ratio": 8.039082408301647,
              "peak_velocity_deg": 11.881259678620529
            },
            {
              "start_frame": 84,
              "endpoint_distance_deg": 5.006705386357281,
              "path_distance_deg": 36.567470080253834,
              "path_to_endpoint_ratio": 7.303699191068073,
              "peak_velocity_deg": 7.606344650193712
            },
            {
              "start_frame": 164,
              "endpoint_distance_deg": 10.671497067341797,
              "path_distance_deg": 35.03273154327391,
              "path_to_endpoint_ratio": 3.2828319515248996,
              "peak_velocity_deg": 8.577939830119758
            },
            {
              "start_frame": 204,
              "endpoint_distance_deg": 26.652399480918962,
              "path_distance_deg": 31.555807768094077,
              "path_to_endpoint_ratio": 1.1839762416395407,
              "peak_velocity_deg": 8.66993019691142
            },
            {
              "start_frame": 134,
              "endpoint_distance_deg": 3.239611583050314,
              "path_distance_deg": 30.047323103410832,
              "path_to_endpoint_ratio": 9.27497705608252,
              "peak_velocity_deg": 9.574691668273777
            },
            {
              "start_frame": 144,
              "endpoint_distance_deg": 21.250430881456055,
              "path_distance_deg": 29.13671014821686,
              "path_to_endpoint_ratio": 1.3711114993740046,
              "peak_velocity_deg": 15.555866750869749
            },
            {
              "start_frame": 34,
              "endpoint_distance_deg": 12.871117113023626,
              "path_distance_deg": 27.47641214870128,
              "path_to_endpoint_ratio": 2.1347340644503423,
              "peak_velocity_deg": 6.335173058130861
            },
            {
              "start_frame": 94,
              "endpoint_distance_deg": 4.546797503213044,
              "path_distance_deg": 21.622385880057152,
              "path_to_endpoint_ratio": 4.755519871904886,
              "peak_velocity_deg": 6.605057390414413
            },
            {
              "start_frame": 154,
              "endpoint_distance_deg": 11.337657001885681,
              "path_distance_deg": 20.319794740763527,
              "path_to_endpoint_ratio": 1.7922393257605107,
              "peak_velocity_deg": 6.143786629988595
            },
            {
              "start_frame": 74,
              "endpoint_distance_deg": 12.41846488011096,
              "path_distance_deg": 17.939936171496697,
              "path_to_endpoint_ratio": 1.444617860958705,
              "peak_velocity_deg": 10.066035475544538
            },
            {
              "start_frame": 104,
              "endpoint_distance_deg": 5.370455603388683,
              "path_distance_deg": 15.927406673536957,
              "path_to_endpoint_ratio": 2.9657458975150983,
              "peak_velocity_deg": 3.8829618221841766
            },
            {
              "start_frame": 54,
              "endpoint_distance_deg": 8.37485530046016,
              "path_distance_deg": 13.707639537965623,
              "path_to_endpoint_ratio": 1.6367613583977325,
              "peak_velocity_deg": 3.7689084029419924
            },
            {
              "start_frame": 214,
              "endpoint_distance_deg": 4.864223474816207,
              "path_distance_deg": 13.428839957043044,
              "path_to_endpoint_ratio": 2.7607366369100568,
              "peak_velocity_deg": 3.9312275014062714
            },
            {
              "start_frame": 64,
              "endpoint_distance_deg": 8.267933981559018,
              "path_distance_deg": 11.238669380409657,
              "path_to_endpoint_ratio": 1.3593080696431095,
              "peak_velocity_deg": 2.9690383748239446
            },
            {
              "start_frame": 114,
              "endpoint_distance_deg": 6.0911554296733605,
              "path_distance_deg": 7.594380223589986,
              "path_to_endpoint_ratio": 1.2467881194746062,
              "peak_velocity_deg": 3.179821882599498
            },
            {
              "start_frame": 124,
              "endpoint_distance_deg": 1.911151423704953,
              "path_distance_deg": 7.546926353784758,
              "path_to_endpoint_ratio": 3.9488897950086588,
              "peak_velocity_deg": 2.0627579136237233
            },
            {
              "start_frame": 194,
              "endpoint_distance_deg": 1.9661003584250483,
              "path_distance_deg": 5.682802852675801,
              "path_to_endpoint_ratio": 2.8903930708949317,
              "peak_velocity_deg": 1.6199586826645038
            }
          ],
          "boundary_blocks_by_peak": [
            {
              "start_frame": 184,
              "end_frame": 190,
              "entry_jump_deg": 50.462154789252374,
              "path_distance_deg": 99.47643857765651,
              "endpoint_distance_deg": 52.711077168105554,
              "path_to_endpoint_ratio": 1.8872017784878008,
              "peak_velocity_deg": 50.462154789252374
            },
            {
              "start_frame": 54,
              "end_frame": 60,
              "entry_jump_deg": 25.61718842616679,
              "path_distance_deg": 39.32482796413241,
              "endpoint_distance_deg": 17.25775551879073,
              "path_to_endpoint_ratio": 2.278675689971064,
              "peak_velocity_deg": 25.61718842616679
            },
            {
              "start_frame": 44,
              "end_frame": 50,
              "entry_jump_deg": 22.384894453202275,
              "path_distance_deg": 63.71631670029305,
              "endpoint_distance_deg": 26.096156817108714,
              "path_to_endpoint_ratio": 2.441597709074175,
              "peak_velocity_deg": 22.384894453202275
            },
            {
              "start_frame": 174,
              "end_frame": 180,
              "entry_jump_deg": 6.529844592689156,
              "path_distance_deg": 60.24810000916682,
              "endpoint_distance_deg": 19.971933221037926,
              "path_to_endpoint_ratio": 3.0166383665704934,
              "peak_velocity_deg": 19.77048818672836
            },
            {
              "start_frame": 104,
              "end_frame": 110,
              "entry_jump_deg": 16.825543540684116,
              "path_distance_deg": 32.75295021422107,
              "endpoint_distance_deg": 18.929303488219915,
              "path_to_endpoint_ratio": 1.7302776213928786,
              "peak_velocity_deg": 16.825543540684116
            },
            {
              "start_frame": 84,
              "end_frame": 90,
              "entry_jump_deg": 16.339931781265328,
              "path_distance_deg": 52.90740186151916,
              "endpoint_distance_deg": 20.7930210859099,
              "path_to_endpoint_ratio": 2.54447882503092,
              "peak_velocity_deg": 16.339931781265328
            },
            {
              "start_frame": 144,
              "end_frame": 150,
              "entry_jump_deg": 8.667654836066161,
              "path_distance_deg": 37.804364984283026,
              "endpoint_distance_deg": 25.648505201957114,
              "path_to_endpoint_ratio": 1.4739402817673115,
              "peak_velocity_deg": 15.555866750869749
            },
            {
              "start_frame": 154,
              "end_frame": 160,
              "entry_jump_deg": 12.645174746989989,
              "path_distance_deg": 32.96496948775352,
              "endpoint_distance_deg": 16.11213066290667,
              "path_to_endpoint_ratio": 2.045972080132483,
              "peak_velocity_deg": 12.645174746989989
            },
            {
              "start_frame": 64,
              "end_frame": 70,
              "entry_jump_deg": 11.14500179386115,
              "path_distance_deg": 22.38367117427081,
              "endpoint_distance_deg": 18.390904371456624,
              "path_to_endpoint_ratio": 1.2171055170626144,
              "peak_velocity_deg": 11.14500179386115
            },
            {
              "start_frame": 74,
              "end_frame": 80,
              "entry_jump_deg": 1.0806264941385357,
              "path_distance_deg": 19.020562665635236,
              "endpoint_distance_deg": 12.657048463884841,
              "path_to_endpoint_ratio": 1.5027644651837917,
              "peak_velocity_deg": 10.066035475544538
            },
            {
              "start_frame": 134,
              "end_frame": 140,
              "entry_jump_deg": 3.0159670375832817,
              "path_distance_deg": 33.06329014099411,
              "endpoint_distance_deg": 5.624805556903562,
              "path_to_endpoint_ratio": 5.878121440200566,
              "peak_velocity_deg": 9.574691668273777
            },
            {
              "start_frame": 194,
              "end_frame": 200,
              "entry_jump_deg": 9.465038026364793,
              "path_distance_deg": 15.14784087904059,
              "endpoint_distance_deg": 7.518760108804318,
              "path_to_endpoint_ratio": 2.0146727199479035,
              "peak_velocity_deg": 9.465038026364793
            },
            {
              "start_frame": 94,
              "end_frame": 100,
              "entry_jump_deg": 9.414504812855856,
              "path_distance_deg": 31.036890692913005,
              "endpoint_distance_deg": 13.952342495293196,
              "path_to_endpoint_ratio": 2.2244931776426258,
              "peak_velocity_deg": 9.414504812855856
            },
            {
              "start_frame": 214,
              "end_frame": 220,
              "entry_jump_deg": 8.946249251446188,
              "path_distance_deg": 22.375089208489236,
              "endpoint_distance_deg": 10.624684180821045,
              "path_to_endpoint_ratio": 2.1059533467243403,
              "peak_velocity_deg": 8.946249251446188
            },
            {
              "start_frame": 204,
              "end_frame": 210,
              "entry_jump_deg": 6.750465194963278,
              "path_distance_deg": 38.30627296305735,
              "endpoint_distance_deg": 33.30050157391608,
              "path_to_endpoint_ratio": 1.1503212009593946,
              "peak_velocity_deg": 8.66993019691142
            },
            {
              "start_frame": 164,
              "end_frame": 170,
              "entry_jump_deg": 7.812475069975448,
              "path_distance_deg": 42.84520661324937,
              "endpoint_distance_deg": 18.41567819415976,
              "path_to_endpoint_ratio": 2.3265614310548197,
              "peak_velocity_deg": 8.577939830119758
            },
            {
              "start_frame": 34,
              "end_frame": 40,
              "entry_jump_deg": 7.021340382810528,
              "path_distance_deg": 34.49775253151181,
              "endpoint_distance_deg": 14.46222124896078,
              "path_to_endpoint_ratio": 2.385370264888648,
              "peak_velocity_deg": 7.021340382810528
            },
            {
              "start_frame": 124,
              "end_frame": 130,
              "entry_jump_deg": 4.1157722701852215,
              "path_distance_deg": 11.662698623969982,
              "endpoint_distance_deg": 5.208367024279779,
              "path_to_endpoint_ratio": 2.2392236510219283,
              "peak_velocity_deg": 4.1157722701852215
            },
            {
              "start_frame": 114,
              "end_frame": 120,
              "entry_jump_deg": 3.7328924048499257,
              "path_distance_deg": 11.327272628439912,
              "endpoint_distance_deg": 6.017178780738903,
              "path_to_endpoint_ratio": 1.8824889605571824,
              "peak_velocity_deg": 3.7328924048499257
            }
          ]
        },
        "ground_truth": {
          "order": "XYZ",
          "excursion_p90_deg": 25.0916436348067,
          "excursion_max_deg": 29.93609911916353,
          "velocity_rms_deg_per_frame": 3.253390336110928,
          "velocity_p95_deg_per_frame": 7.690566014034925,
          "velocity_max_deg_per_frame": 17.325939080855115,
          "euler_axis_step_p95_deg": [
            1.3935239999999898,
            5.380456199999997,
            3.566599399999985
          ],
          "top_velocity_transitions": [
            {
              "from_frame": 158,
              "to_frame": 159,
              "velocity_deg": 17.325939080855115,
              "new_block_offset": 5,
              "inside_release_blend": false
            },
            {
              "from_frame": 138,
              "to_frame": 139,
              "velocity_deg": 14.413812932632158,
              "new_block_offset": 5,
              "inside_release_blend": false
            },
            {
              "from_frame": 183,
              "to_frame": 184,
              "velocity_deg": 13.882486117783307,
              "new_block_offset": 0,
              "inside_release_blend": false
            },
            {
              "from_frame": 157,
              "to_frame": 158,
              "velocity_deg": 10.933214751086467,
              "new_block_offset": 4,
              "inside_release_blend": false
            },
            {
              "from_frame": 200,
              "to_frame": 201,
              "velocity_deg": 10.61973284045564,
              "new_block_offset": 7,
              "inside_release_blend": false
            },
            {
              "from_frame": 139,
              "to_frame": 140,
              "velocity_deg": 10.355717631713276,
              "new_block_offset": 6,
              "inside_release_blend": false
            },
            {
              "from_frame": 182,
              "to_frame": 183,
              "velocity_deg": 9.918933375051015,
              "new_block_offset": 9,
              "inside_release_blend": false
            },
            {
              "from_frame": 173,
              "to_frame": 174,
              "velocity_deg": 8.388668914597707,
              "new_block_offset": 0,
              "inside_release_blend": false
            },
            {
              "from_frame": 172,
              "to_frame": 173,
              "velocity_deg": 8.167307931496477,
              "new_block_offset": 9,
              "inside_release_blend": false
            },
            {
              "from_frame": 24,
              "to_frame": 25,
              "velocity_deg": 8.166908683017143,
              "new_block_offset": null,
              "inside_release_blend": false
            },
            {
              "from_frame": 156,
              "to_frame": 157,
              "velocity_deg": 8.08657434783838,
              "new_block_offset": 3,
              "inside_release_blend": false
            },
            {
              "from_frame": 191,
              "to_frame": 192,
              "velocity_deg": 7.754347627382885,
              "new_block_offset": 8,
              "inside_release_blend": false
            }
          ],
          "release_blend_blocks_by_path": [
            {
              "start_frame": 154,
              "endpoint_distance_deg": 43.69285272784064,
              "path_distance_deg": 51.67114115468997,
              "path_to_endpoint_ratio": 1.1825993939225132,
              "peak_velocity_deg": 17.325939080855115
            },
            {
              "start_frame": 134,
              "endpoint_distance_deg": 23.786703051283776,
              "path_distance_deg": 30.36572525488532,
              "path_to_endpoint_ratio": 1.27658403055763,
              "peak_velocity_deg": 14.413812932632158
            },
            {
              "start_frame": 34,
              "endpoint_distance_deg": 6.051332374452494,
              "path_distance_deg": 19.64242141431034,
              "path_to_endpoint_ratio": 3.2459663754773556,
              "peak_velocity_deg": 7.116531493903426
            },
            {
              "start_frame": 214,
              "endpoint_distance_deg": 14.295382633686918,
              "path_distance_deg": 17.60775773061215,
              "path_to_endpoint_ratio": 1.2317094394605188,
              "peak_velocity_deg": 4.997425960784078
            },
            {
              "start_frame": 174,
              "endpoint_distance_deg": 2.304363563032468,
              "path_distance_deg": 17.266502691820676,
              "path_to_endpoint_ratio": 7.492959430888812,
              "peak_velocity_deg": 4.676821098099523
            },
            {
              "start_frame": 194,
              "endpoint_distance_deg": 8.616278198959478,
              "path_distance_deg": 16.17394498005233,
              "path_to_endpoint_ratio": 1.8771382035930007,
              "peak_velocity_deg": 4.078213996843599
            },
            {
              "start_frame": 184,
              "endpoint_distance_deg": 8.057834886608827,
              "path_distance_deg": 11.607244572589051,
              "path_to_endpoint_ratio": 1.440491737039552,
              "peak_velocity_deg": 2.951134798077818
            },
            {
              "start_frame": 164,
              "endpoint_distance_deg": 8.534615769470147,
              "path_distance_deg": 10.81531512788909,
              "path_to_endpoint_ratio": 1.2672292953805153,
              "peak_velocity_deg": 2.827418150270304
            },
            {
              "start_frame": 144,
              "endpoint_distance_deg": 5.009128469603327,
              "path_distance_deg": 8.41385503034564,
              "path_to_endpoint_ratio": 1.6797043799940579,
              "peak_velocity_deg": 3.2737908132251423
            },
            {
              "start_frame": 94,
              "endpoint_distance_deg": 3.647813714012486,
              "path_distance_deg": 7.558638258480077,
              "path_to_endpoint_ratio": 2.0721009489724738,
              "peak_velocity_deg": 2.6861854997325714
            },
            {
              "start_frame": 84,
              "endpoint_distance_deg": 2.9223878672293706,
              "path_distance_deg": 6.171603494890768,
              "path_to_endpoint_ratio": 2.1118358600160363,
              "peak_velocity_deg": 1.8109190134023734
            },
            {
              "start_frame": 44,
              "endpoint_distance_deg": 4.023807509640437,
              "path_distance_deg": 5.6755197230839,
              "path_to_endpoint_ratio": 1.410484897571817,
              "peak_velocity_deg": 1.824131725100474
            },
            {
              "start_frame": 54,
              "endpoint_distance_deg": 3.2772143485119942,
              "path_distance_deg": 4.844309246111408,
              "path_to_endpoint_ratio": 1.4781789443558815,
              "peak_velocity_deg": 1.3980225312938401
            },
            {
              "start_frame": 204,
              "endpoint_distance_deg": 4.16770356660836,
              "path_distance_deg": 4.79256528963273,
              "path_to_endpoint_ratio": 1.14992950267163,
              "peak_velocity_deg": 1.3774899084799648
            },
            {
              "start_frame": 104,
              "endpoint_distance_deg": 1.976109877620042,
              "path_distance_deg": 3.764483118054725,
              "path_to_endpoint_ratio": 1.9049968631240977,
              "peak_velocity_deg": 1.3392144674788748
            },
            {
              "start_frame": 74,
              "endpoint_distance_deg": 0.476193808230904,
              "path_distance_deg": 3.3617073772645956,
              "path_to_endpoint_ratio": 7.059536094670346,
              "peak_velocity_deg": 0.8947980313327076
            },
            {
              "start_frame": 124,
              "endpoint_distance_deg": 2.12106983644642,
              "path_distance_deg": 3.0632616876778274,
              "path_to_endpoint_ratio": 1.4442059544865948,
              "peak_velocity_deg": 0.7830620173166889
            },
            {
              "start_frame": 64,
              "endpoint_distance_deg": 1.2476943390529827,
              "path_distance_deg": 2.003026211665425,
              "path_to_endpoint_ratio": 1.6053821428618082,
              "peak_velocity_deg": 0.5852463958820886
            },
            {
              "start_frame": 114,
              "endpoint_distance_deg": 0.6185521273588355,
              "path_distance_deg": 1.164731477655364,
              "path_to_endpoint_ratio": 1.8829964786131566,
              "peak_velocity_deg": 0.37086065957364134
            }
          ],
          "boundary_blocks_by_peak": [
            {
              "start_frame": 154,
              "end_frame": 160,
              "entry_jump_deg": 0.6678418685018502,
              "path_distance_deg": 52.33898302319182,
              "endpoint_distance_deg": 43.06026190144135,
              "path_to_endpoint_ratio": 1.215482226814786,
              "peak_velocity_deg": 17.325939080855115
            },
            {
              "start_frame": 134,
              "end_frame": 140,
              "entry_jump_deg": 0.36152908659435107,
              "path_distance_deg": 30.727254341479668,
              "endpoint_distance_deg": 23.451435397044207,
              "path_to_endpoint_ratio": 1.3102504738516985,
              "peak_velocity_deg": 14.413812932632158
            },
            {
              "start_frame": 184,
              "end_frame": 190,
              "entry_jump_deg": 13.882486117783307,
              "path_distance_deg": 25.48973069037236,
              "endpoint_distance_deg": 6.029134311203369,
              "path_to_endpoint_ratio": 4.22775963756641,
              "peak_velocity_deg": 13.882486117783307
            },
            {
              "start_frame": 174,
              "end_frame": 180,
              "entry_jump_deg": 8.388668914597707,
              "path_distance_deg": 25.655171606418378,
              "endpoint_distance_deg": 8.799595238561542,
              "path_to_endpoint_ratio": 2.915494509792043,
              "peak_velocity_deg": 8.388668914597707
            },
            {
              "start_frame": 34,
              "end_frame": 40,
              "entry_jump_deg": 2.7742305127478186,
              "path_distance_deg": 22.41665192705816,
              "endpoint_distance_deg": 8.632065616604036,
              "path_to_endpoint_ratio": 2.5969047181405878,
              "peak_velocity_deg": 7.116531493903426
            },
            {
              "start_frame": 214,
              "end_frame": 220,
              "entry_jump_deg": 1.4685745933035717,
              "path_distance_deg": 19.07633232391572,
              "endpoint_distance_deg": 15.760458520352575,
              "path_to_endpoint_ratio": 1.2103919628531827,
              "peak_velocity_deg": 4.997425960784078
            },
            {
              "start_frame": 194,
              "end_frame": 200,
              "entry_jump_deg": 4.578246801502562,
              "path_distance_deg": 20.75219178155489,
              "endpoint_distance_deg": 12.297362094393232,
              "path_to_endpoint_ratio": 1.6875319781806288,
              "peak_velocity_deg": 4.578246801502562
            },
            {
              "start_frame": 144,
              "end_frame": 150,
              "entry_jump_deg": 2.4111571154535483,
              "path_distance_deg": 10.825012145799189,
              "endpoint_distance_deg": 7.402955264092693,
              "path_to_endpoint_ratio": 1.4622555127821515,
              "peak_velocity_deg": 3.2737908132251423
            },
            {
              "start_frame": 204,
              "end_frame": 210,
              "entry_jump_deg": 2.8613938018724028,
              "path_distance_deg": 7.6539590915051345,
              "endpoint_distance_deg": 4.351129282943878,
              "path_to_endpoint_ratio": 1.7590741607030886,
              "peak_velocity_deg": 2.8613938018724028
            },
            {
              "start_frame": 164,
              "end_frame": 170,
              "entry_jump_deg": 2.0908289353722087,
              "path_distance_deg": 12.906144063261298,
              "endpoint_distance_deg": 10.2217697717309,
              "path_to_endpoint_ratio": 1.2626134565223963,
              "peak_velocity_deg": 2.827418150270304
            },
            {
              "start_frame": 94,
              "end_frame": 100,
              "entry_jump_deg": 1.0332865971645164,
              "path_distance_deg": 8.591924855644594,
              "endpoint_distance_deg": 3.825913159658263,
              "path_to_endpoint_ratio": 2.2457187335668745,
              "peak_velocity_deg": 2.6861854997325714
            },
            {
              "start_frame": 44,
              "end_frame": 50,
              "entry_jump_deg": 0.9323697658895241,
              "path_distance_deg": 6.607889488973424,
              "endpoint_distance_deg": 3.5024484865257053,
              "path_to_endpoint_ratio": 1.8866485872368095,
              "peak_velocity_deg": 1.824131725100474
            },
            {
              "start_frame": 84,
              "end_frame": 90,
              "entry_jump_deg": 0.7696169841399835,
              "path_distance_deg": 6.941220479030751,
              "endpoint_distance_deg": 2.3186304903674175,
              "path_to_endpoint_ratio": 2.993672561396716,
              "peak_velocity_deg": 1.8109190134023734
            },
            {
              "start_frame": 54,
              "end_frame": 60,
              "entry_jump_deg": 1.0531640329551248,
              "path_distance_deg": 5.897473279066532,
              "endpoint_distance_deg": 2.543534743553037,
              "path_to_endpoint_ratio": 2.318613218873674,
              "peak_velocity_deg": 1.3980225312938401
            },
            {
              "start_frame": 104,
              "end_frame": 110,
              "entry_jump_deg": 1.0356293128871183,
              "path_distance_deg": 4.8001124309418435,
              "endpoint_distance_deg": 2.3207741818264984,
              "path_to_endpoint_ratio": 2.068323781146192,
              "peak_velocity_deg": 1.3392144674788748
            },
            {
              "start_frame": 74,
              "end_frame": 80,
              "entry_jump_deg": 0.9748523319219048,
              "path_distance_deg": 4.3365597091865,
              "endpoint_distance_deg": 1.4373192924245441,
              "path_to_endpoint_ratio": 3.017116469557274,
              "peak_velocity_deg": 0.9748523319219048
            },
            {
              "start_frame": 124,
              "end_frame": 130,
              "entry_jump_deg": 0.4120167144474012,
              "path_distance_deg": 3.4752784021252285,
              "endpoint_distance_deg": 1.8041239849271773,
              "path_to_endpoint_ratio": 1.9262968793497341,
              "peak_velocity_deg": 0.7830620173166889
            },
            {
              "start_frame": 64,
              "end_frame": 70,
              "entry_jump_deg": 0.08315600548490087,
              "path_distance_deg": 2.0861822171503257,
              "endpoint_distance_deg": 1.1653059181965157,
              "path_to_endpoint_ratio": 1.790244247947357,
              "peak_velocity_deg": 0.5852463958820886
            },
            {
              "start_frame": 114,
              "end_frame": 120,
              "entry_jump_deg": 0.04836494919095422,
              "path_distance_deg": 1.213096426846318,
              "endpoint_distance_deg": 0.6182096726472346,
              "path_to_endpoint_ratio": 1.962273449478265,
              "peak_velocity_deg": 0.37086065957364134
            }
          ]
        },
        "ratios": {
          "excursion_p90": 1.0831661050453167,
          "velocity_rms": 2.055508997680607,
          "velocity_p95": 1.535340034608141
        }
      }
    },
    "energetic": {
      "RightShoulder": {
        "prediction": {
          "order": "XYZ",
          "excursion_p90_deg": 3.4040053081783723,
          "excursion_max_deg": 4.503089821629585,
          "velocity_rms_deg_per_frame": 0.8363600984987318,
          "velocity_p95_deg_per_frame": 1.6383845753975612,
          "velocity_max_deg_per_frame": 3.03027137755072,
          "euler_axis_step_p95_deg": [
            0.008793500000001585,
            1.2739547000000067,
            1.388693999999997
          ],
          "top_velocity_transitions": [
            {
              "from_frame": 33,
              "to_frame": 34,
              "velocity_deg": 3.03027137755072,
              "new_block_offset": 0,
              "inside_release_blend": false
            },
            {
              "from_frame": 53,
              "to_frame": 54,
              "velocity_deg": 2.3846755192051434,
              "new_block_offset": 0,
              "inside_release_blend": false
            },
            {
              "from_frame": 183,
              "to_frame": 184,
              "velocity_deg": 2.355903668305184,
              "new_block_offset": 0,
              "inside_release_blend": false
            },
            {
              "from_frame": 55,
              "to_frame": 56,
              "velocity_deg": 2.2330294066720477,
              "new_block_offset": 2,
              "inside_release_blend": false
            },
            {
              "from_frame": 203,
              "to_frame": 204,
              "velocity_deg": 2.1453298281958344,
              "new_block_offset": 0,
              "inside_release_blend": false
            },
            {
              "from_frame": 163,
              "to_frame": 164,
              "velocity_deg": 2.0948186566555265,
              "new_block_offset": 0,
              "inside_release_blend": false
            },
            {
              "from_frame": 173,
              "to_frame": 174,
              "velocity_deg": 1.9653807127653447,
              "new_block_offset": 0,
              "inside_release_blend": false
            },
            {
              "from_frame": 35,
              "to_frame": 36,
              "velocity_deg": 1.9070357910340512,
              "new_block_offset": 2,
              "inside_release_blend": false
            },
            {
              "from_frame": 54,
              "to_frame": 55,
              "velocity_deg": 1.8406707686235448,
              "new_block_offset": 1,
              "inside_release_blend": false
            },
            {
              "from_frame": 34,
              "to_frame": 35,
              "velocity_deg": 1.6968467403894159,
              "new_block_offset": 1,
              "inside_release_blend": false
            },
            {
              "from_frame": 213,
              "to_frame": 214,
              "velocity_deg": 1.6931745565457461,
              "new_block_offset": 0,
              "inside_release_blend": false
            },
            {
              "from_frame": 128,
              "to_frame": 129,
              "velocity_deg": 1.641473581298252,
              "new_block_offset": 5,
              "inside_release_blend": false
            }
          ],
          "release_blend_blocks_by_path": [
            {
              "start_frame": 124,
              "endpoint_distance_deg": 6.04731243900978,
              "path_distance_deg": 7.727772671147134,
              "path_to_endpoint_ratio": 1.2778854654998646,
              "peak_velocity_deg": 1.641473581298252
            },
            {
              "start_frame": 34,
              "endpoint_distance_deg": 4.467493124958064,
              "path_distance_deg": 6.241552823489582,
              "path_to_endpoint_ratio": 1.3971040690853154,
              "peak_velocity_deg": 1.9070357910340512
            },
            {
              "start_frame": 134,
              "endpoint_distance_deg": 3.693544280500647,
              "path_distance_deg": 6.087832176606423,
              "path_to_endpoint_ratio": 1.6482358716385117,
              "peak_velocity_deg": 1.5733148689170333
            },
            {
              "start_frame": 54,
              "endpoint_distance_deg": 3.924238127112691,
              "path_distance_deg": 5.500011470082695,
              "path_to_endpoint_ratio": 1.4015488591487184,
              "peak_velocity_deg": 2.2330294066720477
            },
            {
              "start_frame": 204,
              "endpoint_distance_deg": 3.3415760684911024,
              "path_distance_deg": 4.930603631900877,
              "path_to_endpoint_ratio": 1.4755323628252175,
              "peak_velocity_deg": 1.3911199191728816
            },
            {
              "start_frame": 94,
              "endpoint_distance_deg": 1.8331875629410446,
              "path_distance_deg": 4.7081926231867595,
              "path_to_endpoint_ratio": 2.5683092763477227,
              "peak_velocity_deg": 1.4208533732735138
            },
            {
              "start_frame": 144,
              "endpoint_distance_deg": 0.8866559296471895,
              "path_distance_deg": 4.334248424771302,
              "path_to_endpoint_ratio": 4.888309297718168,
              "peak_velocity_deg": 1.1160497733656058
            },
            {
              "start_frame": 44,
              "endpoint_distance_deg": 3.213524553372213,
              "path_distance_deg": 3.3814450983413327,
              "path_to_endpoint_ratio": 1.0522543214405837,
              "peak_velocity_deg": 0.7971582683526528
            },
            {
              "start_frame": 114,
              "endpoint_distance_deg": 2.5176910112583832,
              "path_distance_deg": 3.2707493351532797,
              "path_to_endpoint_ratio": 1.2991067293513932,
              "peak_velocity_deg": 1.3112820731308408
            },
            {
              "start_frame": 214,
              "endpoint_distance_deg": 0.3660843489243315,
              "path_distance_deg": 3.2157088283632307,
              "path_to_endpoint_ratio": 8.784065305747085,
              "peak_velocity_deg": 0.7354085162658609
            },
            {
              "start_frame": 194,
              "endpoint_distance_deg": 2.0710286023719267,
              "path_distance_deg": 3.047475183926132,
              "path_to_endpoint_ratio": 1.4714790420740167,
              "peak_velocity_deg": 0.9548192084607301
            },
            {
              "start_frame": 164,
              "endpoint_distance_deg": 2.5111234548165577,
              "path_distance_deg": 2.820556233639991,
              "path_to_endpoint_ratio": 1.123224837165976,
              "peak_velocity_deg": 0.6923143588190382
            },
            {
              "start_frame": 184,
              "endpoint_distance_deg": 2.381508903011657,
              "path_distance_deg": 2.770401774737727,
              "path_to_endpoint_ratio": 1.1632968372422525,
              "peak_velocity_deg": 0.9929849817404744
            },
            {
              "start_frame": 64,
              "endpoint_distance_deg": 0.6164386850513066,
              "path_distance_deg": 2.745267260071068,
              "path_to_endpoint_ratio": 4.453431179197615,
              "peak_velocity_deg": 0.9064058946252278
            },
            {
              "start_frame": 84,
              "endpoint_distance_deg": 1.0918249228546177,
              "path_distance_deg": 2.475935237488838,
              "path_to_endpoint_ratio": 2.2677035353025388,
              "peak_velocity_deg": 0.9024145259443113
            },
            {
              "start_frame": 104,
              "endpoint_distance_deg": 0.6688704717150561,
              "path_distance_deg": 2.381545685728669,
              "path_to_endpoint_ratio": 3.5605483967951654,
              "peak_velocity_deg": 0.6222091189636149
            },
            {
              "start_frame": 174,
              "endpoint_distance_deg": 0.7709455539116825,
              "path_distance_deg": 2.2222483872888623,
              "path_to_endpoint_ratio": 2.8824971828599937,
              "peak_velocity_deg": 0.6276226625275623
            },
            {
              "start_frame": 74,
              "endpoint_distance_deg": 1.1617928087093394,
              "path_distance_deg": 1.947102029177434,
              "path_to_endpoint_ratio": 1.6759460160030697,
              "peak_velocity_deg": 0.4873051634974166
            },
            {
              "start_frame": 154,
              "endpoint_distance_deg": 0.7348200039812341,
              "path_distance_deg": 1.690734255249259,
              "path_to_endpoint_ratio": 2.3008821835128446,
              "peak_velocity_deg": 0.7722363953311772
            }
          ],
          "boundary_blocks_by_peak": [
            {
              "start_frame": 34,
              "end_frame": 40,
              "entry_jump_deg": 3.03027137755072,
              "path_distance_deg": 9.271824201040301,
              "endpoint_distance_deg": 5.220712796310462,
              "path_to_endpoint_ratio": 1.7759690223895876,
              "peak_velocity_deg": 3.03027137755072
            },
            {
              "start_frame": 54,
              "end_frame": 60,
              "entry_jump_deg": 2.3846755192051434,
              "path_distance_deg": 7.884686989287839,
              "endpoint_distance_deg": 4.558263479774503,
              "path_to_endpoint_ratio": 1.7297567427317504,
              "peak_velocity_deg": 2.3846755192051434
            },
            {
              "start_frame": 184,
              "end_frame": 190,
              "entry_jump_deg": 2.355903668305184,
              "path_distance_deg": 5.126305443042911,
              "endpoint_distance_deg": 4.632916980909942,
              "path_to_endpoint_ratio": 1.1064962882274794,
              "peak_velocity_deg": 2.355903668305184
            },
            {
              "start_frame": 204,
              "end_frame": 210,
              "entry_jump_deg": 2.1453298281958344,
              "path_distance_deg": 7.075933460096711,
              "endpoint_distance_deg": 5.45317961851814,
              "path_to_endpoint_ratio": 1.2975793858078604,
              "peak_velocity_deg": 2.1453298281958344
            },
            {
              "start_frame": 164,
              "end_frame": 170,
              "entry_jump_deg": 2.0948186566555265,
              "path_distance_deg": 4.915374890295518,
              "endpoint_distance_deg": 4.208782850491869,
              "path_to_endpoint_ratio": 1.1678851261525816,
              "peak_velocity_deg": 2.0948186566555265
            },
            {
              "start_frame": 174,
              "end_frame": 180,
              "entry_jump_deg": 1.9653807127653447,
              "path_distance_deg": 4.187629100054207,
              "endpoint_distance_deg": 2.3774315904401138,
              "path_to_endpoint_ratio": 1.7614088737161042,
              "peak_velocity_deg": 1.9653807127653447
            },
            {
              "start_frame": 214,
              "end_frame": 220,
              "entry_jump_deg": 1.6931745565457461,
              "path_distance_deg": 4.908883384908977,
              "endpoint_distance_deg": 1.9623597717643528,
              "path_to_endpoint_ratio": 2.5015205955304576,
              "peak_velocity_deg": 1.6931745565457461
            },
            {
              "start_frame": 124,
              "end_frame": 130,
              "entry_jump_deg": 1.5658486912468146,
              "path_distance_deg": 9.29362136239395,
              "endpoint_distance_deg": 7.430915812049777,
              "path_to_endpoint_ratio": 1.2506697152084079,
              "peak_velocity_deg": 1.641473581298252
            },
            {
              "start_frame": 144,
              "end_frame": 150,
              "entry_jump_deg": 1.610583522291352,
              "path_distance_deg": 5.944831947062654,
              "endpoint_distance_deg": 2.4960882595996123,
              "path_to_endpoint_ratio": 2.3816593520680396,
              "peak_velocity_deg": 1.610583522291352
            },
            {
              "start_frame": 134,
              "end_frame": 140,
              "entry_jump_deg": 1.4869050788727605,
              "path_distance_deg": 7.574737255479183,
              "endpoint_distance_deg": 4.0471274551233964,
              "path_to_endpoint_ratio": 1.8716329889462873,
              "peak_velocity_deg": 1.5733148689170333
            },
            {
              "start_frame": 154,
              "end_frame": 160,
              "entry_jump_deg": 1.4471275907367909,
              "path_distance_deg": 3.1378618459860497,
              "endpoint_distance_deg": 1.9579251376382094,
              "path_to_endpoint_ratio": 1.6026464881957463,
              "peak_velocity_deg": 1.4471275907367909
            },
            {
              "start_frame": 94,
              "end_frame": 100,
              "entry_jump_deg": 0.7368927791911459,
              "path_distance_deg": 5.445085402377905,
              "endpoint_distance_deg": 2.258064694864243,
              "path_to_endpoint_ratio": 2.4113947730382757,
              "peak_velocity_deg": 1.4208533732735138
            },
            {
              "start_frame": 44,
              "end_frame": 50,
              "entry_jump_deg": 1.3823355590786954,
              "path_distance_deg": 4.763780657420028,
              "endpoint_distance_deg": 3.9292254395555455,
              "path_to_endpoint_ratio": 1.2123968783931327,
              "peak_velocity_deg": 1.3823355590786954
            },
            {
              "start_frame": 114,
              "end_frame": 120,
              "entry_jump_deg": 1.3523803967285244,
              "path_distance_deg": 4.6231297318818045,
              "endpoint_distance_deg": 3.8119137525117415,
              "path_to_endpoint_ratio": 1.2128106856655763,
              "peak_velocity_deg": 1.3523803967285244
            },
            {
              "start_frame": 194,
              "end_frame": 200,
              "entry_jump_deg": 0.8742453788618704,
              "path_distance_deg": 3.921720562788003,
              "endpoint_distance_deg": 2.8763893765748243,
              "path_to_endpoint_ratio": 1.3634178302584155,
              "peak_velocity_deg": 0.9548192084607301
            },
            {
              "start_frame": 64,
              "end_frame": 70,
              "entry_jump_deg": 0.646454572809073,
              "path_distance_deg": 3.3917218328801404,
              "endpoint_distance_deg": 1.2368220618295431,
              "path_to_endpoint_ratio": 2.7422876237047444,
              "peak_velocity_deg": 0.9064058946252278
            },
            {
              "start_frame": 84,
              "end_frame": 90,
              "entry_jump_deg": 0.15494362650507468,
              "path_distance_deg": 2.630878863993913,
              "endpoint_distance_deg": 1.223931299798532,
              "path_to_endpoint_ratio": 2.1495314846731794,
              "peak_velocity_deg": 0.9024145259443113
            },
            {
              "start_frame": 104,
              "end_frame": 110,
              "entry_jump_deg": 0.6126837989878355,
              "path_distance_deg": 2.994229484716504,
              "endpoint_distance_deg": 0.5131426257538668,
              "path_to_endpoint_ratio": 5.835082361980023,
              "peak_velocity_deg": 0.6222091189636149
            },
            {
              "start_frame": 74,
              "end_frame": 80,
              "entry_jump_deg": 0.5449365327797677,
              "path_distance_deg": 2.4920385619572016,
              "endpoint_distance_deg": 1.7058066981171165,
              "path_to_endpoint_ratio": 1.4609149821652914,
              "peak_velocity_deg": 0.5449365327797677
            }
          ]
        },
        "ground_truth": {
          "order": "XYZ",
          "excursion_p90_deg": 3.2285192200329402,
          "excursion_max_deg": 7.713683316687331,
          "velocity_rms_deg_per_frame": 0.6681879610280684,
          "velocity_p95_deg_per_frame": 1.3391563408887324,
          "velocity_max_deg_per_frame": 2.0340784954547244,
          "euler_axis_step_p95_deg": [
            3.999999989900971e-06,
            0.9227706000000034,
            1.1131035000000107
          ],
          "top_velocity_transitions": [
            {
              "from_frame": 60,
              "to_frame": 61,
              "velocity_deg": 2.0340784954547244,
              "new_block_offset": 7,
              "inside_release_blend": false
            },
            {
              "from_frame": 192,
              "to_frame": 193,
              "velocity_deg": 1.8600746717148724,
              "new_block_offset": 9,
              "inside_release_blend": false
            },
            {
              "from_frame": 53,
              "to_frame": 54,
              "velocity_deg": 1.7637680558992965,
              "new_block_offset": 0,
              "inside_release_blend": false
            },
            {
              "from_frame": 188,
              "to_frame": 189,
              "velocity_deg": 1.5811684838286,
              "new_block_offset": 5,
              "inside_release_blend": false
            },
            {
              "from_frame": 70,
              "to_frame": 71,
              "velocity_deg": 1.5141538960277432,
              "new_block_offset": 7,
              "inside_release_blend": false
            },
            {
              "from_frame": 57,
              "to_frame": 58,
              "velocity_deg": 1.4994553738059375,
              "new_block_offset": 4,
              "inside_release_blend": false
            },
            {
              "from_frame": 204,
              "to_frame": 205,
              "velocity_deg": 1.473884982783785,
              "new_block_offset": 1,
              "inside_release_blend": false
            },
            {
              "from_frame": 189,
              "to_frame": 190,
              "velocity_deg": 1.421402289940983,
              "new_block_offset": 6,
              "inside_release_blend": false
            },
            {
              "from_frame": 54,
              "to_frame": 55,
              "velocity_deg": 1.402994494984586,
              "new_block_offset": 1,
              "inside_release_blend": false
            },
            {
              "from_frame": 78,
              "to_frame": 79,
              "velocity_deg": 1.3579621494408456,
              "new_block_offset": 5,
              "inside_release_blend": false
            },
            {
              "from_frame": 191,
              "to_frame": 192,
              "velocity_deg": 1.3525946080438451,
              "new_block_offset": 8,
              "inside_release_blend": false
            },
            {
              "from_frame": 66,
              "to_frame": 67,
              "velocity_deg": 1.3404393981888572,
              "new_block_offset": 3,
              "inside_release_blend": false
            }
          ],
          "release_blend_blocks_by_path": [
            {
              "start_frame": 54,
              "endpoint_distance_deg": 2.626730166087088,
              "path_distance_deg": 7.020667938130874,
              "path_to_endpoint_ratio": 2.6727785094839875,
              "peak_velocity_deg": 1.4994553738059375
            },
            {
              "start_frame": 64,
              "endpoint_distance_deg": 5.027061633302261,
              "path_distance_deg": 6.447379484658903,
              "path_to_endpoint_ratio": 1.282534401795993,
              "peak_velocity_deg": 1.3404393981888572
            },
            {
              "start_frame": 184,
              "endpoint_distance_deg": 2.6578373386930947,
              "path_distance_deg": 5.199913651704041,
              "path_to_endpoint_ratio": 1.9564454061966525,
              "peak_velocity_deg": 1.5811684838286
            },
            {
              "start_frame": 194,
              "endpoint_distance_deg": 3.7090622250623304,
              "path_distance_deg": 4.077407221569236,
              "path_to_endpoint_ratio": 1.0993094680423474,
              "peak_velocity_deg": 1.1129770029110864
            },
            {
              "start_frame": 204,
              "endpoint_distance_deg": 3.519528671270556,
              "path_distance_deg": 3.9388194387332476,
              "path_to_endpoint_ratio": 1.1191326471880472,
              "peak_velocity_deg": 1.473884982783785
            },
            {
              "start_frame": 44,
              "endpoint_distance_deg": 1.6361276404824634,
              "path_distance_deg": 3.5878446944454145,
              "path_to_endpoint_ratio": 2.192888015379672,
              "peak_velocity_deg": 0.8968354275289057
            },
            {
              "start_frame": 74,
              "endpoint_distance_deg": 2.2383618065925104,
              "path_distance_deg": 3.4790749295318326,
              "path_to_endpoint_ratio": 1.5542951632238924,
              "peak_velocity_deg": 1.3579621494408456
            },
            {
              "start_frame": 104,
              "endpoint_distance_deg": 1.9255795901187707,
              "path_distance_deg": 3.0612460940109067,
              "path_to_endpoint_ratio": 1.5897790513151875,
              "peak_velocity_deg": 0.6990058947003357
            },
            {
              "start_frame": 94,
              "endpoint_distance_deg": 2.4307058214434494,
              "path_distance_deg": 2.939736097904375,
              "path_to_endpoint_ratio": 1.2094166525501813,
              "peak_velocity_deg": 0.8430002826528623
            },
            {
              "start_frame": 164,
              "endpoint_distance_deg": 1.8048266757649472,
              "path_distance_deg": 2.6190474320852073,
              "path_to_endpoint_ratio": 1.451135151786897,
              "peak_velocity_deg": 0.7400005153649761
            },
            {
              "start_frame": 174,
              "endpoint_distance_deg": 1.5384170259007994,
              "path_distance_deg": 2.218007504256137,
              "path_to_endpoint_ratio": 1.441746592057776,
              "peak_velocity_deg": 0.744625681800294
            },
            {
              "start_frame": 134,
              "endpoint_distance_deg": 0.6594148459379425,
              "path_distance_deg": 2.1895045163671445,
              "path_to_endpoint_ratio": 3.3203749200593498,
              "peak_velocity_deg": 0.47975572376204645
            },
            {
              "start_frame": 154,
              "endpoint_distance_deg": 0.9263212720646933,
              "path_distance_deg": 2.1816968722570045,
              "path_to_endpoint_ratio": 2.35522700174442,
              "peak_velocity_deg": 0.48130156364265325
            },
            {
              "start_frame": 84,
              "endpoint_distance_deg": 0.9476304056900648,
              "path_distance_deg": 2.0933143020794605,
              "path_to_endpoint_ratio": 2.20899866605178,
              "peak_velocity_deg": 0.6200874204621699
            },
            {
              "start_frame": 124,
              "endpoint_distance_deg": 1.5662725810054072,
              "path_distance_deg": 1.9279284112988786,
              "path_to_endpoint_ratio": 1.2309022290751719,
              "peak_velocity_deg": 0.55513465248387
            },
            {
              "start_frame": 34,
              "endpoint_distance_deg": 0.6810962067397793,
              "path_distance_deg": 1.7564475846824783,
              "path_to_endpoint_ratio": 2.578853864258195,
              "peak_velocity_deg": 0.5475802129039049
            },
            {
              "start_frame": 214,
              "endpoint_distance_deg": 0.0824677153763647,
              "path_distance_deg": 1.508905579244318,
              "path_to_endpoint_ratio": 18.29692470996682,
              "peak_velocity_deg": 0.32094623216223256
            },
            {
              "start_frame": 114,
              "endpoint_distance_deg": 1.1878549127217666,
              "path_distance_deg": 1.4932713381992861,
              "path_to_endpoint_ratio": 1.2571159341149754,
              "peak_velocity_deg": 0.48726755952201845
            },
            {
              "start_frame": 144,
              "endpoint_distance_deg": 0.47185141808082764,
              "path_distance_deg": 0.9886655457737608,
              "path_to_endpoint_ratio": 2.095289974532626,
              "peak_velocity_deg": 0.3715599079262828
            }
          ],
          "boundary_blocks_by_peak": [
            {
              "start_frame": 54,
              "end_frame": 60,
              "entry_jump_deg": 1.7637680558992965,
              "path_distance_deg": 8.78443599403017,
              "endpoint_distance_deg": 2.0978781392855903,
              "path_to_endpoint_ratio": 4.18729564388407,
              "peak_velocity_deg": 1.7637680558992965
            },
            {
              "start_frame": 184,
              "end_frame": 190,
              "entry_jump_deg": 0.591286989437195,
              "path_distance_deg": 5.791200641141237,
              "endpoint_distance_deg": 2.1048396767894726,
              "path_to_endpoint_ratio": 2.7513737530711118,
              "peak_velocity_deg": 1.5811684838286
            },
            {
              "start_frame": 204,
              "end_frame": 210,
              "entry_jump_deg": 1.1981348619871484,
              "path_distance_deg": 5.136954300720396,
              "endpoint_distance_deg": 4.686069065933415,
              "path_to_endpoint_ratio": 1.096218222233387,
              "peak_velocity_deg": 1.473884982783785
            },
            {
              "start_frame": 74,
              "end_frame": 80,
              "entry_jump_deg": 0.37162514757788945,
              "path_distance_deg": 3.850700077109723,
              "endpoint_distance_deg": 2.607698428409917,
              "path_to_endpoint_ratio": 1.476666180091133,
              "peak_velocity_deg": 1.3579621494408456
            },
            {
              "start_frame": 64,
              "end_frame": 70,
              "entry_jump_deg": 0.881941680247508,
              "path_distance_deg": 7.3293211649064105,
              "endpoint_distance_deg": 4.719472832198648,
              "path_to_endpoint_ratio": 1.5529957318330232,
              "peak_velocity_deg": 1.3404393981888572
            },
            {
              "start_frame": 194,
              "end_frame": 200,
              "entry_jump_deg": 0.908924983738539,
              "path_distance_deg": 4.986332205307775,
              "endpoint_distance_deg": 3.171019590939736,
              "path_to_endpoint_ratio": 1.5724696938343634,
              "peak_velocity_deg": 1.1129770029110864
            },
            {
              "start_frame": 84,
              "end_frame": 90,
              "entry_jump_deg": 1.0749051132812912,
              "path_distance_deg": 3.1682194153607517,
              "endpoint_distance_deg": 0.23942660837927301,
              "path_to_endpoint_ratio": 13.232528484645327,
              "peak_velocity_deg": 1.0749051132812912
            },
            {
              "start_frame": 44,
              "end_frame": 50,
              "entry_jump_deg": 0.1262833519776156,
              "path_distance_deg": 3.7141280464230295,
              "endpoint_distance_deg": 1.724428876725493,
              "path_to_endpoint_ratio": 2.1538308112050197,
              "peak_velocity_deg": 0.8968354275289057
            },
            {
              "start_frame": 94,
              "end_frame": 100,
              "entry_jump_deg": 0.8427843134427396,
              "path_distance_deg": 3.7825204113471145,
              "endpoint_distance_deg": 2.9799914283586166,
              "path_to_endpoint_ratio": 1.2693058024769326,
              "peak_velocity_deg": 0.8430002826528623
            },
            {
              "start_frame": 174,
              "end_frame": 180,
              "entry_jump_deg": 0.8168144185524476,
              "path_distance_deg": 3.0348219228085846,
              "endpoint_distance_deg": 1.9063926594825453,
              "path_to_endpoint_ratio": 1.5919185943741152,
              "peak_velocity_deg": 0.8168144185524476
            },
            {
              "start_frame": 164,
              "end_frame": 170,
              "entry_jump_deg": 0.2969679506460272,
              "path_distance_deg": 2.9160153827312345,
              "endpoint_distance_deg": 2.0217418975481127,
              "path_to_endpoint_ratio": 1.4423282152225567,
              "peak_velocity_deg": 0.7400005153649761
            },
            {
              "start_frame": 104,
              "end_frame": 110,
              "entry_jump_deg": 0.31435988495780776,
              "path_distance_deg": 3.375605978968714,
              "endpoint_distance_deg": 1.626753629312405,
              "path_to_endpoint_ratio": 2.075056676157847,
              "peak_velocity_deg": 0.6990058947003357
            },
            {
              "start_frame": 124,
              "end_frame": 130,
              "entry_jump_deg": 0.6212177896882501,
              "path_distance_deg": 2.5491462009871286,
              "endpoint_distance_deg": 1.208125827448972,
              "path_to_endpoint_ratio": 2.110000583606262,
              "peak_velocity_deg": 0.6212177896882501
            },
            {
              "start_frame": 34,
              "end_frame": 40,
              "entry_jump_deg": 0.3366465629993557,
              "path_distance_deg": 2.093094147681834,
              "endpoint_distance_deg": 0.5975779839239874,
              "path_to_endpoint_ratio": 3.5026292868715827,
              "peak_velocity_deg": 0.5475802129039049
            },
            {
              "start_frame": 114,
              "end_frame": 120,
              "entry_jump_deg": 0.23113696716569665,
              "path_distance_deg": 1.7244083053649828,
              "endpoint_distance_deg": 1.3957058317874844,
              "path_to_endpoint_ratio": 1.2355098517834007,
              "peak_velocity_deg": 0.48726755952201845
            },
            {
              "start_frame": 154,
              "end_frame": 160,
              "entry_jump_deg": 0.0511176817288715,
              "path_distance_deg": 2.232814553985876,
              "endpoint_distance_deg": 0.896812585158451,
              "path_to_endpoint_ratio": 2.4897225919185524,
              "peak_velocity_deg": 0.48130156364265325
            },
            {
              "start_frame": 134,
              "end_frame": 140,
              "entry_jump_deg": 0.1885628174714215,
              "path_distance_deg": 2.378067333838566,
              "endpoint_distance_deg": 0.7702368811788569,
              "path_to_endpoint_ratio": 3.0874493184472094,
              "peak_velocity_deg": 0.47975572376204645
            },
            {
              "start_frame": 144,
              "end_frame": 150,
              "entry_jump_deg": 0.21450679554236787,
              "path_distance_deg": 1.2031723413161286,
              "endpoint_distance_deg": 0.6245057972392266,
              "path_to_endpoint_ratio": 1.9265991550999724,
              "peak_velocity_deg": 0.3715599079262828
            },
            {
              "start_frame": 214,
              "end_frame": 220,
              "entry_jump_deg": 0.138132327040764,
              "path_distance_deg": 1.647037906285082,
              "endpoint_distance_deg": 0.061926345766970585,
              "path_to_endpoint_ratio": 26.59672367045362,
              "peak_velocity_deg": 0.32094623216223256
            }
          ]
        },
        "ratios": {
          "excursion_p90": 1.0543549770608587,
          "velocity_rms": 1.2516838783086053,
          "velocity_p95": 1.223445332984979
        }
      },
      "RightArm": {
        "prediction": {
          "order": "XYZ",
          "excursion_p90_deg": 24.53245018585178,
          "excursion_max_deg": 32.8694566759542,
          "velocity_rms_deg_per_frame": 6.5414787120227125,
          "velocity_p95_deg_per_frame": 11.824668675377055,
          "velocity_max_deg_per_frame": 25.01002968839003,
          "euler_axis_step_p95_deg": [
            8.86624619999999,
            8.4057723,
            5.467733199999986
          ],
          "top_velocity_transitions": [
            {
              "from_frame": 213,
              "to_frame": 214,
              "velocity_deg": 25.01002968839003,
              "new_block_offset": 0,
              "inside_release_blend": false
            },
            {
              "from_frame": 153,
              "to_frame": 154,
              "velocity_deg": 20.289621590890423,
              "new_block_offset": 0,
              "inside_release_blend": false
            },
            {
              "from_frame": 103,
              "to_frame": 104,
              "velocity_deg": 16.979029194934192,
              "new_block_offset": 0,
              "inside_release_blend": false
            },
            {
              "from_frame": 129,
              "to_frame": 130,
              "velocity_deg": 16.12928500452424,
              "new_block_offset": 6,
              "inside_release_blend": false
            },
            {
              "from_frame": 143,
              "to_frame": 144,
              "velocity_deg": 16.012839214456065,
              "new_block_offset": 0,
              "inside_release_blend": false
            },
            {
              "from_frame": 203,
              "to_frame": 204,
              "velocity_deg": 15.924204160956107,
              "new_block_offset": 0,
              "inside_release_blend": false
            },
            {
              "from_frame": 125,
              "to_frame": 126,
              "velocity_deg": 15.609195618451356,
              "new_block_offset": 2,
              "inside_release_blend": false
            },
            {
              "from_frame": 128,
              "to_frame": 129,
              "velocity_deg": 15.607609297054445,
              "new_block_offset": 5,
              "inside_release_blend": false
            },
            {
              "from_frame": 162,
              "to_frame": 163,
              "velocity_deg": 15.220936850670181,
              "new_block_offset": 9,
              "inside_release_blend": false
            },
            {
              "from_frame": 63,
              "to_frame": 64,
              "velocity_deg": 12.49183815025927,
              "new_block_offset": 0,
              "inside_release_blend": false
            },
            {
              "from_frame": 130,
              "to_frame": 131,
              "velocity_deg": 12.348199674010896,
              "new_block_offset": 7,
              "inside_release_blend": false
            },
            {
              "from_frame": 139,
              "to_frame": 140,
              "velocity_deg": 11.828550238335291,
              "new_block_offset": 6,
              "inside_release_blend": false
            }
          ],
          "release_blend_blocks_by_path": [
            {
              "start_frame": 124,
              "endpoint_distance_deg": 18.42099264811248,
              "path_distance_deg": 73.31280858348445,
              "path_to_endpoint_ratio": 3.9798511396179563,
              "peak_velocity_deg": 16.12928500452424
            },
            {
              "start_frame": 134,
              "endpoint_distance_deg": 41.31679994292514,
              "path_distance_deg": 47.88185854704572,
              "path_to_endpoint_ratio": 1.1588956214709156,
              "peak_velocity_deg": 11.828550238335291
            },
            {
              "start_frame": 44,
              "endpoint_distance_deg": 34.30563270654308,
              "path_distance_deg": 41.73572447796213,
              "path_to_endpoint_ratio": 1.2165851839835595,
              "peak_velocity_deg": 9.583610975194283
            },
            {
              "start_frame": 54,
              "endpoint_distance_deg": 27.498556974388187,
              "path_distance_deg": 39.104143813066784,
              "path_to_endpoint_ratio": 1.4220434857541033,
              "peak_velocity_deg": 10.074216298858822
            },
            {
              "start_frame": 144,
              "endpoint_distance_deg": 9.979513098169884,
              "path_distance_deg": 37.58992253813381,
              "path_to_endpoint_ratio": 3.7667090737149618,
              "peak_velocity_deg": 10.835214363885656
            },
            {
              "start_frame": 154,
              "endpoint_distance_deg": 24.425209122666143,
              "path_distance_deg": 37.422240829370786,
              "path_to_endpoint_ratio": 1.5321154730521278,
              "peak_velocity_deg": 8.788781820405033
            },
            {
              "start_frame": 174,
              "endpoint_distance_deg": 11.87019484704643,
              "path_distance_deg": 35.01560691142856,
              "path_to_endpoint_ratio": 2.949876338393993,
              "peak_velocity_deg": 8.436080089350726
            },
            {
              "start_frame": 94,
              "endpoint_distance_deg": 24.2679064600026,
              "path_distance_deg": 33.58370163428023,
              "path_to_endpoint_ratio": 1.3838730460590638,
              "peak_velocity_deg": 7.522553764354672
            },
            {
              "start_frame": 214,
              "endpoint_distance_deg": 8.63731165022471,
              "path_distance_deg": 32.049074312608816,
              "path_to_endpoint_ratio": 3.71053814085486,
              "peak_velocity_deg": 10.228350609027677
            },
            {
              "start_frame": 204,
              "endpoint_distance_deg": 22.481008182507985,
              "path_distance_deg": 31.474063838523353,
              "path_to_endpoint_ratio": 1.4000290192951703,
              "peak_velocity_deg": 6.249520629929292
            },
            {
              "start_frame": 164,
              "endpoint_distance_deg": 25.058476060679364,
              "path_distance_deg": 26.94276390542654,
              "path_to_endpoint_ratio": 1.075195628025597,
              "peak_velocity_deg": 5.661567798415533
            },
            {
              "start_frame": 194,
              "endpoint_distance_deg": 18.958507332081872,
              "path_distance_deg": 25.073713724772606,
              "path_to_endpoint_ratio": 1.322557376779473,
              "peak_velocity_deg": 6.188302144688466
            },
            {
              "start_frame": 34,
              "endpoint_distance_deg": 20.754442562814344,
              "path_distance_deg": 24.929556666272518,
              "path_to_endpoint_ratio": 1.2011672484491929,
              "peak_velocity_deg": 5.106022694509132
            },
            {
              "start_frame": 74,
              "endpoint_distance_deg": 12.72884742984566,
              "path_distance_deg": 22.10340885326096,
              "path_to_endpoint_ratio": 1.7364815608862214,
              "peak_velocity_deg": 5.576021670568373
            },
            {
              "start_frame": 84,
              "endpoint_distance_deg": 7.464958706306158,
              "path_distance_deg": 18.515871857791286,
              "path_to_endpoint_ratio": 2.480371638512839,
              "peak_velocity_deg": 6.136219639621879
            },
            {
              "start_frame": 64,
              "endpoint_distance_deg": 6.018520963094703,
              "path_distance_deg": 18.34763184081234,
              "path_to_endpoint_ratio": 3.0485283599274946,
              "peak_velocity_deg": 4.9025643720739485
            },
            {
              "start_frame": 114,
              "endpoint_distance_deg": 11.126171710740923,
              "path_distance_deg": 17.170318518931737,
              "path_to_endpoint_ratio": 1.543236880153121,
              "peak_velocity_deg": 5.956776698209886
            },
            {
              "start_frame": 184,
              "endpoint_distance_deg": 10.59180229879458,
              "path_distance_deg": 16.997760099561017,
              "path_to_endpoint_ratio": 1.6048033771830768,
              "peak_velocity_deg": 5.11082802485372
            },
            {
              "start_frame": 104,
              "endpoint_distance_deg": 3.901864239082885,
              "path_distance_deg": 13.651577024275225,
              "path_to_endpoint_ratio": 3.4987319362715614,
              "peak_velocity_deg": 4.716713365970691
            }
          ],
          "boundary_blocks_by_peak": [
            {
              "start_frame": 214,
              "end_frame": 220,
              "entry_jump_deg": 25.01002968839003,
              "path_distance_deg": 57.05910400099885,
              "endpoint_distance_deg": 22.212921150746936,
              "path_to_endpoint_ratio": 2.568734819421991,
              "peak_velocity_deg": 25.01002968839003
            },
            {
              "start_frame": 154,
              "end_frame": 160,
              "entry_jump_deg": 20.289621590890423,
              "path_distance_deg": 57.711862420261205,
              "endpoint_distance_deg": 13.214937550934273,
              "path_to_endpoint_ratio": 4.367168758673482,
              "peak_velocity_deg": 20.289621590890423
            },
            {
              "start_frame": 104,
              "end_frame": 110,
              "entry_jump_deg": 16.979029194934192,
              "path_distance_deg": 30.630606219209415,
              "endpoint_distance_deg": 18.26409873195346,
              "path_to_endpoint_ratio": 1.6770937711599458,
              "peak_velocity_deg": 16.979029194934192
            },
            {
              "start_frame": 124,
              "end_frame": 130,
              "entry_jump_deg": 7.207030856996313,
              "path_distance_deg": 80.51983944048075,
              "endpoint_distance_deg": 11.22728785434991,
              "path_to_endpoint_ratio": 7.171797898571209,
              "peak_velocity_deg": 16.12928500452424
            },
            {
              "start_frame": 144,
              "end_frame": 150,
              "entry_jump_deg": 16.012839214456065,
              "path_distance_deg": 53.60276175258988,
              "endpoint_distance_deg": 25.855587536344174,
              "path_to_endpoint_ratio": 2.0731596865568265,
              "peak_velocity_deg": 16.012839214456065
            },
            {
              "start_frame": 204,
              "end_frame": 210,
              "entry_jump_deg": 15.924204160956107,
              "path_distance_deg": 47.39826799947946,
              "endpoint_distance_deg": 26.38672753721262,
              "path_to_endpoint_ratio": 1.796292015849056,
              "peak_velocity_deg": 15.924204160956107
            },
            {
              "start_frame": 64,
              "end_frame": 70,
              "entry_jump_deg": 12.49183815025927,
              "path_distance_deg": 30.83946999107161,
              "endpoint_distance_deg": 13.55844929813246,
              "path_to_endpoint_ratio": 2.2745573120459603,
              "peak_velocity_deg": 12.49183815025927
            },
            {
              "start_frame": 134,
              "end_frame": 140,
              "entry_jump_deg": 5.732255156522491,
              "path_distance_deg": 53.614113703568215,
              "endpoint_distance_deg": 39.33614461841327,
              "path_to_endpoint_ratio": 1.362973271113901,
              "peak_velocity_deg": 11.828550238335291
            },
            {
              "start_frame": 74,
              "end_frame": 80,
              "entry_jump_deg": 11.789734608752944,
              "path_distance_deg": 33.8931434620139,
              "endpoint_distance_deg": 14.82427625970144,
              "path_to_endpoint_ratio": 2.2863270265779914,
              "peak_velocity_deg": 11.789734608752944
            },
            {
              "start_frame": 164,
              "end_frame": 170,
              "entry_jump_deg": 11.01139670094674,
              "path_distance_deg": 37.95416060637328,
              "endpoint_distance_deg": 25.384782582029906,
              "path_to_endpoint_ratio": 1.4951540547462217,
              "peak_velocity_deg": 11.01139670094674
            },
            {
              "start_frame": 54,
              "end_frame": 60,
              "entry_jump_deg": 10.469767351780648,
              "path_distance_deg": 49.57391116484743,
              "endpoint_distance_deg": 36.96340984705518,
              "path_to_endpoint_ratio": 1.3411617426522924,
              "peak_velocity_deg": 10.469767351780648
            },
            {
              "start_frame": 44,
              "end_frame": 50,
              "entry_jump_deg": 3.6067108024049697,
              "path_distance_deg": 45.342435280367106,
              "endpoint_distance_deg": 37.47249175721708,
              "path_to_endpoint_ratio": 1.2100192208764526,
              "peak_velocity_deg": 9.583610975194283
            },
            {
              "start_frame": 194,
              "end_frame": 200,
              "entry_jump_deg": 8.951882879361317,
              "path_distance_deg": 34.02559660413393,
              "endpoint_distance_deg": 25.664460896148622,
              "path_to_endpoint_ratio": 1.3257865318823057,
              "peak_velocity_deg": 8.951882879361317
            },
            {
              "start_frame": 184,
              "end_frame": 190,
              "entry_jump_deg": 8.794779768336412,
              "path_distance_deg": 25.79253986789743,
              "endpoint_distance_deg": 18.009272756343606,
              "path_to_endpoint_ratio": 1.432181088978856,
              "peak_velocity_deg": 8.794779768336412
            },
            {
              "start_frame": 94,
              "end_frame": 100,
              "entry_jump_deg": 8.469081222775706,
              "path_distance_deg": 42.05278285705593,
              "endpoint_distance_deg": 20.307195378629263,
              "path_to_endpoint_ratio": 2.0708316472549986,
              "peak_velocity_deg": 8.469081222775706
            },
            {
              "start_frame": 174,
              "end_frame": 180,
              "entry_jump_deg": 5.479503993340362,
              "path_distance_deg": 40.49511090476892,
              "endpoint_distance_deg": 7.378753460573901,
              "path_to_endpoint_ratio": 5.488069376642286,
              "peak_velocity_deg": 8.436080089350726
            },
            {
              "start_frame": 84,
              "end_frame": 90,
              "entry_jump_deg": 7.327446954361915,
              "path_distance_deg": 25.8433188121532,
              "endpoint_distance_deg": 11.634130869641105,
              "path_to_endpoint_ratio": 2.2213364368790556,
              "peak_velocity_deg": 7.327446954361915
            },
            {
              "start_frame": 114,
              "end_frame": 120,
              "entry_jump_deg": 6.636135460497133,
              "path_distance_deg": 23.80645397942887,
              "endpoint_distance_deg": 7.369009546011445,
              "path_to_endpoint_ratio": 3.230617877583612,
              "peak_velocity_deg": 6.636135460497133
            },
            {
              "start_frame": 34,
              "end_frame": 40,
              "entry_jump_deg": 4.313853666757174,
              "path_distance_deg": 29.243410333029694,
              "endpoint_distance_deg": 24.15880261581691,
              "path_to_endpoint_ratio": 1.210466048258694,
              "peak_velocity_deg": 5.106022694509132
            }
          ]
        },
        "ground_truth": {
          "order": "XYZ",
          "excursion_p90_deg": 29.265196969484432,
          "excursion_max_deg": 44.70924825862786,
          "velocity_rms_deg_per_frame": 6.070934611422102,
          "velocity_p95_deg_per_frame": 11.808460918111297,
          "velocity_max_deg_per_frame": 16.266514928094068,
          "euler_axis_step_p95_deg": [
            9.766705900000009,
            8.594481299999982,
            4.58899359999999
          ],
          "top_velocity_transitions": [
            {
              "from_frame": 58,
              "to_frame": 59,
              "velocity_deg": 16.266514928094068,
              "new_block_offset": 5,
              "inside_release_blend": false
            },
            {
              "from_frame": 59,
              "to_frame": 60,
              "velocity_deg": 14.299439409841929,
              "new_block_offset": 6,
              "inside_release_blend": false
            },
            {
              "from_frame": 61,
              "to_frame": 62,
              "velocity_deg": 14.104286578077321,
              "new_block_offset": 8,
              "inside_release_blend": false
            },
            {
              "from_frame": 187,
              "to_frame": 188,
              "velocity_deg": 13.91006768272874,
              "new_block_offset": 4,
              "inside_release_blend": false
            },
            {
              "from_frame": 57,
              "to_frame": 58,
              "velocity_deg": 13.31726966739429,
              "new_block_offset": 4,
              "inside_release_blend": false
            },
            {
              "from_frame": 115,
              "to_frame": 116,
              "velocity_deg": 13.263502463970848,
              "new_block_offset": 2,
              "inside_release_blend": false
            },
            {
              "from_frame": 188,
              "to_frame": 189,
              "velocity_deg": 13.185981305618297,
              "new_block_offset": 5,
              "inside_release_blend": false
            },
            {
              "from_frame": 69,
              "to_frame": 70,
              "velocity_deg": 12.903581224602624,
              "new_block_offset": 6,
              "inside_release_blend": false
            },
            {
              "from_frame": 53,
              "to_frame": 54,
              "velocity_deg": 12.58534174513201,
              "new_block_offset": 0,
              "inside_release_blend": false
            },
            {
              "from_frame": 47,
              "to_frame": 48,
              "velocity_deg": 12.275747293007901,
              "new_block_offset": 4,
              "inside_release_blend": false
            },
            {
              "from_frame": 62,
              "to_frame": 63,
              "velocity_deg": 11.96691983525301,
              "new_block_offset": 9,
              "inside_release_blend": false
            },
            {
              "from_frame": 173,
              "to_frame": 174,
              "velocity_deg": 11.828983113379817,
              "new_block_offset": 0,
              "inside_release_blend": false
            }
          ],
          "release_blend_blocks_by_path": [
            {
              "start_frame": 54,
              "endpoint_distance_deg": 42.27977317366381,
              "path_distance_deg": 61.071981200056975,
              "path_to_endpoint_ratio": 1.444472773049286,
              "peak_velocity_deg": 16.266514928094068
            },
            {
              "start_frame": 64,
              "endpoint_distance_deg": 49.30038597222761,
              "path_distance_deg": 58.906780975271865,
              "path_to_endpoint_ratio": 1.1948543568899406,
              "peak_velocity_deg": 12.903581224602624
            },
            {
              "start_frame": 184,
              "endpoint_distance_deg": 52.2648781624702,
              "path_distance_deg": 56.60712311485344,
              "path_to_endpoint_ratio": 1.083081509132863,
              "peak_velocity_deg": 13.91006768272874
            },
            {
              "start_frame": 44,
              "endpoint_distance_deg": 25.15586761672957,
              "path_distance_deg": 47.655863801762955,
              "path_to_endpoint_ratio": 1.8944233817668077,
              "peak_velocity_deg": 12.275747293007901
            },
            {
              "start_frame": 74,
              "endpoint_distance_deg": 44.677609464673075,
              "path_distance_deg": 47.12492230822709,
              "path_to_endpoint_ratio": 1.0547771663004737,
              "peak_velocity_deg": 11.622775067350206
            },
            {
              "start_frame": 114,
              "endpoint_distance_deg": 24.148462061837794,
              "path_distance_deg": 46.13287725207835,
              "path_to_endpoint_ratio": 1.9103857270058984,
              "peak_velocity_deg": 13.263502463970848
            },
            {
              "start_frame": 124,
              "endpoint_distance_deg": 34.35729207860177,
              "path_distance_deg": 40.199505919355495,
              "path_to_endpoint_ratio": 1.1700429075547645,
              "peak_velocity_deg": 9.498476912792583
            },
            {
              "start_frame": 204,
              "endpoint_distance_deg": 21.43223781227947,
              "path_distance_deg": 33.44445901416508,
              "path_to_endpoint_ratio": 1.5604744267536674,
              "peak_velocity_deg": 11.450172684724683
            },
            {
              "start_frame": 94,
              "endpoint_distance_deg": 32.386704788459205,
              "path_distance_deg": 32.7315325395504,
              "path_to_endpoint_ratio": 1.0106472008604614,
              "peak_velocity_deg": 7.460006841874198
            },
            {
              "start_frame": 174,
              "endpoint_distance_deg": 19.17038254828923,
              "path_distance_deg": 25.80417296704693,
              "path_to_endpoint_ratio": 1.346043716240274,
              "peak_velocity_deg": 8.518267055736159
            },
            {
              "start_frame": 164,
              "endpoint_distance_deg": 12.740899215350757,
              "path_distance_deg": 25.740631948281045,
              "path_to_endpoint_ratio": 2.0203151687494456,
              "peak_velocity_deg": 5.8174485281997805
            },
            {
              "start_frame": 194,
              "endpoint_distance_deg": 24.5643544662188,
              "path_distance_deg": 25.721716729747506,
              "path_to_endpoint_ratio": 1.047115517125448,
              "peak_velocity_deg": 6.035963815078359
            },
            {
              "start_frame": 84,
              "endpoint_distance_deg": 15.9020195354584,
              "path_distance_deg": 22.145407616063842,
              "path_to_endpoint_ratio": 1.3926160489668564,
              "peak_velocity_deg": 6.211749239628674
            },
            {
              "start_frame": 104,
              "endpoint_distance_deg": 13.647506690232577,
              "path_distance_deg": 20.863119387772965,
              "path_to_endpoint_ratio": 1.5287128895642565,
              "peak_velocity_deg": 3.886565644978736
            },
            {
              "start_frame": 214,
              "endpoint_distance_deg": 8.28492599625012,
              "path_distance_deg": 16.182110531343607,
              "path_to_endpoint_ratio": 1.9531991642010889,
              "peak_velocity_deg": 3.3033733459222145
            },
            {
              "start_frame": 144,
              "endpoint_distance_deg": 8.514838450260038,
              "path_distance_deg": 9.6018339882313,
              "path_to_endpoint_ratio": 1.1276589737222866,
              "peak_velocity_deg": 3.2540247140890215
            },
            {
              "start_frame": 134,
              "endpoint_distance_deg": 7.2935208799718865,
              "path_distance_deg": 9.316767791229323,
              "path_to_endpoint_ratio": 1.2774033206394597,
              "peak_velocity_deg": 2.113601513590227
            },
            {
              "start_frame": 154,
              "endpoint_distance_deg": 6.273910568176555,
              "path_distance_deg": 8.935943524834462,
              "path_to_endpoint_ratio": 1.4243020246671445,
              "peak_velocity_deg": 2.523891706836424
            },
            {
              "start_frame": 34,
              "endpoint_distance_deg": 6.299754120724299,
              "path_distance_deg": 8.079724877294394,
              "path_to_endpoint_ratio": 1.2825460680623273,
              "peak_velocity_deg": 2.2034351349701504
            }
          ],
          "boundary_blocks_by_peak": [
            {
              "start_frame": 54,
              "end_frame": 60,
              "entry_jump_deg": 12.58534174513201,
              "path_distance_deg": 73.65732294518898,
              "endpoint_distance_deg": 32.317445340098075,
              "path_to_endpoint_ratio": 2.2791814813963094,
              "peak_velocity_deg": 16.266514928094068
            },
            {
              "start_frame": 184,
              "end_frame": 190,
              "entry_jump_deg": 3.1447112826621186,
              "path_distance_deg": 59.75183439751555,
              "endpoint_distance_deg": 50.76564544722804,
              "path_to_endpoint_ratio": 1.1770131921129388,
              "peak_velocity_deg": 13.91006768272874
            },
            {
              "start_frame": 114,
              "end_frame": 120,
              "entry_jump_deg": 5.049027065501671,
              "path_distance_deg": 51.18190431758003,
              "endpoint_distance_deg": 28.894351522674004,
              "path_to_endpoint_ratio": 1.771346357346574,
              "peak_velocity_deg": 13.263502463970848
            },
            {
              "start_frame": 64,
              "end_frame": 70,
              "entry_jump_deg": 10.803035908740101,
              "path_distance_deg": 69.70981688401196,
              "endpoint_distance_deg": 46.943471258857265,
              "path_to_endpoint_ratio": 1.4849736292319702,
              "peak_velocity_deg": 12.903581224602624
            },
            {
              "start_frame": 44,
              "end_frame": 50,
              "entry_jump_deg": 5.162117173146743,
              "path_distance_deg": 52.817980974909695,
              "endpoint_distance_deg": 27.765549245509522,
              "path_to_endpoint_ratio": 1.902284752514012,
              "peak_velocity_deg": 12.275747293007901
            },
            {
              "start_frame": 174,
              "end_frame": 180,
              "entry_jump_deg": 11.828983113379817,
              "path_distance_deg": 37.63315608042675,
              "endpoint_distance_deg": 27.958709977448954,
              "path_to_endpoint_ratio": 1.3460261975885528,
              "peak_velocity_deg": 11.828983113379817
            },
            {
              "start_frame": 74,
              "end_frame": 80,
              "entry_jump_deg": 1.4701435197300834,
              "path_distance_deg": 48.59506582795717,
              "endpoint_distance_deg": 45.16527173748943,
              "path_to_endpoint_ratio": 1.0759387458222873,
              "peak_velocity_deg": 11.622775067350206
            },
            {
              "start_frame": 204,
              "end_frame": 210,
              "entry_jump_deg": 11.336921510585793,
              "path_distance_deg": 44.78138052475087,
              "endpoint_distance_deg": 27.37415298461054,
              "path_to_endpoint_ratio": 1.6359001336014485,
              "peak_velocity_deg": 11.450172684724683
            },
            {
              "start_frame": 124,
              "end_frame": 130,
              "entry_jump_deg": 3.840107486022621,
              "path_distance_deg": 44.03961340537812,
              "endpoint_distance_deg": 36.755724346412194,
              "path_to_endpoint_ratio": 1.1981701949420818,
              "peak_velocity_deg": 9.498476912792583
            },
            {
              "start_frame": 84,
              "end_frame": 90,
              "entry_jump_deg": 8.590190716522612,
              "path_distance_deg": 30.735598332586456,
              "endpoint_distance_deg": 11.75070517051788,
              "path_to_endpoint_ratio": 2.615638626497159,
              "peak_velocity_deg": 8.590190716522612
            },
            {
              "start_frame": 94,
              "end_frame": 100,
              "entry_jump_deg": 5.714179077760412,
              "path_distance_deg": 38.44571161731081,
              "endpoint_distance_deg": 37.80780699606069,
              "path_to_endpoint_ratio": 1.0168722989227221,
              "peak_velocity_deg": 7.460006841874198
            },
            {
              "start_frame": 194,
              "end_frame": 200,
              "entry_jump_deg": 4.752616628091682,
              "path_distance_deg": 30.474333357839186,
              "endpoint_distance_deg": 21.155853538177112,
              "path_to_endpoint_ratio": 1.440468157091666,
              "peak_velocity_deg": 6.035963815078359
            },
            {
              "start_frame": 164,
              "end_frame": 170,
              "entry_jump_deg": 0.9702506723868919,
              "path_distance_deg": 26.710882620667938,
              "endpoint_distance_deg": 13.461015490225359,
              "path_to_endpoint_ratio": 1.9843140838864568,
              "peak_velocity_deg": 5.8174485281997805
            },
            {
              "start_frame": 214,
              "end_frame": 220,
              "entry_jump_deg": 4.2601463965336475,
              "path_distance_deg": 20.442256927877253,
              "endpoint_distance_deg": 12.537823785114604,
              "path_to_endpoint_ratio": 1.6304469801327963,
              "peak_velocity_deg": 4.2601463965336475
            },
            {
              "start_frame": 104,
              "end_frame": 110,
              "entry_jump_deg": 4.099952538057411,
              "path_distance_deg": 24.963071925830377,
              "endpoint_distance_deg": 12.769875772744127,
              "path_to_endpoint_ratio": 1.9548406241438359,
              "peak_velocity_deg": 4.099952538057411
            },
            {
              "start_frame": 144,
              "end_frame": 150,
              "entry_jump_deg": 0.4569708848098222,
              "path_distance_deg": 10.058804873041122,
              "endpoint_distance_deg": 8.293310143969943,
              "path_to_endpoint_ratio": 1.2128817924836524,
              "peak_velocity_deg": 3.2540247140890215
            },
            {
              "start_frame": 154,
              "end_frame": 160,
              "entry_jump_deg": 2.0110968145136754,
              "path_distance_deg": 10.947040339348137,
              "endpoint_distance_deg": 5.238198675740528,
              "path_to_endpoint_ratio": 2.08984825070625,
              "peak_velocity_deg": 2.523891706836424
            },
            {
              "start_frame": 34,
              "end_frame": 40,
              "entry_jump_deg": 0.8249650995455459,
              "path_distance_deg": 8.90468997683994,
              "endpoint_distance_deg": 6.984484456674574,
              "path_to_endpoint_ratio": 1.2749244460456008,
              "peak_velocity_deg": 2.2034351349701504
            },
            {
              "start_frame": 134,
              "end_frame": 140,
              "entry_jump_deg": 1.1475788756157634,
              "path_distance_deg": 10.464346666845087,
              "endpoint_distance_deg": 7.785260996566977,
              "path_to_endpoint_ratio": 1.3441227816844536,
              "peak_velocity_deg": 2.113601513590227
            }
          ]
        },
        "ratios": {
          "excursion_p90": 0.8382807131430686,
          "velocity_rms": 1.0775076871550073,
          "velocity_p95": 1.0013725545926904
        }
      },
      "RightForeArm": {
        "prediction": {
          "order": "XYZ",
          "excursion_p90_deg": 51.946245215197145,
          "excursion_max_deg": 63.55252605667772,
          "velocity_rms_deg_per_frame": 12.367165958316125,
          "velocity_p95_deg_per_frame": 22.961072273324056,
          "velocity_max_deg_per_frame": 65.31668967985827,
          "euler_axis_step_p95_deg": [
            43.48148759999998,
            15.558004099999986,
            39.66561280000001
          ],
          "top_velocity_transitions": [
            {
              "from_frame": 213,
              "to_frame": 214,
              "velocity_deg": 65.31668967985827,
              "new_block_offset": 0,
              "inside_release_blend": false
            },
            {
              "from_frame": 153,
              "to_frame": 154,
              "velocity_deg": 52.40963902147741,
              "new_block_offset": 0,
              "inside_release_blend": false
            },
            {
              "from_frame": 173,
              "to_frame": 174,
              "velocity_deg": 47.94321892165615,
              "new_block_offset": 0,
              "inside_release_blend": false
            },
            {
              "from_frame": 63,
              "to_frame": 64,
              "velocity_deg": 47.548069656673675,
              "new_block_offset": 0,
              "inside_release_blend": false
            },
            {
              "from_frame": 103,
              "to_frame": 104,
              "velocity_deg": 45.51538053795074,
              "new_block_offset": 0,
              "inside_release_blend": false
            },
            {
              "from_frame": 218,
              "to_frame": 219,
              "velocity_deg": 35.155349043388696,
              "new_block_offset": 5,
              "inside_release_blend": false
            },
            {
              "from_frame": 125,
              "to_frame": 126,
              "velocity_deg": 26.68488753029444,
              "new_block_offset": 2,
              "inside_release_blend": false
            },
            {
              "from_frame": 93,
              "to_frame": 94,
              "velocity_deg": 25.77803657224527,
              "new_block_offset": 0,
              "inside_release_blend": false
            },
            {
              "from_frame": 138,
              "to_frame": 139,
              "velocity_deg": 25.724728535027168,
              "new_block_offset": 5,
              "inside_release_blend": false
            },
            {
              "from_frame": 3,
              "to_frame": 4,
              "velocity_deg": 24.80014717714114,
              "new_block_offset": null,
              "inside_release_blend": false
            },
            {
              "from_frame": 174,
              "to_frame": 175,
              "velocity_deg": 24.542862721072584,
              "new_block_offset": 1,
              "inside_release_blend": false
            },
            {
              "from_frame": 64,
              "to_frame": 65,
              "velocity_deg": 23.224408732042672,
              "new_block_offset": 1,
              "inside_release_blend": false
            }
          ],
          "release_blend_blocks_by_path": [
            {
              "start_frame": 214,
              "endpoint_distance_deg": 66.01412779034331,
              "path_distance_deg": 95.93337767836306,
              "path_to_endpoint_ratio": 1.45322495183215,
              "peak_velocity_deg": 35.155349043388696
            },
            {
              "start_frame": 124,
              "endpoint_distance_deg": 77.5462752877714,
              "path_distance_deg": 87.43293342671446,
              "path_to_endpoint_ratio": 1.127493655913892,
              "peak_velocity_deg": 26.68488753029444
            },
            {
              "start_frame": 134,
              "endpoint_distance_deg": 77.88533044962043,
              "path_distance_deg": 85.3150165639122,
              "path_to_endpoint_ratio": 1.095392624919241,
              "peak_velocity_deg": 25.724728535027168
            },
            {
              "start_frame": 154,
              "endpoint_distance_deg": 51.039367656178506,
              "path_distance_deg": 82.60722505316969,
              "path_to_endpoint_ratio": 1.6185001665703391,
              "peak_velocity_deg": 20.525911729352757
            },
            {
              "start_frame": 204,
              "endpoint_distance_deg": 60.82976997314123,
              "path_distance_deg": 74.17557628898392,
              "path_to_endpoint_ratio": 1.2193959688115767,
              "peak_velocity_deg": 20.591044144857126
            },
            {
              "start_frame": 144,
              "endpoint_distance_deg": 43.51286139284074,
              "path_distance_deg": 72.13358586995484,
              "path_to_endpoint_ratio": 1.6577532150488068,
              "peak_velocity_deg": 14.793959880415242
            },
            {
              "start_frame": 64,
              "endpoint_distance_deg": 4.087106420458724,
              "path_distance_deg": 59.39171281969657,
              "path_to_endpoint_ratio": 14.531481862669636,
              "peak_velocity_deg": 23.224408732042672
            },
            {
              "start_frame": 34,
              "endpoint_distance_deg": 45.476328572176115,
              "path_distance_deg": 56.09653033012505,
              "path_to_endpoint_ratio": 1.233532523213554,
              "peak_velocity_deg": 16.673685950122717
            },
            {
              "start_frame": 174,
              "endpoint_distance_deg": 20.443169229406347,
              "path_distance_deg": 54.72455175450544,
              "path_to_endpoint_ratio": 2.676911350701302,
              "peak_velocity_deg": 24.542862721072584
            },
            {
              "start_frame": 94,
              "endpoint_distance_deg": 42.27079348409689,
              "path_distance_deg": 50.07241615332623,
              "path_to_endpoint_ratio": 1.1845629576876635,
              "peak_velocity_deg": 19.03814414531818
            },
            {
              "start_frame": 54,
              "endpoint_distance_deg": 39.35438429049046,
              "path_distance_deg": 49.48164634873221,
              "path_to_endpoint_ratio": 1.2573350400679217,
              "peak_velocity_deg": 13.75577171730869
            },
            {
              "start_frame": 84,
              "endpoint_distance_deg": 42.229792130441496,
              "path_distance_deg": 44.43331913992048,
              "path_to_endpoint_ratio": 1.052179442481569,
              "peak_velocity_deg": 14.833329336432142
            },
            {
              "start_frame": 44,
              "endpoint_distance_deg": 34.09798373267991,
              "path_distance_deg": 37.62890413902702,
              "path_to_endpoint_ratio": 1.1035521758127604,
              "peak_velocity_deg": 8.653947320762256
            },
            {
              "start_frame": 114,
              "endpoint_distance_deg": 23.29950909570465,
              "path_distance_deg": 37.50039069300305,
              "path_to_endpoint_ratio": 1.6094927381932,
              "peak_velocity_deg": 14.135017897346215
            },
            {
              "start_frame": 74,
              "endpoint_distance_deg": 30.239616237350635,
              "path_distance_deg": 35.571737069215864,
              "path_to_endpoint_ratio": 1.176328984799722,
              "peak_velocity_deg": 9.143642923535918
            },
            {
              "start_frame": 184,
              "endpoint_distance_deg": 27.062618747925306,
              "path_distance_deg": 32.10853640404153,
              "path_to_endpoint_ratio": 1.1864534139551095,
              "peak_velocity_deg": 7.038086358525044
            },
            {
              "start_frame": 194,
              "endpoint_distance_deg": 12.716300324237698,
              "path_distance_deg": 24.668659926141014,
              "path_to_endpoint_ratio": 1.939924293791781,
              "peak_velocity_deg": 7.2608558135525945
            },
            {
              "start_frame": 104,
              "endpoint_distance_deg": 20.61351966932103,
              "path_distance_deg": 21.90663461801314,
              "path_to_endpoint_ratio": 1.062731400044052,
              "peak_velocity_deg": 9.197326742728476
            },
            {
              "start_frame": 164,
              "endpoint_distance_deg": 5.0462681196963475,
              "path_distance_deg": 15.129471477613635,
              "path_to_endpoint_ratio": 2.9981505379313913,
              "peak_velocity_deg": 4.522352317904187
            }
          ],
          "boundary_blocks_by_peak": [
            {
              "start_frame": 214,
              "end_frame": 220,
              "entry_jump_deg": 65.31668967985827,
              "path_distance_deg": 161.25006735822132,
              "endpoint_distance_deg": 2.0379635199314943,
              "path_to_endpoint_ratio": 79.1231372795337,
              "peak_velocity_deg": 65.31668967985827
            },
            {
              "start_frame": 154,
              "end_frame": 160,
              "entry_jump_deg": 52.40963902147741,
              "path_distance_deg": 135.01686407464712,
              "endpoint_distance_deg": 82.2658297823233,
              "path_to_endpoint_ratio": 1.641226550949573,
              "peak_velocity_deg": 52.40963902147741
            },
            {
              "start_frame": 174,
              "end_frame": 180,
              "entry_jump_deg": 47.94321892165615,
              "path_distance_deg": 102.6677706761616,
              "endpoint_distance_deg": 67.72376227758663,
              "path_to_endpoint_ratio": 1.5159785461319502,
              "peak_velocity_deg": 47.94321892165615
            },
            {
              "start_frame": 64,
              "end_frame": 70,
              "entry_jump_deg": 47.548069656673675,
              "path_distance_deg": 106.93978247637025,
              "endpoint_distance_deg": 50.834757848875704,
              "path_to_endpoint_ratio": 2.103674473955135,
              "peak_velocity_deg": 47.548069656673675
            },
            {
              "start_frame": 104,
              "end_frame": 110,
              "entry_jump_deg": 45.51538053795074,
              "path_distance_deg": 67.42201515596389,
              "endpoint_distance_deg": 64.49389798318808,
              "path_to_endpoint_ratio": 1.0454014606705753,
              "peak_velocity_deg": 45.51538053795074
            },
            {
              "start_frame": 124,
              "end_frame": 130,
              "entry_jump_deg": 10.101775625466004,
              "path_distance_deg": 97.53470905218046,
              "endpoint_distance_deg": 86.99717461438357,
              "path_to_endpoint_ratio": 1.1211250191113067,
              "peak_velocity_deg": 26.68488753029444
            },
            {
              "start_frame": 94,
              "end_frame": 100,
              "entry_jump_deg": 25.77803657224527,
              "path_distance_deg": 75.8504527255715,
              "endpoint_distance_deg": 67.24918518794644,
              "path_to_endpoint_ratio": 1.127901438710171,
              "peak_velocity_deg": 25.77803657224527
            },
            {
              "start_frame": 134,
              "end_frame": 140,
              "entry_jump_deg": 4.804109198372582,
              "path_distance_deg": 90.11912576228478,
              "endpoint_distance_deg": 82.09508923651185,
              "path_to_endpoint_ratio": 1.0977407613585275,
              "peak_velocity_deg": 25.724728535027168
            },
            {
              "start_frame": 204,
              "end_frame": 210,
              "entry_jump_deg": 5.82364073629153,
              "path_distance_deg": 79.99921702527544,
              "endpoint_distance_deg": 63.57004924048839,
              "path_to_endpoint_ratio": 1.2584419546795498,
              "peak_velocity_deg": 20.591044144857126
            },
            {
              "start_frame": 74,
              "end_frame": 80,
              "entry_jump_deg": 20.289210832729573,
              "path_distance_deg": 55.86094790194543,
              "endpoint_distance_deg": 48.32444993544772,
              "path_to_endpoint_ratio": 1.1559562080181986,
              "peak_velocity_deg": 20.289210832729573
            },
            {
              "start_frame": 34,
              "end_frame": 40,
              "entry_jump_deg": 15.498915287834048,
              "path_distance_deg": 71.59544561795909,
              "endpoint_distance_deg": 55.02220296989556,
              "path_to_endpoint_ratio": 1.3012100889004987,
              "peak_velocity_deg": 16.673685950122717
            },
            {
              "start_frame": 54,
              "end_frame": 60,
              "entry_jump_deg": 16.268027449630267,
              "path_distance_deg": 65.74967379836248,
              "endpoint_distance_deg": 55.617840142913145,
              "path_to_endpoint_ratio": 1.182168772275497,
              "peak_velocity_deg": 16.268027449630267
            },
            {
              "start_frame": 184,
              "end_frame": 190,
              "entry_jump_deg": 15.350292605166088,
              "path_distance_deg": 47.45882900920762,
              "endpoint_distance_deg": 42.383540094270835,
              "path_to_endpoint_ratio": 1.1197466965630565,
              "peak_velocity_deg": 15.350292605166088
            },
            {
              "start_frame": 84,
              "end_frame": 90,
              "entry_jump_deg": 6.206128460705916,
              "path_distance_deg": 50.6394476006264,
              "endpoint_distance_deg": 47.72727644003143,
              "path_to_endpoint_ratio": 1.061016914808748,
              "peak_velocity_deg": 14.833329336432142
            },
            {
              "start_frame": 144,
              "end_frame": 150,
              "entry_jump_deg": 9.989643860132842,
              "path_distance_deg": 82.12322973008769,
              "endpoint_distance_deg": 48.250138901841694,
              "path_to_endpoint_ratio": 1.7020309495306565,
              "peak_velocity_deg": 14.793959880415242
            },
            {
              "start_frame": 114,
              "end_frame": 120,
              "entry_jump_deg": 11.078059804803035,
              "path_distance_deg": 48.57845049780608,
              "endpoint_distance_deg": 33.716026549360656,
              "path_to_endpoint_ratio": 1.4408118473476303,
              "peak_velocity_deg": 14.135017897346215
            },
            {
              "start_frame": 44,
              "end_frame": 50,
              "entry_jump_deg": 2.524321698128145,
              "path_distance_deg": 40.15322583715517,
              "endpoint_distance_deg": 33.33255931140763,
              "path_to_endpoint_ratio": 1.2046247472936547,
              "peak_velocity_deg": 8.653947320762256
            },
            {
              "start_frame": 194,
              "end_frame": 200,
              "entry_jump_deg": 7.959514984345881,
              "path_distance_deg": 32.62817491048689,
              "endpoint_distance_deg": 8.78591091381848,
              "path_to_endpoint_ratio": 3.7136928920106964,
              "peak_velocity_deg": 7.959514984345881
            },
            {
              "start_frame": 164,
              "end_frame": 170,
              "entry_jump_deg": 5.575674437449564,
              "path_distance_deg": 20.7051459150632,
              "endpoint_distance_deg": 8.612058179210145,
              "path_to_endpoint_ratio": 2.4042041384539474,
              "peak_velocity_deg": 5.575674437449564
            }
          ]
        },
        "ground_truth": {
          "order": "XYZ",
          "excursion_p90_deg": 58.28210624251423,
          "excursion_max_deg": 71.4284880291166,
          "velocity_rms_deg_per_frame": 8.408489397702002,
          "velocity_p95_deg_per_frame": 19.093889194083502,
          "velocity_max_deg_per_frame": 29.064659460858312,
          "euler_axis_step_p95_deg": [
            17.24585509999999,
            12.697458099999995,
            13.622937499999992
          ],
          "top_velocity_transitions": [
            {
              "from_frame": 60,
              "to_frame": 61,
              "velocity_deg": 29.064659460858312,
              "new_block_offset": 7,
              "inside_release_blend": false
            },
            {
              "from_frame": 53,
              "to_frame": 54,
              "velocity_deg": 26.43953019931103,
              "new_block_offset": 0,
              "inside_release_blend": false
            },
            {
              "from_frame": 76,
              "to_frame": 77,
              "velocity_deg": 24.84678952615178,
              "new_block_offset": 3,
              "inside_release_blend": false
            },
            {
              "from_frame": 52,
              "to_frame": 53,
              "velocity_deg": 24.58454445640092,
              "new_block_offset": 9,
              "inside_release_blend": false
            },
            {
              "from_frame": 59,
              "to_frame": 60,
              "velocity_deg": 22.155544943526948,
              "new_block_offset": 6,
              "inside_release_blend": false
            },
            {
              "from_frame": 114,
              "to_frame": 115,
              "velocity_deg": 21.775852796802567,
              "new_block_offset": 1,
              "inside_release_blend": false
            },
            {
              "from_frame": 45,
              "to_frame": 46,
              "velocity_deg": 21.463551890140174,
              "new_block_offset": 2,
              "inside_release_blend": false
            },
            {
              "from_frame": 77,
              "to_frame": 78,
              "velocity_deg": 20.968964112191962,
              "new_block_offset": 4,
              "inside_release_blend": false
            },
            {
              "from_frame": 58,
              "to_frame": 59,
              "velocity_deg": 20.840460758607872,
              "new_block_offset": 5,
              "inside_release_blend": false
            },
            {
              "from_frame": 1,
              "to_frame": 2,
              "velocity_deg": 20.58143134845927,
              "new_block_offset": null,
              "inside_release_blend": false
            },
            {
              "from_frame": 0,
              "to_frame": 1,
              "velocity_deg": 19.36454493613191,
              "new_block_offset": null,
              "inside_release_blend": false
            },
            {
              "from_frame": 115,
              "to_frame": 116,
              "velocity_deg": 19.10521866614662,
              "new_block_offset": 2,
              "inside_release_blend": false
            }
          ],
          "release_blend_blocks_by_path": [
            {
              "start_frame": 54,
              "endpoint_distance_deg": 52.37807740113352,
              "path_distance_deg": 90.00812213658216,
              "path_to_endpoint_ratio": 1.7184311949303104,
              "peak_velocity_deg": 22.155544943526948
            },
            {
              "start_frame": 74,
              "endpoint_distance_deg": 68.70631706026462,
              "path_distance_deg": 81.29731899139668,
              "path_to_endpoint_ratio": 1.1832582864263859,
              "peak_velocity_deg": 24.84678952615178
            },
            {
              "start_frame": 64,
              "endpoint_distance_deg": 60.64628350185847,
              "path_distance_deg": 67.62112344881506,
              "path_to_endpoint_ratio": 1.1150085305184916,
              "peak_velocity_deg": 15.911168864384377
            },
            {
              "start_frame": 44,
              "endpoint_distance_deg": 48.32242071776886,
              "path_distance_deg": 63.69320719217693,
              "path_to_endpoint_ratio": 1.318088089257416,
              "peak_velocity_deg": 21.463551890140174
            },
            {
              "start_frame": 114,
              "endpoint_distance_deg": 42.964897387892734,
              "path_distance_deg": 54.71353135301516,
              "path_to_endpoint_ratio": 1.2734472715960246,
              "peak_velocity_deg": 21.775852796802567
            },
            {
              "start_frame": 124,
              "endpoint_distance_deg": 49.57334521954305,
              "path_distance_deg": 49.9602224272113,
              "path_to_endpoint_ratio": 1.0078041376057012,
              "peak_velocity_deg": 11.76226841266868
            },
            {
              "start_frame": 94,
              "endpoint_distance_deg": 49.52217667336924,
              "path_distance_deg": 49.77395940026816,
              "path_to_endpoint_ratio": 1.005084241925786,
              "peak_velocity_deg": 12.603000627393827
            },
            {
              "start_frame": 164,
              "endpoint_distance_deg": 36.141525939412766,
              "path_distance_deg": 45.62184497243574,
              "path_to_endpoint_ratio": 1.2623109784826372,
              "peak_velocity_deg": 10.72632797918002
            },
            {
              "start_frame": 184,
              "endpoint_distance_deg": 30.16587171160925,
              "path_distance_deg": 35.913781816632266,
              "path_to_endpoint_ratio": 1.1905434777411372,
              "peak_velocity_deg": 8.507228018201873
            },
            {
              "start_frame": 194,
              "endpoint_distance_deg": 32.25566948523816,
              "path_distance_deg": 33.76472782078972,
              "path_to_endpoint_ratio": 1.046784281945913,
              "peak_velocity_deg": 9.419320872426301
            },
            {
              "start_frame": 134,
              "endpoint_distance_deg": 27.01342931967106,
              "path_distance_deg": 27.781392287641587,
              "path_to_endpoint_ratio": 1.028428932842351,
              "peak_velocity_deg": 6.903681150648987
            },
            {
              "start_frame": 214,
              "endpoint_distance_deg": 11.950680248642794,
              "path_distance_deg": 27.13395382540999,
              "path_to_endpoint_ratio": 2.270494504151052,
              "peak_velocity_deg": 8.632608045860545
            },
            {
              "start_frame": 154,
              "endpoint_distance_deg": 11.488489106036136,
              "path_distance_deg": 26.224387825043856,
              "path_to_endpoint_ratio": 2.2826663787551813,
              "peak_velocity_deg": 7.279820582258937
            },
            {
              "start_frame": 204,
              "endpoint_distance_deg": 13.188678837963478,
              "path_distance_deg": 21.419226579505285,
              "path_to_endpoint_ratio": 1.6240615790757038,
              "peak_velocity_deg": 7.496963018209069
            },
            {
              "start_frame": 84,
              "endpoint_distance_deg": 11.756764981887335,
              "path_distance_deg": 16.36223953885129,
              "path_to_endpoint_ratio": 1.3917297457301585,
              "peak_velocity_deg": 4.675400155050391
            },
            {
              "start_frame": 104,
              "endpoint_distance_deg": 3.1934060267243285,
              "path_distance_deg": 10.801659003053505,
              "path_to_endpoint_ratio": 3.3824884504691144,
              "peak_velocity_deg": 3.3141462457918935
            },
            {
              "start_frame": 174,
              "endpoint_distance_deg": 8.749939403838503,
              "path_distance_deg": 9.190196995785623,
              "path_to_endpoint_ratio": 1.0503155018141022,
              "peak_velocity_deg": 3.275679987652456
            },
            {
              "start_frame": 144,
              "endpoint_distance_deg": 5.009288531840821,
              "path_distance_deg": 7.334257275322148,
              "path_to_endpoint_ratio": 1.4641315285999197,
              "peak_velocity_deg": 2.6178223241075567
            },
            {
              "start_frame": 34,
              "endpoint_distance_deg": 0.3977700113079779,
              "path_distance_deg": 1.1140558272847574,
              "path_to_endpoint_ratio": 2.800753690861293,
              "peak_velocity_deg": 0.4171232824163386
            }
          ],
          "boundary_blocks_by_peak": [
            {
              "start_frame": 54,
              "end_frame": 60,
              "entry_jump_deg": 26.43953019931103,
              "path_distance_deg": 116.4476523358932,
              "endpoint_distance_deg": 31.223879775525454,
              "path_to_endpoint_ratio": 3.729442118438132,
              "peak_velocity_deg": 26.43953019931103
            },
            {
              "start_frame": 74,
              "end_frame": 80,
              "entry_jump_deg": 0.4307506098662471,
              "path_distance_deg": 81.72806960126292,
              "endpoint_distance_deg": 68.43827973515539,
              "path_to_endpoint_ratio": 1.1941864979297665,
              "peak_velocity_deg": 24.84678952615178
            },
            {
              "start_frame": 114,
              "end_frame": 120,
              "entry_jump_deg": 11.951008912788634,
              "path_distance_deg": 66.6645402658038,
              "endpoint_distance_deg": 54.86658090409103,
              "path_to_endpoint_ratio": 1.2150299721124607,
              "peak_velocity_deg": 21.775852796802567
            },
            {
              "start_frame": 44,
              "end_frame": 50,
              "entry_jump_deg": 12.141763817806057,
              "path_distance_deg": 75.83497100998301,
              "endpoint_distance_deg": 58.73715196535293,
              "path_to_endpoint_ratio": 1.2910903656805748,
              "peak_velocity_deg": 21.463551890140174
            },
            {
              "start_frame": 64,
              "end_frame": 70,
              "entry_jump_deg": 9.422414406839009,
              "path_distance_deg": 77.04353785565407,
              "endpoint_distance_deg": 69.37354265571318,
              "path_to_endpoint_ratio": 1.1105608118934551,
              "peak_velocity_deg": 15.911168864384377
            },
            {
              "start_frame": 174,
              "end_frame": 180,
              "entry_jump_deg": 15.495100451581001,
              "path_distance_deg": 24.685297447366626,
              "endpoint_distance_deg": 18.978611961965274,
              "path_to_endpoint_ratio": 1.3006903506346,
              "peak_velocity_deg": 15.495100451581001
            },
            {
              "start_frame": 124,
              "end_frame": 130,
              "entry_jump_deg": 13.677627984739402,
              "path_distance_deg": 63.6378504119507,
              "endpoint_distance_deg": 62.76374041661835,
              "path_to_endpoint_ratio": 1.0139269901623154,
              "peak_velocity_deg": 13.677627984739402
            },
            {
              "start_frame": 94,
              "end_frame": 100,
              "entry_jump_deg": 5.892194522900059,
              "path_distance_deg": 55.66615392316822,
              "endpoint_distance_deg": 55.28954591784614,
              "path_to_endpoint_ratio": 1.0068115590220559,
              "peak_velocity_deg": 12.603000627393827
            },
            {
              "start_frame": 164,
              "end_frame": 170,
              "entry_jump_deg": 1.331423919177918,
              "path_distance_deg": 46.953268891613654,
              "endpoint_distance_deg": 36.56723984171679,
              "path_to_endpoint_ratio": 1.2840255128594156,
              "peak_velocity_deg": 10.72632797918002
            },
            {
              "start_frame": 194,
              "end_frame": 200,
              "entry_jump_deg": 5.645683446113802,
              "path_distance_deg": 39.41041126690353,
              "endpoint_distance_deg": 27.252293261476087,
              "path_to_endpoint_ratio": 1.4461319232394358,
              "peak_velocity_deg": 9.419320872426301
            },
            {
              "start_frame": 214,
              "end_frame": 220,
              "entry_jump_deg": 9.077377414331131,
              "path_distance_deg": 36.211331239741114,
              "endpoint_distance_deg": 20.990137031806096,
              "path_to_endpoint_ratio": 1.7251593538846617,
              "peak_velocity_deg": 9.077377414331131
            },
            {
              "start_frame": 184,
              "end_frame": 190,
              "entry_jump_deg": 3.581036255428892,
              "path_distance_deg": 39.494818072061165,
              "endpoint_distance_deg": 32.48041035357226,
              "path_to_endpoint_ratio": 1.215958100348244,
              "peak_velocity_deg": 8.507228018201873
            },
            {
              "start_frame": 204,
              "end_frame": 210,
              "entry_jump_deg": 7.036065297267711,
              "path_distance_deg": 28.455291876772996,
              "endpoint_distance_deg": 18.642194965678964,
              "path_to_endpoint_ratio": 1.5263917113387313,
              "peak_velocity_deg": 7.496963018209069
            },
            {
              "start_frame": 154,
              "end_frame": 160,
              "entry_jump_deg": 3.9817660681925724,
              "path_distance_deg": 30.206153893236426,
              "endpoint_distance_deg": 13.684629639545683,
              "path_to_endpoint_ratio": 2.207305180254717,
              "peak_velocity_deg": 7.279820582258937
            },
            {
              "start_frame": 134,
              "end_frame": 140,
              "entry_jump_deg": 5.1507086714591335,
              "path_distance_deg": 32.93210095910072,
              "endpoint_distance_deg": 31.564825304543895,
              "path_to_endpoint_ratio": 1.043316433446568,
              "peak_velocity_deg": 6.903681150648987
            },
            {
              "start_frame": 104,
              "end_frame": 110,
              "entry_jump_deg": 5.328139605277087,
              "path_distance_deg": 16.12979860833059,
              "endpoint_distance_deg": 3.000438263250423,
              "path_to_endpoint_ratio": 5.375814195509198,
              "peak_velocity_deg": 5.328139605277087
            },
            {
              "start_frame": 84,
              "end_frame": 90,
              "entry_jump_deg": 4.914857194813273,
              "path_distance_deg": 21.27709673366456,
              "endpoint_distance_deg": 6.850909071629243,
              "path_to_endpoint_ratio": 3.1057333430064875,
              "peak_velocity_deg": 4.914857194813273
            },
            {
              "start_frame": 144,
              "end_frame": 150,
              "entry_jump_deg": 1.0268063391635873,
              "path_distance_deg": 8.361063614485735,
              "endpoint_distance_deg": 5.096710765867396,
              "path_to_endpoint_ratio": 1.6404822636747736,
              "peak_velocity_deg": 2.6178223241075567
            },
            {
              "start_frame": 34,
              "end_frame": 40,
              "entry_jump_deg": 0.13516828832040717,
              "path_distance_deg": 1.2492241156051647,
              "endpoint_distance_deg": 0.5011727557290768,
              "path_to_endpoint_ratio": 2.492601805115816,
              "peak_velocity_deg": 0.4171232824163386
            }
          ]
        },
        "ratios": {
          "excursion_p90": 0.8912897725254934,
          "velocity_rms": 1.470795213429895,
          "velocity_p95": 1.2025351168602598
        }
      },
      "RightHand": {
        "prediction": {
          "order": "XYZ",
          "excursion_p90_deg": 18.298048909600293,
          "excursion_max_deg": 29.434863917657957,
          "velocity_rms_deg_per_frame": 5.630995971300559,
          "velocity_p95_deg_per_frame": 11.178907716020445,
          "velocity_max_deg_per_frame": 19.19755030693155,
          "euler_axis_step_p95_deg": [
            1.5979964000000095,
            6.716899499999993,
            10.226965499999995
          ],
          "top_velocity_transitions": [
            {
              "from_frame": 94,
              "to_frame": 95,
              "velocity_deg": 19.19755030693155,
              "new_block_offset": 1,
              "inside_release_blend": false
            },
            {
              "from_frame": 162,
              "to_frame": 163,
              "velocity_deg": 16.237119950350465,
              "new_block_offset": 9,
              "inside_release_blend": false
            },
            {
              "from_frame": 114,
              "to_frame": 115,
              "velocity_deg": 16.201244897949532,
              "new_block_offset": 1,
              "inside_release_blend": false
            },
            {
              "from_frame": 96,
              "to_frame": 97,
              "velocity_deg": 15.427029360296615,
              "new_block_offset": 3,
              "inside_release_blend": false
            },
            {
              "from_frame": 103,
              "to_frame": 104,
              "velocity_deg": 14.750033900997,
              "new_block_offset": 0,
              "inside_release_blend": false
            },
            {
              "from_frame": 133,
              "to_frame": 134,
              "velocity_deg": 14.120193215095588,
              "new_block_offset": 0,
              "inside_release_blend": false
            },
            {
              "from_frame": 83,
              "to_frame": 84,
              "velocity_deg": 13.999818014502978,
              "new_block_offset": 0,
              "inside_release_blend": false
            },
            {
              "from_frame": 116,
              "to_frame": 117,
              "velocity_deg": 13.907283904483881,
              "new_block_offset": 3,
              "inside_release_blend": false
            },
            {
              "from_frame": 153,
              "to_frame": 154,
              "velocity_deg": 13.551276544031916,
              "new_block_offset": 0,
              "inside_release_blend": false
            },
            {
              "from_frame": 97,
              "to_frame": 98,
              "velocity_deg": 13.315826917439038,
              "new_block_offset": 4,
              "inside_release_blend": false
            },
            {
              "from_frame": 30,
              "to_frame": 31,
              "velocity_deg": 12.27941072990518,
              "new_block_offset": null,
              "inside_release_blend": false
            },
            {
              "from_frame": 142,
              "to_frame": 143,
              "velocity_deg": 11.183808998048855,
              "new_block_offset": 9,
              "inside_release_blend": false
            }
          ],
          "release_blend_blocks_by_path": [
            {
              "start_frame": 94,
              "endpoint_distance_deg": 47.79392570006061,
              "path_distance_deg": 59.33461162582921,
              "path_to_endpoint_ratio": 1.241467629133339,
              "peak_velocity_deg": 19.19755030693155
            },
            {
              "start_frame": 114,
              "endpoint_distance_deg": 3.6059508245282244,
              "path_distance_deg": 45.132586728513544,
              "path_to_endpoint_ratio": 12.516140381481312,
              "peak_velocity_deg": 16.201244897949532
            },
            {
              "start_frame": 154,
              "endpoint_distance_deg": 2.0337354349448855,
              "path_distance_deg": 37.993991193016235,
              "path_to_endpoint_ratio": 18.68187500703398,
              "peak_velocity_deg": 10.289436627898668
            },
            {
              "start_frame": 144,
              "endpoint_distance_deg": 16.670630014303843,
              "path_distance_deg": 37.93598721864632,
              "path_to_endpoint_ratio": 2.275618089184166,
              "peak_velocity_deg": 9.852258249832136
            },
            {
              "start_frame": 174,
              "endpoint_distance_deg": 16.86581417449854,
              "path_distance_deg": 36.24001539738901,
              "path_to_endpoint_ratio": 2.148726116773222,
              "peak_velocity_deg": 10.058803086908961
            },
            {
              "start_frame": 214,
              "endpoint_distance_deg": 12.015244274918059,
              "path_distance_deg": 33.34019976343212,
              "path_to_endpoint_ratio": 2.774824964069196,
              "peak_velocity_deg": 9.513286104660388
            },
            {
              "start_frame": 54,
              "endpoint_distance_deg": 14.827339863548202,
              "path_distance_deg": 31.222808436622245,
              "path_to_endpoint_ratio": 2.1057592746883045,
              "peak_velocity_deg": 7.904279116511215
            },
            {
              "start_frame": 124,
              "endpoint_distance_deg": 19.495328536241914,
              "path_distance_deg": 30.615777202693756,
              "path_to_endpoint_ratio": 1.570416068945895,
              "peak_velocity_deg": 8.271425734182762
            },
            {
              "start_frame": 204,
              "endpoint_distance_deg": 17.94851275645572,
              "path_distance_deg": 29.496855873007497,
              "path_to_endpoint_ratio": 1.6434150435332349,
              "peak_velocity_deg": 7.845375893419297
            },
            {
              "start_frame": 134,
              "endpoint_distance_deg": 10.070430736718997,
              "path_distance_deg": 23.660125544003257,
              "path_to_endpoint_ratio": 2.3494650986211796,
              "peak_velocity_deg": 5.873749362732847
            },
            {
              "start_frame": 44,
              "endpoint_distance_deg": 19.520251011510446,
              "path_distance_deg": 20.693291837527163,
              "path_to_endpoint_ratio": 1.0600935318569937,
              "peak_velocity_deg": 6.9922185434070085
            },
            {
              "start_frame": 74,
              "endpoint_distance_deg": 5.0538241582654875,
              "path_distance_deg": 20.154255698999915,
              "path_to_endpoint_ratio": 3.9879218326260513,
              "peak_velocity_deg": 8.641407132427696
            },
            {
              "start_frame": 64,
              "endpoint_distance_deg": 9.825980648602014,
              "path_distance_deg": 19.987355286579565,
              "path_to_endpoint_ratio": 2.0341333859051773,
              "peak_velocity_deg": 8.085929172832545
            },
            {
              "start_frame": 34,
              "endpoint_distance_deg": 8.378790602178231,
              "path_distance_deg": 16.87892350033457,
              "path_to_endpoint_ratio": 2.014482077633801,
              "peak_velocity_deg": 7.822736433978059
            },
            {
              "start_frame": 84,
              "endpoint_distance_deg": 4.756444376156902,
              "path_distance_deg": 16.084017109659815,
              "path_to_endpoint_ratio": 3.3815211190707397,
              "peak_velocity_deg": 5.070332174659792
            },
            {
              "start_frame": 184,
              "endpoint_distance_deg": 5.6478796601134444,
              "path_distance_deg": 14.97882280587656,
              "path_to_endpoint_ratio": 2.652114369868796,
              "peak_velocity_deg": 3.9858631969249805
            },
            {
              "start_frame": 194,
              "endpoint_distance_deg": 1.2053253351400262,
              "path_distance_deg": 14.249430686858235,
              "path_to_endpoint_ratio": 11.822061871123648,
              "peak_velocity_deg": 3.8924606503158197
            },
            {
              "start_frame": 164,
              "endpoint_distance_deg": 9.395186475334631,
              "path_distance_deg": 12.085208240358838,
              "path_to_endpoint_ratio": 1.2863191456695804,
              "peak_velocity_deg": 4.652856846653883
            },
            {
              "start_frame": 104,
              "endpoint_distance_deg": 4.545920075854074,
              "path_distance_deg": 9.311992221593117,
              "path_to_endpoint_ratio": 2.0484284954885856,
              "peak_velocity_deg": 2.331437230846999
            }
          ],
          "boundary_blocks_by_peak": [
            {
              "start_frame": 94,
              "end_frame": 100,
              "entry_jump_deg": 4.625112925412714,
              "path_distance_deg": 63.959724551241926,
              "endpoint_distance_deg": 49.3812169910169,
              "path_to_endpoint_ratio": 1.2952237398863025,
              "peak_velocity_deg": 19.19755030693155
            },
            {
              "start_frame": 114,
              "end_frame": 120,
              "entry_jump_deg": 8.448353488097629,
              "path_distance_deg": 53.58094021661117,
              "endpoint_distance_deg": 8.575834236547003,
              "path_to_endpoint_ratio": 6.247898308046722,
              "peak_velocity_deg": 16.201244897949532
            },
            {
              "start_frame": 104,
              "end_frame": 110,
              "entry_jump_deg": 14.750033900997,
              "path_distance_deg": 24.06202612259011,
              "endpoint_distance_deg": 10.68996190684489,
              "path_to_endpoint_ratio": 2.2508991455977925,
              "peak_velocity_deg": 14.750033900997
            },
            {
              "start_frame": 134,
              "end_frame": 140,
              "entry_jump_deg": 14.120193215095588,
              "path_distance_deg": 37.78031875909885,
              "endpoint_distance_deg": 12.619569654385737,
              "path_to_endpoint_ratio": 2.9937882030683096,
              "peak_velocity_deg": 14.120193215095588
            },
            {
              "start_frame": 84,
              "end_frame": 90,
              "entry_jump_deg": 13.999818014502978,
              "path_distance_deg": 30.083835124162793,
              "endpoint_distance_deg": 12.443642521483742,
              "path_to_endpoint_ratio": 2.4176068279222545,
              "peak_velocity_deg": 13.999818014502978
            },
            {
              "start_frame": 154,
              "end_frame": 160,
              "entry_jump_deg": 13.551276544031916,
              "path_distance_deg": 51.54526773704815,
              "endpoint_distance_deg": 14.712156594357017,
              "path_to_endpoint_ratio": 3.5035834078070383,
              "peak_velocity_deg": 13.551276544031916
            },
            {
              "start_frame": 144,
              "end_frame": 150,
              "entry_jump_deg": 11.134796177764775,
              "path_distance_deg": 49.0707833964111,
              "endpoint_distance_deg": 26.63160698183165,
              "path_to_endpoint_ratio": 1.8425768835462195,
              "peak_velocity_deg": 11.134796177764775
            },
            {
              "start_frame": 124,
              "end_frame": 130,
              "entry_jump_deg": 10.316139760984836,
              "path_distance_deg": 40.931916963678596,
              "endpoint_distance_deg": 11.43258732590945,
              "path_to_endpoint_ratio": 3.580284654455723,
              "peak_velocity_deg": 10.316139760984836
            },
            {
              "start_frame": 174,
              "end_frame": 180,
              "entry_jump_deg": 7.086125352877947,
              "path_distance_deg": 43.32614075026696,
              "endpoint_distance_deg": 10.550694325224734,
              "path_to_endpoint_ratio": 4.106472940523191,
              "peak_velocity_deg": 10.058803086908961
            },
            {
              "start_frame": 214,
              "end_frame": 220,
              "entry_jump_deg": 8.392230454599243,
              "path_distance_deg": 41.73243021803136,
              "endpoint_distance_deg": 6.636335780425628,
              "path_to_endpoint_ratio": 6.288474784703376,
              "peak_velocity_deg": 9.513286104660388
            },
            {
              "start_frame": 74,
              "end_frame": 80,
              "entry_jump_deg": 6.673358347388451,
              "path_distance_deg": 26.827614046388362,
              "endpoint_distance_deg": 11.574677904918227,
              "path_to_endpoint_ratio": 2.31778493248516,
              "peak_velocity_deg": 8.641407132427696
            },
            {
              "start_frame": 64,
              "end_frame": 70,
              "entry_jump_deg": 4.334660833311719,
              "path_distance_deg": 24.322016119891288,
              "endpoint_distance_deg": 12.891634347070198,
              "path_to_endpoint_ratio": 1.8866510998598716,
              "peak_velocity_deg": 8.085929172832545
            },
            {
              "start_frame": 54,
              "end_frame": 60,
              "entry_jump_deg": 5.46477856837769,
              "path_distance_deg": 36.68758700499993,
              "endpoint_distance_deg": 19.543245631504558,
              "path_to_endpoint_ratio": 1.8772514912189384,
              "peak_velocity_deg": 7.904279116511215
            },
            {
              "start_frame": 204,
              "end_frame": 210,
              "entry_jump_deg": 1.551826927695327,
              "path_distance_deg": 31.04868280070282,
              "endpoint_distance_deg": 18.21255463256575,
              "path_to_endpoint_ratio": 1.704795588927699,
              "peak_velocity_deg": 7.845375893419297
            },
            {
              "start_frame": 34,
              "end_frame": 40,
              "entry_jump_deg": 4.739336627566501,
              "path_distance_deg": 21.618260127901067,
              "endpoint_distance_deg": 7.21222343080617,
              "path_to_endpoint_ratio": 2.9974473663088688,
              "peak_velocity_deg": 7.822736433978059
            },
            {
              "start_frame": 44,
              "end_frame": 50,
              "entry_jump_deg": 2.5643492164043455,
              "path_distance_deg": 23.257641053931508,
              "endpoint_distance_deg": 19.23575108070822,
              "path_to_endpoint_ratio": 1.2090841140722024,
              "peak_velocity_deg": 6.9922185434070085
            },
            {
              "start_frame": 164,
              "end_frame": 170,
              "entry_jump_deg": 6.74374314557259,
              "path_distance_deg": 18.828951385931425,
              "endpoint_distance_deg": 16.12719280402407,
              "path_to_endpoint_ratio": 1.1675281380174987,
              "peak_velocity_deg": 6.74374314557259
            },
            {
              "start_frame": 184,
              "end_frame": 190,
              "entry_jump_deg": 3.060384485836065,
              "path_distance_deg": 18.03920729171262,
              "endpoint_distance_deg": 5.949024711613853,
              "path_to_endpoint_ratio": 3.0322965807312876,
              "peak_velocity_deg": 3.9858631969249805
            },
            {
              "start_frame": 194,
              "end_frame": 200,
              "entry_jump_deg": 3.775513441038907,
              "path_distance_deg": 18.024944127897143,
              "endpoint_distance_deg": 4.096779990802211,
              "path_to_endpoint_ratio": 4.399783285498715,
              "peak_velocity_deg": 3.8924606503158197
            }
          ]
        },
        "ground_truth": {
          "order": "XYZ",
          "excursion_p90_deg": 24.241836361381864,
          "excursion_max_deg": 38.86125717873389,
          "velocity_rms_deg_per_frame": 5.393527066559688,
          "velocity_p95_deg_per_frame": 12.740036205770318,
          "velocity_max_deg_per_frame": 24.244167295503924,
          "euler_axis_step_p95_deg": [
            1.9756388000000018,
            5.518946699999998,
            11.258954399999988
          ],
          "top_velocity_transitions": [
            {
              "from_frame": 161,
              "to_frame": 162,
              "velocity_deg": 24.244167295503924,
              "new_block_offset": 8,
              "inside_release_blend": false
            },
            {
              "from_frame": 62,
              "to_frame": 63,
              "velocity_deg": 16.54127135822364,
              "new_block_offset": 9,
              "inside_release_blend": false
            },
            {
              "from_frame": 170,
              "to_frame": 171,
              "velocity_deg": 16.261772140235145,
              "new_block_offset": 7,
              "inside_release_blend": false
            },
            {
              "from_frame": 160,
              "to_frame": 161,
              "velocity_deg": 15.665183608898662,
              "new_block_offset": 7,
              "inside_release_blend": false
            },
            {
              "from_frame": 211,
              "to_frame": 212,
              "velocity_deg": 14.21275395556884,
              "new_block_offset": 8,
              "inside_release_blend": false
            },
            {
              "from_frame": 150,
              "to_frame": 151,
              "velocity_deg": 13.81526365100139,
              "new_block_offset": 7,
              "inside_release_blend": false
            },
            {
              "from_frame": 169,
              "to_frame": 170,
              "velocity_deg": 13.757031390490873,
              "new_block_offset": 6,
              "inside_release_blend": false
            },
            {
              "from_frame": 220,
              "to_frame": 221,
              "velocity_deg": 13.709317287887675,
              "new_block_offset": 7,
              "inside_release_blend": false
            },
            {
              "from_frame": 61,
              "to_frame": 62,
              "velocity_deg": 13.529455117364027,
              "new_block_offset": 8,
              "inside_release_blend": false
            },
            {
              "from_frame": 216,
              "to_frame": 217,
              "velocity_deg": 13.359979556729847,
              "new_block_offset": 3,
              "inside_release_blend": false
            },
            {
              "from_frame": 155,
              "to_frame": 156,
              "velocity_deg": 13.303086284438294,
              "new_block_offset": 2,
              "inside_release_blend": false
            },
            {
              "from_frame": 166,
              "to_frame": 167,
              "velocity_deg": 12.769117539221517,
              "new_block_offset": 3,
              "inside_release_blend": false
            }
          ],
          "release_blend_blocks_by_path": [
            {
              "start_frame": 214,
              "endpoint_distance_deg": 9.458093716891566,
              "path_distance_deg": 59.15522047761195,
              "path_to_endpoint_ratio": 6.254454887877079,
              "peak_velocity_deg": 13.359979556729847
            },
            {
              "start_frame": 164,
              "endpoint_distance_deg": 14.78328662330263,
              "path_distance_deg": 43.49582797479986,
              "path_to_endpoint_ratio": 2.942229903480202,
              "peak_velocity_deg": 13.757031390490873
            },
            {
              "start_frame": 154,
              "endpoint_distance_deg": 32.527085971306896,
              "path_distance_deg": 37.29686348068508,
              "path_to_endpoint_ratio": 1.1466401728573457,
              "peak_velocity_deg": 13.303086284438294
            },
            {
              "start_frame": 64,
              "endpoint_distance_deg": 17.996383456000146,
              "path_distance_deg": 33.13676732724882,
              "path_to_endpoint_ratio": 1.8413014708352828,
              "peak_velocity_deg": 12.478304204709602
            },
            {
              "start_frame": 44,
              "endpoint_distance_deg": 18.79212452558348,
              "path_distance_deg": 25.982053281726312,
              "path_to_endpoint_ratio": 1.382603294606446,
              "peak_velocity_deg": 7.74314899486171
            },
            {
              "start_frame": 74,
              "endpoint_distance_deg": 11.342464376283553,
              "path_distance_deg": 22.612021828022083,
              "path_to_endpoint_ratio": 1.9935722148092025,
              "peak_velocity_deg": 7.024631466402154
            },
            {
              "start_frame": 54,
              "endpoint_distance_deg": 5.98991250828671,
              "path_distance_deg": 22.501864133619495,
              "path_to_endpoint_ratio": 3.7566265120716573,
              "peak_velocity_deg": 7.824087496604389
            },
            {
              "start_frame": 124,
              "endpoint_distance_deg": 21.677073308619093,
              "path_distance_deg": 22.35328096434824,
              "path_to_endpoint_ratio": 1.0311946011392727,
              "peak_velocity_deg": 6.136172896328793
            },
            {
              "start_frame": 114,
              "endpoint_distance_deg": 7.488954689218846,
              "path_distance_deg": 20.704565214384736,
              "path_to_endpoint_ratio": 2.7646802622789504,
              "peak_velocity_deg": 6.3150438407475775
            },
            {
              "start_frame": 94,
              "endpoint_distance_deg": 4.743978540414722,
              "path_distance_deg": 19.01820810297379,
              "path_to_endpoint_ratio": 4.0089152893409175,
              "peak_velocity_deg": 5.851327812330936
            },
            {
              "start_frame": 194,
              "endpoint_distance_deg": 10.350402466435229,
              "path_distance_deg": 15.257200350964428,
              "path_to_endpoint_ratio": 1.474068317675684,
              "peak_velocity_deg": 6.464214256921201
            },
            {
              "start_frame": 144,
              "endpoint_distance_deg": 13.074928193895095,
              "path_distance_deg": 14.86673814209671,
              "path_to_endpoint_ratio": 1.1370416664344085,
              "peak_velocity_deg": 10.086695868415807
            },
            {
              "start_frame": 184,
              "endpoint_distance_deg": 5.411430621164255,
              "path_distance_deg": 14.8475345129915,
              "path_to_endpoint_ratio": 2.7437355391608236,
              "peak_velocity_deg": 3.4469638868418877
            },
            {
              "start_frame": 204,
              "endpoint_distance_deg": 8.35834351350073,
              "path_distance_deg": 10.980605364421784,
              "path_to_endpoint_ratio": 1.3137298493039287,
              "peak_velocity_deg": 4.041028039043798
            },
            {
              "start_frame": 134,
              "endpoint_distance_deg": 10.172834335391858,
              "path_distance_deg": 10.844612875305135,
              "path_to_endpoint_ratio": 1.0660365162515348,
              "peak_velocity_deg": 3.6750762497887877
            },
            {
              "start_frame": 84,
              "endpoint_distance_deg": 6.434433282107367,
              "path_distance_deg": 9.222325888588975,
              "path_to_endpoint_ratio": 1.4332771021550688,
              "peak_velocity_deg": 4.263901091757777
            },
            {
              "start_frame": 174,
              "endpoint_distance_deg": 3.132976896337941,
              "path_distance_deg": 8.844387647118205,
              "path_to_endpoint_ratio": 2.8229980429974413,
              "peak_velocity_deg": 2.3561223857088174
            },
            {
              "start_frame": 104,
              "endpoint_distance_deg": 2.5477689818360383,
              "path_distance_deg": 5.8844301650354405,
              "path_to_endpoint_ratio": 2.3096403979276223,
              "peak_velocity_deg": 2.1128959739796485
            },
            {
              "start_frame": 34,
              "endpoint_distance_deg": 0.2600060659853161,
              "path_distance_deg": 2.1619419932290196,
              "path_to_endpoint_ratio": 8.314967518300575,
              "peak_velocity_deg": 0.5908484913765979
            }
          ],
          "boundary_blocks_by_peak": [
            {
              "start_frame": 164,
              "end_frame": 170,
              "entry_jump_deg": 2.928536542828838,
              "path_distance_deg": 46.424364517628696,
              "endpoint_distance_deg": 17.289609142060346,
              "path_to_endpoint_ratio": 2.6851020249319792,
              "peak_velocity_deg": 13.757031390490873
            },
            {
              "start_frame": 214,
              "end_frame": 220,
              "entry_jump_deg": 3.2142965279829254,
              "path_distance_deg": 62.36951700559487,
              "endpoint_distance_deg": 12.653747588608372,
              "path_to_endpoint_ratio": 4.928936393653331,
              "peak_velocity_deg": 13.359979556729847
            },
            {
              "start_frame": 154,
              "end_frame": 160,
              "entry_jump_deg": 3.9640149413984944,
              "path_distance_deg": 41.26087842208358,
              "endpoint_distance_deg": 32.12403035620607,
              "path_to_endpoint_ratio": 1.2844240889005496,
              "peak_velocity_deg": 13.303086284438294
            },
            {
              "start_frame": 64,
              "end_frame": 70,
              "entry_jump_deg": 2.019432755992097,
              "path_distance_deg": 35.15620008324092,
              "endpoint_distance_deg": 16.695999253800487,
              "path_to_endpoint_ratio": 2.105666126885958,
              "peak_velocity_deg": 12.478304204709602
            },
            {
              "start_frame": 144,
              "end_frame": 150,
              "entry_jump_deg": 0.29279259091659554,
              "path_distance_deg": 15.159530733013304,
              "endpoint_distance_deg": 13.35852721320515,
              "path_to_endpoint_ratio": 1.1348205150959927,
              "peak_velocity_deg": 10.086695868415807
            },
            {
              "start_frame": 124,
              "end_frame": 130,
              "entry_jump_deg": 9.358529481726197,
              "path_distance_deg": 31.71181044607444,
              "endpoint_distance_deg": 15.90191855942299,
              "path_to_endpoint_ratio": 1.994212857245643,
              "peak_velocity_deg": 9.358529481726197
            },
            {
              "start_frame": 54,
              "end_frame": 60,
              "entry_jump_deg": 8.775341233467726,
              "path_distance_deg": 31.277205367087223,
              "endpoint_distance_deg": 7.757521561217324,
              "path_to_endpoint_ratio": 4.0318554218983245,
              "peak_velocity_deg": 8.775341233467726
            },
            {
              "start_frame": 174,
              "end_frame": 180,
              "entry_jump_deg": 8.226598965637777,
              "path_distance_deg": 17.070986612755984,
              "endpoint_distance_deg": 6.3706380714358435,
              "path_to_endpoint_ratio": 2.679635292624377,
              "peak_velocity_deg": 8.226598965637777
            },
            {
              "start_frame": 44,
              "end_frame": 50,
              "entry_jump_deg": 4.840564203905996,
              "path_distance_deg": 30.82261748563231,
              "endpoint_distance_deg": 23.620327312924733,
              "path_to_endpoint_ratio": 1.3049191519359928,
              "peak_velocity_deg": 7.74314899486171
            },
            {
              "start_frame": 74,
              "end_frame": 80,
              "entry_jump_deg": 0.0874690508119727,
              "path_distance_deg": 22.699490878834055,
              "endpoint_distance_deg": 11.363897091283254,
              "path_to_endpoint_ratio": 1.997509366416723,
              "peak_velocity_deg": 7.024631466402154
            },
            {
              "start_frame": 194,
              "end_frame": 200,
              "entry_jump_deg": 0.8696699040499519,
              "path_distance_deg": 16.12687025501438,
              "endpoint_distance_deg": 11.218739497797653,
              "path_to_endpoint_ratio": 1.4374939589407743,
              "peak_velocity_deg": 6.464214256921201
            },
            {
              "start_frame": 114,
              "end_frame": 120,
              "entry_jump_deg": 4.8046454818930115,
              "path_distance_deg": 25.50921069627775,
              "endpoint_distance_deg": 11.598969292271878,
              "path_to_endpoint_ratio": 2.199265301381041,
              "peak_velocity_deg": 6.3150438407475775
            },
            {
              "start_frame": 94,
              "end_frame": 100,
              "entry_jump_deg": 5.134457649664354,
              "path_distance_deg": 24.152665752638146,
              "endpoint_distance_deg": 8.667287582055849,
              "path_to_endpoint_ratio": 2.7866464016542096,
              "peak_velocity_deg": 5.851327812330936
            },
            {
              "start_frame": 134,
              "end_frame": 140,
              "entry_jump_deg": 5.562023520702118,
              "path_distance_deg": 16.406636396007254,
              "endpoint_distance_deg": 15.72062757379839,
              "path_to_endpoint_ratio": 1.0436374959580008,
              "peak_velocity_deg": 5.562023520702118
            },
            {
              "start_frame": 84,
              "end_frame": 90,
              "entry_jump_deg": 3.5612214735214103,
              "path_distance_deg": 12.783547362110385,
              "endpoint_distance_deg": 3.7773237779613655,
              "path_to_endpoint_ratio": 3.384286895578146,
              "peak_velocity_deg": 4.263901091757777
            },
            {
              "start_frame": 204,
              "end_frame": 210,
              "entry_jump_deg": 1.1244613835032817,
              "path_distance_deg": 12.105066747925065,
              "endpoint_distance_deg": 9.120608088391219,
              "path_to_endpoint_ratio": 1.3272214561365145,
              "peak_velocity_deg": 4.041028039043798
            },
            {
              "start_frame": 184,
              "end_frame": 190,
              "entry_jump_deg": 0.2890629637027273,
              "path_distance_deg": 15.136597476694229,
              "endpoint_distance_deg": 5.444790537472205,
              "path_to_endpoint_ratio": 2.7800146530010568,
              "peak_velocity_deg": 3.4469638868418877
            },
            {
              "start_frame": 104,
              "end_frame": 110,
              "entry_jump_deg": 0.9630551536044375,
              "path_distance_deg": 6.847485318639877,
              "endpoint_distance_deg": 2.095224233068728,
              "path_to_endpoint_ratio": 3.268139615114534,
              "peak_velocity_deg": 2.1128959739796485
            },
            {
              "start_frame": 34,
              "end_frame": 40,
              "entry_jump_deg": 0.10997087799886669,
              "path_distance_deg": 2.2719128712278858,
              "endpoint_distance_deg": 0.1502021559837941,
              "path_to_endpoint_ratio": 15.125700802011199,
              "peak_velocity_deg": 0.5908484913765979
            }
          ]
        },
        "ratios": {
          "excursion_p90": 0.7548128218021369,
          "velocity_rms": 1.0440284996831104,
          "velocity_p95": 0.8774627901730142
        }
      },
      "LeftShoulder": {
        "prediction": {
          "order": "XYZ",
          "excursion_p90_deg": 2.7808848465135867,
          "excursion_max_deg": 4.087533563829437,
          "velocity_rms_deg_per_frame": 0.7356534782259059,
          "velocity_p95_deg_per_frame": 1.3553334087345117,
          "velocity_max_deg_per_frame": 3.0435669284070133,
          "euler_axis_step_p95_deg": [
            0.013094200000011817,
            0.9366723000000065,
            1.1965189000000007
          ],
          "top_velocity_transitions": [
            {
              "from_frame": 53,
              "to_frame": 54,
              "velocity_deg": 3.0435669284070133,
              "new_block_offset": 0,
              "inside_release_blend": false
            },
            {
              "from_frame": 123,
              "to_frame": 124,
              "velocity_deg": 2.71255717701481,
              "new_block_offset": 0,
              "inside_release_blend": false
            },
            {
              "from_frame": 103,
              "to_frame": 104,
              "velocity_deg": 2.108820262747411,
              "new_block_offset": 0,
              "inside_release_blend": false
            },
            {
              "from_frame": 113,
              "to_frame": 114,
              "velocity_deg": 2.061577537190458,
              "new_block_offset": 0,
              "inside_release_blend": false
            },
            {
              "from_frame": 83,
              "to_frame": 84,
              "velocity_deg": 1.780562013689427,
              "new_block_offset": 0,
              "inside_release_blend": false
            },
            {
              "from_frame": 63,
              "to_frame": 64,
              "velocity_deg": 1.7528481687353024,
              "new_block_offset": 0,
              "inside_release_blend": false
            },
            {
              "from_frame": 73,
              "to_frame": 74,
              "velocity_deg": 1.7333979803713635,
              "new_block_offset": 0,
              "inside_release_blend": false
            },
            {
              "from_frame": 222,
              "to_frame": 223,
              "velocity_deg": 1.5014330919270005,
              "new_block_offset": 9,
              "inside_release_blend": false
            },
            {
              "from_frame": 133,
              "to_frame": 134,
              "velocity_deg": 1.4833369296798466,
              "new_block_offset": 0,
              "inside_release_blend": false
            },
            {
              "from_frame": 163,
              "to_frame": 164,
              "velocity_deg": 1.455235461685152,
              "new_block_offset": 0,
              "inside_release_blend": false
            },
            {
              "from_frame": 33,
              "to_frame": 34,
              "velocity_deg": 1.4134341867068874,
              "new_block_offset": 0,
              "inside_release_blend": false
            },
            {
              "from_frame": 173,
              "to_frame": 174,
              "velocity_deg": 1.3586031519243993,
              "new_block_offset": 0,
              "inside_release_blend": false
            }
          ],
          "release_blend_blocks_by_path": [
            {
              "start_frame": 134,
              "endpoint_distance_deg": 3.746681149009647,
              "path_distance_deg": 4.352243137875405,
              "path_to_endpoint_ratio": 1.1616262406065232,
              "peak_velocity_deg": 0.9020099044751257
            },
            {
              "start_frame": 54,
              "endpoint_distance_deg": 1.1883551301439212,
              "path_distance_deg": 4.13772760575288,
              "path_to_endpoint_ratio": 3.4818948484294934,
              "peak_velocity_deg": 1.0602805848205592
            },
            {
              "start_frame": 94,
              "endpoint_distance_deg": 1.587655703932261,
              "path_distance_deg": 4.075261328508746,
              "path_to_endpoint_ratio": 2.5668419912549383,
              "peak_velocity_deg": 0.8847706211775932
            },
            {
              "start_frame": 114,
              "endpoint_distance_deg": 1.1097920836079143,
              "path_distance_deg": 4.0345176553237305,
              "path_to_endpoint_ratio": 3.6353815412050747,
              "peak_velocity_deg": 1.1854259588988398
            },
            {
              "start_frame": 124,
              "endpoint_distance_deg": 2.794932690816868,
              "path_distance_deg": 3.902167698076185,
              "path_to_endpoint_ratio": 1.39615802230132,
              "peak_velocity_deg": 1.254042170668685
            },
            {
              "start_frame": 34,
              "endpoint_distance_deg": 2.6748523365984256,
              "path_distance_deg": 3.8956474127404546,
              "path_to_endpoint_ratio": 1.4563971847860948,
              "peak_velocity_deg": 0.8852850352129646
            },
            {
              "start_frame": 44,
              "endpoint_distance_deg": 2.0238811318049317,
              "path_distance_deg": 3.4768777876568877,
              "path_to_endpoint_ratio": 1.7179258865643698,
              "peak_velocity_deg": 1.2349140159372056
            },
            {
              "start_frame": 84,
              "endpoint_distance_deg": 2.719209167383495,
              "path_distance_deg": 3.3934575044332753,
              "path_to_endpoint_ratio": 1.2479575110062469,
              "peak_velocity_deg": 1.090820069084634
            },
            {
              "start_frame": 64,
              "endpoint_distance_deg": 0.81797629958904,
              "path_distance_deg": 3.3299469589929815,
              "path_to_endpoint_ratio": 4.070957753502128,
              "peak_velocity_deg": 1.2067148672128056
            },
            {
              "start_frame": 164,
              "endpoint_distance_deg": 2.9377112916379926,
              "path_distance_deg": 3.175163550430351,
              "path_to_endpoint_ratio": 1.0808289975493002,
              "peak_velocity_deg": 0.6833950307665498
            },
            {
              "start_frame": 214,
              "endpoint_distance_deg": 2.4711656786792324,
              "path_distance_deg": 3.16674925249045,
              "path_to_endpoint_ratio": 1.281479942770566,
              "peak_velocity_deg": 0.8120953726481337
            },
            {
              "start_frame": 184,
              "endpoint_distance_deg": 2.410383351325144,
              "path_distance_deg": 3.0816796777251754,
              "path_to_endpoint_ratio": 1.2785018930830967,
              "peak_velocity_deg": 0.9497025532977702
            },
            {
              "start_frame": 174,
              "endpoint_distance_deg": 1.8697722163942976,
              "path_distance_deg": 3.0401604678275604,
              "path_to_endpoint_ratio": 1.6259523171706234,
              "peak_velocity_deg": 0.9794777497411924
            },
            {
              "start_frame": 154,
              "endpoint_distance_deg": 1.7813030157493768,
              "path_distance_deg": 2.991140601696027,
              "path_to_endpoint_ratio": 1.6791868510016996,
              "peak_velocity_deg": 0.9175832913542638
            },
            {
              "start_frame": 74,
              "endpoint_distance_deg": 0.5783084887689687,
              "path_distance_deg": 2.8652021602972377,
              "path_to_endpoint_ratio": 4.954452884474036,
              "peak_velocity_deg": 1.0420797709872722
            },
            {
              "start_frame": 144,
              "endpoint_distance_deg": 2.1529306407652307,
              "path_distance_deg": 2.6191575131703857,
              "path_to_endpoint_ratio": 1.2165545250633067,
              "peak_velocity_deg": 0.6794907890169514
            },
            {
              "start_frame": 204,
              "endpoint_distance_deg": 0.5022277303780175,
              "path_distance_deg": 1.9300090102896799,
              "path_to_endpoint_ratio": 3.842896147604191,
              "peak_velocity_deg": 0.5660600526192233
            },
            {
              "start_frame": 104,
              "endpoint_distance_deg": 0.46464937520435706,
              "path_distance_deg": 1.902953014151291,
              "path_to_endpoint_ratio": 4.095460180731664,
              "peak_velocity_deg": 0.47910186626378565
            },
            {
              "start_frame": 194,
              "endpoint_distance_deg": 1.1819654042411052,
              "path_distance_deg": 1.2592822019102337,
              "path_to_endpoint_ratio": 1.065413756943902,
              "peak_velocity_deg": 0.30814261340918747
            }
          ],
          "boundary_blocks_by_peak": [
            {
              "start_frame": 54,
              "end_frame": 60,
              "entry_jump_deg": 3.0435669284070133,
              "path_distance_deg": 7.1812945341598935,
              "endpoint_distance_deg": 4.134960628701872,
              "path_to_endpoint_ratio": 1.7367262179747491,
              "peak_velocity_deg": 3.0435669284070133
            },
            {
              "start_frame": 124,
              "end_frame": 130,
              "entry_jump_deg": 2.71255717701481,
              "path_distance_deg": 6.614724875090994,
              "endpoint_distance_deg": 5.50214432128847,
              "path_to_endpoint_ratio": 1.2022085370421518,
              "peak_velocity_deg": 2.71255717701481
            },
            {
              "start_frame": 104,
              "end_frame": 110,
              "entry_jump_deg": 2.108820262747411,
              "path_distance_deg": 4.011773276898702,
              "endpoint_distance_deg": 1.7173960308910565,
              "path_to_endpoint_ratio": 2.3359628208860057,
              "peak_velocity_deg": 2.108820262747411
            },
            {
              "start_frame": 114,
              "end_frame": 120,
              "entry_jump_deg": 2.061577537190458,
              "path_distance_deg": 6.096095192514189,
              "endpoint_distance_deg": 2.4452413576121343,
              "path_to_endpoint_ratio": 2.4930443669852056,
              "peak_velocity_deg": 2.061577537190458
            },
            {
              "start_frame": 84,
              "end_frame": 90,
              "entry_jump_deg": 1.780562013689427,
              "path_distance_deg": 5.174019518122702,
              "endpoint_distance_deg": 2.3410370798740834,
              "path_to_endpoint_ratio": 2.2101399258490155,
              "peak_velocity_deg": 1.780562013689427
            },
            {
              "start_frame": 64,
              "end_frame": 70,
              "entry_jump_deg": 1.7528481687353024,
              "path_distance_deg": 5.082795127728283,
              "endpoint_distance_deg": 2.4163758005333382,
              "path_to_endpoint_ratio": 2.10347874143021,
              "peak_velocity_deg": 1.7528481687353024
            },
            {
              "start_frame": 74,
              "end_frame": 80,
              "entry_jump_deg": 1.7333979803713635,
              "path_distance_deg": 4.5986001406686015,
              "endpoint_distance_deg": 2.0435665492565698,
              "path_to_endpoint_ratio": 2.2502815689273876,
              "peak_velocity_deg": 1.7333979803713635
            },
            {
              "start_frame": 134,
              "end_frame": 140,
              "entry_jump_deg": 1.4833369296798466,
              "path_distance_deg": 5.835580067555251,
              "endpoint_distance_deg": 5.167200450293236,
              "path_to_endpoint_ratio": 1.129350433313282,
              "peak_velocity_deg": 1.4833369296798466
            },
            {
              "start_frame": 164,
              "end_frame": 170,
              "entry_jump_deg": 1.455235461685152,
              "path_distance_deg": 4.630399012115502,
              "endpoint_distance_deg": 3.6027915389795844,
              "path_to_endpoint_ratio": 1.2852253487380416,
              "peak_velocity_deg": 1.455235461685152
            },
            {
              "start_frame": 34,
              "end_frame": 40,
              "entry_jump_deg": 1.4134341867068874,
              "path_distance_deg": 5.3090815994473415,
              "endpoint_distance_deg": 3.33198419444343,
              "path_to_endpoint_ratio": 1.5933693828143032,
              "peak_velocity_deg": 1.4134341867068874
            },
            {
              "start_frame": 174,
              "end_frame": 180,
              "entry_jump_deg": 1.3586031519243993,
              "path_distance_deg": 4.398763619751959,
              "endpoint_distance_deg": 3.2023954955714737,
              "path_to_endpoint_ratio": 1.3735853756461116,
              "peak_velocity_deg": 1.3586031519243993
            },
            {
              "start_frame": 184,
              "end_frame": 190,
              "entry_jump_deg": 1.3259057200255313,
              "path_distance_deg": 4.407585397750706,
              "endpoint_distance_deg": 3.2812749472304126,
              "path_to_endpoint_ratio": 1.3432539085061936,
              "peak_velocity_deg": 1.3259057200255313
            },
            {
              "start_frame": 204,
              "end_frame": 210,
              "entry_jump_deg": 1.3139249871617282,
              "path_distance_deg": 3.243933997451408,
              "endpoint_distance_deg": 1.6959734440322767,
              "path_to_endpoint_ratio": 1.9127268819367618,
              "peak_velocity_deg": 1.3139249871617282
            },
            {
              "start_frame": 154,
              "end_frame": 160,
              "entry_jump_deg": 1.2837211461020555,
              "path_distance_deg": 4.274861747798083,
              "endpoint_distance_deg": 0.7117451459112852,
              "path_to_endpoint_ratio": 6.006169163717653,
              "peak_velocity_deg": 1.2837211461020555
            },
            {
              "start_frame": 44,
              "end_frame": 50,
              "entry_jump_deg": 1.2779190753733145,
              "path_distance_deg": 4.754796863030203,
              "endpoint_distance_deg": 2.9112974710560593,
              "path_to_endpoint_ratio": 1.6332226130452492,
              "peak_velocity_deg": 1.2779190753733145
            },
            {
              "start_frame": 144,
              "end_frame": 150,
              "entry_jump_deg": 1.127669184797731,
              "path_distance_deg": 3.746826697968117,
              "endpoint_distance_deg": 2.1835171308436445,
              "path_to_endpoint_ratio": 1.7159593781251705,
              "peak_velocity_deg": 1.127669184797731
            },
            {
              "start_frame": 94,
              "end_frame": 100,
              "entry_jump_deg": 0.8121037640542198,
              "path_distance_deg": 4.887365092562966,
              "endpoint_distance_deg": 1.0367872659304231,
              "path_to_endpoint_ratio": 4.713951697870244,
              "peak_velocity_deg": 0.8847706211775932
            },
            {
              "start_frame": 214,
              "end_frame": 220,
              "entry_jump_deg": 0.5696691097340268,
              "path_distance_deg": 3.736418362224477,
              "endpoint_distance_deg": 3.0212877033223897,
              "path_to_endpoint_ratio": 1.2366973056275596,
              "peak_velocity_deg": 0.8120953726481337
            },
            {
              "start_frame": 194,
              "end_frame": 200,
              "entry_jump_deg": 0.3810702631022831,
              "path_distance_deg": 1.6403524650125167,
              "endpoint_distance_deg": 1.1642149316674757,
              "path_to_endpoint_ratio": 1.4089773463591309,
              "peak_velocity_deg": 0.3810702631022831
            }
          ]
        },
        "ground_truth": {
          "order": "XYZ",
          "excursion_p90_deg": 3.619539734357517,
          "excursion_max_deg": 7.405321205307789,
          "velocity_rms_deg_per_frame": 0.5954489759704725,
          "velocity_p95_deg_per_frame": 1.0428342241674629,
          "velocity_max_deg_per_frame": 2.4045502035198476,
          "euler_axis_step_p95_deg": [
            2.999999992425728e-06,
            0.7586210000000075,
            0.8724682000000115
          ],
          "top_velocity_transitions": [
            {
              "from_frame": 192,
              "to_frame": 193,
              "velocity_deg": 2.4045502035198476,
              "new_block_offset": 9,
              "inside_release_blend": false
            },
            {
              "from_frame": 191,
              "to_frame": 192,
              "velocity_deg": 2.3372990951882384,
              "new_block_offset": 8,
              "inside_release_blend": false
            },
            {
              "from_frame": 186,
              "to_frame": 187,
              "velocity_deg": 1.7939334104877085,
              "new_block_offset": 3,
              "inside_release_blend": false
            },
            {
              "from_frame": 193,
              "to_frame": 194,
              "velocity_deg": 1.476856757667957,
              "new_block_offset": 0,
              "inside_release_blend": false
            },
            {
              "from_frame": 205,
              "to_frame": 206,
              "velocity_deg": 1.4726873863627308,
              "new_block_offset": 2,
              "inside_release_blend": false
            },
            {
              "from_frame": 35,
              "to_frame": 36,
              "velocity_deg": 1.2790135260948614,
              "new_block_offset": 2,
              "inside_release_blend": false
            },
            {
              "from_frame": 174,
              "to_frame": 175,
              "velocity_deg": 1.2436169411709688,
              "new_block_offset": 1,
              "inside_release_blend": false
            },
            {
              "from_frame": 213,
              "to_frame": 214,
              "velocity_deg": 1.2116513166873562,
              "new_block_offset": 0,
              "inside_release_blend": false
            },
            {
              "from_frame": 187,
              "to_frame": 188,
              "velocity_deg": 1.1773900625734766,
              "new_block_offset": 4,
              "inside_release_blend": false
            },
            {
              "from_frame": 15,
              "to_frame": 16,
              "velocity_deg": 1.1121330584636036,
              "new_block_offset": null,
              "inside_release_blend": false
            },
            {
              "from_frame": 190,
              "to_frame": 191,
              "velocity_deg": 1.0881397840352631,
              "new_block_offset": 7,
              "inside_release_blend": false
            },
            {
              "from_frame": 68,
              "to_frame": 69,
              "velocity_deg": 1.0479169109300337,
              "new_block_offset": 5,
              "inside_release_blend": false
            }
          ],
          "release_blend_blocks_by_path": [
            {
              "start_frame": 204,
              "endpoint_distance_deg": 4.4751196935143405,
              "path_distance_deg": 5.100300955801118,
              "path_to_endpoint_ratio": 1.139701573388715,
              "peak_velocity_deg": 1.4726873863627308
            },
            {
              "start_frame": 184,
              "endpoint_distance_deg": 4.080482876743639,
              "path_distance_deg": 4.418383968234058,
              "path_to_endpoint_ratio": 1.0828090943393627,
              "peak_velocity_deg": 1.7939334104877085
            },
            {
              "start_frame": 64,
              "endpoint_distance_deg": 2.633618732013382,
              "path_distance_deg": 4.074753222408317,
              "path_to_endpoint_ratio": 1.5472069562981876,
              "peak_velocity_deg": 1.0479169109300337
            },
            {
              "start_frame": 194,
              "endpoint_distance_deg": 2.335909916251124,
              "path_distance_deg": 3.456525508145744,
              "path_to_endpoint_ratio": 1.4797340788265858,
              "peak_velocity_deg": 0.9570463343921616
            },
            {
              "start_frame": 124,
              "endpoint_distance_deg": 2.5631289536999042,
              "path_distance_deg": 3.228107954378078,
              "path_to_endpoint_ratio": 1.2594403218450128,
              "peak_velocity_deg": 0.7919847106660384
            },
            {
              "start_frame": 164,
              "endpoint_distance_deg": 0.5184113948815431,
              "path_distance_deg": 2.9097562044008023,
              "path_to_endpoint_ratio": 5.612832266284736,
              "peak_velocity_deg": 0.7913117082928008
            },
            {
              "start_frame": 54,
              "endpoint_distance_deg": 1.546069275142421,
              "path_distance_deg": 2.7755477337071373,
              "path_to_endpoint_ratio": 1.7952285698527053,
              "peak_velocity_deg": 0.9156582876300378
            },
            {
              "start_frame": 174,
              "endpoint_distance_deg": 2.1862211548199664,
              "path_distance_deg": 2.7529705219607083,
              "path_to_endpoint_ratio": 1.2592369787892814,
              "peak_velocity_deg": 1.2436169411709688
            },
            {
              "start_frame": 154,
              "endpoint_distance_deg": 2.4140433752334056,
              "path_distance_deg": 2.746788158622935,
              "path_to_endpoint_ratio": 1.1378371187540726,
              "peak_velocity_deg": 0.997090043304337
            },
            {
              "start_frame": 34,
              "endpoint_distance_deg": 1.6583812804327713,
              "path_distance_deg": 2.6360231161421894,
              "path_to_endpoint_ratio": 1.5895157206877617,
              "peak_velocity_deg": 1.2790135260948614
            },
            {
              "start_frame": 94,
              "endpoint_distance_deg": 1.945568067458039,
              "path_distance_deg": 2.566599677449508,
              "path_to_endpoint_ratio": 1.3192032293184537,
              "peak_velocity_deg": 0.6128433014262704
            },
            {
              "start_frame": 214,
              "endpoint_distance_deg": 1.6420230059216083,
              "path_distance_deg": 2.4309549038300236,
              "path_to_endpoint_ratio": 1.4804633644372212,
              "peak_velocity_deg": 0.6973604102831333
            },
            {
              "start_frame": 134,
              "endpoint_distance_deg": 1.1259457358409137,
              "path_distance_deg": 2.275471463002434,
              "path_to_endpoint_ratio": 2.0209423869819054,
              "peak_velocity_deg": 0.6959614281569242
            },
            {
              "start_frame": 84,
              "endpoint_distance_deg": 0.4337426109102752,
              "path_distance_deg": 1.8805205856761633,
              "path_to_endpoint_ratio": 4.335568003636081,
              "peak_velocity_deg": 0.631139623229017
            },
            {
              "start_frame": 74,
              "endpoint_distance_deg": 0.17870198779555133,
              "path_distance_deg": 1.8158906623429112,
              "path_to_endpoint_ratio": 10.16155827220248,
              "peak_velocity_deg": 0.5090837955572304
            },
            {
              "start_frame": 144,
              "endpoint_distance_deg": 0.9381424542775143,
              "path_distance_deg": 1.5249126468628953,
              "path_to_endpoint_ratio": 1.625459587624426,
              "peak_velocity_deg": 0.5400474073948166
            },
            {
              "start_frame": 44,
              "endpoint_distance_deg": 0.9937056666702834,
              "path_distance_deg": 1.4855971757218784,
              "path_to_endpoint_ratio": 1.4950072496817182,
              "peak_velocity_deg": 0.5367340819112851
            },
            {
              "start_frame": 114,
              "endpoint_distance_deg": 0.4132813299168891,
              "path_distance_deg": 1.4523814566587476,
              "path_to_endpoint_ratio": 3.5142682514857895,
              "peak_velocity_deg": 0.46473479763389436
            },
            {
              "start_frame": 104,
              "endpoint_distance_deg": 0.6441523391140174,
              "path_distance_deg": 1.3579214583497183,
              "path_to_endpoint_ratio": 2.1080750249505207,
              "peak_velocity_deg": 0.44348270946757284
            }
          ],
          "boundary_blocks_by_peak": [
            {
              "start_frame": 184,
              "end_frame": 190,
              "entry_jump_deg": 0.19269092871055823,
              "path_distance_deg": 4.611074896944616,
              "endpoint_distance_deg": 4.187181294753565,
              "path_to_endpoint_ratio": 1.1012360278553448,
              "peak_velocity_deg": 1.7939334104877085
            },
            {
              "start_frame": 194,
              "end_frame": 200,
              "entry_jump_deg": 1.476856757667957,
              "path_distance_deg": 4.933382265813702,
              "endpoint_distance_deg": 0.8606658639410435,
              "path_to_endpoint_ratio": 5.732052905204619,
              "peak_velocity_deg": 1.476856757667957
            },
            {
              "start_frame": 204,
              "end_frame": 210,
              "entry_jump_deg": 0.9092556239507934,
              "path_distance_deg": 6.009556579751911,
              "endpoint_distance_deg": 5.304497052705093,
              "path_to_endpoint_ratio": 1.1329173190297588,
              "peak_velocity_deg": 1.4726873863627308
            },
            {
              "start_frame": 34,
              "end_frame": 40,
              "entry_jump_deg": 0.4824269952268247,
              "path_distance_deg": 3.118450111369014,
              "endpoint_distance_deg": 2.0357340521199534,
              "path_to_endpoint_ratio": 1.531855356116656,
              "peak_velocity_deg": 1.2790135260948614
            },
            {
              "start_frame": 174,
              "end_frame": 180,
              "entry_jump_deg": 0.6490511274495138,
              "path_distance_deg": 3.402021649410222,
              "endpoint_distance_deg": 2.8150234739736844,
              "path_to_endpoint_ratio": 1.208523367873708,
              "peak_velocity_deg": 1.2436169411709688
            },
            {
              "start_frame": 214,
              "end_frame": 220,
              "entry_jump_deg": 1.2116513166873562,
              "path_distance_deg": 3.6426062205173797,
              "endpoint_distance_deg": 0.4304133937506851,
              "path_to_endpoint_ratio": 8.463041051708865,
              "peak_velocity_deg": 1.2116513166873562
            },
            {
              "start_frame": 64,
              "end_frame": 70,
              "entry_jump_deg": 0.575324121166089,
              "path_distance_deg": 4.650077343574406,
              "endpoint_distance_deg": 2.1050609519753354,
              "path_to_endpoint_ratio": 2.2089989077090104,
              "peak_velocity_deg": 1.0479169109300337
            },
            {
              "start_frame": 154,
              "end_frame": 160,
              "entry_jump_deg": 0.21462917880954396,
              "path_distance_deg": 2.9614173374324784,
              "endpoint_distance_deg": 2.3581771596095793,
              "path_to_endpoint_ratio": 1.2558078282476333,
              "peak_velocity_deg": 0.997090043304337
            },
            {
              "start_frame": 54,
              "end_frame": 60,
              "entry_jump_deg": 0.7397826624309624,
              "path_distance_deg": 3.5153303961380997,
              "endpoint_distance_deg": 1.785471542343811,
              "path_to_endpoint_ratio": 1.9688526603585523,
              "peak_velocity_deg": 0.9156582876300378
            },
            {
              "start_frame": 134,
              "end_frame": 140,
              "entry_jump_deg": 0.887405748409174,
              "path_distance_deg": 3.1628772114116077,
              "endpoint_distance_deg": 0.6083427130545382,
              "path_to_endpoint_ratio": 5.199170045993555,
              "peak_velocity_deg": 0.887405748409174
            },
            {
              "start_frame": 84,
              "end_frame": 90,
              "entry_jump_deg": 0.8392763725690754,
              "path_distance_deg": 2.7197969582452393,
              "endpoint_distance_deg": 1.2438517937466083,
              "path_to_endpoint_ratio": 2.186592463763656,
              "peak_velocity_deg": 0.8392763725690754
            },
            {
              "start_frame": 124,
              "end_frame": 130,
              "entry_jump_deg": 0.6455500281789227,
              "path_distance_deg": 3.873657982557001,
              "endpoint_distance_deg": 1.9497322744714685,
              "path_to_endpoint_ratio": 1.9867640461596545,
              "peak_velocity_deg": 0.7919847106660384
            },
            {
              "start_frame": 164,
              "end_frame": 170,
              "entry_jump_deg": 0.4037128253850275,
              "path_distance_deg": 3.31346902978583,
              "endpoint_distance_deg": 0.3698347031651447,
              "path_to_endpoint_ratio": 8.959324264132793,
              "peak_velocity_deg": 0.7913117082928008
            },
            {
              "start_frame": 94,
              "end_frame": 100,
              "entry_jump_deg": 0.6606723732351886,
              "path_distance_deg": 3.2272720506846966,
              "endpoint_distance_deg": 1.4948462622014145,
              "path_to_endpoint_ratio": 2.1589324148504687,
              "peak_velocity_deg": 0.6606723732351886
            },
            {
              "start_frame": 114,
              "end_frame": 120,
              "entry_jump_deg": 0.5437928340307252,
              "path_distance_deg": 1.996174290689473,
              "endpoint_distance_deg": 0.9205134151916584,
              "path_to_endpoint_ratio": 2.168544485876779,
              "peak_velocity_deg": 0.5437928340307252
            },
            {
              "start_frame": 144,
              "end_frame": 150,
              "entry_jump_deg": 0.17643056002722504,
              "path_distance_deg": 1.7013432068901202,
              "endpoint_distance_deg": 0.7622232573596581,
              "path_to_endpoint_ratio": 2.232079893210782,
              "peak_velocity_deg": 0.5400474073948166
            },
            {
              "start_frame": 44,
              "end_frame": 50,
              "entry_jump_deg": 0.13071470678309666,
              "path_distance_deg": 1.6163118825049752,
              "endpoint_distance_deg": 0.8729529359804462,
              "path_to_endpoint_ratio": 1.851545273388232,
              "peak_velocity_deg": 0.5367340819112851
            },
            {
              "start_frame": 74,
              "end_frame": 80,
              "entry_jump_deg": 0.3795811434803147,
              "path_distance_deg": 2.195471805823226,
              "endpoint_distance_deg": 0.5525712607210381,
              "path_to_endpoint_ratio": 3.9731921688406358,
              "peak_velocity_deg": 0.5090837955572304
            },
            {
              "start_frame": 104,
              "end_frame": 110,
              "entry_jump_deg": 0.29135466172721014,
              "path_distance_deg": 1.6492761200769286,
              "endpoint_distance_deg": 0.7746668238417075,
              "path_to_endpoint_ratio": 2.1290134924042334,
              "peak_velocity_deg": 0.44348270946757284
            }
          ]
        },
        "ratios": {
          "excursion_p90": 0.7682979192400563,
          "velocity_rms": 1.235460145055965,
          "velocity_p95": 1.299663337973521
        }
      },
      "LeftArm": {
        "prediction": {
          "order": "XYZ",
          "excursion_p90_deg": 29.46695553249539,
          "excursion_max_deg": 37.1226805506375,
          "velocity_rms_deg_per_frame": 5.361270728952844,
          "velocity_p95_deg_per_frame": 10.337550357236765,
          "velocity_max_deg_per_frame": 25.474209874306535,
          "euler_axis_step_p95_deg": [
            8.709727999999993,
            6.564691099999994,
            4.161354799999986
          ],
          "top_velocity_transitions": [
            {
              "from_frame": 73,
              "to_frame": 74,
              "velocity_deg": 25.474209874306535,
              "new_block_offset": 0,
              "inside_release_blend": false
            },
            {
              "from_frame": 103,
              "to_frame": 104,
              "velocity_deg": 23.09124096650243,
              "new_block_offset": 0,
              "inside_release_blend": false
            },
            {
              "from_frame": 63,
              "to_frame": 64,
              "velocity_deg": 15.587946583099873,
              "new_block_offset": 0,
              "inside_release_blend": false
            },
            {
              "from_frame": 53,
              "to_frame": 54,
              "velocity_deg": 15.177014421301088,
              "new_block_offset": 0,
              "inside_release_blend": false
            },
            {
              "from_frame": 138,
              "to_frame": 139,
              "velocity_deg": 13.067443947018383,
              "new_block_offset": 5,
              "inside_release_blend": false
            },
            {
              "from_frame": 137,
              "to_frame": 138,
              "velocity_deg": 12.476252765454477,
              "new_block_offset": 4,
              "inside_release_blend": false
            },
            {
              "from_frame": 217,
              "to_frame": 218,
              "velocity_deg": 11.884113809531398,
              "new_block_offset": 4,
              "inside_release_blend": false
            },
            {
              "from_frame": 143,
              "to_frame": 144,
              "velocity_deg": 11.764549893959165,
              "new_block_offset": 0,
              "inside_release_blend": false
            },
            {
              "from_frame": 144,
              "to_frame": 145,
              "velocity_deg": 11.093681171782219,
              "new_block_offset": 1,
              "inside_release_blend": false
            },
            {
              "from_frame": 173,
              "to_frame": 174,
              "velocity_deg": 10.915453225836249,
              "new_block_offset": 0,
              "inside_release_blend": false
            },
            {
              "from_frame": 125,
              "to_frame": 126,
              "velocity_deg": 10.901956480917775,
              "new_block_offset": 2,
              "inside_release_blend": false
            },
            {
              "from_frame": 54,
              "to_frame": 55,
              "velocity_deg": 10.341447318091022,
              "new_block_offset": 1,
              "inside_release_blend": false
            }
          ],
          "release_blend_blocks_by_path": [
            {
              "start_frame": 134,
              "endpoint_distance_deg": 43.31034652448391,
              "path_distance_deg": 50.535221609715414,
              "path_to_endpoint_ratio": 1.166816376801492,
              "peak_velocity_deg": 13.067443947018383
            },
            {
              "start_frame": 144,
              "endpoint_distance_deg": 27.211120661421234,
              "path_distance_deg": 37.23059912366524,
              "path_to_endpoint_ratio": 1.3682126358158118,
              "peak_velocity_deg": 11.093681171782219
            },
            {
              "start_frame": 94,
              "endpoint_distance_deg": 15.72376959074775,
              "path_distance_deg": 32.395925330008055,
              "path_to_endpoint_ratio": 2.0603154442730203,
              "peak_velocity_deg": 7.591617835881331
            },
            {
              "start_frame": 54,
              "endpoint_distance_deg": 8.356260089448018,
              "path_distance_deg": 30.78222076988604,
              "path_to_endpoint_ratio": 3.6837317700003993,
              "peak_velocity_deg": 10.341447318091022
            },
            {
              "start_frame": 154,
              "endpoint_distance_deg": 12.004862545871399,
              "path_distance_deg": 29.71921768907355,
              "path_to_endpoint_ratio": 2.475598331552268,
              "peak_velocity_deg": 7.328760204863549
            },
            {
              "start_frame": 124,
              "endpoint_distance_deg": 25.956719681542484,
              "path_distance_deg": 29.671170514896154,
              "path_to_endpoint_ratio": 1.1431017046424004,
              "peak_velocity_deg": 10.901956480917775
            },
            {
              "start_frame": 74,
              "endpoint_distance_deg": 14.137388602504833,
              "path_distance_deg": 28.026547805613248,
              "path_to_endpoint_ratio": 1.9824416371102342,
              "peak_velocity_deg": 10.302477709548455
            },
            {
              "start_frame": 214,
              "endpoint_distance_deg": 12.047706792384247,
              "path_distance_deg": 27.465991171207612,
              "path_to_endpoint_ratio": 2.279769224510823,
              "peak_velocity_deg": 11.884113809531398
            },
            {
              "start_frame": 44,
              "endpoint_distance_deg": 20.323211895393477,
              "path_distance_deg": 24.34254306071237,
              "path_to_endpoint_ratio": 1.1977704698453657,
              "peak_velocity_deg": 5.585877868465586
            },
            {
              "start_frame": 174,
              "endpoint_distance_deg": 14.983699562431287,
              "path_distance_deg": 24.006216639012706,
              "path_to_endpoint_ratio": 1.6021554983125548,
              "peak_velocity_deg": 8.874826897814856
            },
            {
              "start_frame": 64,
              "endpoint_distance_deg": 13.412925443075975,
              "path_distance_deg": 22.74241175702622,
              "path_to_endpoint_ratio": 1.6955593955654404,
              "peak_velocity_deg": 5.43124334515438
            },
            {
              "start_frame": 164,
              "endpoint_distance_deg": 18.139987969360515,
              "path_distance_deg": 19.731903501135577,
              "path_to_endpoint_ratio": 1.0877572539995009,
              "peak_velocity_deg": 3.804913362915354
            },
            {
              "start_frame": 84,
              "endpoint_distance_deg": 4.8452769852521405,
              "path_distance_deg": 18.730663506820154,
              "path_to_endpoint_ratio": 3.865757017365941,
              "peak_velocity_deg": 5.214364951126703
            },
            {
              "start_frame": 104,
              "endpoint_distance_deg": 5.963332850790107,
              "path_distance_deg": 16.612435322598785,
              "path_to_endpoint_ratio": 2.785763555089455,
              "peak_velocity_deg": 7.533097499315546
            },
            {
              "start_frame": 34,
              "endpoint_distance_deg": 7.863846595716048,
              "path_distance_deg": 15.572328675859588,
              "path_to_endpoint_ratio": 1.9802431909522313,
              "peak_velocity_deg": 4.582630927825837
            },
            {
              "start_frame": 184,
              "endpoint_distance_deg": 6.072443899969441,
              "path_distance_deg": 14.71552618384909,
              "path_to_endpoint_ratio": 2.4233284697653845,
              "peak_velocity_deg": 3.8422663172289617
            },
            {
              "start_frame": 204,
              "endpoint_distance_deg": 4.500067737630542,
              "path_distance_deg": 14.392016039237966,
              "path_to_endpoint_ratio": 3.1981776449471653,
              "peak_velocity_deg": 3.8067884564665038
            },
            {
              "start_frame": 114,
              "endpoint_distance_deg": 7.967689075203086,
              "path_distance_deg": 9.93728754533433,
              "path_to_endpoint_ratio": 1.247198209109464,
              "peak_velocity_deg": 3.693796718609239
            },
            {
              "start_frame": 194,
              "endpoint_distance_deg": 6.700331298534978,
              "path_distance_deg": 8.298466505639826,
              "path_to_endpoint_ratio": 1.2385158488288899,
              "peak_velocity_deg": 2.8895667240151783
            }
          ],
          "boundary_blocks_by_peak": [
            {
              "start_frame": 74,
              "end_frame": 80,
              "entry_jump_deg": 25.474209874306535,
              "path_distance_deg": 53.50075767991977,
              "endpoint_distance_deg": 35.02257150171052,
              "path_to_endpoint_ratio": 1.5276079221454872,
              "peak_velocity_deg": 25.474209874306535
            },
            {
              "start_frame": 104,
              "end_frame": 110,
              "entry_jump_deg": 23.09124096650243,
              "path_distance_deg": 39.70367628910122,
              "endpoint_distance_deg": 28.621942353125732,
              "path_to_endpoint_ratio": 1.3871761671256835,
              "peak_velocity_deg": 23.09124096650243
            },
            {
              "start_frame": 64,
              "end_frame": 70,
              "entry_jump_deg": 15.587946583099873,
              "path_distance_deg": 38.33035834012609,
              "endpoint_distance_deg": 28.492024599305353,
              "path_to_endpoint_ratio": 1.3453013213059137,
              "peak_velocity_deg": 15.587946583099873
            },
            {
              "start_frame": 54,
              "end_frame": 60,
              "entry_jump_deg": 15.177014421301088,
              "path_distance_deg": 45.95923519118713,
              "endpoint_distance_deg": 22.506468523729005,
              "path_to_endpoint_ratio": 2.0420456075874998,
              "peak_velocity_deg": 15.177014421301088
            },
            {
              "start_frame": 134,
              "end_frame": 140,
              "entry_jump_deg": 5.030963590779009,
              "path_distance_deg": 55.566185200494424,
              "endpoint_distance_deg": 38.56814349425369,
              "path_to_endpoint_ratio": 1.4407275063362408,
              "peak_velocity_deg": 13.067443947018383
            },
            {
              "start_frame": 214,
              "end_frame": 220,
              "entry_jump_deg": 3.5939592380606853,
              "path_distance_deg": 31.059950409268296,
              "endpoint_distance_deg": 9.853209478029855,
              "path_to_endpoint_ratio": 3.152267337716108,
              "peak_velocity_deg": 11.884113809531398
            },
            {
              "start_frame": 144,
              "end_frame": 150,
              "entry_jump_deg": 11.764549893959165,
              "path_distance_deg": 48.99514901762441,
              "endpoint_distance_deg": 38.07903395166328,
              "path_to_endpoint_ratio": 1.286669958061904,
              "peak_velocity_deg": 11.764549893959165
            },
            {
              "start_frame": 174,
              "end_frame": 180,
              "entry_jump_deg": 10.915453225836249,
              "path_distance_deg": 34.92166986484896,
              "endpoint_distance_deg": 24.746276768720808,
              "path_to_endpoint_ratio": 1.4111888503966707,
              "peak_velocity_deg": 10.915453225836249
            },
            {
              "start_frame": 124,
              "end_frame": 130,
              "entry_jump_deg": 5.033684855224818,
              "path_distance_deg": 34.704855370120974,
              "endpoint_distance_deg": 22.627146996709666,
              "path_to_endpoint_ratio": 1.5337707124617872,
              "peak_velocity_deg": 10.901956480917775
            },
            {
              "start_frame": 84,
              "end_frame": 90,
              "entry_jump_deg": 9.966084665500814,
              "path_distance_deg": 28.696748172320966,
              "endpoint_distance_deg": 14.11630873154241,
              "path_to_endpoint_ratio": 2.032879042110992,
              "peak_velocity_deg": 9.966084665500814
            },
            {
              "start_frame": 184,
              "end_frame": 190,
              "entry_jump_deg": 7.7346448390571085,
              "path_distance_deg": 22.450171022906193,
              "endpoint_distance_deg": 11.98719930631252,
              "path_to_endpoint_ratio": 1.872845395261245,
              "peak_velocity_deg": 7.7346448390571085
            },
            {
              "start_frame": 94,
              "end_frame": 100,
              "entry_jump_deg": 6.1633210555860405,
              "path_distance_deg": 38.5592463855941,
              "endpoint_distance_deg": 16.09083467845323,
              "path_to_endpoint_ratio": 2.3963484279176437,
              "peak_velocity_deg": 7.591617835881331
            },
            {
              "start_frame": 154,
              "end_frame": 160,
              "entry_jump_deg": 6.264720149177318,
              "path_distance_deg": 35.98393783825087,
              "endpoint_distance_deg": 14.144067069457511,
              "path_to_endpoint_ratio": 2.5441011882610516,
              "peak_velocity_deg": 7.328760204863549
            },
            {
              "start_frame": 44,
              "end_frame": 50,
              "entry_jump_deg": 4.271515247530644,
              "path_distance_deg": 28.614058308243017,
              "endpoint_distance_deg": 20.639994138486987,
              "path_to_endpoint_ratio": 1.3863404280181917,
              "peak_velocity_deg": 5.585877868465586
            },
            {
              "start_frame": 34,
              "end_frame": 40,
              "entry_jump_deg": 2.1146136482560847,
              "path_distance_deg": 17.68694232411567,
              "endpoint_distance_deg": 7.9277778737342235,
              "path_to_endpoint_ratio": 2.231008815561653,
              "peak_velocity_deg": 4.582630927825837
            },
            {
              "start_frame": 194,
              "end_frame": 200,
              "entry_jump_deg": 4.460169724342699,
              "path_distance_deg": 12.758636229982528,
              "endpoint_distance_deg": 11.079966690677406,
              "path_to_endpoint_ratio": 1.151504926519097,
              "peak_velocity_deg": 4.460169724342699
            },
            {
              "start_frame": 164,
              "end_frame": 170,
              "entry_jump_deg": 3.9479119683643296,
              "path_distance_deg": 23.679815469499903,
              "endpoint_distance_deg": 20.536049368985733,
              "path_to_endpoint_ratio": 1.1530852426398037,
              "peak_velocity_deg": 3.9479119683643296
            },
            {
              "start_frame": 204,
              "end_frame": 210,
              "entry_jump_deg": 2.2848668791320197,
              "path_distance_deg": 16.676882918369987,
              "endpoint_distance_deg": 6.036271431980803,
              "path_to_endpoint_ratio": 2.7627788289993225,
              "peak_velocity_deg": 3.8067884564665038
            },
            {
              "start_frame": 114,
              "end_frame": 120,
              "entry_jump_deg": 2.1220520466871826,
              "path_distance_deg": 12.059339592021514,
              "endpoint_distance_deg": 7.665084023237529,
              "path_to_endpoint_ratio": 1.5732821134722497,
              "peak_velocity_deg": 3.693796718609239
            }
          ]
        },
        "ground_truth": {
          "order": "XYZ",
          "excursion_p90_deg": 40.092011743751954,
          "excursion_max_deg": 46.04694368460232,
          "velocity_rms_deg_per_frame": 5.2017454489178085,
          "velocity_p95_deg_per_frame": 11.405435007856713,
          "velocity_max_deg_per_frame": 19.573502396729637,
          "euler_axis_step_p95_deg": [
            5.990579400000002,
            6.8495198000000075,
            8.31029139999999
          ],
          "top_velocity_transitions": [
            {
              "from_frame": 212,
              "to_frame": 213,
              "velocity_deg": 19.573502396729637,
              "new_block_offset": 9,
              "inside_release_blend": false
            },
            {
              "from_frame": 191,
              "to_frame": 192,
              "velocity_deg": 17.951522129806147,
              "new_block_offset": 8,
              "inside_release_blend": false
            },
            {
              "from_frame": 125,
              "to_frame": 126,
              "velocity_deg": 17.537295301652907,
              "new_block_offset": 2,
              "inside_release_blend": false
            },
            {
              "from_frame": 216,
              "to_frame": 217,
              "velocity_deg": 16.055611933401764,
              "new_block_offset": 3,
              "inside_release_blend": false
            },
            {
              "from_frame": 192,
              "to_frame": 193,
              "velocity_deg": 16.047018409517303,
              "new_block_offset": 9,
              "inside_release_blend": false
            },
            {
              "from_frame": 126,
              "to_frame": 127,
              "velocity_deg": 13.164186510912693,
              "new_block_offset": 3,
              "inside_release_blend": false
            },
            {
              "from_frame": 190,
              "to_frame": 191,
              "velocity_deg": 12.80511287553559,
              "new_block_offset": 7,
              "inside_release_blend": false
            },
            {
              "from_frame": 215,
              "to_frame": 216,
              "velocity_deg": 12.265682749100215,
              "new_block_offset": 2,
              "inside_release_blend": false
            },
            {
              "from_frame": 202,
              "to_frame": 203,
              "velocity_deg": 11.918766367702439,
              "new_block_offset": 9,
              "inside_release_blend": false
            },
            {
              "from_frame": 60,
              "to_frame": 61,
              "velocity_deg": 11.917300459956486,
              "new_block_offset": 7,
              "inside_release_blend": false
            },
            {
              "from_frame": 203,
              "to_frame": 204,
              "velocity_deg": 11.876173864969012,
              "new_block_offset": 0,
              "inside_release_blend": false
            },
            {
              "from_frame": 217,
              "to_frame": 218,
              "velocity_deg": 11.444289701762262,
              "new_block_offset": 4,
              "inside_release_blend": false
            }
          ],
          "release_blend_blocks_by_path": [
            {
              "start_frame": 124,
              "endpoint_distance_deg": 47.76061286455258,
              "path_distance_deg": 49.44079380758237,
              "path_to_endpoint_ratio": 1.035179216560615,
              "peak_velocity_deg": 17.537295301652907
            },
            {
              "start_frame": 214,
              "endpoint_distance_deg": 40.08369011780268,
              "path_distance_deg": 48.74331049553427,
              "path_to_endpoint_ratio": 1.2160385022507076,
              "peak_velocity_deg": 16.055611933401764
            },
            {
              "start_frame": 204,
              "endpoint_distance_deg": 31.61621411492969,
              "path_distance_deg": 39.56555027840171,
              "path_to_endpoint_ratio": 1.2514322598706786,
              "peak_velocity_deg": 8.592477077865484
            },
            {
              "start_frame": 164,
              "endpoint_distance_deg": 16.32093088762901,
              "path_distance_deg": 37.69038308694,
              "path_to_endpoint_ratio": 2.30932802463545,
              "peak_velocity_deg": 11.055742762706858
            },
            {
              "start_frame": 184,
              "endpoint_distance_deg": 22.614555971857936,
              "path_distance_deg": 28.566501770848483,
              "path_to_endpoint_ratio": 1.263190920325709,
              "peak_velocity_deg": 7.124238940911877
            },
            {
              "start_frame": 174,
              "endpoint_distance_deg": 21.37577047394408,
              "path_distance_deg": 26.54601333959426,
              "path_to_endpoint_ratio": 1.2418739886804282,
              "peak_velocity_deg": 6.724963212862286
            },
            {
              "start_frame": 64,
              "endpoint_distance_deg": 14.558798926588908,
              "path_distance_deg": 24.83503536846625,
              "path_to_endpoint_ratio": 1.705843695877256,
              "peak_velocity_deg": 6.609661709951918
            },
            {
              "start_frame": 94,
              "endpoint_distance_deg": 9.082021768164486,
              "path_distance_deg": 23.859263875578712,
              "path_to_endpoint_ratio": 2.6270872812938397,
              "peak_velocity_deg": 5.281805391873085
            },
            {
              "start_frame": 54,
              "endpoint_distance_deg": 14.803801303752243,
              "path_distance_deg": 23.36977450293024,
              "path_to_endpoint_ratio": 1.5786333539215245,
              "peak_velocity_deg": 7.700801211638037
            },
            {
              "start_frame": 194,
              "endpoint_distance_deg": 15.98189523912174,
              "path_distance_deg": 22.449690329717583,
              "path_to_endpoint_ratio": 1.404695124941344,
              "peak_velocity_deg": 5.263682038852852
            },
            {
              "start_frame": 34,
              "endpoint_distance_deg": 7.729681403208579,
              "path_distance_deg": 15.425244606084583,
              "path_to_endpoint_ratio": 1.9955860793540063,
              "peak_velocity_deg": 3.605472804021388
            },
            {
              "start_frame": 154,
              "endpoint_distance_deg": 7.516904322038518,
              "path_distance_deg": 14.564535198185542,
              "path_to_endpoint_ratio": 1.9375709167249011,
              "peak_velocity_deg": 4.355583998551986
            },
            {
              "start_frame": 104,
              "endpoint_distance_deg": 13.273870311908112,
              "path_distance_deg": 13.776974424784086,
              "path_to_endpoint_ratio": 1.0379018403113849,
              "peak_velocity_deg": 3.4976405097544907
            },
            {
              "start_frame": 134,
              "endpoint_distance_deg": 11.394063158728017,
              "path_distance_deg": 13.068982446298001,
              "path_to_endpoint_ratio": 1.1469992981640595,
              "peak_velocity_deg": 4.217758768569857
            },
            {
              "start_frame": 44,
              "endpoint_distance_deg": 11.322521387929678,
              "path_distance_deg": 12.793669802687067,
              "path_to_endpoint_ratio": 1.1299311667740102,
              "peak_velocity_deg": 4.2020486154625845
            },
            {
              "start_frame": 114,
              "endpoint_distance_deg": 1.9481392925239343,
              "path_distance_deg": 12.090392783622505,
              "path_to_endpoint_ratio": 6.2061233660343955,
              "peak_velocity_deg": 2.785702401884882
            },
            {
              "start_frame": 84,
              "endpoint_distance_deg": 4.721559449729644,
              "path_distance_deg": 8.084874430967915,
              "path_to_endpoint_ratio": 1.7123313847993282,
              "peak_velocity_deg": 2.0817193190726915
            },
            {
              "start_frame": 144,
              "endpoint_distance_deg": 7.142860164395663,
              "path_distance_deg": 7.9023868358326785,
              "path_to_endpoint_ratio": 1.106333689020395,
              "peak_velocity_deg": 2.0528667906612377
            },
            {
              "start_frame": 74,
              "endpoint_distance_deg": 2.197686660463716,
              "path_distance_deg": 7.871281236414267,
              "path_to_endpoint_ratio": 3.5816212465672477,
              "peak_velocity_deg": 2.055883676155134
            }
          ],
          "boundary_blocks_by_peak": [
            {
              "start_frame": 124,
              "end_frame": 130,
              "entry_jump_deg": 5.24853368821361,
              "path_distance_deg": 54.68932749579597,
              "endpoint_distance_deg": 52.66205193132916,
              "path_to_endpoint_ratio": 1.0384959470836868,
              "peak_velocity_deg": 17.537295301652907
            },
            {
              "start_frame": 214,
              "end_frame": 220,
              "entry_jump_deg": 9.541793459357619,
              "path_distance_deg": 58.28510395489189,
              "endpoint_distance_deg": 30.958233788550718,
              "path_to_endpoint_ratio": 1.8827012016572944,
              "peak_velocity_deg": 16.055611933401764
            },
            {
              "start_frame": 204,
              "end_frame": 210,
              "entry_jump_deg": 11.876173864969012,
              "path_distance_deg": 51.44172414337072,
              "endpoint_distance_deg": 33.52028245812914,
              "path_to_endpoint_ratio": 1.5346447097403675,
              "peak_velocity_deg": 11.876173864969012
            },
            {
              "start_frame": 164,
              "end_frame": 170,
              "entry_jump_deg": 6.006173520119678,
              "path_distance_deg": 43.696556607059684,
              "endpoint_distance_deg": 17.267543030926007,
              "path_to_endpoint_ratio": 2.530560168797585,
              "peak_velocity_deg": 11.055742762706858
            },
            {
              "start_frame": 194,
              "end_frame": 200,
              "entry_jump_deg": 10.465843445115434,
              "path_distance_deg": 32.915533774833015,
              "endpoint_distance_deg": 11.068713942774322,
              "path_to_endpoint_ratio": 2.973745093152429,
              "peak_velocity_deg": 10.465843445115434
            },
            {
              "start_frame": 64,
              "end_frame": 70,
              "entry_jump_deg": 8.697871134614877,
              "path_distance_deg": 33.53290650308113,
              "endpoint_distance_deg": 9.858069338553635,
              "path_to_endpoint_ratio": 3.4015693490751038,
              "peak_velocity_deg": 8.697871134614877
            },
            {
              "start_frame": 174,
              "end_frame": 180,
              "entry_jump_deg": 8.400329133548759,
              "path_distance_deg": 34.94634247314302,
              "endpoint_distance_deg": 29.44027855641794,
              "path_to_endpoint_ratio": 1.1870248580078318,
              "peak_velocity_deg": 8.400329133548759
            },
            {
              "start_frame": 54,
              "end_frame": 60,
              "entry_jump_deg": 3.321099648242451,
              "path_distance_deg": 26.690874151172693,
              "endpoint_distance_deg": 17.551835296087376,
              "path_to_endpoint_ratio": 1.5206885035619366,
              "peak_velocity_deg": 7.700801211638037
            },
            {
              "start_frame": 184,
              "end_frame": 190,
              "entry_jump_deg": 2.6808552001268717,
              "path_distance_deg": 31.247356970975353,
              "endpoint_distance_deg": 22.136948892773113,
              "path_to_endpoint_ratio": 1.4115475950335887,
              "peak_velocity_deg": 7.124238940911877
            },
            {
              "start_frame": 94,
              "end_frame": 100,
              "entry_jump_deg": 1.7771021869333936,
              "path_distance_deg": 25.636366062512106,
              "endpoint_distance_deg": 8.762813720617679,
              "path_to_endpoint_ratio": 2.925586105087834,
              "peak_velocity_deg": 5.281805391873085
            },
            {
              "start_frame": 34,
              "end_frame": 40,
              "entry_jump_deg": 4.471385650040543,
              "path_distance_deg": 19.89663025612513,
              "endpoint_distance_deg": 3.5810882158924118,
              "path_to_endpoint_ratio": 5.556029077369953,
              "peak_velocity_deg": 4.471385650040543
            },
            {
              "start_frame": 154,
              "end_frame": 160,
              "entry_jump_deg": 1.6195930190950858,
              "path_distance_deg": 16.184128217280627,
              "endpoint_distance_deg": 7.161583774342487,
              "path_to_endpoint_ratio": 2.259853229010996,
              "peak_velocity_deg": 4.355583998551986
            },
            {
              "start_frame": 134,
              "end_frame": 140,
              "entry_jump_deg": 1.574431414240243,
              "path_distance_deg": 14.643413860538242,
              "endpoint_distance_deg": 11.450933636959878,
              "path_to_endpoint_ratio": 1.278796500337237,
              "peak_velocity_deg": 4.217758768569857
            },
            {
              "start_frame": 44,
              "end_frame": 50,
              "entry_jump_deg": 2.485058241545561,
              "path_distance_deg": 15.278728044232626,
              "endpoint_distance_deg": 13.650185615570264,
              "path_to_endpoint_ratio": 1.1193055152894582,
              "peak_velocity_deg": 4.2020486154625845
            },
            {
              "start_frame": 104,
              "end_frame": 110,
              "entry_jump_deg": 2.1565650689691807,
              "path_distance_deg": 15.933539493753266,
              "endpoint_distance_deg": 11.990359010967055,
              "path_to_endpoint_ratio": 1.3288625869483606,
              "peak_velocity_deg": 3.4976405097544907
            },
            {
              "start_frame": 114,
              "end_frame": 120,
              "entry_jump_deg": 0.9008635525091582,
              "path_distance_deg": 12.991256336131663,
              "endpoint_distance_deg": 2.793293466373793,
              "path_to_endpoint_ratio": 4.650874135683528,
              "peak_velocity_deg": 2.785702401884882
            },
            {
              "start_frame": 74,
              "end_frame": 80,
              "entry_jump_deg": 2.460858539938798,
              "path_distance_deg": 10.332139776353063,
              "endpoint_distance_deg": 4.362344071051173,
              "path_to_endpoint_ratio": 2.368483459367151,
              "peak_velocity_deg": 2.460858539938798
            },
            {
              "start_frame": 84,
              "end_frame": 90,
              "entry_jump_deg": 0.7898142272529466,
              "path_distance_deg": 8.874688658220862,
              "endpoint_distance_deg": 4.130161808248036,
              "path_to_endpoint_ratio": 2.148750840826112,
              "peak_velocity_deg": 2.0817193190726915
            },
            {
              "start_frame": 144,
              "end_frame": 150,
              "entry_jump_deg": 1.1620805099486373,
              "path_distance_deg": 9.064467345781317,
              "endpoint_distance_deg": 6.229782763113833,
              "path_to_endpoint_ratio": 1.4550214173520593,
              "peak_velocity_deg": 2.0528667906612377
            }
          ]
        },
        "ratios": {
          "excursion_p90": 0.7349832111402491,
          "velocity_rms": 1.0306676444669594,
          "velocity_p95": 0.9063705461576583
        }
      },
      "LeftForeArm": {
        "prediction": {
          "order": "XYZ",
          "excursion_p90_deg": 59.359860149193764,
          "excursion_max_deg": 89.6656749071051,
          "velocity_rms_deg_per_frame": 13.318494476030258,
          "velocity_p95_deg_per_frame": 20.3093126312041,
          "velocity_max_deg_per_frame": 108.52406710619655,
          "euler_axis_step_p95_deg": [
            43.33549219999986,
            15.793661300000002,
            42.108746499999945
          ],
          "top_velocity_transitions": [
            {
              "from_frame": 73,
              "to_frame": 74,
              "velocity_deg": 108.52406710619655,
              "new_block_offset": 0,
              "inside_release_blend": false
            },
            {
              "from_frame": 103,
              "to_frame": 104,
              "velocity_deg": 76.68542986024218,
              "new_block_offset": 0,
              "inside_release_blend": false
            },
            {
              "from_frame": 74,
              "to_frame": 75,
              "velocity_deg": 53.824270884212616,
              "new_block_offset": 1,
              "inside_release_blend": false
            },
            {
              "from_frame": 53,
              "to_frame": 54,
              "velocity_deg": 40.60421859150201,
              "new_block_offset": 0,
              "inside_release_blend": false
            },
            {
              "from_frame": 93,
              "to_frame": 94,
              "velocity_deg": 40.32469237670298,
              "new_block_offset": 0,
              "inside_release_blend": false
            },
            {
              "from_frame": 123,
              "to_frame": 124,
              "velocity_deg": 31.23152775012758,
              "new_block_offset": 0,
              "inside_release_blend": false
            },
            {
              "from_frame": 145,
              "to_frame": 146,
              "velocity_deg": 28.859200131823837,
              "new_block_offset": 2,
              "inside_release_blend": false
            },
            {
              "from_frame": 54,
              "to_frame": 55,
              "velocity_deg": 25.73646578084658,
              "new_block_offset": 1,
              "inside_release_blend": false
            },
            {
              "from_frame": 34,
              "to_frame": 35,
              "velocity_deg": 24.447582551622727,
              "new_block_offset": 1,
              "inside_release_blend": false
            },
            {
              "from_frame": 28,
              "to_frame": 29,
              "velocity_deg": 21.772317963485467,
              "new_block_offset": null,
              "inside_release_blend": false
            },
            {
              "from_frame": 124,
              "to_frame": 125,
              "velocity_deg": 20.84499320195519,
              "new_block_offset": 1,
              "inside_release_blend": false
            },
            {
              "from_frame": 125,
              "to_frame": 126,
              "velocity_deg": 20.328994443769943,
              "new_block_offset": 2,
              "inside_release_blend": false
            }
          ],
          "release_blend_blocks_by_path": [
            {
              "start_frame": 74,
              "endpoint_distance_deg": 23.12263553034093,
              "path_distance_deg": 89.2669777993639,
              "path_to_endpoint_ratio": 3.860588369445605,
              "peak_velocity_deg": 53.824270884212616
            },
            {
              "start_frame": 144,
              "endpoint_distance_deg": 61.235962161878334,
              "path_distance_deg": 77.9894384627954,
              "path_to_endpoint_ratio": 1.2735888472957928,
              "peak_velocity_deg": 28.859200131823837
            },
            {
              "start_frame": 84,
              "endpoint_distance_deg": 67.93489404101403,
              "path_distance_deg": 70.19566571273485,
              "path_to_endpoint_ratio": 1.0332785044215411,
              "peak_velocity_deg": 17.013404899917756
            },
            {
              "start_frame": 34,
              "endpoint_distance_deg": 58.94011763676629,
              "path_distance_deg": 66.25366301887144,
              "path_to_endpoint_ratio": 1.124084336362828,
              "peak_velocity_deg": 24.447582551622727
            },
            {
              "start_frame": 54,
              "endpoint_distance_deg": 48.80246595715226,
              "path_distance_deg": 60.67809181168914,
              "path_to_endpoint_ratio": 1.2433406923527899,
              "peak_velocity_deg": 25.73646578084658
            },
            {
              "start_frame": 124,
              "endpoint_distance_deg": 47.15409425064821,
              "path_distance_deg": 54.882071451694024,
              "path_to_endpoint_ratio": 1.163887724361063,
              "peak_velocity_deg": 20.84499320195519
            },
            {
              "start_frame": 134,
              "endpoint_distance_deg": 49.02571888332032,
              "path_distance_deg": 53.593919319645934,
              "path_to_endpoint_ratio": 1.0931796726366785,
              "peak_velocity_deg": 11.82462804535171
            },
            {
              "start_frame": 114,
              "endpoint_distance_deg": 22.531152781952322,
              "path_distance_deg": 51.55028967126002,
              "path_to_endpoint_ratio": 2.2879561543141422,
              "peak_velocity_deg": 13.95063701083854
            },
            {
              "start_frame": 214,
              "endpoint_distance_deg": 9.665365859299367,
              "path_distance_deg": 49.99490525162678,
              "path_to_endpoint_ratio": 5.172582805391173,
              "peak_velocity_deg": 16.03652660576237
            },
            {
              "start_frame": 44,
              "endpoint_distance_deg": 38.08646716605033,
              "path_distance_deg": 48.11391228892002,
              "path_to_endpoint_ratio": 1.2632810514861297,
              "peak_velocity_deg": 14.023292183318715
            },
            {
              "start_frame": 94,
              "endpoint_distance_deg": 21.995330021964673,
              "path_distance_deg": 47.624149251573144,
              "path_to_endpoint_ratio": 2.165193666292589,
              "peak_velocity_deg": 19.406801725940184
            },
            {
              "start_frame": 174,
              "endpoint_distance_deg": 11.990108499928654,
              "path_distance_deg": 42.8693879932785,
              "path_to_endpoint_ratio": 3.575396168728047,
              "peak_velocity_deg": 12.372733240130703
            },
            {
              "start_frame": 154,
              "endpoint_distance_deg": 11.065585695681825,
              "path_distance_deg": 37.78731289354102,
              "path_to_endpoint_ratio": 3.4148497813619514,
              "peak_velocity_deg": 9.913824329804413
            },
            {
              "start_frame": 104,
              "endpoint_distance_deg": 18.866065237021424,
              "path_distance_deg": 34.85056880376849,
              "path_to_endpoint_ratio": 1.8472621803183535,
              "peak_velocity_deg": 12.555771063273458
            },
            {
              "start_frame": 64,
              "endpoint_distance_deg": 5.7909890339234575,
              "path_distance_deg": 34.29757207225871,
              "path_to_endpoint_ratio": 5.922575897026304,
              "peak_velocity_deg": 8.338358631504018
            },
            {
              "start_frame": 204,
              "endpoint_distance_deg": 3.924540188147276,
              "path_distance_deg": 17.6628788622338,
              "path_to_endpoint_ratio": 4.500623771309172,
              "peak_velocity_deg": 4.678231879234016
            },
            {
              "start_frame": 164,
              "endpoint_distance_deg": 3.248785510789773,
              "path_distance_deg": 17.45685440402749,
              "path_to_endpoint_ratio": 5.373347777515717,
              "peak_velocity_deg": 3.9255563346191162
            },
            {
              "start_frame": 194,
              "endpoint_distance_deg": 15.323595742623422,
              "path_distance_deg": 15.66914900353713,
              "path_to_endpoint_ratio": 1.0225504030984407,
              "peak_velocity_deg": 4.859046262704919
            },
            {
              "start_frame": 184,
              "endpoint_distance_deg": 4.348096805845177,
              "path_distance_deg": 11.946660814325146,
              "path_to_endpoint_ratio": 2.747560909468521,
              "peak_velocity_deg": 2.883103292324931
            }
          ],
          "boundary_blocks_by_peak": [
            {
              "start_frame": 74,
              "end_frame": 80,
              "entry_jump_deg": 108.52406710619655,
              "path_distance_deg": 197.79104490556043,
              "endpoint_distance_deg": 86.24800955072068,
              "path_to_endpoint_ratio": 2.293282429772986,
              "peak_velocity_deg": 108.52406710619655
            },
            {
              "start_frame": 104,
              "end_frame": 110,
              "entry_jump_deg": 76.68542986024218,
              "path_distance_deg": 111.53599866401066,
              "endpoint_distance_deg": 83.29368944671532,
              "path_to_endpoint_ratio": 1.3390690147704711,
              "peak_velocity_deg": 76.68542986024218
            },
            {
              "start_frame": 54,
              "end_frame": 60,
              "entry_jump_deg": 40.60421859150201,
              "path_distance_deg": 101.28231040319116,
              "endpoint_distance_deg": 88.30118639164908,
              "path_to_endpoint_ratio": 1.147009621750334,
              "peak_velocity_deg": 40.60421859150201
            },
            {
              "start_frame": 94,
              "end_frame": 100,
              "entry_jump_deg": 40.32469237670298,
              "path_distance_deg": 87.94884162827614,
              "endpoint_distance_deg": 55.575328029268235,
              "path_to_endpoint_ratio": 1.5825159247275822,
              "peak_velocity_deg": 40.32469237670298
            },
            {
              "start_frame": 124,
              "end_frame": 130,
              "entry_jump_deg": 31.23152775012758,
              "path_distance_deg": 86.1135992018216,
              "endpoint_distance_deg": 70.90244937210082,
              "path_to_endpoint_ratio": 1.2145363095975943,
              "peak_velocity_deg": 31.23152775012758
            },
            {
              "start_frame": 144,
              "end_frame": 150,
              "entry_jump_deg": 18.614998142923657,
              "path_distance_deg": 96.60443660571907,
              "endpoint_distance_deg": 59.546502677539195,
              "path_to_endpoint_ratio": 1.622336027505408,
              "peak_velocity_deg": 28.859200131823837
            },
            {
              "start_frame": 34,
              "end_frame": 40,
              "entry_jump_deg": 8.130797229564203,
              "path_distance_deg": 74.38446024843564,
              "endpoint_distance_deg": 66.59053223786948,
              "path_to_endpoint_ratio": 1.117042584713474,
              "peak_velocity_deg": 24.447582551622727
            },
            {
              "start_frame": 44,
              "end_frame": 50,
              "entry_jump_deg": 18.062153473810845,
              "path_distance_deg": 66.17606576273086,
              "endpoint_distance_deg": 54.90433508451334,
              "path_to_endpoint_ratio": 1.2052976447281827,
              "peak_velocity_deg": 18.062153473810845
            },
            {
              "start_frame": 84,
              "end_frame": 90,
              "entry_jump_deg": 1.203835073321965,
              "path_distance_deg": 71.39950078605682,
              "endpoint_distance_deg": 67.4087030370475,
              "path_to_endpoint_ratio": 1.0592030044965557,
              "peak_velocity_deg": 17.013404899917756
            },
            {
              "start_frame": 214,
              "end_frame": 220,
              "entry_jump_deg": 1.9494847342815365,
              "path_distance_deg": 51.94438998590832,
              "endpoint_distance_deg": 11.318904206003555,
              "path_to_endpoint_ratio": 4.589171269632,
              "peak_velocity_deg": 16.03652660576237
            },
            {
              "start_frame": 114,
              "end_frame": 120,
              "entry_jump_deg": 7.372854667781408,
              "path_distance_deg": 58.923144339041414,
              "endpoint_distance_deg": 23.172216705724765,
              "path_to_endpoint_ratio": 2.542835892108858,
              "peak_velocity_deg": 13.95063701083854
            },
            {
              "start_frame": 174,
              "end_frame": 180,
              "entry_jump_deg": 3.910593996144095,
              "path_distance_deg": 46.779981989422595,
              "endpoint_distance_deg": 9.147077418428525,
              "path_to_endpoint_ratio": 5.114199853078256,
              "peak_velocity_deg": 12.372733240130703
            },
            {
              "start_frame": 134,
              "end_frame": 140,
              "entry_jump_deg": 6.74402854300755,
              "path_distance_deg": 60.33794786265348,
              "endpoint_distance_deg": 52.79218257391028,
              "path_to_endpoint_ratio": 1.142933383710343,
              "peak_velocity_deg": 11.82462804535171
            },
            {
              "start_frame": 154,
              "end_frame": 160,
              "entry_jump_deg": 7.4236380207589825,
              "path_distance_deg": 45.21095091430001,
              "endpoint_distance_deg": 9.586698640480913,
              "path_to_endpoint_ratio": 4.716008358017189,
              "peak_velocity_deg": 9.913824329804413
            },
            {
              "start_frame": 64,
              "end_frame": 70,
              "entry_jump_deg": 4.25076087146327,
              "path_distance_deg": 38.54833294372198,
              "endpoint_distance_deg": 5.738940533917374,
              "path_to_endpoint_ratio": 6.716977239248212,
              "peak_velocity_deg": 8.338358631504018
            },
            {
              "start_frame": 204,
              "end_frame": 210,
              "entry_jump_deg": 8.03071119241638,
              "path_distance_deg": 25.69359005465018,
              "endpoint_distance_deg": 5.2582895997929375,
              "path_to_endpoint_ratio": 4.8863018224903305,
              "peak_velocity_deg": 8.03071119241638
            },
            {
              "start_frame": 194,
              "end_frame": 200,
              "entry_jump_deg": 7.830287339903335,
              "path_distance_deg": 23.499436343440465,
              "endpoint_distance_deg": 23.122602260166985,
              "path_to_endpoint_ratio": 1.0162972177194194,
              "peak_velocity_deg": 7.830287339903335
            },
            {
              "start_frame": 184,
              "end_frame": 190,
              "entry_jump_deg": 4.080733866614548,
              "path_distance_deg": 16.027394680939693,
              "endpoint_distance_deg": 6.455521921673885,
              "path_to_endpoint_ratio": 2.4827418875504135,
              "peak_velocity_deg": 4.080733866614548
            },
            {
              "start_frame": 164,
              "end_frame": 170,
              "entry_jump_deg": 2.369939830142894,
              "path_distance_deg": 19.82679423417038,
              "endpoint_distance_deg": 3.234636638972081,
              "path_to_endpoint_ratio": 6.129527500953256,
              "peak_velocity_deg": 3.9255563346191162
            }
          ]
        },
        "ground_truth": {
          "order": "XYZ",
          "excursion_p90_deg": 63.76697973534313,
          "excursion_max_deg": 71.7020804176917,
          "velocity_rms_deg_per_frame": 5.511027491747212,
          "velocity_p95_deg_per_frame": 11.666289466191602,
          "velocity_max_deg_per_frame": 28.968481868090503,
          "euler_axis_step_p95_deg": [
            23.478592599999985,
            6.032407799999983,
            21.660803000000005
          ],
          "top_velocity_transitions": [
            {
              "from_frame": 191,
              "to_frame": 192,
              "velocity_deg": 28.968481868090503,
              "new_block_offset": 8,
              "inside_release_blend": false
            },
            {
              "from_frame": 162,
              "to_frame": 163,
              "velocity_deg": 22.956965077060527,
              "new_block_offset": 9,
              "inside_release_blend": false
            },
            {
              "from_frame": 125,
              "to_frame": 126,
              "velocity_deg": 20.012153272054665,
              "new_block_offset": 2,
              "inside_release_blend": false
            },
            {
              "from_frame": 217,
              "to_frame": 218,
              "velocity_deg": 17.822928895763003,
              "new_block_offset": 4,
              "inside_release_blend": false
            },
            {
              "from_frame": 126,
              "to_frame": 127,
              "velocity_deg": 17.050417654452048,
              "new_block_offset": 3,
              "inside_release_blend": false
            },
            {
              "from_frame": 170,
              "to_frame": 171,
              "velocity_deg": 15.76711940593932,
              "new_block_offset": 7,
              "inside_release_blend": false
            },
            {
              "from_frame": 192,
              "to_frame": 193,
              "velocity_deg": 14.610968510848915,
              "new_block_offset": 9,
              "inside_release_blend": false
            },
            {
              "from_frame": 161,
              "to_frame": 162,
              "velocity_deg": 14.138932203714427,
              "new_block_offset": 8,
              "inside_release_blend": false
            },
            {
              "from_frame": 169,
              "to_frame": 170,
              "velocity_deg": 13.573960736274786,
              "new_block_offset": 6,
              "inside_release_blend": false
            },
            {
              "from_frame": 218,
              "to_frame": 219,
              "velocity_deg": 11.98310058530434,
              "new_block_offset": 5,
              "inside_release_blend": false
            },
            {
              "from_frame": 202,
              "to_frame": 203,
              "velocity_deg": 11.942125858611652,
              "new_block_offset": 9,
              "inside_release_blend": false
            },
            {
              "from_frame": 127,
              "to_frame": 128,
              "velocity_deg": 11.730328050646044,
              "new_block_offset": 4,
              "inside_release_blend": false
            }
          ],
          "release_blend_blocks_by_path": [
            {
              "start_frame": 124,
              "endpoint_distance_deg": 60.206992241049264,
              "path_distance_deg": 74.85181963353686,
              "path_to_endpoint_ratio": 1.243241305492466,
              "peak_velocity_deg": 20.012153272054665
            },
            {
              "start_frame": 214,
              "endpoint_distance_deg": 26.13617587596493,
              "path_distance_deg": 55.58020091516648,
              "path_to_endpoint_ratio": 2.126562094582419,
              "peak_velocity_deg": 17.822928895763003
            },
            {
              "start_frame": 174,
              "endpoint_distance_deg": 34.16317020150956,
              "path_distance_deg": 34.69460448580938,
              "path_to_endpoint_ratio": 1.015555766082749,
              "peak_velocity_deg": 10.199565820461277
            },
            {
              "start_frame": 194,
              "endpoint_distance_deg": 28.968646991676753,
              "path_distance_deg": 32.825167133246914,
              "path_to_endpoint_ratio": 1.1331273822584194,
              "peak_velocity_deg": 8.314048878332867
            },
            {
              "start_frame": 164,
              "endpoint_distance_deg": 14.219524218200645,
              "path_distance_deg": 27.368020169237997,
              "path_to_endpoint_ratio": 1.9246790363215949,
              "peak_velocity_deg": 13.573960736274786
            },
            {
              "start_frame": 184,
              "endpoint_distance_deg": 23.255834895538218,
              "path_distance_deg": 26.475199164501568,
              "path_to_endpoint_ratio": 1.1384325389057954,
              "peak_velocity_deg": 8.928651104461883
            },
            {
              "start_frame": 204,
              "endpoint_distance_deg": 18.036720886337324,
              "path_distance_deg": 20.205233022212177,
              "path_to_endpoint_ratio": 1.1202276261600013,
              "peak_velocity_deg": 5.383878296710036
            },
            {
              "start_frame": 104,
              "endpoint_distance_deg": 10.877993507359683,
              "path_distance_deg": 18.265872262768344,
              "path_to_endpoint_ratio": 1.6791582243922347,
              "peak_velocity_deg": 4.664282820526828
            },
            {
              "start_frame": 94,
              "endpoint_distance_deg": 2.027343976954992,
              "path_distance_deg": 17.155463752680838,
              "path_to_endpoint_ratio": 8.462038976951417,
              "peak_velocity_deg": 5.11299740393787
            },
            {
              "start_frame": 154,
              "endpoint_distance_deg": 8.372595204352075,
              "path_distance_deg": 16.288773643983046,
              "path_to_endpoint_ratio": 1.9454868229525943,
              "peak_velocity_deg": 4.434732800406237
            },
            {
              "start_frame": 44,
              "endpoint_distance_deg": 10.301229009492593,
              "path_distance_deg": 15.91417836986683,
              "path_to_endpoint_ratio": 1.5448815238649583,
              "peak_velocity_deg": 4.891755645836071
            },
            {
              "start_frame": 64,
              "endpoint_distance_deg": 4.923358534404438,
              "path_distance_deg": 15.827124529016732,
              "path_to_endpoint_ratio": 3.214700781675102,
              "peak_velocity_deg": 4.40039617149809
            },
            {
              "start_frame": 134,
              "endpoint_distance_deg": 13.992440386148356,
              "path_distance_deg": 14.853622402570156,
              "path_to_endpoint_ratio": 1.0615462344420146,
              "peak_velocity_deg": 3.312646487970797
            },
            {
              "start_frame": 54,
              "endpoint_distance_deg": 7.3205703097796615,
              "path_distance_deg": 14.205702035136735,
              "path_to_endpoint_ratio": 1.9405184888613283,
              "peak_velocity_deg": 3.925983331381035
            },
            {
              "start_frame": 74,
              "endpoint_distance_deg": 9.838019953764737,
              "path_distance_deg": 13.687234307816302,
              "path_to_endpoint_ratio": 1.3912590513275567,
              "peak_velocity_deg": 3.4945779072948557
            },
            {
              "start_frame": 34,
              "endpoint_distance_deg": 10.624518382651312,
              "path_distance_deg": 12.426629955179404,
              "path_to_endpoint_ratio": 1.1696181895144298,
              "peak_velocity_deg": 3.878359127345491
            },
            {
              "start_frame": 114,
              "endpoint_distance_deg": 0.40542270333607144,
              "path_distance_deg": 10.13081161299981,
              "path_to_endpoint_ratio": 24.988269106878228,
              "peak_velocity_deg": 2.5607491777938107
            },
            {
              "start_frame": 84,
              "endpoint_distance_deg": 3.1155932850688353,
              "path_distance_deg": 9.709709414964326,
              "path_to_endpoint_ratio": 3.1164881056513773,
              "peak_velocity_deg": 2.767094265135032
            },
            {
              "start_frame": 144,
              "endpoint_distance_deg": 3.4614039794579847,
              "path_distance_deg": 4.340699453207119,
              "path_to_endpoint_ratio": 1.2540285615222588,
              "peak_velocity_deg": 1.7502880300801023
            }
          ],
          "boundary_blocks_by_peak": [
            {
              "start_frame": 124,
              "end_frame": 130,
              "entry_jump_deg": 2.9793780219688095,
              "path_distance_deg": 77.83119765550568,
              "endpoint_distance_deg": 62.78839847214342,
              "path_to_endpoint_ratio": 1.239579278169296,
              "peak_velocity_deg": 20.012153272054665
            },
            {
              "start_frame": 214,
              "end_frame": 220,
              "entry_jump_deg": 3.561669345420958,
              "path_distance_deg": 59.14187026058743,
              "endpoint_distance_deg": 22.70134688135687,
              "path_to_endpoint_ratio": 2.6052141562206947,
              "peak_velocity_deg": 17.822928895763003
            },
            {
              "start_frame": 164,
              "end_frame": 170,
              "entry_jump_deg": 5.927833140424987,
              "path_distance_deg": 33.29585330966298,
              "endpoint_distance_deg": 8.79211462036068,
              "path_to_endpoint_ratio": 3.7870131074675504,
              "peak_velocity_deg": 13.573960736274786
            },
            {
              "start_frame": 174,
              "end_frame": 180,
              "entry_jump_deg": 9.412439049588162,
              "path_distance_deg": 44.107043535397544,
              "endpoint_distance_deg": 24.767564980599335,
              "path_to_endpoint_ratio": 1.7808389145217547,
              "peak_velocity_deg": 10.199565820461277
            },
            {
              "start_frame": 184,
              "end_frame": 190,
              "entry_jump_deg": 1.4867035763221639,
              "path_distance_deg": 27.96190274082373,
              "endpoint_distance_deg": 24.687935938044454,
              "path_to_endpoint_ratio": 1.132614035089667,
              "peak_velocity_deg": 8.928651104461883
            },
            {
              "start_frame": 74,
              "end_frame": 80,
              "entry_jump_deg": 8.377177387809011,
              "path_distance_deg": 22.064411695625317,
              "endpoint_distance_deg": 6.4630733975442745,
              "path_to_endpoint_ratio": 3.4139194062083478,
              "peak_velocity_deg": 8.377177387809011
            },
            {
              "start_frame": 194,
              "end_frame": 200,
              "entry_jump_deg": 6.939221696780483,
              "path_distance_deg": 39.7643888300274,
              "endpoint_distance_deg": 23.876521985462478,
              "path_to_endpoint_ratio": 1.6654179722757967,
              "peak_velocity_deg": 8.314048878332867
            },
            {
              "start_frame": 94,
              "end_frame": 100,
              "entry_jump_deg": 6.316424744869287,
              "path_distance_deg": 23.471888497550125,
              "endpoint_distance_deg": 5.047213079102099,
              "path_to_endpoint_ratio": 4.65046514377114,
              "peak_velocity_deg": 6.316424744869287
            },
            {
              "start_frame": 204,
              "end_frame": 210,
              "entry_jump_deg": 5.445703054058477,
              "path_distance_deg": 25.650936076270654,
              "endpoint_distance_deg": 23.04431162168236,
              "path_to_endpoint_ratio": 1.113113574290313,
              "peak_velocity_deg": 5.445703054058477
            },
            {
              "start_frame": 104,
              "end_frame": 110,
              "entry_jump_deg": 5.002752341299275,
              "path_distance_deg": 23.268624604067618,
              "endpoint_distance_deg": 7.703072444563322,
              "path_to_endpoint_ratio": 3.020693985617409,
              "peak_velocity_deg": 5.002752341299275
            },
            {
              "start_frame": 44,
              "end_frame": 50,
              "entry_jump_deg": 1.1966198593626065,
              "path_distance_deg": 17.110798229229438,
              "endpoint_distance_deg": 11.494962917797194,
              "path_to_endpoint_ratio": 1.4885474926358806,
              "peak_velocity_deg": 4.891755645836071
            },
            {
              "start_frame": 154,
              "end_frame": 160,
              "entry_jump_deg": 4.119461458150063,
              "path_distance_deg": 20.40823510213311,
              "endpoint_distance_deg": 4.364411121346289,
              "path_to_endpoint_ratio": 4.676056983338862,
              "peak_velocity_deg": 4.434732800406237
            },
            {
              "start_frame": 64,
              "end_frame": 70,
              "entry_jump_deg": 1.9692943754972638,
              "path_distance_deg": 17.796418904513992,
              "endpoint_distance_deg": 4.6550702669572575,
              "path_to_endpoint_ratio": 3.8230183185068123,
              "peak_velocity_deg": 4.40039617149809
            },
            {
              "start_frame": 134,
              "end_frame": 140,
              "entry_jump_deg": 4.185444380522999,
              "path_distance_deg": 19.039066783093162,
              "endpoint_distance_deg": 17.931149446130576,
              "path_to_endpoint_ratio": 1.0617873014940304,
              "peak_velocity_deg": 4.185444380522999
            },
            {
              "start_frame": 54,
              "end_frame": 60,
              "entry_jump_deg": 1.2259457022046256,
              "path_distance_deg": 15.431647737341361,
              "endpoint_distance_deg": 8.063000950957388,
              "path_to_endpoint_ratio": 1.9138839039215332,
              "peak_velocity_deg": 3.925983331381035
            },
            {
              "start_frame": 34,
              "end_frame": 40,
              "entry_jump_deg": 0.8336200635795267,
              "path_distance_deg": 13.260250018758931,
              "endpoint_distance_deg": 11.453508196689702,
              "path_to_endpoint_ratio": 1.157745713456722,
              "peak_velocity_deg": 3.878359127345491
            },
            {
              "start_frame": 84,
              "end_frame": 90,
              "entry_jump_deg": 2.2106880883158397,
              "path_distance_deg": 11.920397503280167,
              "endpoint_distance_deg": 3.5315564221335998,
              "path_to_endpoint_ratio": 3.375394890641001,
              "peak_velocity_deg": 2.767094265135032
            },
            {
              "start_frame": 114,
              "end_frame": 120,
              "entry_jump_deg": 1.4476675724616355,
              "path_distance_deg": 11.578479185461445,
              "endpoint_distance_deg": 1.7695053840671346,
              "path_to_endpoint_ratio": 6.543342162005064,
              "peak_velocity_deg": 2.5607491777938107
            },
            {
              "start_frame": 144,
              "end_frame": 150,
              "entry_jump_deg": 1.445428105787541,
              "path_distance_deg": 5.786127558994661,
              "endpoint_distance_deg": 3.257006969728337,
              "path_to_endpoint_ratio": 1.7765167875822123,
              "peak_velocity_deg": 1.7502880300801023
            }
          ]
        },
        "ratios": {
          "excursion_p90": 0.9308871205059333,
          "velocity_rms": 2.4166989723739833,
          "velocity_p95": 1.740854509915908
        }
      },
      "LeftHand": {
        "prediction": {
          "order": "XYZ",
          "excursion_p90_deg": 20.63666238698283,
          "excursion_max_deg": 50.71191792679446,
          "velocity_rms_deg_per_frame": 6.225130599526172,
          "velocity_p95_deg_per_frame": 12.780116279799548,
          "velocity_max_deg_per_frame": 39.85274657600373,
          "euler_axis_step_p95_deg": [
            1.7511776999999926,
            4.798219000000005,
            10.381180800000006
          ],
          "top_velocity_transitions": [
            {
              "from_frame": 103,
              "to_frame": 104,
              "velocity_deg": 39.85274657600373,
              "new_block_offset": 0,
              "inside_release_blend": false
            },
            {
              "from_frame": 74,
              "to_frame": 75,
              "velocity_deg": 26.062090242226354,
              "new_block_offset": 1,
              "inside_release_blend": false
            },
            {
              "from_frame": 73,
              "to_frame": 74,
              "velocity_deg": 25.369728446315307,
              "new_block_offset": 0,
              "inside_release_blend": false
            },
            {
              "from_frame": 97,
              "to_frame": 98,
              "velocity_deg": 18.725202715303187,
              "new_block_offset": 4,
              "inside_release_blend": false
            },
            {
              "from_frame": 101,
              "to_frame": 102,
              "velocity_deg": 17.86647700172136,
              "new_block_offset": 8,
              "inside_release_blend": false
            },
            {
              "from_frame": 94,
              "to_frame": 95,
              "velocity_deg": 16.001495752454158,
              "new_block_offset": 1,
              "inside_release_blend": false
            },
            {
              "from_frame": 100,
              "to_frame": 101,
              "velocity_deg": 15.28964465443653,
              "new_block_offset": 7,
              "inside_release_blend": false
            },
            {
              "from_frame": 57,
              "to_frame": 58,
              "velocity_deg": 14.212095385739696,
              "new_block_offset": 4,
              "inside_release_blend": false
            },
            {
              "from_frame": 218,
              "to_frame": 219,
              "velocity_deg": 13.915344874984557,
              "new_block_offset": 5,
              "inside_release_blend": false
            },
            {
              "from_frame": 96,
              "to_frame": 97,
              "velocity_deg": 13.229503920412789,
              "new_block_offset": 3,
              "inside_release_blend": false
            },
            {
              "from_frame": 112,
              "to_frame": 113,
              "velocity_deg": 12.93438133382902,
              "new_block_offset": 9,
              "inside_release_blend": false
            },
            {
              "from_frame": 123,
              "to_frame": 124,
              "velocity_deg": 12.79243379959385,
              "new_block_offset": 0,
              "inside_release_blend": false
            }
          ],
          "release_blend_blocks_by_path": [
            {
              "start_frame": 94,
              "endpoint_distance_deg": 52.3741585523284,
              "path_distance_deg": 61.13842473804088,
              "path_to_endpoint_ratio": 1.1673395129958197,
              "peak_velocity_deg": 18.725202715303187
            },
            {
              "start_frame": 74,
              "endpoint_distance_deg": 2.8317363447773554,
              "path_distance_deg": 53.408100918755174,
              "path_to_endpoint_ratio": 18.860548587885702,
              "peak_velocity_deg": 26.062090242226354
            },
            {
              "start_frame": 54,
              "endpoint_distance_deg": 11.875938577694502,
              "path_distance_deg": 52.169681249491035,
              "path_to_endpoint_ratio": 4.392889110042773,
              "peak_velocity_deg": 14.212095385739696
            },
            {
              "start_frame": 214,
              "endpoint_distance_deg": 9.202444814359325,
              "path_distance_deg": 35.20587181153071,
              "path_to_endpoint_ratio": 3.825708550470862,
              "peak_velocity_deg": 13.915344874984557
            },
            {
              "start_frame": 124,
              "endpoint_distance_deg": 20.02433286495027,
              "path_distance_deg": 32.53300688966096,
              "path_to_endpoint_ratio": 1.624673696201152,
              "peak_velocity_deg": 9.97134766466857
            },
            {
              "start_frame": 104,
              "endpoint_distance_deg": 5.070680329932859,
              "path_distance_deg": 28.81393007553999,
              "path_to_endpoint_ratio": 5.6824584080853535,
              "peak_velocity_deg": 10.758619101182177
            },
            {
              "start_frame": 84,
              "endpoint_distance_deg": 15.630948106580316,
              "path_distance_deg": 24.565724080989646,
              "path_to_endpoint_ratio": 1.571608063278514,
              "peak_velocity_deg": 9.66779245763378
            },
            {
              "start_frame": 64,
              "endpoint_distance_deg": 5.76730772110341,
              "path_distance_deg": 24.238937232025805,
              "path_to_endpoint_ratio": 4.202816704808734,
              "peak_velocity_deg": 7.227127288657704
            },
            {
              "start_frame": 134,
              "endpoint_distance_deg": 11.477307380451139,
              "path_distance_deg": 22.96073304933257,
              "path_to_endpoint_ratio": 2.0005330769863945,
              "peak_velocity_deg": 10.022983053289835
            },
            {
              "start_frame": 144,
              "endpoint_distance_deg": 8.510159455127294,
              "path_distance_deg": 21.72322698964176,
              "path_to_endpoint_ratio": 2.5526227921092257,
              "peak_velocity_deg": 5.682670626279124
            },
            {
              "start_frame": 44,
              "endpoint_distance_deg": 4.389480745425227,
              "path_distance_deg": 21.032888268989023,
              "path_to_endpoint_ratio": 4.791657484979235,
              "peak_velocity_deg": 6.655142359449335
            },
            {
              "start_frame": 34,
              "endpoint_distance_deg": 20.069734528090247,
              "path_distance_deg": 20.943380342209487,
              "path_to_endpoint_ratio": 1.0435305117213411,
              "peak_velocity_deg": 6.2056670448485
            },
            {
              "start_frame": 154,
              "endpoint_distance_deg": 6.25442315540245,
              "path_distance_deg": 18.81647499565678,
              "path_to_endpoint_ratio": 3.0085068643626185,
              "peak_velocity_deg": 6.023876725956926
            },
            {
              "start_frame": 114,
              "endpoint_distance_deg": 10.403432365787458,
              "path_distance_deg": 16.09569392734893,
              "path_to_endpoint_ratio": 1.547152262966686,
              "peak_velocity_deg": 5.90900912968026
            },
            {
              "start_frame": 164,
              "endpoint_distance_deg": 3.8670653965628197,
              "path_distance_deg": 13.965452832925756,
              "path_to_endpoint_ratio": 3.611382637940059,
              "peak_velocity_deg": 4.593124281407818
            },
            {
              "start_frame": 174,
              "endpoint_distance_deg": 3.8232379731065924,
              "path_distance_deg": 10.888771507876397,
              "path_to_endpoint_ratio": 2.8480496334442575,
              "peak_velocity_deg": 3.3900976790885915
            },
            {
              "start_frame": 204,
              "endpoint_distance_deg": 1.4135773134194147,
              "path_distance_deg": 9.061463803040928,
              "path_to_endpoint_ratio": 6.4103064735252655,
              "peak_velocity_deg": 3.11767036799392
            },
            {
              "start_frame": 184,
              "endpoint_distance_deg": 1.6079632418261764,
              "path_distance_deg": 8.50055322707253,
              "path_to_endpoint_ratio": 5.28653454628626,
              "peak_velocity_deg": 3.213740595113848
            },
            {
              "start_frame": 194,
              "endpoint_distance_deg": 1.15254898060425,
              "path_distance_deg": 4.237289927231279,
              "path_to_endpoint_ratio": 3.6764510650209274,
              "peak_velocity_deg": 1.3691546944873902
            }
          ],
          "boundary_blocks_by_peak": [
            {
              "start_frame": 104,
              "end_frame": 110,
              "entry_jump_deg": 39.85274657600373,
              "path_distance_deg": 68.66667665154372,
              "endpoint_distance_deg": 41.735408149632725,
              "path_to_endpoint_ratio": 1.6452858542884046,
              "peak_velocity_deg": 39.85274657600373
            },
            {
              "start_frame": 74,
              "end_frame": 80,
              "entry_jump_deg": 25.369728446315307,
              "path_distance_deg": 78.77782936507047,
              "endpoint_distance_deg": 23.47105707397126,
              "path_to_endpoint_ratio": 3.3563818245081456,
              "peak_velocity_deg": 26.062090242226354
            },
            {
              "start_frame": 94,
              "end_frame": 100,
              "entry_jump_deg": 3.229290319726517,
              "path_distance_deg": 64.3677150577674,
              "endpoint_distance_deg": 54.2697707014059,
              "path_to_endpoint_ratio": 1.1860694126002618,
              "peak_velocity_deg": 18.725202715303187
            },
            {
              "start_frame": 54,
              "end_frame": 60,
              "entry_jump_deg": 12.265853844405749,
              "path_distance_deg": 64.43553509389679,
              "endpoint_distance_deg": 23.40244319474879,
              "path_to_endpoint_ratio": 2.75336786666596,
              "peak_velocity_deg": 14.212095385739696
            },
            {
              "start_frame": 214,
              "end_frame": 220,
              "entry_jump_deg": 2.903859275514093,
              "path_distance_deg": 38.1097310870448,
              "endpoint_distance_deg": 6.774593848974516,
              "path_to_endpoint_ratio": 5.625389792601891,
              "peak_velocity_deg": 13.915344874984557
            },
            {
              "start_frame": 124,
              "end_frame": 130,
              "entry_jump_deg": 12.79243379959385,
              "path_distance_deg": 45.325440689254805,
              "endpoint_distance_deg": 14.743429963010104,
              "path_to_endpoint_ratio": 3.0742805984070274,
              "peak_velocity_deg": 12.79243379959385
            },
            {
              "start_frame": 84,
              "end_frame": 90,
              "entry_jump_deg": 12.669258601650872,
              "path_distance_deg": 37.23498268264052,
              "endpoint_distance_deg": 8.260546767361856,
              "path_to_endpoint_ratio": 4.50756877616857,
              "peak_velocity_deg": 12.669258601650872
            },
            {
              "start_frame": 134,
              "end_frame": 140,
              "entry_jump_deg": 0.8934645872296678,
              "path_distance_deg": 23.85419763656224,
              "endpoint_distance_deg": 10.812711711712366,
              "path_to_endpoint_ratio": 2.206125371004139,
              "peak_velocity_deg": 10.022983053289835
            },
            {
              "start_frame": 64,
              "end_frame": 70,
              "entry_jump_deg": 7.796276267823732,
              "path_distance_deg": 32.03521349984954,
              "endpoint_distance_deg": 4.291872840338929,
              "path_to_endpoint_ratio": 7.464157185355874,
              "peak_velocity_deg": 7.796276267823732
            },
            {
              "start_frame": 154,
              "end_frame": 160,
              "entry_jump_deg": 7.5853673118370395,
              "path_distance_deg": 26.401842307493823,
              "endpoint_distance_deg": 5.931431003424333,
              "path_to_endpoint_ratio": 4.451175827932841,
              "peak_velocity_deg": 7.5853673118370395
            },
            {
              "start_frame": 44,
              "end_frame": 50,
              "entry_jump_deg": 6.561478130131841,
              "path_distance_deg": 27.59436639912086,
              "endpoint_distance_deg": 2.4283195801248474,
              "path_to_endpoint_ratio": 11.363564592145714,
              "peak_velocity_deg": 6.655142359449335
            },
            {
              "start_frame": 34,
              "end_frame": 40,
              "entry_jump_deg": 2.7917745300458128,
              "path_distance_deg": 23.7351548722553,
              "endpoint_distance_deg": 22.75832442206921,
              "path_to_endpoint_ratio": 1.042921896712169,
              "peak_velocity_deg": 6.2056670448485
            },
            {
              "start_frame": 114,
              "end_frame": 120,
              "entry_jump_deg": 5.120270350294133,
              "path_distance_deg": 21.21596427764306,
              "endpoint_distance_deg": 8.510648881626576,
              "path_to_endpoint_ratio": 2.4928727025086967,
              "peak_velocity_deg": 5.90900912968026
            },
            {
              "start_frame": 144,
              "end_frame": 150,
              "entry_jump_deg": 3.9110220099587294,
              "path_distance_deg": 25.63424899960049,
              "endpoint_distance_deg": 6.0794564202402865,
              "path_to_endpoint_ratio": 4.216536352535827,
              "peak_velocity_deg": 5.682670626279124
            },
            {
              "start_frame": 184,
              "end_frame": 190,
              "entry_jump_deg": 4.816779843954263,
              "path_distance_deg": 13.317333071026795,
              "endpoint_distance_deg": 3.3668424548694604,
              "path_to_endpoint_ratio": 3.9554369560018916,
              "peak_velocity_deg": 4.816779843954263
            },
            {
              "start_frame": 174,
              "end_frame": 180,
              "entry_jump_deg": 4.71520050316004,
              "path_distance_deg": 15.603972011036438,
              "endpoint_distance_deg": 6.832917319099638,
              "path_to_endpoint_ratio": 2.2836471279141053,
              "peak_velocity_deg": 4.71520050316004
            },
            {
              "start_frame": 164,
              "end_frame": 170,
              "entry_jump_deg": 0.7701123584605667,
              "path_distance_deg": 14.735565191386321,
              "endpoint_distance_deg": 3.097044922490927,
              "path_to_endpoint_ratio": 4.757943639879343,
              "peak_velocity_deg": 4.593124281407818
            },
            {
              "start_frame": 204,
              "end_frame": 210,
              "entry_jump_deg": 2.6156926274054775,
              "path_distance_deg": 11.677156430446406,
              "endpoint_distance_deg": 1.8607631525656418,
              "path_to_endpoint_ratio": 6.27546628615566,
              "peak_velocity_deg": 3.11767036799392
            },
            {
              "start_frame": 194,
              "end_frame": 200,
              "entry_jump_deg": 1.1341028503354864,
              "path_distance_deg": 5.371392777566766,
              "endpoint_distance_deg": 2.1660685958974155,
              "path_to_endpoint_ratio": 2.4797888615994474,
              "peak_velocity_deg": 1.3691546944873902
            }
          ]
        },
        "ground_truth": {
          "order": "XYZ",
          "excursion_p90_deg": 45.453010936258934,
          "excursion_max_deg": 53.94838942989068,
          "velocity_rms_deg_per_frame": 6.822500602051359,
          "velocity_p95_deg_per_frame": 15.31448242659871,
          "velocity_max_deg_per_frame": 33.92047658174786,
          "euler_axis_step_p95_deg": [
            3.286650499999998,
            2.7371688999999884,
            15.478263099999985
          ],
          "top_velocity_transitions": [
            {
              "from_frame": 156,
              "to_frame": 157,
              "velocity_deg": 33.92047658174786,
              "new_block_offset": 3,
              "inside_release_blend": false
            },
            {
              "from_frame": 172,
              "to_frame": 173,
              "velocity_deg": 32.05624238727297,
              "new_block_offset": 9,
              "inside_release_blend": false
            },
            {
              "from_frame": 151,
              "to_frame": 152,
              "velocity_deg": 28.184562353382695,
              "new_block_offset": 8,
              "inside_release_blend": false
            },
            {
              "from_frame": 157,
              "to_frame": 158,
              "velocity_deg": 27.024831960525447,
              "new_block_offset": 4,
              "inside_release_blend": false
            },
            {
              "from_frame": 161,
              "to_frame": 162,
              "velocity_deg": 25.14289651504347,
              "new_block_offset": 8,
              "inside_release_blend": false
            },
            {
              "from_frame": 160,
              "to_frame": 161,
              "velocity_deg": 24.792670541331567,
              "new_block_offset": 7,
              "inside_release_blend": false
            },
            {
              "from_frame": 212,
              "to_frame": 213,
              "velocity_deg": 21.051529428231458,
              "new_block_offset": 9,
              "inside_release_blend": false
            },
            {
              "from_frame": 213,
              "to_frame": 214,
              "velocity_deg": 20.78398656154137,
              "new_block_offset": 0,
              "inside_release_blend": false
            },
            {
              "from_frame": 152,
              "to_frame": 153,
              "velocity_deg": 17.431875525148936,
              "new_block_offset": 9,
              "inside_release_blend": false
            },
            {
              "from_frame": 132,
              "to_frame": 133,
              "velocity_deg": 15.55597315943207,
              "new_block_offset": 9,
              "inside_release_blend": false
            },
            {
              "from_frame": 162,
              "to_frame": 163,
              "velocity_deg": 15.488359789502587,
              "new_block_offset": 9,
              "inside_release_blend": false
            },
            {
              "from_frame": 211,
              "to_frame": 212,
              "velocity_deg": 15.38419091442847,
              "new_block_offset": 8,
              "inside_release_blend": false
            }
          ],
          "release_blend_blocks_by_path": [
            {
              "start_frame": 154,
              "endpoint_distance_deg": 50.24873635169881,
              "path_distance_deg": 87.31707089872293,
              "path_to_endpoint_ratio": 1.7376968504755426,
              "peak_velocity_deg": 33.92047658174786
            },
            {
              "start_frame": 214,
              "endpoint_distance_deg": 40.712093129557715,
              "path_distance_deg": 51.15676897756665,
              "path_to_endpoint_ratio": 1.2565497139823034,
              "peak_velocity_deg": 13.88215879689943
            },
            {
              "start_frame": 164,
              "endpoint_distance_deg": 9.15383120344784,
              "path_distance_deg": 35.90893181247971,
              "path_to_endpoint_ratio": 3.9228308906280045,
              "peak_velocity_deg": 10.57637291212106
            },
            {
              "start_frame": 174,
              "endpoint_distance_deg": 27.27588399877476,
              "path_distance_deg": 28.339112391949296,
              "path_to_endpoint_ratio": 1.0389805292184957,
              "peak_velocity_deg": 10.269929984947014
            },
            {
              "start_frame": 114,
              "endpoint_distance_deg": 1.835452600772497,
              "path_distance_deg": 22.142977657189682,
              "path_to_endpoint_ratio": 12.064042213822491,
              "peak_velocity_deg": 7.4108351351221735
            },
            {
              "start_frame": 124,
              "endpoint_distance_deg": 14.39205442550034,
              "path_distance_deg": 21.245701706072296,
              "path_to_endpoint_ratio": 1.4762104893397585,
              "peak_velocity_deg": 8.7816746497387
            },
            {
              "start_frame": 104,
              "endpoint_distance_deg": 9.934770766396111,
              "path_distance_deg": 19.097371082075856,
              "path_to_endpoint_ratio": 1.9222759670179612,
              "peak_velocity_deg": 7.353578998196086
            },
            {
              "start_frame": 94,
              "endpoint_distance_deg": 6.639303648215145,
              "path_distance_deg": 17.898590261687318,
              "path_to_endpoint_ratio": 2.6958535427881847,
              "peak_velocity_deg": 5.548547729918343
            },
            {
              "start_frame": 204,
              "endpoint_distance_deg": 10.782367171913835,
              "path_distance_deg": 16.292509113741467,
              "path_to_endpoint_ratio": 1.511032675290504,
              "peak_velocity_deg": 8.216860960347992
            },
            {
              "start_frame": 74,
              "endpoint_distance_deg": 8.552934615831212,
              "path_distance_deg": 13.492694393578635,
              "path_to_endpoint_ratio": 1.5775514486693354,
              "peak_velocity_deg": 3.2387978841077643
            },
            {
              "start_frame": 54,
              "endpoint_distance_deg": 6.398414292527545,
              "path_distance_deg": 13.46190046195284,
              "path_to_endpoint_ratio": 2.103943234447082,
              "peak_velocity_deg": 3.5088534545176198
            },
            {
              "start_frame": 194,
              "endpoint_distance_deg": 8.402553157177246,
              "path_distance_deg": 13.089983781867366,
              "path_to_endpoint_ratio": 1.5578578959284817,
              "peak_velocity_deg": 4.2357070921549775
            },
            {
              "start_frame": 34,
              "endpoint_distance_deg": 1.3278969934955862,
              "path_distance_deg": 11.681999824404873,
              "path_to_endpoint_ratio": 8.797368983909596,
              "peak_velocity_deg": 4.406060397178165
            },
            {
              "start_frame": 134,
              "endpoint_distance_deg": 10.737740328222095,
              "path_distance_deg": 11.448725276418484,
              "path_to_endpoint_ratio": 1.06621364704897,
              "peak_velocity_deg": 3.8968164154653677
            },
            {
              "start_frame": 84,
              "endpoint_distance_deg": 2.1394506760853633,
              "path_distance_deg": 9.20068736856701,
              "path_to_endpoint_ratio": 4.300490528438762,
              "peak_velocity_deg": 3.32496843514939
            },
            {
              "start_frame": 184,
              "endpoint_distance_deg": 0.154745577765813,
              "path_distance_deg": 8.505381505415231,
              "path_to_endpoint_ratio": 54.963648255506236,
              "peak_velocity_deg": 2.5494390009519554
            },
            {
              "start_frame": 44,
              "endpoint_distance_deg": 1.540875842799468,
              "path_distance_deg": 6.965778416519422,
              "path_to_endpoint_ratio": 4.520661706178724,
              "peak_velocity_deg": 1.7936376986916076
            },
            {
              "start_frame": 64,
              "endpoint_distance_deg": 2.787764626595208,
              "path_distance_deg": 5.304781288297212,
              "path_to_endpoint_ratio": 1.9028799051719523,
              "peak_velocity_deg": 2.116279808478766
            },
            {
              "start_frame": 144,
              "endpoint_distance_deg": 3.0155626802620974,
              "path_distance_deg": 3.7406469505293565,
              "path_to_endpoint_ratio": 1.240447421309856,
              "peak_velocity_deg": 1.5627726215836093
            }
          ],
          "boundary_blocks_by_peak": [
            {
              "start_frame": 154,
              "end_frame": 160,
              "entry_jump_deg": 7.305903991693471,
              "path_distance_deg": 94.6229748904164,
              "endpoint_distance_deg": 42.94634106547982,
              "path_to_endpoint_ratio": 2.203283738331649,
              "peak_velocity_deg": 33.92047658174786
            },
            {
              "start_frame": 214,
              "end_frame": 220,
              "entry_jump_deg": 20.78398656154137,
              "path_distance_deg": 71.94075553910803,
              "endpoint_distance_deg": 19.996259938358275,
              "path_to_endpoint_ratio": 3.59771055991856,
              "peak_velocity_deg": 20.78398656154137
            },
            {
              "start_frame": 164,
              "end_frame": 170,
              "entry_jump_deg": 6.87396050944972,
              "path_distance_deg": 42.782892321929424,
              "endpoint_distance_deg": 10.064920136121433,
              "path_to_endpoint_ratio": 4.250693671019632,
              "peak_velocity_deg": 10.57637291212106
            },
            {
              "start_frame": 174,
              "end_frame": 180,
              "entry_jump_deg": 6.244258317522378,
              "path_distance_deg": 34.58337070947167,
              "endpoint_distance_deg": 21.300412624434056,
              "path_to_endpoint_ratio": 1.6236009752130582,
              "peak_velocity_deg": 10.269929984947014
            },
            {
              "start_frame": 204,
              "end_frame": 210,
              "entry_jump_deg": 9.449562700867652,
              "path_distance_deg": 25.74207181460912,
              "endpoint_distance_deg": 2.816290934499213,
              "path_to_endpoint_ratio": 9.140416389255792,
              "peak_velocity_deg": 9.449562700867652
            },
            {
              "start_frame": 124,
              "end_frame": 130,
              "entry_jump_deg": 2.6369503638679572,
              "path_distance_deg": 23.88265206994025,
              "endpoint_distance_deg": 16.99478079363087,
              "path_to_endpoint_ratio": 1.4052933285783096,
              "peak_velocity_deg": 8.7816746497387
            },
            {
              "start_frame": 104,
              "end_frame": 110,
              "entry_jump_deg": 7.812483298748048,
              "path_distance_deg": 26.909854380823905,
              "endpoint_distance_deg": 5.047286856984562,
              "path_to_endpoint_ratio": 5.331548442424146,
              "peak_velocity_deg": 7.812483298748048
            },
            {
              "start_frame": 114,
              "end_frame": 120,
              "entry_jump_deg": 0.8606234918459823,
              "path_distance_deg": 23.003601149035664,
              "endpoint_distance_deg": 2.310965831203084,
              "path_to_endpoint_ratio": 9.954106996493339,
              "peak_velocity_deg": 7.4108351351221735
            },
            {
              "start_frame": 134,
              "end_frame": 140,
              "entry_jump_deg": 5.956741504891023,
              "path_distance_deg": 17.40546678130951,
              "endpoint_distance_deg": 16.387317332308054,
              "path_to_endpoint_ratio": 1.0621303309355061,
              "peak_velocity_deg": 5.956741504891023
            },
            {
              "start_frame": 94,
              "end_frame": 100,
              "entry_jump_deg": 1.8008343363932209,
              "path_distance_deg": 19.69942459808054,
              "endpoint_distance_deg": 5.451329195590169,
              "path_to_endpoint_ratio": 3.6136919806670837,
              "peak_velocity_deg": 5.548547729918343
            },
            {
              "start_frame": 34,
              "end_frame": 40,
              "entry_jump_deg": 0.9236845256946016,
              "path_distance_deg": 12.605684350099473,
              "endpoint_distance_deg": 2.176438034943738,
              "path_to_endpoint_ratio": 5.791887546398873,
              "peak_velocity_deg": 4.406060397178165
            },
            {
              "start_frame": 194,
              "end_frame": 200,
              "entry_jump_deg": 3.400020333545767,
              "path_distance_deg": 16.490004115413136,
              "endpoint_distance_deg": 7.610803439499296,
              "path_to_endpoint_ratio": 2.1666574687544404,
              "peak_velocity_deg": 4.2357070921549775
            },
            {
              "start_frame": 54,
              "end_frame": 60,
              "entry_jump_deg": 2.364122898188076,
              "path_distance_deg": 15.826023360140919,
              "endpoint_distance_deg": 8.762369218205942,
              "path_to_endpoint_ratio": 1.806135186275708,
              "peak_velocity_deg": 3.5088534545176198
            },
            {
              "start_frame": 84,
              "end_frame": 90,
              "entry_jump_deg": 0.5292456377716237,
              "path_distance_deg": 9.729933006338634,
              "endpoint_distance_deg": 2.4118422217188153,
              "path_to_endpoint_ratio": 4.034232802925447,
              "peak_velocity_deg": 3.32496843514939
            },
            {
              "start_frame": 74,
              "end_frame": 80,
              "entry_jump_deg": 2.292585519668062,
              "path_distance_deg": 15.785279913246697,
              "endpoint_distance_deg": 7.509297338579732,
              "path_to_endpoint_ratio": 2.102098132690567,
              "peak_velocity_deg": 3.2387978841077643
            },
            {
              "start_frame": 184,
              "end_frame": 190,
              "entry_jump_deg": 1.9283144642217274,
              "path_distance_deg": 10.43369596963696,
              "endpoint_distance_deg": 2.0801230396494317,
              "path_to_endpoint_ratio": 5.01590327627705,
              "peak_velocity_deg": 2.5494390009519554
            },
            {
              "start_frame": 64,
              "end_frame": 70,
              "entry_jump_deg": 2.269244961808421,
              "path_distance_deg": 7.574026250105633,
              "endpoint_distance_deg": 4.677015628205164,
              "path_to_endpoint_ratio": 1.6194143556907925,
              "peak_velocity_deg": 2.269244961808421
            },
            {
              "start_frame": 44,
              "end_frame": 50,
              "entry_jump_deg": 1.1156518272242404,
              "path_distance_deg": 8.081430243743663,
              "endpoint_distance_deg": 1.2049241231435772,
              "path_to_endpoint_ratio": 6.707003444050634,
              "peak_velocity_deg": 1.7936376986916076
            },
            {
              "start_frame": 144,
              "end_frame": 150,
              "entry_jump_deg": 0.26259660821424724,
              "path_distance_deg": 4.003243558743604,
              "endpoint_distance_deg": 3.152613213811684,
              "path_to_endpoint_ratio": 1.2698175409546864,
              "peak_velocity_deg": 1.5627726215836093
            }
          ]
        },
        "ratios": {
          "excursion_p90": 0.4540219000215997,
          "velocity_rms": 0.9124411946045747,
          "velocity_p95": 0.8345117989493795
        }
      }
    }
  }
}
