{
  "transition_blend": 3,
  "boundary_window": 7,
  "segments": {
    "quiet": {
      "RightShoulder": {
        "prediction": {
          "order": "XYZ",
          "excursion_p90_deg": 2.8929739895321083,
          "excursion_max_deg": 5.043824633357592,
          "velocity_rms_deg_per_frame": 0.7018633575993638,
          "velocity_p95_deg_per_frame": 1.1781914472139448,
          "velocity_max_deg_per_frame": 4.098711750100814,
          "euler_axis_step_p95_deg": [
            0.014532299999990521,
            0.8175825999999989,
            1.0280802999999985
          ],
          "top_velocity_transitions": [
            {
              "from_frame": 135,
              "to_frame": 136,
              "velocity_deg": 4.098711750100814,
              "new_block_offset": 2,
              "inside_release_blend": true
            },
            {
              "from_frame": 134,
              "to_frame": 135,
              "velocity_deg": 4.098708216621291,
              "new_block_offset": 1,
              "inside_release_blend": true
            },
            {
              "from_frame": 175,
              "to_frame": 176,
              "velocity_deg": 2.413481749409872,
              "new_block_offset": 2,
              "inside_release_blend": true
            },
            {
              "from_frame": 174,
              "to_frame": 175,
              "velocity_deg": 2.082434399726875,
              "new_block_offset": 1,
              "inside_release_blend": true
            },
            {
              "from_frame": 91,
              "to_frame": 92,
              "velocity_deg": 1.8852356738395752,
              "new_block_offset": 8,
              "inside_release_blend": false
            },
            {
              "from_frame": 95,
              "to_frame": 96,
              "velocity_deg": 1.7799858377328273,
              "new_block_offset": 2,
              "inside_release_blend": true
            },
            {
              "from_frame": 137,
              "to_frame": 138,
              "velocity_deg": 1.7584892208528549,
              "new_block_offset": 4,
              "inside_release_blend": false
            },
            {
              "from_frame": 200,
              "to_frame": 201,
              "velocity_deg": 1.6112959769323352,
              "new_block_offset": 7,
              "inside_release_blend": false
            },
            {
              "from_frame": 94,
              "to_frame": 95,
              "velocity_deg": 1.606583209607454,
              "new_block_offset": 1,
              "inside_release_blend": true
            },
            {
              "from_frame": 105,
              "to_frame": 106,
              "velocity_deg": 1.3135509005419914,
              "new_block_offset": 2,
              "inside_release_blend": true
            },
            {
              "from_frame": 90,
              "to_frame": 91,
              "velocity_deg": 1.1941228001984783,
              "new_block_offset": 7,
              "inside_release_blend": false
            },
            {
              "from_frame": 166,
              "to_frame": 167,
              "velocity_deg": 1.179437744315225,
              "new_block_offset": 3,
              "inside_release_blend": false
            }
          ],
          "release_blend_blocks_by_path": [
            {
              "start_frame": 134,
              "endpoint_distance_deg": 5.664935303353338,
              "path_distance_deg": 11.895753752101788,
              "path_to_endpoint_ratio": 2.0998922520898233,
              "peak_velocity_deg": 4.098711750100814
            },
            {
              "start_frame": 174,
              "endpoint_distance_deg": 3.406552744766653,
              "path_distance_deg": 7.482575690622526,
              "path_to_endpoint_ratio": 2.1965242434944536,
              "peak_velocity_deg": 2.413481749409872
            },
            {
              "start_frame": 94,
              "endpoint_distance_deg": 4.5811406507714745,
              "path_distance_deg": 5.010309458073377,
              "path_to_endpoint_ratio": 1.0936816483094947,
              "peak_velocity_deg": 1.7799858377328273
            },
            {
              "start_frame": 164,
              "endpoint_distance_deg": 1.2425535291023249,
              "path_distance_deg": 4.077943871637392,
              "path_to_endpoint_ratio": 3.2819059912722452,
              "peak_velocity_deg": 1.179437744315225
            },
            {
              "start_frame": 194,
              "endpoint_distance_deg": 1.1258951405139794,
              "path_distance_deg": 4.013254008264314,
              "path_to_endpoint_ratio": 3.5645006926952667,
              "peak_velocity_deg": 1.1669747733024256
            },
            {
              "start_frame": 84,
              "endpoint_distance_deg": 1.9124153696140345,
              "path_distance_deg": 3.9106078924714502,
              "path_to_endpoint_ratio": 2.044852783870218,
              "peak_velocity_deg": 1.1191766479229763
            },
            {
              "start_frame": 104,
              "endpoint_distance_deg": 2.5808589264306967,
              "path_distance_deg": 3.799803917704146,
              "path_to_endpoint_ratio": 1.472302061453331,
              "peak_velocity_deg": 1.3135509005419914
            },
            {
              "start_frame": 114,
              "endpoint_distance_deg": 1.6053653729553614,
              "path_distance_deg": 3.36603923645642,
              "path_to_endpoint_ratio": 2.096743391356315,
              "peak_velocity_deg": 0.996689060999149
            },
            {
              "start_frame": 154,
              "endpoint_distance_deg": 3.001359258735156,
              "path_distance_deg": 3.2746719460809537,
              "path_to_endpoint_ratio": 1.0910629697362448,
              "peak_velocity_deg": 0.7669761006054686
            },
            {
              "start_frame": 214,
              "endpoint_distance_deg": 1.9238495657554775,
              "path_distance_deg": 3.1486934751373266,
              "path_to_endpoint_ratio": 1.6366630381003124,
              "peak_velocity_deg": 1.08379918423518
            },
            {
              "start_frame": 54,
              "endpoint_distance_deg": 2.5959524546583728,
              "path_distance_deg": 3.0028288613981906,
              "path_to_endpoint_ratio": 1.1567349224789107,
              "peak_velocity_deg": 1.0530841886623161
            },
            {
              "start_frame": 64,
              "endpoint_distance_deg": 1.756508271415601,
              "path_distance_deg": 2.8232194670974806,
              "path_to_endpoint_ratio": 1.6072907330075925,
              "peak_velocity_deg": 1.0651204853614502
            },
            {
              "start_frame": 74,
              "endpoint_distance_deg": 1.8244140534825959,
              "path_distance_deg": 2.787434343069755,
              "path_to_endpoint_ratio": 1.5278518260418268,
              "peak_velocity_deg": 0.7081403883958227
            },
            {
              "start_frame": 34,
              "endpoint_distance_deg": 2.1471502714742194,
              "path_distance_deg": 2.5144222992801866,
              "path_to_endpoint_ratio": 1.1710509192976981,
              "peak_velocity_deg": 0.7299552973882953
            },
            {
              "start_frame": 144,
              "endpoint_distance_deg": 0.9842740842755643,
              "path_distance_deg": 2.1006534170729423,
              "path_to_endpoint_ratio": 2.134215916716983,
              "peak_velocity_deg": 0.7329141715149439
            },
            {
              "start_frame": 204,
              "endpoint_distance_deg": 1.4948432851249964,
              "path_distance_deg": 2.0942149256448146,
              "path_to_endpoint_ratio": 1.4009595162811328,
              "peak_velocity_deg": 0.5966482934013554
            },
            {
              "start_frame": 124,
              "endpoint_distance_deg": 1.4420456938011244,
              "path_distance_deg": 2.031089842461432,
              "path_to_endpoint_ratio": 1.4084781440646525,
              "peak_velocity_deg": 0.5013253585176489
            },
            {
              "start_frame": 184,
              "endpoint_distance_deg": 1.1274586859506632,
              "path_distance_deg": 1.8179227917256546,
              "path_to_endpoint_ratio": 1.6124074561479813,
              "peak_velocity_deg": 0.6135128873980367
            },
            {
              "start_frame": 44,
              "endpoint_distance_deg": 0.6292652417419676,
              "path_distance_deg": 1.392486424571964,
              "path_to_endpoint_ratio": 2.212876752444175,
              "peak_velocity_deg": 0.4639769890213569
            }
          ],
          "boundary_blocks_by_peak": [
            {
              "start_frame": 134,
              "end_frame": 140,
              "entry_jump_deg": 0.7934828051056122,
              "path_distance_deg": 12.6892365572074,
              "endpoint_distance_deg": 4.924777539913834,
              "path_to_endpoint_ratio": 2.5766111168199926,
              "peak_velocity_deg": 4.098711750100814
            },
            {
              "start_frame": 174,
              "end_frame": 180,
              "entry_jump_deg": 0.24784579886550379,
              "path_distance_deg": 7.730421489488029,
              "endpoint_distance_deg": 3.2212849738349685,
              "path_to_endpoint_ratio": 2.3997943529612327,
              "peak_velocity_deg": 2.413481749409872
            },
            {
              "start_frame": 94,
              "end_frame": 100,
              "entry_jump_deg": 0.39127192344781797,
              "path_distance_deg": 5.401581381521194,
              "endpoint_distance_deg": 4.536146669117259,
              "path_to_endpoint_ratio": 1.1907863161250802,
              "peak_velocity_deg": 1.7799858377328273
            },
            {
              "start_frame": 104,
              "end_frame": 110,
              "entry_jump_deg": 0.11461787472790573,
              "path_distance_deg": 3.9144217924320515,
              "endpoint_distance_deg": 2.6056610679222705,
              "path_to_endpoint_ratio": 1.5022758871526505,
              "peak_velocity_deg": 1.3135509005419914
            },
            {
              "start_frame": 164,
              "end_frame": 170,
              "entry_jump_deg": 0.5917821315971845,
              "path_distance_deg": 4.669726003234576,
              "endpoint_distance_deg": 0.9087774724340378,
              "path_to_endpoint_ratio": 5.1384702469872465,
              "peak_velocity_deg": 1.179437744315225
            },
            {
              "start_frame": 194,
              "end_frame": 200,
              "entry_jump_deg": 0.047908983945600586,
              "path_distance_deg": 4.061162992209915,
              "endpoint_distance_deg": 1.1430776498948727,
              "path_to_endpoint_ratio": 3.552832121757795,
              "peak_velocity_deg": 1.1669747733024256
            },
            {
              "start_frame": 84,
              "end_frame": 90,
              "entry_jump_deg": 0.22182134326879963,
              "path_distance_deg": 4.13242923574025,
              "endpoint_distance_deg": 1.9544760864675121,
              "path_to_endpoint_ratio": 2.1143411599418105,
              "peak_velocity_deg": 1.1191766479229763
            },
            {
              "start_frame": 214,
              "end_frame": 220,
              "entry_jump_deg": 0.22357547639445235,
              "path_distance_deg": 3.372268951531779,
              "endpoint_distance_deg": 2.113249019717401,
              "path_to_endpoint_ratio": 1.595774525419036,
              "peak_velocity_deg": 1.08379918423518
            },
            {
              "start_frame": 64,
              "end_frame": 70,
              "entry_jump_deg": 0.3369963727797112,
              "path_distance_deg": 3.160215839877192,
              "endpoint_distance_deg": 1.4507111168642406,
              "path_to_endpoint_ratio": 2.1783908616541807,
              "peak_velocity_deg": 1.0651204853614502
            },
            {
              "start_frame": 54,
              "end_frame": 60,
              "entry_jump_deg": 0.7503988941818747,
              "path_distance_deg": 3.7532277555800655,
              "endpoint_distance_deg": 2.480797748923904,
              "path_to_endpoint_ratio": 1.5129116257897701,
              "peak_velocity_deg": 1.0530841886623161
            },
            {
              "start_frame": 114,
              "end_frame": 120,
              "entry_jump_deg": 0.04139112973112865,
              "path_distance_deg": 3.4074303661875485,
              "endpoint_distance_deg": 1.5707308656510093,
              "path_to_endpoint_ratio": 2.169327948346705,
              "peak_velocity_deg": 0.996689060999149
            },
            {
              "start_frame": 154,
              "end_frame": 160,
              "entry_jump_deg": 0.08469784381770641,
              "path_distance_deg": 3.35936978989866,
              "endpoint_distance_deg": 3.05605716258837,
              "path_to_endpoint_ratio": 1.0992496577038484,
              "peak_velocity_deg": 0.7669761006054686
            },
            {
              "start_frame": 144,
              "end_frame": 150,
              "entry_jump_deg": 0.3090143195749377,
              "path_distance_deg": 2.40966773664788,
              "endpoint_distance_deg": 0.9436548241864642,
              "path_to_endpoint_ratio": 2.5535478385598065,
              "peak_velocity_deg": 0.7329141715149439
            },
            {
              "start_frame": 34,
              "end_frame": 40,
              "entry_jump_deg": 0.17343506582650864,
              "path_distance_deg": 2.6878573651066953,
              "endpoint_distance_deg": 2.2892219223958055,
              "path_to_endpoint_ratio": 1.1741357789784288,
              "peak_velocity_deg": 0.7299552973882953
            },
            {
              "start_frame": 74,
              "end_frame": 80,
              "entry_jump_deg": 0.2104789946669644,
              "path_distance_deg": 2.9979133377367195,
              "endpoint_distance_deg": 1.9481877078457748,
              "path_to_endpoint_ratio": 1.5388216061848004,
              "peak_velocity_deg": 0.7081403883958227
            },
            {
              "start_frame": 184,
              "end_frame": 190,
              "entry_jump_deg": 0.4131211565167654,
              "path_distance_deg": 2.2310439482424202,
              "endpoint_distance_deg": 0.7151646697337549,
              "path_to_endpoint_ratio": 3.119622714406466,
              "peak_velocity_deg": 0.6135128873980367
            },
            {
              "start_frame": 204,
              "end_frame": 210,
              "entry_jump_deg": 0.19436134305347258,
              "path_distance_deg": 2.288576268698287,
              "endpoint_distance_deg": 1.4114744382704627,
              "path_to_endpoint_ratio": 1.6214082286198346,
              "peak_velocity_deg": 0.5966482934013554
            },
            {
              "start_frame": 124,
              "end_frame": 130,
              "entry_jump_deg": 0.36839077558981687,
              "path_distance_deg": 2.3994806180512485,
              "endpoint_distance_deg": 1.3236025346573064,
              "path_to_endpoint_ratio": 1.8128407548513024,
              "peak_velocity_deg": 0.5013253585176489
            },
            {
              "start_frame": 44,
              "end_frame": 50,
              "entry_jump_deg": 0.22930969394579712,
              "path_distance_deg": 1.6217961185177612,
              "endpoint_distance_deg": 0.7700817196597687,
              "path_to_endpoint_ratio": 2.106005216218209,
              "peak_velocity_deg": 0.4639769890213569
            }
          ]
        },
        "ground_truth": {
          "order": "XYZ",
          "excursion_p90_deg": 4.722799798383487,
          "excursion_max_deg": 9.321677023170455,
          "velocity_rms_deg_per_frame": 0.6447664257886089,
          "velocity_p95_deg_per_frame": 1.3673955029604634,
          "velocity_max_deg_per_frame": 4.105665276358565,
          "euler_axis_step_p95_deg": [
            9.999999974752427e-07,
            0.7778150000000124,
            1.2188071999999899
          ],
          "top_velocity_transitions": [
            {
              "from_frame": 187,
              "to_frame": 188,
              "velocity_deg": 4.105665276358565,
              "new_block_offset": 4,
              "inside_release_blend": false
            },
            {
              "from_frame": 176,
              "to_frame": 177,
              "velocity_deg": 2.2123195157852122,
              "new_block_offset": 3,
              "inside_release_blend": false
            },
            {
              "from_frame": 188,
              "to_frame": 189,
              "velocity_deg": 2.1356877679257766,
              "new_block_offset": 5,
              "inside_release_blend": false
            },
            {
              "from_frame": 172,
              "to_frame": 173,
              "velocity_deg": 1.8171545050212234,
              "new_block_offset": 9,
              "inside_release_blend": false
            },
            {
              "from_frame": 177,
              "to_frame": 178,
              "velocity_deg": 1.7615186314286337,
              "new_block_offset": 4,
              "inside_release_blend": false
            },
            {
              "from_frame": 175,
              "to_frame": 176,
              "velocity_deg": 1.5371507203063395,
              "new_block_offset": 2,
              "inside_release_blend": true
            },
            {
              "from_frame": 200,
              "to_frame": 201,
              "velocity_deg": 1.5094019855618142,
              "new_block_offset": 7,
              "inside_release_blend": false
            },
            {
              "from_frame": 186,
              "to_frame": 187,
              "velocity_deg": 1.491003425864597,
              "new_block_offset": 3,
              "inside_release_blend": false
            },
            {
              "from_frame": 87,
              "to_frame": 88,
              "velocity_deg": 1.4770386821148023,
              "new_block_offset": 4,
              "inside_release_blend": false
            },
            {
              "from_frame": 118,
              "to_frame": 119,
              "velocity_deg": 1.4681525862680365,
              "new_block_offset": 5,
              "inside_release_blend": false
            },
            {
              "from_frame": 89,
              "to_frame": 90,
              "velocity_deg": 1.4519166473235825,
              "new_block_offset": 6,
              "inside_release_blend": false
            },
            {
              "from_frame": 117,
              "to_frame": 118,
              "velocity_deg": 1.367492355997904,
              "new_block_offset": 4,
              "inside_release_blend": false
            }
          ],
          "release_blend_blocks_by_path": [
            {
              "start_frame": 184,
              "endpoint_distance_deg": 8.057046433806985,
              "path_distance_deg": 8.338734707427399,
              "path_to_endpoint_ratio": 1.0349617289579545,
              "peak_velocity_deg": 4.105665276358565
            },
            {
              "start_frame": 174,
              "endpoint_distance_deg": 5.9288763574193135,
              "path_distance_deg": 6.966343567027927,
              "path_to_endpoint_ratio": 1.1749854689262227,
              "peak_velocity_deg": 2.2123195157852122
            },
            {
              "start_frame": 84,
              "endpoint_distance_deg": 1.634266354992219,
              "path_distance_deg": 5.098281357340453,
              "path_to_endpoint_ratio": 3.1196147077045633,
              "peak_velocity_deg": 1.4770386821148023
            },
            {
              "start_frame": 114,
              "endpoint_distance_deg": 3.7770754532665545,
              "path_distance_deg": 4.883365085276882,
              "path_to_endpoint_ratio": 1.292895825274967,
              "peak_velocity_deg": 1.4681525862680365
            },
            {
              "start_frame": 204,
              "endpoint_distance_deg": 4.10048743726984,
              "path_distance_deg": 4.251086654027187,
              "path_to_endpoint_ratio": 1.0367271498965054,
              "peak_velocity_deg": 1.2450930405919303
            },
            {
              "start_frame": 54,
              "endpoint_distance_deg": 1.212196930850319,
              "path_distance_deg": 3.5871004901341035,
              "path_to_endpoint_ratio": 2.9591730508819736,
              "peak_velocity_deg": 1.0187841757935956
            },
            {
              "start_frame": 64,
              "endpoint_distance_deg": 2.234774584050885,
              "path_distance_deg": 2.954172289225877,
              "path_to_endpoint_ratio": 1.3219106348842438,
              "peak_velocity_deg": 1.3580336444091359
            },
            {
              "start_frame": 124,
              "endpoint_distance_deg": 2.1179366215686533,
              "path_distance_deg": 2.564115803649305,
              "path_to_endpoint_ratio": 1.2106669187060888,
              "peak_velocity_deg": 0.6611047544891434
            },
            {
              "start_frame": 144,
              "endpoint_distance_deg": 0.8591123939979417,
              "path_distance_deg": 2.521823233801081,
              "path_to_endpoint_ratio": 2.9353822054243617,
              "peak_velocity_deg": 0.5708151366695595
            },
            {
              "start_frame": 214,
              "endpoint_distance_deg": 1.3156687943359469,
              "path_distance_deg": 2.2932767026748198,
              "path_to_endpoint_ratio": 1.7430501601524249,
              "peak_velocity_deg": 0.8310292254748864
            },
            {
              "start_frame": 104,
              "endpoint_distance_deg": 0.5294513877331439,
              "path_distance_deg": 1.9426956192728468,
              "path_to_endpoint_ratio": 3.6692615493757317,
              "peak_velocity_deg": 0.5930753486100605
            },
            {
              "start_frame": 194,
              "endpoint_distance_deg": 0.7244820319319449,
              "path_distance_deg": 1.6727048649634715,
              "path_to_endpoint_ratio": 2.308828640653712,
              "peak_velocity_deg": 0.6231795680133528
            },
            {
              "start_frame": 154,
              "endpoint_distance_deg": 0.5773278248375443,
              "path_distance_deg": 1.3371917129926458,
              "path_to_endpoint_ratio": 2.316174027068454,
              "peak_velocity_deg": 0.3227962865215016
            },
            {
              "start_frame": 34,
              "endpoint_distance_deg": 0.7552723480669142,
              "path_distance_deg": 1.1705404909569639,
              "path_to_endpoint_ratio": 1.549825693940616,
              "peak_velocity_deg": 0.2841631502368757
            },
            {
              "start_frame": 94,
              "endpoint_distance_deg": 0.8128884779393349,
              "path_distance_deg": 1.096594066010685,
              "path_to_endpoint_ratio": 1.3490092377622835,
              "peak_velocity_deg": 0.2692868591873879
            },
            {
              "start_frame": 164,
              "endpoint_distance_deg": 0.5835117755028738,
              "path_distance_deg": 1.0834756799267913,
              "path_to_endpoint_ratio": 1.8568188773792023,
              "peak_velocity_deg": 0.3352179403211333
            },
            {
              "start_frame": 74,
              "endpoint_distance_deg": 0.5486901147646516,
              "path_distance_deg": 1.0285360413729043,
              "path_to_endpoint_ratio": 1.8745299280889578,
              "peak_velocity_deg": 0.2492885899001067
            },
            {
              "start_frame": 44,
              "endpoint_distance_deg": 0.09568747701076605,
              "path_distance_deg": 0.7966350955871345,
              "path_to_endpoint_ratio": 8.325385102352557,
              "peak_velocity_deg": 0.19608839749972498
            },
            {
              "start_frame": 134,
              "endpoint_distance_deg": 0.22767448630829185,
              "path_distance_deg": 0.6831448637283059,
              "path_to_endpoint_ratio": 3.000533238508183,
              "peak_velocity_deg": 0.17960082828482582
            }
          ],
          "boundary_blocks_by_peak": [
            {
              "start_frame": 184,
              "end_frame": 190,
              "entry_jump_deg": 0.21922146408298485,
              "path_distance_deg": 8.557956171510384,
              "endpoint_distance_deg": 7.8927819987994035,
              "path_to_endpoint_ratio": 1.084276263149313,
              "peak_velocity_deg": 4.105665276358565
            },
            {
              "start_frame": 174,
              "end_frame": 180,
              "entry_jump_deg": 0.9387120122197514,
              "path_distance_deg": 7.905055579247679,
              "endpoint_distance_deg": 6.668851033366243,
              "path_to_endpoint_ratio": 1.1853699444921377,
              "peak_velocity_deg": 2.2123195157852122
            },
            {
              "start_frame": 84,
              "end_frame": 90,
              "entry_jump_deg": 0.06419894123763953,
              "path_distance_deg": 5.162480298578092,
              "endpoint_distance_deg": 1.6978484027064324,
              "path_to_endpoint_ratio": 3.040601440239841,
              "peak_velocity_deg": 1.4770386821148023
            },
            {
              "start_frame": 114,
              "end_frame": 120,
              "entry_jump_deg": 0.039049731555344414,
              "path_distance_deg": 4.922414816832227,
              "endpoint_distance_deg": 3.7752161381911566,
              "path_to_endpoint_ratio": 1.3038762912236157,
              "peak_velocity_deg": 1.4681525862680365
            },
            {
              "start_frame": 64,
              "end_frame": 70,
              "entry_jump_deg": 0.20173673080456792,
              "path_distance_deg": 3.1559090200304443,
              "endpoint_distance_deg": 2.038875730547223,
              "path_to_endpoint_ratio": 1.5478672744725916,
              "peak_velocity_deg": 1.3580336444091359
            },
            {
              "start_frame": 204,
              "end_frame": 210,
              "entry_jump_deg": 0.0667216090638918,
              "path_distance_deg": 4.317808263091079,
              "endpoint_distance_deg": 4.165102428243511,
              "path_to_endpoint_ratio": 1.0366631643467088,
              "peak_velocity_deg": 1.2450930405919303
            },
            {
              "start_frame": 54,
              "end_frame": 60,
              "entry_jump_deg": 0.6731379349166489,
              "path_distance_deg": 4.260238425050752,
              "endpoint_distance_deg": 1.8819402862151515,
              "path_to_endpoint_ratio": 2.2637479288031477,
              "peak_velocity_deg": 1.0187841757935956
            },
            {
              "start_frame": 214,
              "end_frame": 220,
              "entry_jump_deg": 0.11589805278947547,
              "path_distance_deg": 2.4091747554642953,
              "endpoint_distance_deg": 1.3355827188382408,
              "path_to_endpoint_ratio": 1.8038379214429494,
              "peak_velocity_deg": 0.8310292254748864
            },
            {
              "start_frame": 124,
              "end_frame": 130,
              "entry_jump_deg": 0.4514833239609667,
              "path_distance_deg": 3.015599127610271,
              "endpoint_distance_deg": 2.2642238704993676,
              "path_to_endpoint_ratio": 1.331846716616935,
              "peak_velocity_deg": 0.6611047544891434
            },
            {
              "start_frame": 194,
              "end_frame": 200,
              "entry_jump_deg": 0.11033770542869734,
              "path_distance_deg": 1.783042570392169,
              "endpoint_distance_deg": 0.7771065539270517,
              "path_to_endpoint_ratio": 2.2944634315354726,
              "peak_velocity_deg": 0.6231795680133528
            },
            {
              "start_frame": 104,
              "end_frame": 110,
              "entry_jump_deg": 0.5030248742006445,
              "path_distance_deg": 2.4457204934734915,
              "endpoint_distance_deg": 0.8874051273242312,
              "path_to_endpoint_ratio": 2.7560360180113075,
              "peak_velocity_deg": 0.5930753486100605
            },
            {
              "start_frame": 144,
              "end_frame": 150,
              "entry_jump_deg": 0.17564956070517648,
              "path_distance_deg": 2.6974727945062575,
              "endpoint_distance_deg": 0.9301275923962987,
              "path_to_endpoint_ratio": 2.9001104972670753,
              "peak_velocity_deg": 0.5708151366695595
            },
            {
              "start_frame": 164,
              "end_frame": 170,
              "entry_jump_deg": 0.38233553735319475,
              "path_distance_deg": 1.4658112172799858,
              "endpoint_distance_deg": 0.7480487720124877,
              "path_to_endpoint_ratio": 1.9595128982519285,
              "peak_velocity_deg": 0.38233553735319475
            },
            {
              "start_frame": 154,
              "end_frame": 160,
              "entry_jump_deg": 0.3800128553008091,
              "path_distance_deg": 1.717204568293455,
              "endpoint_distance_deg": 0.6212006762456157,
              "path_to_endpoint_ratio": 2.764331453519686,
              "peak_velocity_deg": 0.3800128553008091
            },
            {
              "start_frame": 34,
              "end_frame": 40,
              "entry_jump_deg": 0.36694593298542255,
              "path_distance_deg": 1.5374864239423869,
              "endpoint_distance_deg": 0.9539633365892464,
              "path_to_endpoint_ratio": 1.611682928444022,
              "peak_velocity_deg": 0.36694593298542255
            },
            {
              "start_frame": 94,
              "end_frame": 100,
              "entry_jump_deg": 0.27050452560283766,
              "path_distance_deg": 1.3670985916135225,
              "endpoint_distance_deg": 0.5450617060051451,
              "path_to_endpoint_ratio": 2.5081538045173506,
              "peak_velocity_deg": 0.27050452560283766
            },
            {
              "start_frame": 74,
              "end_frame": 80,
              "entry_jump_deg": 0.26823192051112504,
              "path_distance_deg": 1.2967679618840293,
              "endpoint_distance_deg": 0.32162612733979223,
              "path_to_endpoint_ratio": 4.031911128022312,
              "peak_velocity_deg": 0.26823192051112504
            },
            {
              "start_frame": 44,
              "end_frame": 50,
              "entry_jump_deg": 0.25704075511312946,
              "path_distance_deg": 1.0536758507002641,
              "endpoint_distance_deg": 0.28019206431736726,
              "path_to_endpoint_ratio": 3.7605485125616878,
              "peak_velocity_deg": 0.25704075511312946
            },
            {
              "start_frame": 134,
              "end_frame": 140,
              "entry_jump_deg": 0.06585590275173114,
              "path_distance_deg": 0.749000766480037,
              "endpoint_distance_deg": 0.2927416408122057,
              "path_to_endpoint_ratio": 2.558572686830441,
              "peak_velocity_deg": 0.17960082828482582
            }
          ]
        },
        "ratios": {
          "excursion_p90": 0.6125548642824774,
          "velocity_rms": 1.0885544431705172,
          "velocity_p95": 0.8616317990392065
        }
      },
      "RightArm": {
        "prediction": {
          "order": "XYZ",
          "excursion_p90_deg": 27.535266130981096,
          "excursion_max_deg": 42.86541561092349,
          "velocity_rms_deg_per_frame": 6.440746394254998,
          "velocity_p95_deg_per_frame": 12.168294579386727,
          "velocity_max_deg_per_frame": 31.92299877001013,
          "euler_axis_step_p95_deg": [
            10.28312989999999,
            6.621455599999994,
            4.3732003999999876
          ],
          "top_velocity_transitions": [
            {
              "from_frame": 135,
              "to_frame": 136,
              "velocity_deg": 31.92299877001013,
              "new_block_offset": 2,
              "inside_release_blend": true
            },
            {
              "from_frame": 134,
              "to_frame": 135,
              "velocity_deg": 27.311599980957574,
              "new_block_offset": 1,
              "inside_release_blend": true
            },
            {
              "from_frame": 175,
              "to_frame": 176,
              "velocity_deg": 25.90430270045728,
              "new_block_offset": 2,
              "inside_release_blend": true
            },
            {
              "from_frame": 174,
              "to_frame": 175,
              "velocity_deg": 21.603896514448888,
              "new_block_offset": 1,
              "inside_release_blend": true
            },
            {
              "from_frame": 165,
              "to_frame": 166,
              "velocity_deg": 15.435591894117593,
              "new_block_offset": 2,
              "inside_release_blend": true
            },
            {
              "from_frame": 164,
              "to_frame": 165,
              "velocity_deg": 15.435587553624956,
              "new_block_offset": 1,
              "inside_release_blend": true
            },
            {
              "from_frame": 155,
              "to_frame": 156,
              "velocity_deg": 14.851833645271485,
              "new_block_offset": 2,
              "inside_release_blend": true
            },
            {
              "from_frame": 199,
              "to_frame": 200,
              "velocity_deg": 14.057560295677808,
              "new_block_offset": 6,
              "inside_release_blend": false
            },
            {
              "from_frame": 154,
              "to_frame": 155,
              "velocity_deg": 13.59373118122939,
              "new_block_offset": 1,
              "inside_release_blend": true
            },
            {
              "from_frame": 195,
              "to_frame": 196,
              "velocity_deg": 12.36672494224735,
              "new_block_offset": 2,
              "inside_release_blend": true
            },
            {
              "from_frame": 194,
              "to_frame": 195,
              "velocity_deg": 12.268757759007109,
              "new_block_offset": 1,
              "inside_release_blend": true
            },
            {
              "from_frame": 85,
              "to_frame": 86,
              "velocity_deg": 12.209495258329264,
              "new_block_offset": 2,
              "inside_release_blend": true
            }
          ],
          "release_blend_blocks_by_path": [
            {
              "start_frame": 134,
              "endpoint_distance_deg": 63.22126699143036,
              "path_distance_deg": 87.10872277237867,
              "path_to_endpoint_ratio": 1.3778389285394463,
              "peak_velocity_deg": 31.92299877001013
            },
            {
              "start_frame": 174,
              "endpoint_distance_deg": 48.21429014519222,
              "path_distance_deg": 79.03633432284757,
              "path_to_endpoint_ratio": 1.6392719686391322,
              "peak_velocity_deg": 25.90430270045728
            },
            {
              "start_frame": 194,
              "endpoint_distance_deg": 4.907103152668227,
              "path_distance_deg": 59.01627026013431,
              "path_to_endpoint_ratio": 12.026702603152808,
              "peak_velocity_deg": 14.057560295677808
            },
            {
              "start_frame": 84,
              "endpoint_distance_deg": 31.22882554176923,
              "path_distance_deg": 54.79251846684605,
              "path_to_endpoint_ratio": 1.7545494432238533,
              "peak_velocity_deg": 12.209495258329264
            },
            {
              "start_frame": 164,
              "endpoint_distance_deg": 23.042021493592436,
              "path_distance_deg": 45.00593274925702,
              "path_to_endpoint_ratio": 1.9532111261059428,
              "peak_velocity_deg": 15.435591894117593
            },
            {
              "start_frame": 74,
              "endpoint_distance_deg": 34.636502104306906,
              "path_distance_deg": 39.3431674724211,
              "path_to_endpoint_ratio": 1.1358874332615978,
              "peak_velocity_deg": 10.466665202248045
            },
            {
              "start_frame": 94,
              "endpoint_distance_deg": 21.24012537857752,
              "path_distance_deg": 38.299331848389826,
              "path_to_endpoint_ratio": 1.8031594054062399,
              "peak_velocity_deg": 11.093980207911772
            },
            {
              "start_frame": 154,
              "endpoint_distance_deg": 33.73357529994504,
              "path_distance_deg": 35.45539184437356,
              "path_to_endpoint_ratio": 1.051041626306101,
              "peak_velocity_deg": 14.851833645271485
            },
            {
              "start_frame": 124,
              "endpoint_distance_deg": 19.901742358925656,
              "path_distance_deg": 29.018443315888575,
              "path_to_endpoint_ratio": 1.4580855682152978,
              "peak_velocity_deg": 8.18974587290207
            },
            {
              "start_frame": 44,
              "endpoint_distance_deg": 17.052726165939085,
              "path_distance_deg": 27.567283519700425,
              "path_to_endpoint_ratio": 1.6165909926333653,
              "peak_velocity_deg": 6.7324974865907965
            },
            {
              "start_frame": 204,
              "endpoint_distance_deg": 24.5135694791782,
              "path_distance_deg": 26.243609546866782,
              "path_to_endpoint_ratio": 1.0705747920211324,
              "peak_velocity_deg": 7.127764854859507
            },
            {
              "start_frame": 144,
              "endpoint_distance_deg": 14.631676511753476,
              "path_distance_deg": 25.987421378250446,
              "path_to_endpoint_ratio": 1.7761068840863872,
              "peak_velocity_deg": 8.925567107429769
            },
            {
              "start_frame": 104,
              "endpoint_distance_deg": 15.472944399521335,
              "path_distance_deg": 24.17124048138211,
              "path_to_endpoint_ratio": 1.5621616582639477,
              "peak_velocity_deg": 6.946694161550642
            },
            {
              "start_frame": 114,
              "endpoint_distance_deg": 14.40746970467761,
              "path_distance_deg": 24.086552774640165,
              "path_to_endpoint_ratio": 1.671810058834973,
              "peak_velocity_deg": 8.462496480167882
            },
            {
              "start_frame": 184,
              "endpoint_distance_deg": 4.297594098072682,
              "path_distance_deg": 21.496544160392624,
              "path_to_endpoint_ratio": 5.001994992973641,
              "peak_velocity_deg": 6.141919746353377
            },
            {
              "start_frame": 34,
              "endpoint_distance_deg": 13.332398358367854,
              "path_distance_deg": 20.46909970882057,
              "path_to_endpoint_ratio": 1.535290137499791,
              "peak_velocity_deg": 6.264856262379513
            },
            {
              "start_frame": 214,
              "endpoint_distance_deg": 12.060811810900416,
              "path_distance_deg": 16.866864814055432,
              "path_to_endpoint_ratio": 1.398485033885643,
              "peak_velocity_deg": 6.679635326141668
            },
            {
              "start_frame": 54,
              "endpoint_distance_deg": 13.700469421215523,
              "path_distance_deg": 14.98349485826968,
              "path_to_endpoint_ratio": 1.0936482829608276,
              "peak_velocity_deg": 4.4119747957460085
            },
            {
              "start_frame": 64,
              "endpoint_distance_deg": 6.27388528039832,
              "path_distance_deg": 12.497018722339615,
              "path_to_endpoint_ratio": 1.991910620582179,
              "peak_velocity_deg": 3.4746967610598025
            }
          ],
          "boundary_blocks_by_peak": [
            {
              "start_frame": 134,
              "end_frame": 140,
              "entry_jump_deg": 3.385833441667595,
              "path_distance_deg": 90.49455621404626,
              "endpoint_distance_deg": 60.61810004150549,
              "path_to_endpoint_ratio": 1.492863619151445,
              "peak_velocity_deg": 31.92299877001013
            },
            {
              "start_frame": 174,
              "end_frame": 180,
              "entry_jump_deg": 1.6262478261854756,
              "path_distance_deg": 80.66258214903304,
              "endpoint_distance_deg": 48.757941970666316,
              "path_to_endpoint_ratio": 1.654347556292699,
              "peak_velocity_deg": 25.90430270045728
            },
            {
              "start_frame": 164,
              "end_frame": 170,
              "entry_jump_deg": 4.045447024613902,
              "path_distance_deg": 49.05137977387093,
              "endpoint_distance_deg": 20.636184990594096,
              "path_to_endpoint_ratio": 2.3769596849528334,
              "peak_velocity_deg": 15.435591894117593
            },
            {
              "start_frame": 154,
              "end_frame": 160,
              "entry_jump_deg": 0.9289837698963304,
              "path_distance_deg": 36.384375614269885,
              "endpoint_distance_deg": 32.954912172083944,
              "path_to_endpoint_ratio": 1.1040653188294955,
              "peak_velocity_deg": 14.851833645271485
            },
            {
              "start_frame": 194,
              "end_frame": 200,
              "entry_jump_deg": 2.5347295183288066,
              "path_distance_deg": 61.550999778463115,
              "endpoint_distance_deg": 7.412240816682696,
              "path_to_endpoint_ratio": 8.303966546787114,
              "peak_velocity_deg": 14.057560295677808
            },
            {
              "start_frame": 84,
              "end_frame": 90,
              "entry_jump_deg": 4.6677819585034985,
              "path_distance_deg": 59.460300425349544,
              "endpoint_distance_deg": 34.831671274388746,
              "path_to_endpoint_ratio": 1.7070757230380127,
              "peak_velocity_deg": 12.209495258329264
            },
            {
              "start_frame": 94,
              "end_frame": 100,
              "entry_jump_deg": 2.4750071987905313,
              "path_distance_deg": 40.77433904718036,
              "endpoint_distance_deg": 20.238944204267657,
              "path_to_endpoint_ratio": 2.0146475347554214,
              "peak_velocity_deg": 11.093980207911772
            },
            {
              "start_frame": 74,
              "end_frame": 80,
              "entry_jump_deg": 0.8099321741162144,
              "path_distance_deg": 40.153099646537314,
              "endpoint_distance_deg": 33.90611428448253,
              "path_to_endpoint_ratio": 1.1842436237205094,
              "peak_velocity_deg": 10.466665202248045
            },
            {
              "start_frame": 144,
              "end_frame": 150,
              "entry_jump_deg": 4.648596704194597,
              "path_distance_deg": 30.636018082445045,
              "endpoint_distance_deg": 11.812516457099836,
              "path_to_endpoint_ratio": 2.5935217270348407,
              "peak_velocity_deg": 8.925567107429769
            },
            {
              "start_frame": 114,
              "end_frame": 120,
              "entry_jump_deg": 4.804340264420637,
              "path_distance_deg": 28.890893039060803,
              "endpoint_distance_deg": 12.380807056491857,
              "path_to_endpoint_ratio": 2.3335225972940035,
              "peak_velocity_deg": 8.462496480167882
            },
            {
              "start_frame": 124,
              "end_frame": 130,
              "entry_jump_deg": 1.5225934229024143,
              "path_distance_deg": 30.541036738790986,
              "endpoint_distance_deg": 21.11764567402402,
              "path_to_endpoint_ratio": 1.4462330323288977,
              "peak_velocity_deg": 8.18974587290207
            },
            {
              "start_frame": 184,
              "end_frame": 190,
              "entry_jump_deg": 7.556747157522847,
              "path_distance_deg": 29.05329131791547,
              "endpoint_distance_deg": 10.107783120285141,
              "path_to_endpoint_ratio": 2.8743485067075594,
              "peak_velocity_deg": 7.556747157522847
            },
            {
              "start_frame": 204,
              "end_frame": 210,
              "entry_jump_deg": 7.353045632578238,
              "path_distance_deg": 33.596655179445015,
              "endpoint_distance_deg": 17.272888799493213,
              "path_to_endpoint_ratio": 1.945051321145004,
              "peak_velocity_deg": 7.353045632578238
            },
            {
              "start_frame": 104,
              "end_frame": 110,
              "entry_jump_deg": 2.223897041060457,
              "path_distance_deg": 26.395137522442568,
              "endpoint_distance_deg": 13.875720901132853,
              "path_to_endpoint_ratio": 1.902253418796251,
              "peak_velocity_deg": 6.946694161550642
            },
            {
              "start_frame": 44,
              "end_frame": 50,
              "entry_jump_deg": 1.998270304519215,
              "path_distance_deg": 29.56555382421964,
              "endpoint_distance_deg": 15.144004840829405,
              "path_to_endpoint_ratio": 1.952294266606983,
              "peak_velocity_deg": 6.7324974865907965
            },
            {
              "start_frame": 214,
              "end_frame": 220,
              "entry_jump_deg": 2.452454480713629,
              "path_distance_deg": 19.319319294769063,
              "endpoint_distance_deg": 12.071709502139203,
              "path_to_endpoint_ratio": 1.600379738374712,
              "peak_velocity_deg": 6.679635326141668
            },
            {
              "start_frame": 54,
              "end_frame": 60,
              "entry_jump_deg": 6.280984617900229,
              "path_distance_deg": 21.26447947616991,
              "endpoint_distance_deg": 19.715357525711624,
              "path_to_endpoint_ratio": 1.078574377788382,
              "peak_velocity_deg": 6.280984617900229
            },
            {
              "start_frame": 34,
              "end_frame": 40,
              "entry_jump_deg": 2.240528796425392,
              "path_distance_deg": 22.709628505245956,
              "endpoint_distance_deg": 11.880763425336673,
              "path_to_endpoint_ratio": 1.911462057801426,
              "peak_velocity_deg": 6.264856262379513
            },
            {
              "start_frame": 64,
              "end_frame": 70,
              "entry_jump_deg": 4.067484515538216,
              "path_distance_deg": 16.564503237877833,
              "endpoint_distance_deg": 4.524566540555227,
              "path_to_endpoint_ratio": 3.6610143953911525,
              "peak_velocity_deg": 4.067484515538216
            }
          ]
        },
        "ground_truth": {
          "order": "XYZ",
          "excursion_p90_deg": 44.001722687258685,
          "excursion_max_deg": 50.16767959254793,
          "velocity_rms_deg_per_frame": 4.226181582504065,
          "velocity_p95_deg_per_frame": 9.843757300376977,
          "velocity_max_deg_per_frame": 18.19860951547861,
          "euler_axis_step_p95_deg": [
            7.298069399999999,
            5.938309299999983,
            3.963589500000007
          ],
          "top_velocity_transitions": [
            {
              "from_frame": 87,
              "to_frame": 88,
              "velocity_deg": 18.19860951547861,
              "new_block_offset": 4,
              "inside_release_blend": false
            },
            {
              "from_frame": 100,
              "to_frame": 101,
              "velocity_deg": 16.025183673357358,
              "new_block_offset": 7,
              "inside_release_blend": false
            },
            {
              "from_frame": 86,
              "to_frame": 87,
              "velocity_deg": 13.81632394097606,
              "new_block_offset": 3,
              "inside_release_blend": false
            },
            {
              "from_frame": 101,
              "to_frame": 102,
              "velocity_deg": 12.822142387507025,
              "new_block_offset": 8,
              "inside_release_blend": false
            },
            {
              "from_frame": 117,
              "to_frame": 118,
              "velocity_deg": 12.405593433977177,
              "new_block_offset": 4,
              "inside_release_blend": false
            },
            {
              "from_frame": 70,
              "to_frame": 71,
              "velocity_deg": 11.21665652973969,
              "new_block_offset": 7,
              "inside_release_blend": false
            },
            {
              "from_frame": 69,
              "to_frame": 70,
              "velocity_deg": 11.095956977970523,
              "new_block_offset": 6,
              "inside_release_blend": false
            },
            {
              "from_frame": 67,
              "to_frame": 68,
              "velocity_deg": 10.841081796019001,
              "new_block_offset": 4,
              "inside_release_blend": false
            },
            {
              "from_frame": 116,
              "to_frame": 117,
              "velocity_deg": 10.43786287604209,
              "new_block_offset": 3,
              "inside_release_blend": false
            },
            {
              "from_frame": 68,
              "to_frame": 69,
              "velocity_deg": 10.311476128569062,
              "new_block_offset": 5,
              "inside_release_blend": false
            },
            {
              "from_frame": 88,
              "to_frame": 89,
              "velocity_deg": 10.053486707778973,
              "new_block_offset": 5,
              "inside_release_blend": false
            },
            {
              "from_frame": 52,
              "to_frame": 53,
              "velocity_deg": 9.857850166807262,
              "new_block_offset": 9,
              "inside_release_blend": false
            }
          ],
          "release_blend_blocks_by_path": [
            {
              "start_frame": 84,
              "endpoint_distance_deg": 38.125181271790964,
              "path_distance_deg": 50.659892128052846,
              "path_to_endpoint_ratio": 1.3287777379182295,
              "peak_velocity_deg": 18.19860951547861
            },
            {
              "start_frame": 64,
              "endpoint_distance_deg": 34.0068212252427,
              "path_distance_deg": 43.67209592817389,
              "path_to_endpoint_ratio": 1.2842157647994694,
              "peak_velocity_deg": 11.095956977970523
            },
            {
              "start_frame": 114,
              "endpoint_distance_deg": 28.065565887866413,
              "path_distance_deg": 42.06792173860903,
              "path_to_endpoint_ratio": 1.4989158567722398,
              "peak_velocity_deg": 12.405593433977177
            },
            {
              "start_frame": 104,
              "endpoint_distance_deg": 16.46144797515773,
              "path_distance_deg": 26.543307019936456,
              "path_to_endpoint_ratio": 1.6124527477773185,
              "peak_velocity_deg": 9.426088800308374
            },
            {
              "start_frame": 54,
              "endpoint_distance_deg": 13.030173278194377,
              "path_distance_deg": 25.650022413551955,
              "path_to_endpoint_ratio": 1.968509694071109,
              "peak_velocity_deg": 5.404642028620978
            },
            {
              "start_frame": 184,
              "endpoint_distance_deg": 17.663329794364657,
              "path_distance_deg": 22.708279288448153,
              "path_to_endpoint_ratio": 1.2856171261487201,
              "peak_velocity_deg": 9.716921502504432
            },
            {
              "start_frame": 124,
              "endpoint_distance_deg": 2.1740006499938658,
              "path_distance_deg": 17.135075424311445,
              "path_to_endpoint_ratio": 7.881817065859568,
              "peak_velocity_deg": 3.849775458572219
            },
            {
              "start_frame": 34,
              "endpoint_distance_deg": 14.222578704535144,
              "path_distance_deg": 16.62950092435799,
              "path_to_endpoint_ratio": 1.1692324767417426,
              "peak_velocity_deg": 3.4918145278458503
            },
            {
              "start_frame": 144,
              "endpoint_distance_deg": 4.0177346300593335,
              "path_distance_deg": 15.910705245131078,
              "path_to_endpoint_ratio": 3.960118502126187,
              "peak_velocity_deg": 4.10107251743828
            },
            {
              "start_frame": 174,
              "endpoint_distance_deg": 10.093531020996272,
              "path_distance_deg": 13.415116720566147,
              "path_to_endpoint_ratio": 1.329080645084501,
              "peak_velocity_deg": 3.233472289633297
            },
            {
              "start_frame": 94,
              "endpoint_distance_deg": 3.825306696932385,
              "path_distance_deg": 12.72493054705942,
              "path_to_endpoint_ratio": 3.326512500883623,
              "peak_velocity_deg": 4.203859706489542
            },
            {
              "start_frame": 214,
              "endpoint_distance_deg": 5.6517939301270586,
              "path_distance_deg": 11.829952895826057,
              "path_to_endpoint_ratio": 2.093132382758355,
              "peak_velocity_deg": 2.875038043745627
            },
            {
              "start_frame": 164,
              "endpoint_distance_deg": 8.032580899372734,
              "path_distance_deg": 9.16122632867791,
              "path_to_endpoint_ratio": 1.1405084422359584,
              "peak_velocity_deg": 2.5232643612984726
            },
            {
              "start_frame": 204,
              "endpoint_distance_deg": 6.6524953528895026,
              "path_distance_deg": 9.151089363606232,
              "path_to_endpoint_ratio": 1.3755874868264986,
              "peak_velocity_deg": 2.478621162948496
            },
            {
              "start_frame": 194,
              "endpoint_distance_deg": 6.243243937722845,
              "path_distance_deg": 8.932575891279871,
              "path_to_endpoint_ratio": 1.4307587498395795,
              "peak_velocity_deg": 2.7589590025046826
            },
            {
              "start_frame": 74,
              "endpoint_distance_deg": 3.7764592209373986,
              "path_distance_deg": 7.448848569296086,
              "path_to_endpoint_ratio": 1.9724424741562867,
              "peak_velocity_deg": 1.935372890054187
            },
            {
              "start_frame": 44,
              "endpoint_distance_deg": 4.192002297100295,
              "path_distance_deg": 5.80024746541285,
              "path_to_endpoint_ratio": 1.383646060839474,
              "peak_velocity_deg": 2.0697012570628477
            },
            {
              "start_frame": 134,
              "endpoint_distance_deg": 3.9606232492864333,
              "path_distance_deg": 5.2508184490992456,
              "path_to_endpoint_ratio": 1.3257555992091044,
              "peak_velocity_deg": 1.2963411820139912
            },
            {
              "start_frame": 154,
              "endpoint_distance_deg": 2.38198553412098,
              "path_distance_deg": 4.087913164034582,
              "path_to_endpoint_ratio": 1.716178837141065,
              "peak_velocity_deg": 1.0207394041107092
            }
          ],
          "boundary_blocks_by_peak": [
            {
              "start_frame": 84,
              "end_frame": 90,
              "entry_jump_deg": 0.8055970263080959,
              "path_distance_deg": 51.46548915436094,
              "endpoint_distance_deg": 38.77813782208007,
              "path_to_endpoint_ratio": 1.327177942130495,
              "peak_velocity_deg": 18.19860951547861
            },
            {
              "start_frame": 114,
              "end_frame": 120,
              "entry_jump_deg": 0.969729180737918,
              "path_distance_deg": 43.037650919346945,
              "endpoint_distance_deg": 28.762840274940416,
              "path_to_endpoint_ratio": 1.4962934991104977,
              "peak_velocity_deg": 12.405593433977177
            },
            {
              "start_frame": 64,
              "end_frame": 70,
              "entry_jump_deg": 3.953867173341735,
              "path_distance_deg": 47.62596310151562,
              "endpoint_distance_deg": 30.74110851442102,
              "path_to_endpoint_ratio": 1.5492597828465984,
              "peak_velocity_deg": 11.095956977970523
            },
            {
              "start_frame": 184,
              "end_frame": 190,
              "entry_jump_deg": 1.2724748591266422,
              "path_distance_deg": 23.980754147574796,
              "endpoint_distance_deg": 17.074521073294207,
              "path_to_endpoint_ratio": 1.4044759466244965,
              "peak_velocity_deg": 9.716921502504432
            },
            {
              "start_frame": 104,
              "end_frame": 110,
              "entry_jump_deg": 3.3603060424247153,
              "path_distance_deg": 29.903613062361167,
              "endpoint_distance_deg": 19.59300550855595,
              "path_to_endpoint_ratio": 1.5262392004791066,
              "peak_velocity_deg": 9.426088800308374
            },
            {
              "start_frame": 54,
              "end_frame": 60,
              "entry_jump_deg": 5.7752800796909485,
              "path_distance_deg": 31.425302493242906,
              "endpoint_distance_deg": 18.609814839854447,
              "path_to_endpoint_ratio": 1.6886413305920185,
              "peak_velocity_deg": 5.7752800796909485
            },
            {
              "start_frame": 124,
              "end_frame": 130,
              "entry_jump_deg": 5.026885648975245,
              "path_distance_deg": 22.16196107328669,
              "endpoint_distance_deg": 6.603234064366387,
              "path_to_endpoint_ratio": 3.356228305290771,
              "peak_velocity_deg": 5.026885648975245
            },
            {
              "start_frame": 144,
              "end_frame": 150,
              "entry_jump_deg": 4.991759659339284,
              "path_distance_deg": 20.902464904470364,
              "endpoint_distance_deg": 7.841534616819356,
              "path_to_endpoint_ratio": 2.6656089561393426,
              "peak_velocity_deg": 4.991759659339284
            },
            {
              "start_frame": 94,
              "end_frame": 100,
              "entry_jump_deg": 2.820902959068304,
              "path_distance_deg": 15.545833506127725,
              "endpoint_distance_deg": 6.3983955209174095,
              "path_to_endpoint_ratio": 2.4296455971353805,
              "peak_velocity_deg": 4.203859706489542
            },
            {
              "start_frame": 34,
              "end_frame": 40,
              "entry_jump_deg": 1.5682596358238337,
              "path_distance_deg": 18.197760560181823,
              "endpoint_distance_deg": 15.347807850367,
              "path_to_endpoint_ratio": 1.185691190403239,
              "peak_velocity_deg": 3.4918145278458503
            },
            {
              "start_frame": 174,
              "end_frame": 180,
              "entry_jump_deg": 1.2017241996890458,
              "path_distance_deg": 14.616840920255193,
              "endpoint_distance_deg": 9.572865392169527,
              "path_to_endpoint_ratio": 1.52690342143655,
              "peak_velocity_deg": 3.233472289633297
            },
            {
              "start_frame": 214,
              "end_frame": 220,
              "entry_jump_deg": 1.720361298741691,
              "path_distance_deg": 13.550314194567747,
              "endpoint_distance_deg": 4.070686259819431,
              "path_to_endpoint_ratio": 3.328754251664882,
              "peak_velocity_deg": 2.875038043745627
            },
            {
              "start_frame": 194,
              "end_frame": 200,
              "entry_jump_deg": 1.6163620444480942,
              "path_distance_deg": 10.548937935727963,
              "endpoint_distance_deg": 7.218552424487942,
              "path_to_endpoint_ratio": 1.4613647328988215,
              "peak_velocity_deg": 2.7589590025046826
            },
            {
              "start_frame": 74,
              "end_frame": 80,
              "entry_jump_deg": 2.635898262459529,
              "path_distance_deg": 10.084746831755615,
              "endpoint_distance_deg": 4.094899422757106,
              "path_to_endpoint_ratio": 2.4627581267833754,
              "peak_velocity_deg": 2.635898262459529
            },
            {
              "start_frame": 164,
              "end_frame": 170,
              "entry_jump_deg": 2.2441684889068547,
              "path_distance_deg": 11.405394817584765,
              "endpoint_distance_deg": 10.144113598031325,
              "path_to_endpoint_ratio": 1.1243362672711215,
              "peak_velocity_deg": 2.5232643612984726
            },
            {
              "start_frame": 204,
              "end_frame": 210,
              "entry_jump_deg": 1.6464762485664706,
              "path_distance_deg": 10.7975656121727,
              "endpoint_distance_deg": 7.857913083336656,
              "path_to_endpoint_ratio": 1.3741009219190548,
              "peak_velocity_deg": 2.478621162948496
            },
            {
              "start_frame": 44,
              "end_frame": 50,
              "entry_jump_deg": 2.3620304498144717,
              "path_distance_deg": 8.162277915227321,
              "endpoint_distance_deg": 3.211531982629277,
              "path_to_endpoint_ratio": 2.541552741612392,
              "peak_velocity_deg": 2.3620304498144717
            },
            {
              "start_frame": 154,
              "end_frame": 160,
              "entry_jump_deg": 2.0033665500745235,
              "path_distance_deg": 6.091279714109105,
              "endpoint_distance_deg": 1.799776660685417,
              "path_to_endpoint_ratio": 3.3844642211269345,
              "peak_velocity_deg": 2.0033665500745235
            },
            {
              "start_frame": 134,
              "end_frame": 140,
              "entry_jump_deg": 1.0052582317846284,
              "path_distance_deg": 6.256076680883874,
              "endpoint_distance_deg": 4.953031315275442,
              "path_to_endpoint_ratio": 1.2630803810163207,
              "peak_velocity_deg": 1.2963411820139912
            }
          ]
        },
        "ratios": {
          "excursion_p90": 0.6257770025661817,
          "velocity_rms": 1.5240108046750742,
          "velocity_p95": 1.236143294483777
        }
      },
      "RightForeArm": {
        "prediction": {
          "order": "XYZ",
          "excursion_p90_deg": 49.08999583861216,
          "excursion_max_deg": 60.644439476406966,
          "velocity_rms_deg_per_frame": 10.775080102741565,
          "velocity_p95_deg_per_frame": 20.218837376939522,
          "velocity_max_deg_per_frame": 44.62360486503187,
          "euler_axis_step_p95_deg": [
            29.117120699999962,
            17.31562700000001,
            30.421203899999995
          ],
          "top_velocity_transitions": [
            {
              "from_frame": 135,
              "to_frame": 136,
              "velocity_deg": 44.62360486503187,
              "new_block_offset": 2,
              "inside_release_blend": true
            },
            {
              "from_frame": 134,
              "to_frame": 135,
              "velocity_deg": 44.623601252989296,
              "new_block_offset": 1,
              "inside_release_blend": true
            },
            {
              "from_frame": 175,
              "to_frame": 176,
              "velocity_deg": 41.109175387654886,
              "new_block_offset": 2,
              "inside_release_blend": true
            },
            {
              "from_frame": 185,
              "to_frame": 186,
              "velocity_deg": 40.287284852434645,
              "new_block_offset": 2,
              "inside_release_blend": true
            },
            {
              "from_frame": 184,
              "to_frame": 185,
              "velocity_deg": 38.55527638318892,
              "new_block_offset": 1,
              "inside_release_blend": true
            },
            {
              "from_frame": 174,
              "to_frame": 175,
              "velocity_deg": 38.031165447350524,
              "new_block_offset": 1,
              "inside_release_blend": true
            },
            {
              "from_frame": 64,
              "to_frame": 65,
              "velocity_deg": 37.64048933382087,
              "new_block_offset": 1,
              "inside_release_blend": true
            },
            {
              "from_frame": 65,
              "to_frame": 66,
              "velocity_deg": 37.640472543079134,
              "new_block_offset": 2,
              "inside_release_blend": true
            },
            {
              "from_frame": 200,
              "to_frame": 201,
              "velocity_deg": 23.947520746559018,
              "new_block_offset": 7,
              "inside_release_blend": false
            },
            {
              "from_frame": 164,
              "to_frame": 165,
              "velocity_deg": 20.992298366419327,
              "new_block_offset": 1,
              "inside_release_blend": true
            },
            {
              "from_frame": 165,
              "to_frame": 166,
              "velocity_deg": 20.497141807392065,
              "new_block_offset": 2,
              "inside_release_blend": true
            },
            {
              "from_frame": 95,
              "to_frame": 96,
              "velocity_deg": 20.229451472963387,
              "new_block_offset": 2,
              "inside_release_blend": true
            }
          ],
          "release_blend_blocks_by_path": [
            {
              "start_frame": 134,
              "endpoint_distance_deg": 78.49455898117282,
              "path_distance_deg": 111.79817917799899,
              "path_to_endpoint_ratio": 1.4242793466081407,
              "peak_velocity_deg": 44.62360486503187
            },
            {
              "start_frame": 174,
              "endpoint_distance_deg": 72.37925703263095,
              "path_distance_deg": 106.81684054202069,
              "path_to_endpoint_ratio": 1.4757935480584465,
              "peak_velocity_deg": 41.109175387654886
            },
            {
              "start_frame": 64,
              "endpoint_distance_deg": 58.02925580278562,
              "path_distance_deg": 96.88079902877232,
              "path_to_endpoint_ratio": 1.669516482479544,
              "peak_velocity_deg": 37.64048933382087
            },
            {
              "start_frame": 184,
              "endpoint_distance_deg": 89.64139726722698,
              "path_distance_deg": 94.44716667825621,
              "path_to_endpoint_ratio": 1.0536110497776259,
              "peak_velocity_deg": 40.287284852434645
            },
            {
              "start_frame": 164,
              "endpoint_distance_deg": 22.485172640088773,
              "path_distance_deg": 85.31093990301989,
              "path_to_endpoint_ratio": 3.7940976157291835,
              "peak_velocity_deg": 20.992298366419327
            },
            {
              "start_frame": 104,
              "endpoint_distance_deg": 13.971358362689518,
              "path_distance_deg": 73.05741467638607,
              "path_to_endpoint_ratio": 5.229084587185577,
              "peak_velocity_deg": 18.45676379368467
            },
            {
              "start_frame": 74,
              "endpoint_distance_deg": 34.30381070547097,
              "path_distance_deg": 66.34987319552442,
              "path_to_endpoint_ratio": 1.934183749006712,
              "peak_velocity_deg": 17.089300910687818
            },
            {
              "start_frame": 94,
              "endpoint_distance_deg": 35.10443573765928,
              "path_distance_deg": 63.08866928439676,
              "path_to_endpoint_ratio": 1.7971708691137456,
              "peak_velocity_deg": 20.229451472963387
            },
            {
              "start_frame": 54,
              "endpoint_distance_deg": 32.12916629351828,
              "path_distance_deg": 59.03371603607564,
              "path_to_endpoint_ratio": 1.8373871110370226,
              "peak_velocity_deg": 17.808157578972406
            },
            {
              "start_frame": 44,
              "endpoint_distance_deg": 37.80157756522591,
              "path_distance_deg": 53.859929414898446,
              "path_to_endpoint_ratio": 1.4248063939121098,
              "peak_velocity_deg": 15.268331146511867
            },
            {
              "start_frame": 194,
              "endpoint_distance_deg": 25.36187286428352,
              "path_distance_deg": 52.466276937985484,
              "path_to_endpoint_ratio": 2.0687067244104203,
              "peak_velocity_deg": 14.136021887602011
            },
            {
              "start_frame": 154,
              "endpoint_distance_deg": 27.057114458027772,
              "path_distance_deg": 49.86457451705243,
              "path_to_endpoint_ratio": 1.8429376345509656,
              "peak_velocity_deg": 16.959129001431844
            },
            {
              "start_frame": 34,
              "endpoint_distance_deg": 20.08401186127298,
              "path_distance_deg": 33.514799713311085,
              "path_to_endpoint_ratio": 1.6687303286220438,
              "peak_velocity_deg": 10.127351086774125
            },
            {
              "start_frame": 124,
              "endpoint_distance_deg": 10.783350873900796,
              "path_distance_deg": 27.663827721772137,
              "path_to_endpoint_ratio": 2.56542034524051,
              "peak_velocity_deg": 6.891123482150529
            },
            {
              "start_frame": 114,
              "endpoint_distance_deg": 15.440668357630278,
              "path_distance_deg": 24.423951229720426,
              "path_to_endpoint_ratio": 1.5817936545247344,
              "peak_velocity_deg": 6.938820327366484
            },
            {
              "start_frame": 84,
              "endpoint_distance_deg": 7.760694710857333,
              "path_distance_deg": 23.318020551245482,
              "path_to_endpoint_ratio": 3.0046305672381632,
              "peak_velocity_deg": 8.076469674268141
            },
            {
              "start_frame": 204,
              "endpoint_distance_deg": 16.87259127991115,
              "path_distance_deg": 17.498199905783455,
              "path_to_endpoint_ratio": 1.0370783962874255,
              "peak_velocity_deg": 4.833244440058174
            },
            {
              "start_frame": 144,
              "endpoint_distance_deg": 3.3968844945925025,
              "path_distance_deg": 13.098148483403696,
              "path_to_endpoint_ratio": 3.8559298981918952,
              "peak_velocity_deg": 3.6820518746513304
            },
            {
              "start_frame": 214,
              "endpoint_distance_deg": 9.690446581302652,
              "path_distance_deg": 10.654794650658333,
              "path_to_endpoint_ratio": 1.0995153382524552,
              "peak_velocity_deg": 2.6531995873998784
            }
          ],
          "boundary_blocks_by_peak": [
            {
              "start_frame": 134,
              "end_frame": 140,
              "entry_jump_deg": 3.080130123943029,
              "path_distance_deg": 114.87830930194201,
              "endpoint_distance_deg": 76.44855172104685,
              "path_to_endpoint_ratio": 1.5026878432062587,
              "peak_velocity_deg": 44.62360486503187
            },
            {
              "start_frame": 174,
              "end_frame": 180,
              "entry_jump_deg": 1.1764263936746788,
              "path_distance_deg": 107.99326693569537,
              "endpoint_distance_deg": 72.05531198306663,
              "path_to_endpoint_ratio": 1.4987551085903887,
              "peak_velocity_deg": 41.109175387654886
            },
            {
              "start_frame": 184,
              "end_frame": 190,
              "entry_jump_deg": 15.426673894854966,
              "path_distance_deg": 109.87384057311118,
              "endpoint_distance_deg": 74.54453757016006,
              "path_to_endpoint_ratio": 1.4739355042574351,
              "peak_velocity_deg": 40.287284852434645
            },
            {
              "start_frame": 64,
              "end_frame": 70,
              "entry_jump_deg": 3.476193699559203,
              "path_distance_deg": 100.35699272833153,
              "endpoint_distance_deg": 54.86939887382206,
              "path_to_endpoint_ratio": 1.8290157134601197,
              "peak_velocity_deg": 37.64048933382087
            },
            {
              "start_frame": 164,
              "end_frame": 170,
              "entry_jump_deg": 1.1221106883546283,
              "path_distance_deg": 86.43305059137452,
              "endpoint_distance_deg": 23.023471581498114,
              "path_to_endpoint_ratio": 3.7541276208246965,
              "peak_velocity_deg": 20.992298366419327
            },
            {
              "start_frame": 94,
              "end_frame": 100,
              "entry_jump_deg": 10.583240273083767,
              "path_distance_deg": 73.67190955748053,
              "endpoint_distance_deg": 25.76623153829971,
              "path_to_endpoint_ratio": 2.8592427048546996,
              "peak_velocity_deg": 20.229451472963387
            },
            {
              "start_frame": 104,
              "end_frame": 110,
              "entry_jump_deg": 9.073882097294169,
              "path_distance_deg": 82.13129677368025,
              "endpoint_distance_deg": 16.705349724282893,
              "path_to_endpoint_ratio": 4.916466768384634,
              "peak_velocity_deg": 18.45676379368467
            },
            {
              "start_frame": 54,
              "end_frame": 60,
              "entry_jump_deg": 6.572011134321861,
              "path_distance_deg": 65.6057271703975,
              "endpoint_distance_deg": 35.50202277421149,
              "path_to_endpoint_ratio": 1.847943357696599,
              "peak_velocity_deg": 17.808157578972406
            },
            {
              "start_frame": 74,
              "end_frame": 80,
              "entry_jump_deg": 1.542915031990046,
              "path_distance_deg": 67.89278822751447,
              "endpoint_distance_deg": 34.47035026008574,
              "path_to_endpoint_ratio": 1.9695996041597983,
              "peak_velocity_deg": 17.089300910687818
            },
            {
              "start_frame": 154,
              "end_frame": 160,
              "entry_jump_deg": 2.313184737687006,
              "path_distance_deg": 52.17775925473944,
              "endpoint_distance_deg": 26.71796175652187,
              "path_to_endpoint_ratio": 1.952909422141935,
              "peak_velocity_deg": 16.959129001431844
            },
            {
              "start_frame": 44,
              "end_frame": 50,
              "entry_jump_deg": 3.6062058951945737,
              "path_distance_deg": 57.46613531009302,
              "endpoint_distance_deg": 41.36445041777623,
              "path_to_endpoint_ratio": 1.3892638420114762,
              "peak_velocity_deg": 15.268331146511867
            },
            {
              "start_frame": 194,
              "end_frame": 200,
              "entry_jump_deg": 2.9569403956529596,
              "path_distance_deg": 55.42321733363845,
              "endpoint_distance_deg": 25.215165452714686,
              "path_to_endpoint_ratio": 2.198011249919105,
              "peak_velocity_deg": 14.136021887602011
            },
            {
              "start_frame": 34,
              "end_frame": 40,
              "entry_jump_deg": 2.8605525805928345,
              "path_distance_deg": 36.375352293903916,
              "endpoint_distance_deg": 18.216152718031026,
              "path_to_endpoint_ratio": 1.996873481297631,
              "peak_velocity_deg": 10.127351086774125
            },
            {
              "start_frame": 84,
              "end_frame": 90,
              "entry_jump_deg": 3.510629108056276,
              "path_distance_deg": 26.828649659301753,
              "endpoint_distance_deg": 9.306461368069336,
              "path_to_endpoint_ratio": 2.8827981547692674,
              "peak_velocity_deg": 8.076469674268141
            },
            {
              "start_frame": 114,
              "end_frame": 120,
              "entry_jump_deg": 4.219175796919524,
              "path_distance_deg": 28.64312702663995,
              "endpoint_distance_deg": 12.88560262047933,
              "path_to_endpoint_ratio": 2.222878344945768,
              "peak_velocity_deg": 6.938820327366484
            },
            {
              "start_frame": 124,
              "end_frame": 130,
              "entry_jump_deg": 1.2212805846436345,
              "path_distance_deg": 28.885108306415773,
              "endpoint_distance_deg": 11.358580801097869,
              "path_to_endpoint_ratio": 2.5430208942673427,
              "peak_velocity_deg": 6.891123482150529
            },
            {
              "start_frame": 204,
              "end_frame": 210,
              "entry_jump_deg": 6.79203160337698,
              "path_distance_deg": 24.29023150916043,
              "endpoint_distance_deg": 16.52479970633885,
              "path_to_endpoint_ratio": 1.4699259259307567,
              "peak_velocity_deg": 6.79203160337698
            },
            {
              "start_frame": 214,
              "end_frame": 220,
              "entry_jump_deg": 3.931499848718869,
              "path_distance_deg": 14.586294499377201,
              "endpoint_distance_deg": 6.267242477759892,
              "path_to_endpoint_ratio": 2.3273863347618233,
              "peak_velocity_deg": 3.931499848718869
            },
            {
              "start_frame": 144,
              "end_frame": 150,
              "entry_jump_deg": 2.606232109070246,
              "path_distance_deg": 15.704380592473944,
              "endpoint_distance_deg": 0.8839576247881632,
              "path_to_endpoint_ratio": 17.765988042964654,
              "peak_velocity_deg": 3.6820518746513304
            }
          ]
        },
        "ground_truth": {
          "order": "XYZ",
          "excursion_p90_deg": 61.77596914740521,
          "excursion_max_deg": 68.76024661148784,
          "velocity_rms_deg_per_frame": 9.399136184264677,
          "velocity_p95_deg_per_frame": 21.463402885865293,
          "velocity_max_deg_per_frame": 45.91108005895839,
          "euler_axis_step_p95_deg": [
            23.473730099999973,
            11.927863000000004,
            26.216088899999978
          ],
          "top_velocity_transitions": [
            {
              "from_frame": 142,
              "to_frame": 143,
              "velocity_deg": 45.91108005895839,
              "new_block_offset": 9,
              "inside_release_blend": false
            },
            {
              "from_frame": 143,
              "to_frame": 144,
              "velocity_deg": 39.76149138152878,
              "new_block_offset": 0,
              "inside_release_blend": true
            },
            {
              "from_frame": 87,
              "to_frame": 88,
              "velocity_deg": 33.60383165513175,
              "new_block_offset": 4,
              "inside_release_blend": false
            },
            {
              "from_frame": 69,
              "to_frame": 70,
              "velocity_deg": 32.82209337801137,
              "new_block_offset": 6,
              "inside_release_blend": false
            },
            {
              "from_frame": 88,
              "to_frame": 89,
              "velocity_deg": 30.551810966962357,
              "new_block_offset": 5,
              "inside_release_blend": false
            },
            {
              "from_frame": 217,
              "to_frame": 218,
              "velocity_deg": 28.012082486635084,
              "new_block_offset": 4,
              "inside_release_blend": false
            },
            {
              "from_frame": 86,
              "to_frame": 87,
              "velocity_deg": 26.450029289716298,
              "new_block_offset": 3,
              "inside_release_blend": false
            },
            {
              "from_frame": 216,
              "to_frame": 217,
              "velocity_deg": 26.2529194435873,
              "new_block_offset": 3,
              "inside_release_blend": false
            },
            {
              "from_frame": 70,
              "to_frame": 71,
              "velocity_deg": 26.23388897417388,
              "new_block_offset": 7,
              "inside_release_blend": false
            },
            {
              "from_frame": 89,
              "to_frame": 90,
              "velocity_deg": 22.932816991104872,
              "new_block_offset": 6,
              "inside_release_blend": false
            },
            {
              "from_frame": 100,
              "to_frame": 101,
              "velocity_deg": 22.915778207582637,
              "new_block_offset": 7,
              "inside_release_blend": false
            },
            {
              "from_frame": 122,
              "to_frame": 123,
              "velocity_deg": 21.536968590435162,
              "new_block_offset": 9,
              "inside_release_blend": false
            }
          ],
          "release_blend_blocks_by_path": [
            {
              "start_frame": 84,
              "endpoint_distance_deg": 54.57513684145448,
              "path_distance_deg": 118.83987549107617,
              "path_to_endpoint_ratio": 2.177546083600603,
              "peak_velocity_deg": 33.60383165513175
            },
            {
              "start_frame": 64,
              "endpoint_distance_deg": 50.928805606943094,
              "path_distance_deg": 78.68337300236671,
              "path_to_endpoint_ratio": 1.544967961935472,
              "peak_velocity_deg": 32.82209337801137
            },
            {
              "start_frame": 214,
              "endpoint_distance_deg": 72.59282440713864,
              "path_distance_deg": 74.6742108769568,
              "path_to_endpoint_ratio": 1.028672068993275,
              "peak_velocity_deg": 28.012082486635084
            },
            {
              "start_frame": 114,
              "endpoint_distance_deg": 7.382058373928919,
              "path_distance_deg": 62.32006374423578,
              "path_to_endpoint_ratio": 8.442098475451022,
              "peak_velocity_deg": 20.801311544736638
            },
            {
              "start_frame": 104,
              "endpoint_distance_deg": 20.305768386209987,
              "path_distance_deg": 48.15542900882579,
              "path_to_endpoint_ratio": 2.3715147387147884,
              "peak_velocity_deg": 14.710079341217112
            },
            {
              "start_frame": 54,
              "endpoint_distance_deg": 26.90597394314565,
              "path_distance_deg": 44.937657276916674,
              "path_to_endpoint_ratio": 1.6701739684976031,
              "peak_velocity_deg": 11.512756667183563
            },
            {
              "start_frame": 164,
              "endpoint_distance_deg": 43.86872797568816,
              "path_distance_deg": 44.50855010633506,
              "path_to_endpoint_ratio": 1.014584925530585,
              "peak_velocity_deg": 15.91888837701074
            },
            {
              "start_frame": 124,
              "endpoint_distance_deg": 29.914541463374693,
              "path_distance_deg": 42.875944855918476,
              "path_to_endpoint_ratio": 1.4332810318491036,
              "peak_velocity_deg": 16.092530877599746
            },
            {
              "start_frame": 194,
              "endpoint_distance_deg": 34.228167018357475,
              "path_distance_deg": 41.533335480841,
              "path_to_endpoint_ratio": 1.2134256403086254,
              "peak_velocity_deg": 18.206431933074455
            },
            {
              "start_frame": 184,
              "endpoint_distance_deg": 31.580030403861898,
              "path_distance_deg": 32.83941950598888,
              "path_to_endpoint_ratio": 1.0398792871957772,
              "peak_velocity_deg": 14.218509916618046
            },
            {
              "start_frame": 144,
              "endpoint_distance_deg": 9.915196557745931,
              "path_distance_deg": 23.93794495256909,
              "path_to_endpoint_ratio": 2.4142683216772274,
              "peak_velocity_deg": 6.369592204010217
            },
            {
              "start_frame": 134,
              "endpoint_distance_deg": 16.89489560681377,
              "path_distance_deg": 19.340534208844865,
              "path_to_endpoint_ratio": 1.144756064727903,
              "peak_velocity_deg": 6.232635458832872
            },
            {
              "start_frame": 34,
              "endpoint_distance_deg": 16.847754634185005,
              "path_distance_deg": 17.05719484393065,
              "path_to_endpoint_ratio": 1.0124313425909395,
              "peak_velocity_deg": 5.703427966222053
            },
            {
              "start_frame": 94,
              "endpoint_distance_deg": 8.094990732143184,
              "path_distance_deg": 15.162239958178436,
              "path_to_endpoint_ratio": 1.8730398168305458,
              "peak_velocity_deg": 7.372097535501093
            },
            {
              "start_frame": 174,
              "endpoint_distance_deg": 8.999889986897422,
              "path_distance_deg": 14.09485708998731,
              "path_to_endpoint_ratio": 1.5661143758987548,
              "peak_velocity_deg": 6.269892761196954
            },
            {
              "start_frame": 204,
              "endpoint_distance_deg": 7.786609996506004,
              "path_distance_deg": 12.733011345088382,
              "path_to_endpoint_ratio": 1.6352445224304184,
              "peak_velocity_deg": 3.7473978315690526
            },
            {
              "start_frame": 44,
              "endpoint_distance_deg": 5.93594960416254,
              "path_distance_deg": 12.160032104927627,
              "path_to_endpoint_ratio": 2.048540320558061,
              "peak_velocity_deg": 7.573659624244571
            },
            {
              "start_frame": 74,
              "endpoint_distance_deg": 2.3021994356951794,
              "path_distance_deg": 6.180686456572294,
              "path_to_endpoint_ratio": 2.684687677679825,
              "peak_velocity_deg": 1.8316367063638337
            },
            {
              "start_frame": 154,
              "endpoint_distance_deg": 4.178263004246995,
              "path_distance_deg": 4.3402043501872924,
              "path_to_endpoint_ratio": 1.0387580546690556,
              "peak_velocity_deg": 1.6260685275194837
            }
          ],
          "boundary_blocks_by_peak": [
            {
              "start_frame": 144,
              "end_frame": 150,
              "entry_jump_deg": 39.76149138152878,
              "path_distance_deg": 63.699436334097875,
              "endpoint_distance_deg": 46.95168808120521,
              "path_to_endpoint_ratio": 1.3567017276125755,
              "peak_velocity_deg": 39.76149138152878
            },
            {
              "start_frame": 84,
              "end_frame": 90,
              "entry_jump_deg": 1.2201640168004857,
              "path_distance_deg": 120.06003950787668,
              "endpoint_distance_deg": 55.50625588832327,
              "path_to_endpoint_ratio": 2.163000144514043,
              "peak_velocity_deg": 33.60383165513175
            },
            {
              "start_frame": 64,
              "end_frame": 70,
              "entry_jump_deg": 0.7030627234121157,
              "path_distance_deg": 79.38643572577882,
              "endpoint_distance_deg": 50.369848194924145,
              "path_to_endpoint_ratio": 1.576070577353432,
              "peak_velocity_deg": 32.82209337801137
            },
            {
              "start_frame": 214,
              "end_frame": 220,
              "entry_jump_deg": 0.4363660314590336,
              "path_distance_deg": 75.11057690841584,
              "endpoint_distance_deg": 72.21792428373875,
              "path_to_endpoint_ratio": 1.0400544969045644,
              "peak_velocity_deg": 28.012082486635084
            },
            {
              "start_frame": 114,
              "end_frame": 120,
              "entry_jump_deg": 1.059442116617852,
              "path_distance_deg": 63.37950586085363,
              "endpoint_distance_deg": 8.210076711554217,
              "path_to_endpoint_ratio": 7.719721518759781,
              "peak_velocity_deg": 20.801311544736638
            },
            {
              "start_frame": 194,
              "end_frame": 200,
              "entry_jump_deg": 1.184387529515934,
              "path_distance_deg": 42.717723010356934,
              "endpoint_distance_deg": 34.565387766399986,
              "path_to_endpoint_ratio": 1.2358525615003109,
              "peak_velocity_deg": 18.206431933074455
            },
            {
              "start_frame": 124,
              "end_frame": 130,
              "entry_jump_deg": 9.31041574502896,
              "path_distance_deg": 52.18636060094744,
              "endpoint_distance_deg": 20.66003144313026,
              "path_to_endpoint_ratio": 2.525957462581699,
              "peak_velocity_deg": 16.092530877599746
            },
            {
              "start_frame": 164,
              "end_frame": 170,
              "entry_jump_deg": 3.1803486415848323,
              "path_distance_deg": 47.688898747919886,
              "endpoint_distance_deg": 46.19702625322471,
              "path_to_endpoint_ratio": 1.0322936910812746,
              "peak_velocity_deg": 15.91888837701074
            },
            {
              "start_frame": 54,
              "end_frame": 60,
              "entry_jump_deg": 15.370968267518435,
              "path_distance_deg": 60.30862554443512,
              "endpoint_distance_deg": 41.7445761022341,
              "path_to_endpoint_ratio": 1.4447056641978333,
              "peak_velocity_deg": 15.370968267518435
            },
            {
              "start_frame": 104,
              "end_frame": 110,
              "entry_jump_deg": 6.373452323180968,
              "path_distance_deg": 54.52888133200675,
              "endpoint_distance_deg": 14.584133763613556,
              "path_to_endpoint_ratio": 3.7389180746581383,
              "peak_velocity_deg": 14.710079341217112
            },
            {
              "start_frame": 184,
              "end_frame": 190,
              "entry_jump_deg": 1.7425525968849194,
              "path_distance_deg": 34.5819721028738,
              "endpoint_distance_deg": 33.28121709609616,
              "path_to_endpoint_ratio": 1.0390837571541283,
              "peak_velocity_deg": 14.218509916618046
            },
            {
              "start_frame": 74,
              "end_frame": 80,
              "entry_jump_deg": 13.972181974963954,
              "path_distance_deg": 20.15286843153625,
              "endpoint_distance_deg": 11.797899863947471,
              "path_to_endpoint_ratio": 1.7081742228648888,
              "peak_velocity_deg": 13.972181974963954
            },
            {
              "start_frame": 44,
              "end_frame": 50,
              "entry_jump_deg": 3.0696440727810437,
              "path_distance_deg": 15.229676177708672,
              "endpoint_distance_deg": 8.155053951278342,
              "path_to_endpoint_ratio": 1.8675138470814594,
              "peak_velocity_deg": 7.573659624244571
            },
            {
              "start_frame": 94,
              "end_frame": 100,
              "entry_jump_deg": 2.654913615935449,
              "path_distance_deg": 17.817153574113885,
              "endpoint_distance_deg": 10.323425314215829,
              "path_to_endpoint_ratio": 1.7258955270959193,
              "peak_velocity_deg": 7.372097535501093
            },
            {
              "start_frame": 174,
              "end_frame": 180,
              "entry_jump_deg": 4.801897185819457,
              "path_distance_deg": 18.896754275806767,
              "endpoint_distance_deg": 13.040511225565751,
              "path_to_endpoint_ratio": 1.4490807874740315,
              "peak_velocity_deg": 6.269892761196954
            },
            {
              "start_frame": 134,
              "end_frame": 140,
              "entry_jump_deg": 0.832559963250911,
              "path_distance_deg": 20.173094172095773,
              "endpoint_distance_deg": 17.25516662346267,
              "path_to_endpoint_ratio": 1.1691045709558932,
              "peak_velocity_deg": 6.232635458832872
            },
            {
              "start_frame": 34,
              "end_frame": 40,
              "entry_jump_deg": 2.5338189351172424,
              "path_distance_deg": 19.59101377904789,
              "endpoint_distance_deg": 19.37464465713855,
              "path_to_endpoint_ratio": 1.0111676433678292,
              "peak_velocity_deg": 5.703427966222053
            },
            {
              "start_frame": 204,
              "end_frame": 210,
              "entry_jump_deg": 1.9584776236155632,
              "path_distance_deg": 14.691488968703947,
              "endpoint_distance_deg": 9.730282790871627,
              "path_to_endpoint_ratio": 1.5098727636658853,
              "peak_velocity_deg": 3.7473978315690526
            },
            {
              "start_frame": 154,
              "end_frame": 160,
              "entry_jump_deg": 2.175364793531977,
              "path_distance_deg": 6.5155691437192695,
              "endpoint_distance_deg": 2.628469689509125,
              "path_to_endpoint_ratio": 2.478845074654855,
              "peak_velocity_deg": 2.175364793531977
            }
          ]
        },
        "ratios": {
          "excursion_p90": 0.7946454991499571,
          "velocity_rms": 1.146390465198322,
          "velocity_p95": 0.942014529776852
        }
      },
      "RightHand": {
        "prediction": {
          "order": "XYZ",
          "excursion_p90_deg": 24.02782845069354,
          "excursion_max_deg": 36.94490629483339,
          "velocity_rms_deg_per_frame": 7.267308467314954,
          "velocity_p95_deg_per_frame": 15.041885033866468,
          "velocity_max_deg_per_frame": 30.333983673016363,
          "euler_axis_step_p95_deg": [
            2.9640214000000076,
            10.060408799999998,
            12.948445499999991
          ],
          "top_velocity_transitions": [
            {
              "from_frame": 77,
              "to_frame": 78,
              "velocity_deg": 30.333983673016363,
              "new_block_offset": 4,
              "inside_release_blend": false
            },
            {
              "from_frame": 90,
              "to_frame": 91,
              "velocity_deg": 25.72849442340366,
              "new_block_offset": 7,
              "inside_release_blend": false
            },
            {
              "from_frame": 179,
              "to_frame": 180,
              "velocity_deg": 22.946873472082213,
              "new_block_offset": 6,
              "inside_release_blend": false
            },
            {
              "from_frame": 200,
              "to_frame": 201,
              "velocity_deg": 22.55836865647608,
              "new_block_offset": 7,
              "inside_release_blend": false
            },
            {
              "from_frame": 91,
              "to_frame": 92,
              "velocity_deg": 21.573793019791086,
              "new_block_offset": 8,
              "inside_release_blend": false
            },
            {
              "from_frame": 135,
              "to_frame": 136,
              "velocity_deg": 20.059336624326598,
              "new_block_offset": 2,
              "inside_release_blend": true
            },
            {
              "from_frame": 194,
              "to_frame": 195,
              "velocity_deg": 19.911562456967463,
              "new_block_offset": 1,
              "inside_release_blend": true
            },
            {
              "from_frame": 195,
              "to_frame": 196,
              "velocity_deg": 19.91156020693148,
              "new_block_offset": 2,
              "inside_release_blend": true
            },
            {
              "from_frame": 114,
              "to_frame": 115,
              "velocity_deg": 17.78398384385822,
              "new_block_offset": 1,
              "inside_release_blend": true
            },
            {
              "from_frame": 115,
              "to_frame": 116,
              "velocity_deg": 17.783977948146823,
              "new_block_offset": 2,
              "inside_release_blend": true
            },
            {
              "from_frame": 50,
              "to_frame": 51,
              "velocity_deg": 16.84065496076787,
              "new_block_offset": 7,
              "inside_release_blend": false
            },
            {
              "from_frame": 134,
              "to_frame": 135,
              "velocity_deg": 15.047482391084968,
              "new_block_offset": 1,
              "inside_release_blend": true
            }
          ],
          "release_blend_blocks_by_path": [
            {
              "start_frame": 194,
              "endpoint_distance_deg": 15.485085781304663,
              "path_distance_deg": 70.06492276706494,
              "path_to_endpoint_ratio": 4.52467127122119,
              "peak_velocity_deg": 19.911562456967463
            },
            {
              "start_frame": 174,
              "endpoint_distance_deg": 22.852183814621686,
              "path_distance_deg": 66.62823050607578,
              "path_to_endpoint_ratio": 2.915617651536854,
              "peak_velocity_deg": 22.946873472082213
            },
            {
              "start_frame": 134,
              "endpoint_distance_deg": 33.83196765678624,
              "path_distance_deg": 65.5070250721783,
              "path_to_endpoint_ratio": 1.9362463849789848,
              "peak_velocity_deg": 20.059336624326598
            },
            {
              "start_frame": 74,
              "endpoint_distance_deg": 30.402875863177904,
              "path_distance_deg": 59.31301758493827,
              "path_to_endpoint_ratio": 1.950901547993838,
              "peak_velocity_deg": 30.333983673016363
            },
            {
              "start_frame": 104,
              "endpoint_distance_deg": 33.2524786193672,
              "path_distance_deg": 54.22958107949455,
              "path_to_endpoint_ratio": 1.63084327337661,
              "peak_velocity_deg": 11.833888475733596
            },
            {
              "start_frame": 114,
              "endpoint_distance_deg": 29.548315148797197,
              "path_distance_deg": 47.536606438405784,
              "path_to_endpoint_ratio": 1.6087755325142734,
              "peak_velocity_deg": 17.78398384385822
            },
            {
              "start_frame": 94,
              "endpoint_distance_deg": 17.067671631921904,
              "path_distance_deg": 43.15912796833895,
              "path_to_endpoint_ratio": 2.528706252328984,
              "peak_velocity_deg": 14.348321495577421
            },
            {
              "start_frame": 54,
              "endpoint_distance_deg": 1.8840593828073195,
              "path_distance_deg": 42.69873981283115,
              "path_to_endpoint_ratio": 22.663160302945663,
              "peak_velocity_deg": 11.800019259260617
            },
            {
              "start_frame": 84,
              "endpoint_distance_deg": 10.481294853281295,
              "path_distance_deg": 41.10369962631483,
              "path_to_endpoint_ratio": 3.9216242078569925,
              "peak_velocity_deg": 10.787578350306772
            },
            {
              "start_frame": 44,
              "endpoint_distance_deg": 28.85569958613405,
              "path_distance_deg": 35.4981240622095,
              "path_to_endpoint_ratio": 1.2301945394270501,
              "peak_velocity_deg": 9.510032225807905
            },
            {
              "start_frame": 124,
              "endpoint_distance_deg": 22.521918915827506,
              "path_distance_deg": 34.47997489306777,
              "path_to_endpoint_ratio": 1.5309519149736668,
              "peak_velocity_deg": 9.812361699618613
            },
            {
              "start_frame": 184,
              "endpoint_distance_deg": 13.600037514242832,
              "path_distance_deg": 33.611860027754254,
              "path_to_endpoint_ratio": 2.47145347890061,
              "peak_velocity_deg": 9.579862047425737
            },
            {
              "start_frame": 204,
              "endpoint_distance_deg": 25.9377126380401,
              "path_distance_deg": 28.099512223785574,
              "path_to_endpoint_ratio": 1.083345806776153,
              "peak_velocity_deg": 7.523100475447067
            },
            {
              "start_frame": 154,
              "endpoint_distance_deg": 12.36450809176778,
              "path_distance_deg": 20.902031742943944,
              "path_to_endpoint_ratio": 1.6904863167876771,
              "peak_velocity_deg": 5.497816479262621
            },
            {
              "start_frame": 64,
              "endpoint_distance_deg": 16.647810571165355,
              "path_distance_deg": 20.47791115683352,
              "path_to_endpoint_ratio": 1.2300663242950425,
              "peak_velocity_deg": 6.20501046396942
            },
            {
              "start_frame": 164,
              "endpoint_distance_deg": 11.183774669196769,
              "path_distance_deg": 15.965872145180487,
              "path_to_endpoint_ratio": 1.4275924379230338,
              "peak_velocity_deg": 4.2811427562445195
            },
            {
              "start_frame": 34,
              "endpoint_distance_deg": 6.750836443049293,
              "path_distance_deg": 14.894223198955398,
              "path_to_endpoint_ratio": 2.2062781885777416,
              "peak_velocity_deg": 4.110718270399957
            },
            {
              "start_frame": 214,
              "endpoint_distance_deg": 4.479554658101066,
              "path_distance_deg": 9.779147120794217,
              "path_to_endpoint_ratio": 2.1830623504301,
              "peak_velocity_deg": 3.4616329420085186
            },
            {
              "start_frame": 144,
              "endpoint_distance_deg": 3.252867663514371,
              "path_distance_deg": 9.105314302685017,
              "path_to_endpoint_ratio": 2.7991653041451157,
              "peak_velocity_deg": 2.0374874831830647
            }
          ],
          "boundary_blocks_by_peak": [
            {
              "start_frame": 74,
              "end_frame": 80,
              "entry_jump_deg": 4.7498593864340535,
              "path_distance_deg": 64.06287697137233,
              "endpoint_distance_deg": 26.471028604728904,
              "path_to_endpoint_ratio": 2.4201128685995923,
              "peak_velocity_deg": 30.333983673016363
            },
            {
              "start_frame": 174,
              "end_frame": 180,
              "entry_jump_deg": 1.6486484568699167,
              "path_distance_deg": 68.2768789629457,
              "endpoint_distance_deg": 24.497439412424228,
              "path_to_endpoint_ratio": 2.787102676874796,
              "peak_velocity_deg": 22.946873472082213
            },
            {
              "start_frame": 134,
              "end_frame": 140,
              "entry_jump_deg": 3.7883217763350383,
              "path_distance_deg": 69.29534684851333,
              "endpoint_distance_deg": 35.9024980440071,
              "path_to_endpoint_ratio": 1.9300981999518614,
              "peak_velocity_deg": 20.059336624326598
            },
            {
              "start_frame": 194,
              "end_frame": 200,
              "entry_jump_deg": 2.7200477230319975,
              "path_distance_deg": 72.78497049009694,
              "endpoint_distance_deg": 16.369319622062715,
              "path_to_endpoint_ratio": 4.446426129525671,
              "peak_velocity_deg": 19.911562456967463
            },
            {
              "start_frame": 114,
              "end_frame": 120,
              "entry_jump_deg": 14.991508818899979,
              "path_distance_deg": 62.528115257305764,
              "endpoint_distance_deg": 17.9079109134663,
              "path_to_endpoint_ratio": 3.4916476611622067,
              "peak_velocity_deg": 17.78398384385822
            },
            {
              "start_frame": 94,
              "end_frame": 100,
              "entry_jump_deg": 7.666905910014457,
              "path_distance_deg": 50.826033878353414,
              "endpoint_distance_deg": 18.04811578785956,
              "path_to_endpoint_ratio": 2.8161407249250137,
              "peak_velocity_deg": 14.348321495577421
            },
            {
              "start_frame": 104,
              "end_frame": 110,
              "entry_jump_deg": 7.780852462867593,
              "path_distance_deg": 62.01043354236215,
              "endpoint_distance_deg": 25.592135831261615,
              "path_to_endpoint_ratio": 2.423026899795304,
              "peak_velocity_deg": 11.833888475733596
            },
            {
              "start_frame": 54,
              "end_frame": 60,
              "entry_jump_deg": 0.9581576650704032,
              "path_distance_deg": 43.65689747790155,
              "endpoint_distance_deg": 1.2112161343931676,
              "path_to_endpoint_ratio": 36.043853973076516,
              "peak_velocity_deg": 11.800019259260617
            },
            {
              "start_frame": 84,
              "end_frame": 90,
              "entry_jump_deg": 4.569531873195245,
              "path_distance_deg": 45.673231499510074,
              "endpoint_distance_deg": 11.194246578150976,
              "path_to_endpoint_ratio": 4.080063019931638,
              "peak_velocity_deg": 10.787578350306772
            },
            {
              "start_frame": 184,
              "end_frame": 190,
              "entry_jump_deg": 10.436667314757488,
              "path_distance_deg": 44.04852734251175,
              "endpoint_distance_deg": 9.916003617421804,
              "path_to_endpoint_ratio": 4.442165315986897,
              "peak_velocity_deg": 10.436667314757488
            },
            {
              "start_frame": 124,
              "end_frame": 130,
              "entry_jump_deg": 3.2974669619923405,
              "path_distance_deg": 37.777441855060104,
              "endpoint_distance_deg": 24.470612946988794,
              "path_to_endpoint_ratio": 1.5437881321934261,
              "peak_velocity_deg": 9.812361699618613
            },
            {
              "start_frame": 44,
              "end_frame": 50,
              "entry_jump_deg": 1.322115251088881,
              "path_distance_deg": 36.82023931329839,
              "endpoint_distance_deg": 30.07256259999983,
              "path_to_endpoint_ratio": 1.2243798376297534,
              "peak_velocity_deg": 9.510032225807905
            },
            {
              "start_frame": 204,
              "end_frame": 210,
              "entry_jump_deg": 3.777200656889177,
              "path_distance_deg": 31.876712880674745,
              "endpoint_distance_deg": 26.14958838761135,
              "path_to_endpoint_ratio": 1.2190139442415346,
              "peak_velocity_deg": 7.523100475447067
            },
            {
              "start_frame": 64,
              "end_frame": 70,
              "entry_jump_deg": 2.972054736477655,
              "path_distance_deg": 23.44996589331118,
              "endpoint_distance_deg": 15.015566088916382,
              "path_to_endpoint_ratio": 1.561710411345769,
              "peak_velocity_deg": 6.20501046396942
            },
            {
              "start_frame": 154,
              "end_frame": 160,
              "entry_jump_deg": 0.6215464381586528,
              "path_distance_deg": 21.523578181102597,
              "endpoint_distance_deg": 12.04326856907326,
              "path_to_endpoint_ratio": 1.7871874282015496,
              "peak_velocity_deg": 5.497816479262621
            },
            {
              "start_frame": 164,
              "end_frame": 170,
              "entry_jump_deg": 3.019955625927324,
              "path_distance_deg": 18.98582777110781,
              "endpoint_distance_deg": 11.963184347540377,
              "path_to_endpoint_ratio": 1.5870212494895881,
              "peak_velocity_deg": 4.2811427562445195
            },
            {
              "start_frame": 34,
              "end_frame": 40,
              "entry_jump_deg": 2.935002081794616,
              "path_distance_deg": 17.829225280750013,
              "endpoint_distance_deg": 3.8404456120298684,
              "path_to_endpoint_ratio": 4.642488680194164,
              "peak_velocity_deg": 4.110718270399957
            },
            {
              "start_frame": 214,
              "end_frame": 220,
              "entry_jump_deg": 0.9468153531811133,
              "path_distance_deg": 10.725962473975331,
              "endpoint_distance_deg": 3.5470543068472624,
              "path_to_endpoint_ratio": 3.0239070355561926,
              "peak_velocity_deg": 3.4616329420085186
            },
            {
              "start_frame": 144,
              "end_frame": 150,
              "entry_jump_deg": 2.791161960022251,
              "path_distance_deg": 11.896476262707266,
              "endpoint_distance_deg": 1.2475198161178735,
              "path_to_endpoint_ratio": 9.536102039427012,
              "peak_velocity_deg": 2.791161960022251
            }
          ]
        },
        "ground_truth": {
          "order": "XYZ",
          "excursion_p90_deg": 33.60753393598326,
          "excursion_max_deg": 60.411532227178405,
          "velocity_rms_deg_per_frame": 7.909775788973946,
          "velocity_p95_deg_per_frame": 18.617631098872593,
          "velocity_max_deg_per_frame": 34.156606423844956,
          "euler_axis_step_p95_deg": [
            5.433383299999988,
            6.6537964999999915,
            16.403619099999975
          ],
          "top_velocity_transitions": [
            {
              "from_frame": 146,
              "to_frame": 147,
              "velocity_deg": 34.156606423844956,
              "new_block_offset": 3,
              "inside_release_blend": false
            },
            {
              "from_frame": 87,
              "to_frame": 88,
              "velocity_deg": 31.82684088693639,
              "new_block_offset": 4,
              "inside_release_blend": false
            },
            {
              "from_frame": 147,
              "to_frame": 148,
              "velocity_deg": 29.352302406678266,
              "new_block_offset": 4,
              "inside_release_blend": false
            },
            {
              "from_frame": 148,
              "to_frame": 149,
              "velocity_deg": 24.034871571741764,
              "new_block_offset": 5,
              "inside_release_blend": false
            },
            {
              "from_frame": 168,
              "to_frame": 169,
              "velocity_deg": 23.95704663235667,
              "new_block_offset": 5,
              "inside_release_blend": false
            },
            {
              "from_frame": 88,
              "to_frame": 89,
              "velocity_deg": 23.72705155250261,
              "new_block_offset": 5,
              "inside_release_blend": false
            },
            {
              "from_frame": 151,
              "to_frame": 152,
              "velocity_deg": 22.47430169238309,
              "new_block_offset": 8,
              "inside_release_blend": false
            },
            {
              "from_frame": 149,
              "to_frame": 150,
              "velocity_deg": 21.402874348811515,
              "new_block_offset": 6,
              "inside_release_blend": false
            },
            {
              "from_frame": 89,
              "to_frame": 90,
              "velocity_deg": 21.392776393329683,
              "new_block_offset": 6,
              "inside_release_blend": false
            },
            {
              "from_frame": 68,
              "to_frame": 69,
              "velocity_deg": 19.901773561843275,
              "new_block_offset": 5,
              "inside_release_blend": false
            },
            {
              "from_frame": 176,
              "to_frame": 177,
              "velocity_deg": 19.105579529907107,
              "new_block_offset": 3,
              "inside_release_blend": false
            },
            {
              "from_frame": 188,
              "to_frame": 189,
              "velocity_deg": 18.632559073933415,
              "new_block_offset": 5,
              "inside_release_blend": false
            }
          ],
          "release_blend_blocks_by_path": [
            {
              "start_frame": 144,
              "endpoint_distance_deg": 14.139086398739403,
              "path_distance_deg": 130.9035135795208,
              "path_to_endpoint_ratio": 9.258272415054465,
              "peak_velocity_deg": 34.156606423844956
            },
            {
              "start_frame": 84,
              "endpoint_distance_deg": 25.101192728239663,
              "path_distance_deg": 86.27608748927898,
              "path_to_endpoint_ratio": 3.4371309930709213,
              "peak_velocity_deg": 31.82684088693639
            },
            {
              "start_frame": 164,
              "endpoint_distance_deg": 52.48417954420724,
              "path_distance_deg": 65.88886637866881,
              "path_to_endpoint_ratio": 1.2554043323316286,
              "peak_velocity_deg": 23.95704663235667
            },
            {
              "start_frame": 184,
              "endpoint_distance_deg": 64.23445762402217,
              "path_distance_deg": 64.75119646133125,
              "path_to_endpoint_ratio": 1.0080445738381363,
              "peak_velocity_deg": 18.632559073933415
            },
            {
              "start_frame": 174,
              "endpoint_distance_deg": 56.9454161249684,
              "path_distance_deg": 60.95186403142597,
              "path_to_endpoint_ratio": 1.0703559334374746,
              "peak_velocity_deg": 19.105579529907107
            },
            {
              "start_frame": 64,
              "endpoint_distance_deg": 19.335383439799866,
              "path_distance_deg": 49.74408540357001,
              "path_to_endpoint_ratio": 2.5726971258908167,
              "peak_velocity_deg": 19.901773561843275
            },
            {
              "start_frame": 54,
              "endpoint_distance_deg": 24.179929388873727,
              "path_distance_deg": 46.630328609815685,
              "path_to_endpoint_ratio": 1.9284724888928912,
              "peak_velocity_deg": 11.54555818152946
            },
            {
              "start_frame": 214,
              "endpoint_distance_deg": 24.980032955250813,
              "path_distance_deg": 45.15231300059426,
              "path_to_endpoint_ratio": 1.8075361662444576,
              "peak_velocity_deg": 16.147457958908912
            },
            {
              "start_frame": 204,
              "endpoint_distance_deg": 20.91171961311467,
              "path_distance_deg": 38.12669435730413,
              "path_to_endpoint_ratio": 1.823221383161296,
              "peak_velocity_deg": 12.183707910157816
            },
            {
              "start_frame": 104,
              "endpoint_distance_deg": 23.08323376294921,
              "path_distance_deg": 31.560971496526328,
              "path_to_endpoint_ratio": 1.3672682008352182,
              "peak_velocity_deg": 17.572177007243877
            },
            {
              "start_frame": 114,
              "endpoint_distance_deg": 4.726060300924601,
              "path_distance_deg": 31.266188842782036,
              "path_to_endpoint_ratio": 6.615698245886781,
              "peak_velocity_deg": 9.202711484732076
            },
            {
              "start_frame": 194,
              "endpoint_distance_deg": 15.46660578669232,
              "path_distance_deg": 30.352157769775495,
              "path_to_endpoint_ratio": 1.9624317182694933,
              "peak_velocity_deg": 12.91517379885118
            },
            {
              "start_frame": 124,
              "endpoint_distance_deg": 14.305763879623886,
              "path_distance_deg": 19.259163954896547,
              "path_to_endpoint_ratio": 1.3462520503590816,
              "peak_velocity_deg": 7.271337631429688
            },
            {
              "start_frame": 34,
              "endpoint_distance_deg": 3.3208272864762725,
              "path_distance_deg": 8.159151006184956,
              "path_to_endpoint_ratio": 2.4569633715707706,
              "peak_velocity_deg": 2.147242797519241
            },
            {
              "start_frame": 44,
              "endpoint_distance_deg": 2.2680986882040575,
              "path_distance_deg": 6.375980317535874,
              "path_to_endpoint_ratio": 2.811156476874712,
              "peak_velocity_deg": 2.4707904977501567
            },
            {
              "start_frame": 74,
              "endpoint_distance_deg": 1.0871326277354596,
              "path_distance_deg": 4.173507232896332,
              "path_to_endpoint_ratio": 3.8390046682619703,
              "peak_velocity_deg": 1.489565737261695
            },
            {
              "start_frame": 94,
              "endpoint_distance_deg": 2.6142852339348512,
              "path_distance_deg": 3.158044286827871,
              "path_to_endpoint_ratio": 1.2079953043511589,
              "peak_velocity_deg": 1.9011395124818191
            },
            {
              "start_frame": 134,
              "endpoint_distance_deg": 0.5606199976656359,
              "path_distance_deg": 2.8639157558406336,
              "path_to_endpoint_ratio": 5.108479483011104,
              "peak_velocity_deg": 0.9221682285683382
            },
            {
              "start_frame": 154,
              "endpoint_distance_deg": 1.5599532487501437,
              "path_distance_deg": 2.6750240069733633,
              "path_to_endpoint_ratio": 1.7148103695521835,
              "peak_velocity_deg": 0.5583411362292064
            }
          ],
          "boundary_blocks_by_peak": [
            {
              "start_frame": 144,
              "end_frame": 150,
              "entry_jump_deg": 15.130684637204816,
              "path_distance_deg": 146.03419821672563,
              "endpoint_distance_deg": 18.77713173151287,
              "path_to_endpoint_ratio": 7.7772367103140985,
              "peak_velocity_deg": 34.156606423844956
            },
            {
              "start_frame": 84,
              "end_frame": 90,
              "entry_jump_deg": 1.3188340601328923,
              "path_distance_deg": 87.59492154941188,
              "endpoint_distance_deg": 26.41160632719687,
              "path_to_endpoint_ratio": 3.316531393973285,
              "peak_velocity_deg": 31.82684088693639
            },
            {
              "start_frame": 164,
              "end_frame": 170,
              "entry_jump_deg": 4.590303913857067,
              "path_distance_deg": 70.47917029252586,
              "endpoint_distance_deg": 50.273209080962786,
              "path_to_endpoint_ratio": 1.401923043723393,
              "peak_velocity_deg": 23.95704663235667
            },
            {
              "start_frame": 64,
              "end_frame": 70,
              "entry_jump_deg": 5.194066790212484,
              "path_distance_deg": 54.9381521937825,
              "endpoint_distance_deg": 15.403138809896125,
              "path_to_endpoint_ratio": 3.5666855224654688,
              "peak_velocity_deg": 19.901773561843275
            },
            {
              "start_frame": 174,
              "end_frame": 180,
              "entry_jump_deg": 5.070385888048154,
              "path_distance_deg": 66.02224991947412,
              "endpoint_distance_deg": 52.158748676523274,
              "path_to_endpoint_ratio": 1.2657943603848538,
              "peak_velocity_deg": 19.105579529907107
            },
            {
              "start_frame": 184,
              "end_frame": 190,
              "entry_jump_deg": 1.211849499819102,
              "path_distance_deg": 65.96304596115036,
              "endpoint_distance_deg": 65.24337126099387,
              "path_to_endpoint_ratio": 1.0110306179194446,
              "peak_velocity_deg": 18.632559073933415
            },
            {
              "start_frame": 104,
              "end_frame": 110,
              "entry_jump_deg": 2.8341439389719123,
              "path_distance_deg": 34.395115435498234,
              "endpoint_distance_deg": 25.234413068996687,
              "path_to_endpoint_ratio": 1.3630241900793998,
              "peak_velocity_deg": 17.572177007243877
            },
            {
              "start_frame": 214,
              "end_frame": 220,
              "entry_jump_deg": 2.1879929789561037,
              "path_distance_deg": 47.340305979550365,
              "endpoint_distance_deg": 26.39226703089685,
              "path_to_endpoint_ratio": 1.793718816353673,
              "peak_velocity_deg": 16.147457958908912
            },
            {
              "start_frame": 194,
              "end_frame": 200,
              "entry_jump_deg": 2.613938393410754,
              "path_distance_deg": 32.96609616318624,
              "endpoint_distance_deg": 17.778323934971947,
              "path_to_endpoint_ratio": 1.8542859430262857,
              "peak_velocity_deg": 12.91517379885118
            },
            {
              "start_frame": 204,
              "end_frame": 210,
              "entry_jump_deg": 1.1885618666506887,
              "path_distance_deg": 39.31525622395482,
              "endpoint_distance_deg": 19.878343927577884,
              "path_to_endpoint_ratio": 1.977793339686183,
              "peak_velocity_deg": 12.183707910157816
            },
            {
              "start_frame": 54,
              "end_frame": 60,
              "entry_jump_deg": 9.551513377597193,
              "path_distance_deg": 56.181841987412874,
              "endpoint_distance_deg": 16.514146413773492,
              "path_to_endpoint_ratio": 3.4020433499702327,
              "peak_velocity_deg": 11.54555818152946
            },
            {
              "start_frame": 114,
              "end_frame": 120,
              "entry_jump_deg": 1.4992163677396444,
              "path_distance_deg": 32.76540521052168,
              "endpoint_distance_deg": 6.221201372145793,
              "path_to_endpoint_ratio": 5.266732782067197,
              "peak_velocity_deg": 9.202711484732076
            },
            {
              "start_frame": 124,
              "end_frame": 130,
              "entry_jump_deg": 4.808946203902894,
              "path_distance_deg": 24.06811015879944,
              "endpoint_distance_deg": 9.781977518888402,
              "path_to_endpoint_ratio": 2.4604544543601112,
              "peak_velocity_deg": 7.271337631429688
            },
            {
              "start_frame": 154,
              "end_frame": 160,
              "entry_jump_deg": 5.7334389700503285,
              "path_distance_deg": 8.40846297702369,
              "endpoint_distance_deg": 5.850503075425492,
              "path_to_endpoint_ratio": 1.4372205037106427,
              "peak_velocity_deg": 5.7334389700503285
            },
            {
              "start_frame": 74,
              "end_frame": 80,
              "entry_jump_deg": 5.408660083306256,
              "path_distance_deg": 9.582167316202586,
              "endpoint_distance_deg": 4.708255879855344,
              "path_to_endpoint_ratio": 2.0351840598130333,
              "peak_velocity_deg": 5.408660083306256
            },
            {
              "start_frame": 44,
              "end_frame": 50,
              "entry_jump_deg": 1.1773474571554494,
              "path_distance_deg": 7.553327774691324,
              "endpoint_distance_deg": 2.287276796551727,
              "path_to_endpoint_ratio": 3.302323438107113,
              "peak_velocity_deg": 2.4707904977501567
            },
            {
              "start_frame": 34,
              "end_frame": 40,
              "entry_jump_deg": 0.6604622626118045,
              "path_distance_deg": 8.819613268796761,
              "endpoint_distance_deg": 3.168609434998468,
              "path_to_endpoint_ratio": 2.7834333797598583,
              "peak_velocity_deg": 2.147242797519241
            },
            {
              "start_frame": 94,
              "end_frame": 100,
              "entry_jump_deg": 0.38725168798455495,
              "path_distance_deg": 3.5452959748124266,
              "endpoint_distance_deg": 2.947018297674851,
              "path_to_endpoint_ratio": 1.2030111851051644,
              "peak_velocity_deg": 1.9011395124818191
            },
            {
              "start_frame": 134,
              "end_frame": 140,
              "entry_jump_deg": 0.0746139728447457,
              "path_distance_deg": 2.9385297286853787,
              "endpoint_distance_deg": 0.5310602368872214,
              "path_to_endpoint_ratio": 5.533326588165213,
              "peak_velocity_deg": 0.9221682285683382
            }
          ]
        },
        "ratios": {
          "excursion_p90": 0.7149536320178249,
          "velocity_rms": 0.9187755331125089,
          "velocity_p95": 0.8079376454492828
        }
      },
      "LeftShoulder": {
        "prediction": {
          "order": "XYZ",
          "excursion_p90_deg": 3.0427777898817308,
          "excursion_max_deg": 4.329647966959542,
          "velocity_rms_deg_per_frame": 0.4789458477888442,
          "velocity_p95_deg_per_frame": 0.8448791589628742,
          "velocity_max_deg_per_frame": 1.986544175939263,
          "euler_axis_step_p95_deg": [
            0.013927799999996176,
            0.5690733000000077,
            0.6756871000000072
          ],
          "top_velocity_transitions": [
            {
              "from_frame": 95,
              "to_frame": 96,
              "velocity_deg": 1.986544175939263,
              "new_block_offset": 2,
              "inside_release_blend": true
            },
            {
              "from_frame": 94,
              "to_frame": 95,
              "velocity_deg": 1.934681835912103,
              "new_block_offset": 1,
              "inside_release_blend": true
            },
            {
              "from_frame": 55,
              "to_frame": 56,
              "velocity_deg": 1.8621236031331965,
              "new_block_offset": 2,
              "inside_release_blend": true
            },
            {
              "from_frame": 165,
              "to_frame": 166,
              "velocity_deg": 1.6938871293686504,
              "new_block_offset": 2,
              "inside_release_blend": true
            },
            {
              "from_frame": 164,
              "to_frame": 165,
              "velocity_deg": 1.6771399724822962,
              "new_block_offset": 1,
              "inside_release_blend": true
            },
            {
              "from_frame": 54,
              "to_frame": 55,
              "velocity_deg": 1.644501328200434,
              "new_block_offset": 1,
              "inside_release_blend": true
            },
            {
              "from_frame": 174,
              "to_frame": 175,
              "velocity_deg": 1.1838579449694369,
              "new_block_offset": 1,
              "inside_release_blend": true
            },
            {
              "from_frame": 175,
              "to_frame": 176,
              "velocity_deg": 1.1838567216772709,
              "new_block_offset": 2,
              "inside_release_blend": true
            },
            {
              "from_frame": 184,
              "to_frame": 185,
              "velocity_deg": 1.1744907354587089,
              "new_block_offset": 1,
              "inside_release_blend": true
            },
            {
              "from_frame": 185,
              "to_frame": 186,
              "velocity_deg": 1.1744798209065648,
              "new_block_offset": 2,
              "inside_release_blend": true
            },
            {
              "from_frame": 85,
              "to_frame": 86,
              "velocity_deg": 0.8801911661924431,
              "new_block_offset": 2,
              "inside_release_blend": true
            },
            {
              "from_frame": 104,
              "to_frame": 105,
              "velocity_deg": 0.8483182874991223,
              "new_block_offset": 1,
              "inside_release_blend": true
            }
          ],
          "release_blend_blocks_by_path": [
            {
              "start_frame": 164,
              "endpoint_distance_deg": 3.0428929089310492,
              "path_distance_deg": 5.105705621333908,
              "path_to_endpoint_ratio": 1.6779117024948187,
              "peak_velocity_deg": 1.6938871293686504
            },
            {
              "start_frame": 94,
              "endpoint_distance_deg": 4.1198455426520155,
              "path_distance_deg": 4.802628007147109,
              "path_to_endpoint_ratio": 1.1657301123127968,
              "peak_velocity_deg": 1.986544175939263
            },
            {
              "start_frame": 54,
              "endpoint_distance_deg": 3.6244409786922094,
              "path_distance_deg": 4.5152162631158745,
              "path_to_endpoint_ratio": 1.2457690136659583,
              "peak_velocity_deg": 1.8621236031331965
            },
            {
              "start_frame": 184,
              "endpoint_distance_deg": 1.8232542358828898,
              "path_distance_deg": 3.624186077584006,
              "path_to_endpoint_ratio": 1.9877568395331524,
              "peak_velocity_deg": 1.1744907354587089
            },
            {
              "start_frame": 174,
              "endpoint_distance_deg": 1.4697874100519464,
              "path_distance_deg": 3.434737887670191,
              "path_to_endpoint_ratio": 2.336894345522253,
              "peak_velocity_deg": 1.1838579449694369
            },
            {
              "start_frame": 84,
              "endpoint_distance_deg": 2.8419335116931776,
              "path_distance_deg": 3.307085889601408,
              "path_to_endpoint_ratio": 1.1636746165926661,
              "peak_velocity_deg": 0.8801911661924431
            },
            {
              "start_frame": 104,
              "endpoint_distance_deg": 1.2111248906505843,
              "path_distance_deg": 3.1559787931183347,
              "path_to_endpoint_ratio": 2.605824401332406,
              "peak_velocity_deg": 0.8483182874991223
            },
            {
              "start_frame": 194,
              "endpoint_distance_deg": 1.5530171702193853,
              "path_distance_deg": 3.0993399757087605,
              "path_to_endpoint_ratio": 1.9956894457715078,
              "peak_velocity_deg": 0.6828282499194221
            },
            {
              "start_frame": 154,
              "endpoint_distance_deg": 2.4903523396215728,
              "path_distance_deg": 2.726350774769357,
              "path_to_endpoint_ratio": 1.0947650785766507,
              "peak_velocity_deg": 0.601750915033097
            },
            {
              "start_frame": 124,
              "endpoint_distance_deg": 0.4876723178842302,
              "path_distance_deg": 2.6103309048149264,
              "path_to_endpoint_ratio": 5.352632923968015,
              "peak_velocity_deg": 0.6330728809216909
            },
            {
              "start_frame": 74,
              "endpoint_distance_deg": 1.3365395415391454,
              "path_distance_deg": 2.4400742244286304,
              "path_to_endpoint_ratio": 1.8256655703718765,
              "peak_velocity_deg": 0.6096879994546165
            },
            {
              "start_frame": 214,
              "endpoint_distance_deg": 0.2685951394981762,
              "path_distance_deg": 2.3300146453329287,
              "path_to_endpoint_ratio": 8.67482058568208,
              "peak_velocity_deg": 0.6627553133186395
            },
            {
              "start_frame": 134,
              "endpoint_distance_deg": 0.9897092219311141,
              "path_distance_deg": 2.2016451822844467,
              "path_to_endpoint_ratio": 2.224537403004704,
              "peak_velocity_deg": 0.585845967064841
            },
            {
              "start_frame": 144,
              "endpoint_distance_deg": 1.172232617138374,
              "path_distance_deg": 1.9585021650456222,
              "path_to_endpoint_ratio": 1.6707453251272522,
              "peak_velocity_deg": 0.6903295855564584
            },
            {
              "start_frame": 114,
              "endpoint_distance_deg": 0.3167924155263112,
              "path_distance_deg": 1.6316367864675088,
              "path_to_endpoint_ratio": 5.150491951509467,
              "peak_velocity_deg": 0.3968898291103242
            },
            {
              "start_frame": 34,
              "endpoint_distance_deg": 1.0725667424718712,
              "path_distance_deg": 1.6230055962686953,
              "path_to_endpoint_ratio": 1.5131977638317085,
              "peak_velocity_deg": 0.41477555102044644
            },
            {
              "start_frame": 44,
              "endpoint_distance_deg": 0.5013829281596421,
              "path_distance_deg": 1.4008897503122206,
              "path_to_endpoint_ratio": 2.794051555473329,
              "peak_velocity_deg": 0.372980514407583
            },
            {
              "start_frame": 204,
              "endpoint_distance_deg": 0.8167945536040647,
              "path_distance_deg": 1.2202805701152222,
              "path_to_endpoint_ratio": 1.493987153477941,
              "peak_velocity_deg": 0.45414554841525095
            },
            {
              "start_frame": 64,
              "endpoint_distance_deg": 0.4837683378838627,
              "path_distance_deg": 1.1708859040400046,
              "path_to_endpoint_ratio": 2.4203442274907556,
              "peak_velocity_deg": 0.29445534020107955
            }
          ],
          "boundary_blocks_by_peak": [
            {
              "start_frame": 94,
              "end_frame": 100,
              "entry_jump_deg": 0.1691145106842122,
              "path_distance_deg": 4.971742517831321,
              "endpoint_distance_deg": 3.9891232316108542,
              "path_to_endpoint_ratio": 1.2463246255302254,
              "peak_velocity_deg": 1.986544175939263
            },
            {
              "start_frame": 54,
              "end_frame": 60,
              "entry_jump_deg": 0.5879552574253619,
              "path_distance_deg": 5.1031715205412365,
              "endpoint_distance_deg": 3.0373884149273547,
              "path_to_endpoint_ratio": 1.6801181881979652,
              "peak_velocity_deg": 1.8621236031331965
            },
            {
              "start_frame": 164,
              "end_frame": 170,
              "entry_jump_deg": 0.7207545333645747,
              "path_distance_deg": 5.826460154698482,
              "endpoint_distance_deg": 2.51308674512369,
              "path_to_endpoint_ratio": 2.3184476882877014,
              "peak_velocity_deg": 1.6938871293686504
            },
            {
              "start_frame": 174,
              "end_frame": 180,
              "entry_jump_deg": 0.10175849297734411,
              "path_distance_deg": 3.5364963806475345,
              "endpoint_distance_deg": 1.4518389475959097,
              "path_to_endpoint_ratio": 2.435873749291266,
              "peak_velocity_deg": 1.1838579449694369
            },
            {
              "start_frame": 184,
              "end_frame": 190,
              "entry_jump_deg": 0.18564458405270787,
              "path_distance_deg": 3.809830661636714,
              "endpoint_distance_deg": 1.8136603062970638,
              "path_to_endpoint_ratio": 2.100630778767616,
              "peak_velocity_deg": 1.1744907354587089
            },
            {
              "start_frame": 84,
              "end_frame": 90,
              "entry_jump_deg": 0.4119078340699466,
              "path_distance_deg": 3.7189937236713546,
              "endpoint_distance_deg": 3.2500624911363687,
              "path_to_endpoint_ratio": 1.1442837587935197,
              "peak_velocity_deg": 0.8801911661924431
            },
            {
              "start_frame": 104,
              "end_frame": 110,
              "entry_jump_deg": 0.20158195592375458,
              "path_distance_deg": 3.357560749042089,
              "endpoint_distance_deg": 1.1855548519881127,
              "path_to_endpoint_ratio": 2.8320585449181346,
              "peak_velocity_deg": 0.8483182874991223
            },
            {
              "start_frame": 144,
              "end_frame": 150,
              "entry_jump_deg": 0.23699041851377584,
              "path_distance_deg": 2.1954925835593984,
              "endpoint_distance_deg": 1.3931543717190302,
              "path_to_endpoint_ratio": 1.575914793168508,
              "peak_velocity_deg": 0.6903295855564584
            },
            {
              "start_frame": 194,
              "end_frame": 200,
              "entry_jump_deg": 0.3501079300313169,
              "path_distance_deg": 3.4494479057400778,
              "endpoint_distance_deg": 1.7800083252946266,
              "path_to_endpoint_ratio": 1.9378830181421347,
              "peak_velocity_deg": 0.6828282499194221
            },
            {
              "start_frame": 214,
              "end_frame": 220,
              "entry_jump_deg": 0.2880737742059662,
              "path_distance_deg": 2.6180884195388954,
              "endpoint_distance_deg": 0.4172066517766952,
              "path_to_endpoint_ratio": 6.275279668695684,
              "peak_velocity_deg": 0.6627553133186395
            },
            {
              "start_frame": 124,
              "end_frame": 130,
              "entry_jump_deg": 0.2257939809992714,
              "path_distance_deg": 2.836124885814198,
              "endpoint_distance_deg": 0.5645694549602096,
              "path_to_endpoint_ratio": 5.023518117915334,
              "peak_velocity_deg": 0.6330728809216909
            },
            {
              "start_frame": 74,
              "end_frame": 80,
              "entry_jump_deg": 0.1486398916377908,
              "path_distance_deg": 2.5887141160664218,
              "endpoint_distance_deg": 1.192673861232673,
              "path_to_endpoint_ratio": 2.1705129962275596,
              "peak_velocity_deg": 0.6096879994546165
            },
            {
              "start_frame": 154,
              "end_frame": 160,
              "entry_jump_deg": 0.13987263377894882,
              "path_distance_deg": 2.866223408548306,
              "endpoint_distance_deg": 2.4331435244981257,
              "path_to_endpoint_ratio": 1.1779919185570897,
              "peak_velocity_deg": 0.601750915033097
            },
            {
              "start_frame": 134,
              "end_frame": 140,
              "entry_jump_deg": 0.2618881583654911,
              "path_distance_deg": 2.4635333406499376,
              "endpoint_distance_deg": 0.7306369950845957,
              "path_to_endpoint_ratio": 3.371761021168523,
              "peak_velocity_deg": 0.585845967064841
            },
            {
              "start_frame": 204,
              "end_frame": 210,
              "entry_jump_deg": 0.3489141071658362,
              "path_distance_deg": 1.5691946772810585,
              "endpoint_distance_deg": 0.7045455655505148,
              "path_to_endpoint_ratio": 2.2272437071616906,
              "peak_velocity_deg": 0.45414554841525095
            },
            {
              "start_frame": 34,
              "end_frame": 40,
              "entry_jump_deg": 0.19135507049832842,
              "path_distance_deg": 1.8143606667670238,
              "endpoint_distance_deg": 1.053235609386902,
              "path_to_endpoint_ratio": 1.7226541246769844,
              "peak_velocity_deg": 0.41477555102044644
            },
            {
              "start_frame": 114,
              "end_frame": 120,
              "entry_jump_deg": 0.03593014047458848,
              "path_distance_deg": 1.6675669269420972,
              "endpoint_distance_deg": 0.32733779676347685,
              "path_to_endpoint_ratio": 5.094330515540875,
              "peak_velocity_deg": 0.3968898291103242
            },
            {
              "start_frame": 64,
              "end_frame": 70,
              "entry_jump_deg": 0.3868262517762813,
              "path_distance_deg": 1.5577121558162859,
              "endpoint_distance_deg": 0.30291241059342183,
              "path_to_endpoint_ratio": 5.1424507591638235,
              "peak_velocity_deg": 0.3868262517762813
            },
            {
              "start_frame": 44,
              "end_frame": 50,
              "entry_jump_deg": 0.1370418253618614,
              "path_distance_deg": 1.5379315756740821,
              "endpoint_distance_deg": 0.4621653480375317,
              "path_to_endpoint_ratio": 3.3276652656987804,
              "peak_velocity_deg": 0.372980514407583
            }
          ]
        },
        "ground_truth": {
          "order": "XYZ",
          "excursion_p90_deg": 3.7702786057466824,
          "excursion_max_deg": 6.975530464435995,
          "velocity_rms_deg_per_frame": 0.46226478202854776,
          "velocity_p95_deg_per_frame": 0.9296968136626167,
          "velocity_max_deg_per_frame": 1.7996445779327166,
          "euler_axis_step_p95_deg": [
            9.999999974752427e-07,
            0.5843914000000041,
            0.7614000000000003
          ],
          "top_velocity_transitions": [
            {
              "from_frame": 125,
              "to_frame": 126,
              "velocity_deg": 1.7996445779327166,
              "new_block_offset": 2,
              "inside_release_blend": true
            },
            {
              "from_frame": 187,
              "to_frame": 188,
              "velocity_deg": 1.5404031052799787,
              "new_block_offset": 4,
              "inside_release_blend": false
            },
            {
              "from_frame": 175,
              "to_frame": 176,
              "velocity_deg": 1.3901592273947527,
              "new_block_offset": 2,
              "inside_release_blend": true
            },
            {
              "from_frame": 188,
              "to_frame": 189,
              "velocity_deg": 1.2864990855971132,
              "new_block_offset": 5,
              "inside_release_blend": false
            },
            {
              "from_frame": 205,
              "to_frame": 206,
              "velocity_deg": 1.2472512001168703,
              "new_block_offset": 2,
              "inside_release_blend": true
            },
            {
              "from_frame": 201,
              "to_frame": 202,
              "velocity_deg": 1.242230040732968,
              "new_block_offset": 8,
              "inside_release_blend": false
            },
            {
              "from_frame": 186,
              "to_frame": 187,
              "velocity_deg": 1.1176358485643623,
              "new_block_offset": 3,
              "inside_release_blend": false
            },
            {
              "from_frame": 64,
              "to_frame": 65,
              "velocity_deg": 1.085441228559927,
              "new_block_offset": 1,
              "inside_release_blend": true
            },
            {
              "from_frame": 120,
              "to_frame": 121,
              "velocity_deg": 0.9570237156921731,
              "new_block_offset": 7,
              "inside_release_blend": false
            },
            {
              "from_frame": 204,
              "to_frame": 205,
              "velocity_deg": 0.9496134688221048,
              "new_block_offset": 1,
              "inside_release_blend": true
            },
            {
              "from_frame": 123,
              "to_frame": 124,
              "velocity_deg": 0.9353351228593365,
              "new_block_offset": 0,
              "inside_release_blend": true
            },
            {
              "from_frame": 66,
              "to_frame": 67,
              "velocity_deg": 0.9298704257483213,
              "new_block_offset": 3,
              "inside_release_blend": false
            }
          ],
          "release_blend_blocks_by_path": [
            {
              "start_frame": 184,
              "endpoint_distance_deg": 4.182557542165616,
              "path_distance_deg": 4.869464924938895,
              "path_to_endpoint_ratio": 1.1642314243972403,
              "peak_velocity_deg": 1.5404031052799787
            },
            {
              "start_frame": 64,
              "endpoint_distance_deg": 2.051408860981915,
              "path_distance_deg": 4.3782372927134645,
              "path_to_endpoint_ratio": 2.134258740901511,
              "peak_velocity_deg": 1.085441228559927
            },
            {
              "start_frame": 204,
              "endpoint_distance_deg": 4.100588850212797,
              "path_distance_deg": 4.108292933578975,
              "path_to_endpoint_ratio": 1.0018787748900448,
              "peak_velocity_deg": 1.2472512001168703
            },
            {
              "start_frame": 174,
              "endpoint_distance_deg": 3.920321796009246,
              "path_distance_deg": 4.092515175014089,
              "path_to_endpoint_ratio": 1.043923276701451,
              "peak_velocity_deg": 1.3901592273947527
            },
            {
              "start_frame": 124,
              "endpoint_distance_deg": 1.575618724301301,
              "path_distance_deg": 3.622447078822162,
              "path_to_endpoint_ratio": 2.299063233352038,
              "peak_velocity_deg": 1.7996445779327166
            },
            {
              "start_frame": 144,
              "endpoint_distance_deg": 1.7162040367246805,
              "path_distance_deg": 3.253349169526911,
              "path_to_endpoint_ratio": 1.8956657250007534,
              "peak_velocity_deg": 0.8626288280064703
            },
            {
              "start_frame": 114,
              "endpoint_distance_deg": 1.840871613552013,
              "path_distance_deg": 3.056693498751997,
              "path_to_endpoint_ratio": 1.6604599018472679,
              "peak_velocity_deg": 0.8517590202743771
            },
            {
              "start_frame": 54,
              "endpoint_distance_deg": 0.878213983932781,
              "path_distance_deg": 2.6390581218447,
              "path_to_endpoint_ratio": 3.005028580877955,
              "peak_velocity_deg": 0.7053730834159498
            },
            {
              "start_frame": 84,
              "endpoint_distance_deg": 1.250808207445785,
              "path_distance_deg": 2.1995082564830066,
              "path_to_endpoint_ratio": 1.7584696385823342,
              "peak_velocity_deg": 0.7685341894094474
            },
            {
              "start_frame": 194,
              "endpoint_distance_deg": 1.7382489209479761,
              "path_distance_deg": 2.0160844056680287,
              "path_to_endpoint_ratio": 1.1598364200729845,
              "peak_velocity_deg": 0.5082297679635677
            },
            {
              "start_frame": 74,
              "endpoint_distance_deg": 0.2877275331642027,
              "path_distance_deg": 1.2798455662482615,
              "path_to_endpoint_ratio": 4.44811642519407,
              "peak_velocity_deg": 0.37253556632465834
            },
            {
              "start_frame": 34,
              "endpoint_distance_deg": 0.6519936305999471,
              "path_distance_deg": 1.1390638869608254,
              "path_to_endpoint_ratio": 1.7470475684136504,
              "peak_velocity_deg": 0.2775858060479616
            },
            {
              "start_frame": 164,
              "endpoint_distance_deg": 1.0013289589327043,
              "path_distance_deg": 1.1038616254720408,
              "path_to_endpoint_ratio": 1.1023965856821158,
              "peak_velocity_deg": 0.23178396132970022
            },
            {
              "start_frame": 44,
              "endpoint_distance_deg": 0.5014182512683127,
              "path_distance_deg": 0.9807642265134405,
              "path_to_endpoint_ratio": 1.9559803099162143,
              "peak_velocity_deg": 0.27907880616382524
            },
            {
              "start_frame": 134,
              "endpoint_distance_deg": 0.5216539728706842,
              "path_distance_deg": 0.9448453932184091,
              "path_to_endpoint_ratio": 1.811249300027151,
              "peak_velocity_deg": 0.3109235400837124
            },
            {
              "start_frame": 154,
              "endpoint_distance_deg": 0.442698317780457,
              "path_distance_deg": 0.9288991233803982,
              "path_to_endpoint_ratio": 2.098266666197403,
              "peak_velocity_deg": 0.28638271405109295
            },
            {
              "start_frame": 214,
              "endpoint_distance_deg": 0.7454668154398179,
              "path_distance_deg": 0.891947775011369,
              "path_to_endpoint_ratio": 1.1964956139397418,
              "peak_velocity_deg": 0.26268165903467794
            },
            {
              "start_frame": 104,
              "endpoint_distance_deg": 0.5734550823534947,
              "path_distance_deg": 0.8737503729726804,
              "path_to_endpoint_ratio": 1.5236596550627042,
              "peak_velocity_deg": 0.2900280106743447
            },
            {
              "start_frame": 94,
              "endpoint_distance_deg": 0.4915913854190955,
              "path_distance_deg": 0.6370476399587289,
              "path_to_endpoint_ratio": 1.2958885343680868,
              "peak_velocity_deg": 0.18914062713119084
            }
          ],
          "boundary_blocks_by_peak": [
            {
              "start_frame": 124,
              "end_frame": 130,
              "entry_jump_deg": 0.9353351228593365,
              "path_distance_deg": 4.557782201681498,
              "endpoint_distance_deg": 0.9345046450009384,
              "path_to_endpoint_ratio": 4.877217278761542,
              "peak_velocity_deg": 1.7996445779327166
            },
            {
              "start_frame": 184,
              "end_frame": 190,
              "entry_jump_deg": 0.1940524065574554,
              "path_distance_deg": 5.06351733149635,
              "endpoint_distance_deg": 4.083367166330831,
              "path_to_endpoint_ratio": 1.2400347863026602,
              "peak_velocity_deg": 1.5404031052799787
            },
            {
              "start_frame": 174,
              "end_frame": 180,
              "entry_jump_deg": 0.4000899445524079,
              "path_distance_deg": 4.492605119566496,
              "endpoint_distance_deg": 3.9923295789309776,
              "path_to_endpoint_ratio": 1.1253091786999903,
              "peak_velocity_deg": 1.3901592273947527
            },
            {
              "start_frame": 204,
              "end_frame": 210,
              "entry_jump_deg": 0.36934191880924766,
              "path_distance_deg": 4.477634852388222,
              "endpoint_distance_deg": 4.461977621618613,
              "path_to_endpoint_ratio": 1.003509033907689,
              "peak_velocity_deg": 1.2472512001168703
            },
            {
              "start_frame": 64,
              "end_frame": 70,
              "entry_jump_deg": 0.48782876247380025,
              "path_distance_deg": 4.8660660551872645,
              "endpoint_distance_deg": 2.121547605649923,
              "path_to_endpoint_ratio": 2.2936398137983685,
              "peak_velocity_deg": 1.085441228559927
            },
            {
              "start_frame": 144,
              "end_frame": 150,
              "entry_jump_deg": 0.30295651664641365,
              "path_distance_deg": 3.5563056861733244,
              "endpoint_distance_deg": 1.8011202181094306,
              "path_to_endpoint_ratio": 1.9744965663126293,
              "peak_velocity_deg": 0.8626288280064703
            },
            {
              "start_frame": 114,
              "end_frame": 120,
              "entry_jump_deg": 0.10409855848751244,
              "path_distance_deg": 3.16079205723951,
              "endpoint_distance_deg": 1.809863591674392,
              "path_to_endpoint_ratio": 1.7464255713964105,
              "peak_velocity_deg": 0.8517590202743771
            },
            {
              "start_frame": 84,
              "end_frame": 90,
              "entry_jump_deg": 0.2707322308612786,
              "path_distance_deg": 2.4702404873442854,
              "endpoint_distance_deg": 1.0093857620920126,
              "path_to_endpoint_ratio": 2.447270984112718,
              "peak_velocity_deg": 0.7685341894094474
            },
            {
              "start_frame": 54,
              "end_frame": 60,
              "entry_jump_deg": 0.6771989225330762,
              "path_distance_deg": 3.3162570443777764,
              "endpoint_distance_deg": 0.23418746235779345,
              "path_to_endpoint_ratio": 14.160694219023446,
              "peak_velocity_deg": 0.7053730834159498
            },
            {
              "start_frame": 194,
              "end_frame": 200,
              "entry_jump_deg": 0.30462372391283166,
              "path_distance_deg": 2.3207081295808605,
              "endpoint_distance_deg": 1.435413769751143,
              "path_to_endpoint_ratio": 1.6167520324005253,
              "peak_velocity_deg": 0.5082297679635677
            },
            {
              "start_frame": 164,
              "end_frame": 170,
              "entry_jump_deg": 0.5029627761231527,
              "path_distance_deg": 1.6068244015951934,
              "endpoint_distance_deg": 1.3655140120490399,
              "path_to_endpoint_ratio": 1.1767176223875229,
              "peak_velocity_deg": 0.5029627761231527
            },
            {
              "start_frame": 154,
              "end_frame": 160,
              "entry_jump_deg": 0.41364807347216886,
              "path_distance_deg": 1.3425471968525668,
              "endpoint_distance_deg": 0.7065930189619407,
              "path_to_endpoint_ratio": 1.9000289570153261,
              "peak_velocity_deg": 0.41364807347216886
            },
            {
              "start_frame": 74,
              "end_frame": 80,
              "entry_jump_deg": 0.3082216422228121,
              "path_distance_deg": 1.5880672084710734,
              "endpoint_distance_deg": 0.5587797812495722,
              "path_to_endpoint_ratio": 2.84202696976572,
              "peak_velocity_deg": 0.37253556632465834
            },
            {
              "start_frame": 104,
              "end_frame": 110,
              "entry_jump_deg": 0.3535182740921692,
              "path_distance_deg": 1.2272686470648497,
              "endpoint_distance_deg": 0.8631493458496725,
              "path_to_endpoint_ratio": 1.421849709978918,
              "peak_velocity_deg": 0.3535182740921692
            },
            {
              "start_frame": 134,
              "end_frame": 140,
              "entry_jump_deg": 0.013605005143473315,
              "path_distance_deg": 0.9584503983618824,
              "endpoint_distance_deg": 0.5085071953582339,
              "path_to_endpoint_ratio": 1.8848315365265813,
              "peak_velocity_deg": 0.3109235400837124
            },
            {
              "start_frame": 44,
              "end_frame": 50,
              "entry_jump_deg": 0.2139948883131382,
              "path_distance_deg": 1.1947591148265786,
              "endpoint_distance_deg": 0.714874484117801,
              "path_to_endpoint_ratio": 1.6712851575629877,
              "peak_velocity_deg": 0.27907880616382524
            },
            {
              "start_frame": 34,
              "end_frame": 40,
              "entry_jump_deg": 0.2468477772219273,
              "path_distance_deg": 1.3859116641827527,
              "endpoint_distance_deg": 0.7345219195276416,
              "path_to_endpoint_ratio": 1.886821383184873,
              "peak_velocity_deg": 0.2775858060479616
            },
            {
              "start_frame": 214,
              "end_frame": 220,
              "entry_jump_deg": 0.1489823251268292,
              "path_distance_deg": 1.0409301001381983,
              "endpoint_distance_deg": 0.7577500404008081,
              "path_to_endpoint_ratio": 1.3737117052314554,
              "peak_velocity_deg": 0.26268165903467794
            },
            {
              "start_frame": 94,
              "end_frame": 100,
              "entry_jump_deg": 0.13224128294967563,
              "path_distance_deg": 0.7692889229084046,
              "endpoint_distance_deg": 0.6237853617774022,
              "path_to_endpoint_ratio": 1.2332590183206724,
              "peak_velocity_deg": 0.18914062713119084
            }
          ]
        },
        "ratios": {
          "excursion_p90": 0.8070432209555839,
          "velocity_rms": 1.036085521564276,
          "velocity_p95": 0.9087684786553195
        }
      },
      "LeftArm": {
        "prediction": {
          "order": "XYZ",
          "excursion_p90_deg": 17.144851341208224,
          "excursion_max_deg": 30.91994025465853,
          "velocity_rms_deg_per_frame": 4.3491085697487994,
          "velocity_p95_deg_per_frame": 8.365299471258005,
          "velocity_max_deg_per_frame": 16.381895923654227,
          "euler_axis_step_p95_deg": [
            5.4610115000000095,
            6.578246999999984,
            2.212823799999992
          ],
          "top_velocity_transitions": [
            {
              "from_frame": 154,
              "to_frame": 155,
              "velocity_deg": 16.381895923654227,
              "new_block_offset": 1,
              "inside_release_blend": true
            },
            {
              "from_frame": 155,
              "to_frame": 156,
              "velocity_deg": 16.38189575231596,
              "new_block_offset": 2,
              "inside_release_blend": true
            },
            {
              "from_frame": 165,
              "to_frame": 166,
              "velocity_deg": 15.362734411417755,
              "new_block_offset": 2,
              "inside_release_blend": true
            },
            {
              "from_frame": 164,
              "to_frame": 165,
              "velocity_deg": 14.708439536803512,
              "new_block_offset": 1,
              "inside_release_blend": true
            },
            {
              "from_frame": 125,
              "to_frame": 126,
              "velocity_deg": 14.653696985203247,
              "new_block_offset": 2,
              "inside_release_blend": true
            },
            {
              "from_frame": 124,
              "to_frame": 125,
              "velocity_deg": 13.015653066378524,
              "new_block_offset": 1,
              "inside_release_blend": true
            },
            {
              "from_frame": 35,
              "to_frame": 36,
              "velocity_deg": 10.794915139268102,
              "new_block_offset": 2,
              "inside_release_blend": true
            },
            {
              "from_frame": 174,
              "to_frame": 175,
              "velocity_deg": 10.779543566394542,
              "new_block_offset": 1,
              "inside_release_blend": true
            },
            {
              "from_frame": 34,
              "to_frame": 35,
              "velocity_deg": 10.287510466223992,
              "new_block_offset": 1,
              "inside_release_blend": true
            },
            {
              "from_frame": 175,
              "to_frame": 176,
              "velocity_deg": 9.570926261357442,
              "new_block_offset": 2,
              "inside_release_blend": true
            },
            {
              "from_frame": 95,
              "to_frame": 96,
              "velocity_deg": 8.672861600843543,
              "new_block_offset": 2,
              "inside_release_blend": true
            },
            {
              "from_frame": 140,
              "to_frame": 141,
              "velocity_deg": 8.373365209897925,
              "new_block_offset": 7,
              "inside_release_blend": false
            }
          ],
          "release_blend_blocks_by_path": [
            {
              "start_frame": 164,
              "endpoint_distance_deg": 29.427374366697084,
              "path_distance_deg": 50.20631556174867,
              "path_to_endpoint_ratio": 1.7061092483523463,
              "peak_velocity_deg": 15.362734411417755
            },
            {
              "start_frame": 154,
              "endpoint_distance_deg": 37.34603672224284,
              "path_distance_deg": 42.805458674007305,
              "path_to_endpoint_ratio": 1.146184774367581,
              "peak_velocity_deg": 16.381895923654227
            },
            {
              "start_frame": 124,
              "endpoint_distance_deg": 28.45144783930496,
              "path_distance_deg": 38.524536592404786,
              "path_to_endpoint_ratio": 1.3540448559944323,
              "peak_velocity_deg": 14.653696985203247
            },
            {
              "start_frame": 74,
              "endpoint_distance_deg": 10.601811512986226,
              "path_distance_deg": 26.431929352970293,
              "path_to_endpoint_ratio": 2.493152167494551,
              "peak_velocity_deg": 5.96390220985097
            },
            {
              "start_frame": 174,
              "endpoint_distance_deg": 17.017303610183944,
              "path_distance_deg": 26.33680122279796,
              "path_to_endpoint_ratio": 1.5476483129229002,
              "peak_velocity_deg": 10.779543566394542
            },
            {
              "start_frame": 34,
              "endpoint_distance_deg": 22.122225568231542,
              "path_distance_deg": 25.184727676211295,
              "path_to_endpoint_ratio": 1.1384355339174208,
              "peak_velocity_deg": 10.794915139268102
            },
            {
              "start_frame": 94,
              "endpoint_distance_deg": 20.86796456636078,
              "path_distance_deg": 24.879569865559045,
              "path_to_endpoint_ratio": 1.1922374981249961,
              "peak_velocity_deg": 8.672861600843543
            },
            {
              "start_frame": 84,
              "endpoint_distance_deg": 8.00288954669119,
              "path_distance_deg": 24.437046801653292,
              "path_to_endpoint_ratio": 3.053527936263576,
              "peak_velocity_deg": 6.920224451919452
            },
            {
              "start_frame": 204,
              "endpoint_distance_deg": 19.966681386686393,
              "path_distance_deg": 24.280273850069204,
              "path_to_endpoint_ratio": 1.2160395300472455,
              "peak_velocity_deg": 5.8468312222244005
            },
            {
              "start_frame": 214,
              "endpoint_distance_deg": 12.456635081336811,
              "path_distance_deg": 23.222971787281562,
              "path_to_endpoint_ratio": 1.8643053790726716,
              "peak_velocity_deg": 6.943066988239962
            },
            {
              "start_frame": 184,
              "endpoint_distance_deg": 9.121467008253777,
              "path_distance_deg": 22.399952199358808,
              "path_to_endpoint_ratio": 2.4557400886381187,
              "peak_velocity_deg": 6.842866213161097
            },
            {
              "start_frame": 144,
              "endpoint_distance_deg": 3.6790408595373902,
              "path_distance_deg": 21.7011337795722,
              "path_to_endpoint_ratio": 5.898584606179378,
              "peak_velocity_deg": 6.158223976992996
            },
            {
              "start_frame": 104,
              "endpoint_distance_deg": 12.556848006178782,
              "path_distance_deg": 21.189515272575633,
              "path_to_endpoint_ratio": 1.6874868009988668,
              "peak_velocity_deg": 4.963261496839123
            },
            {
              "start_frame": 194,
              "endpoint_distance_deg": 13.612399370626834,
              "path_distance_deg": 20.30829993410501,
              "path_to_endpoint_ratio": 1.4918971579636982,
              "peak_velocity_deg": 6.2464404073581665
            },
            {
              "start_frame": 134,
              "endpoint_distance_deg": 6.72169769474778,
              "path_distance_deg": 18.503093680677654,
              "path_to_endpoint_ratio": 2.752741125971145,
              "peak_velocity_deg": 5.97532973989562
            },
            {
              "start_frame": 54,
              "endpoint_distance_deg": 9.532157953967811,
              "path_distance_deg": 18.15042940426758,
              "path_to_endpoint_ratio": 1.9041259588771677,
              "peak_velocity_deg": 4.127455095129208
            },
            {
              "start_frame": 44,
              "endpoint_distance_deg": 7.633967104650601,
              "path_distance_deg": 15.052064786083726,
              "path_to_endpoint_ratio": 1.9717225106870098,
              "peak_velocity_deg": 4.963872302697433
            },
            {
              "start_frame": 64,
              "endpoint_distance_deg": 4.926407266988,
              "path_distance_deg": 13.37010221041674,
              "path_to_endpoint_ratio": 2.713966078283902,
              "peak_velocity_deg": 3.69983886755356
            },
            {
              "start_frame": 114,
              "endpoint_distance_deg": 6.522446130083018,
              "path_distance_deg": 13.055299063754694,
              "path_to_endpoint_ratio": 2.0015955369168417,
              "peak_velocity_deg": 4.8126353200239995
            }
          ],
          "boundary_blocks_by_peak": [
            {
              "start_frame": 154,
              "end_frame": 160,
              "entry_jump_deg": 1.8890659943827879,
              "path_distance_deg": 44.694524668390095,
              "endpoint_distance_deg": 35.636015959791806,
              "path_to_endpoint_ratio": 1.2541953264029015,
              "peak_velocity_deg": 16.381895923654227
            },
            {
              "start_frame": 164,
              "end_frame": 170,
              "entry_jump_deg": 1.1338670363779635,
              "path_distance_deg": 51.34018259812663,
              "endpoint_distance_deg": 29.051462842982016,
              "path_to_endpoint_ratio": 1.7672150581749078,
              "peak_velocity_deg": 15.362734411417755
            },
            {
              "start_frame": 124,
              "end_frame": 130,
              "entry_jump_deg": 1.9405109982649298,
              "path_distance_deg": 40.46504759066972,
              "endpoint_distance_deg": 27.406421061553434,
              "path_to_endpoint_ratio": 1.4764805481090462,
              "peak_velocity_deg": 14.653696985203247
            },
            {
              "start_frame": 34,
              "end_frame": 40,
              "entry_jump_deg": 4.231983546955901,
              "path_distance_deg": 29.416711223167194,
              "endpoint_distance_deg": 21.2681585654303,
              "path_to_endpoint_ratio": 1.3831339056772747,
              "peak_velocity_deg": 10.794915139268102
            },
            {
              "start_frame": 174,
              "end_frame": 180,
              "entry_jump_deg": 2.5140162677696076,
              "path_distance_deg": 28.850817490567565,
              "endpoint_distance_deg": 19.51966139135489,
              "path_to_endpoint_ratio": 1.4780388302916654,
              "peak_velocity_deg": 10.779543566394542
            },
            {
              "start_frame": 94,
              "end_frame": 100,
              "entry_jump_deg": 2.256655832538097,
              "path_distance_deg": 27.136225698097142,
              "endpoint_distance_deg": 19.84257549389544,
              "path_to_endpoint_ratio": 1.3675757820070078,
              "peak_velocity_deg": 8.672861600843543
            },
            {
              "start_frame": 214,
              "end_frame": 220,
              "entry_jump_deg": 1.1982974043539953,
              "path_distance_deg": 24.42126919163556,
              "endpoint_distance_deg": 11.6154804444293,
              "path_to_endpoint_ratio": 2.1024760283030584,
              "peak_velocity_deg": 6.943066988239962
            },
            {
              "start_frame": 84,
              "end_frame": 90,
              "entry_jump_deg": 4.232964027192679,
              "path_distance_deg": 28.67001082884597,
              "endpoint_distance_deg": 6.337468081211852,
              "path_to_endpoint_ratio": 4.523890370957685,
              "peak_velocity_deg": 6.920224451919452
            },
            {
              "start_frame": 184,
              "end_frame": 190,
              "entry_jump_deg": 1.3535606774074236,
              "path_distance_deg": 23.75351287676623,
              "endpoint_distance_deg": 9.032476271117824,
              "path_to_endpoint_ratio": 2.629789679350753,
              "peak_velocity_deg": 6.842866213161097
            },
            {
              "start_frame": 194,
              "end_frame": 200,
              "entry_jump_deg": 3.3927307424590305,
              "path_distance_deg": 23.701030676564038,
              "endpoint_distance_deg": 11.403427138832516,
              "path_to_endpoint_ratio": 2.0784129532300017,
              "peak_velocity_deg": 6.2464404073581665
            },
            {
              "start_frame": 144,
              "end_frame": 150,
              "entry_jump_deg": 5.406477824414452,
              "path_distance_deg": 27.10761160398665,
              "endpoint_distance_deg": 1.751437747611407,
              "path_to_endpoint_ratio": 15.477348047885652,
              "peak_velocity_deg": 6.158223976992996
            },
            {
              "start_frame": 134,
              "end_frame": 140,
              "entry_jump_deg": 2.9068848396230984,
              "path_distance_deg": 21.409978520300754,
              "endpoint_distance_deg": 4.768154312815743,
              "path_to_endpoint_ratio": 4.490202521918276,
              "peak_velocity_deg": 5.97532973989562
            },
            {
              "start_frame": 74,
              "end_frame": 80,
              "entry_jump_deg": 0.7174624475323602,
              "path_distance_deg": 27.14939180050265,
              "endpoint_distance_deg": 11.170673685223154,
              "path_to_endpoint_ratio": 2.43041669334738,
              "peak_velocity_deg": 5.96390220985097
            },
            {
              "start_frame": 204,
              "end_frame": 210,
              "entry_jump_deg": 2.9074462420098826,
              "path_distance_deg": 27.187720092079086,
              "endpoint_distance_deg": 17.488987704736566,
              "path_to_endpoint_ratio": 1.5545622508909307,
              "peak_velocity_deg": 5.8468312222244005
            },
            {
              "start_frame": 44,
              "end_frame": 50,
              "entry_jump_deg": 1.2062926575740545,
              "path_distance_deg": 16.258357443657783,
              "endpoint_distance_deg": 7.312862047406565,
              "path_to_endpoint_ratio": 2.22325504546112,
              "peak_velocity_deg": 4.963872302697433
            },
            {
              "start_frame": 104,
              "end_frame": 110,
              "entry_jump_deg": 1.5827151077257104,
              "path_distance_deg": 22.772230380301345,
              "endpoint_distance_deg": 12.098454397619408,
              "path_to_endpoint_ratio": 1.8822429404521455,
              "peak_velocity_deg": 4.963261496839123
            },
            {
              "start_frame": 114,
              "end_frame": 120,
              "entry_jump_deg": 4.050652922344972,
              "path_distance_deg": 17.105951986099665,
              "endpoint_distance_deg": 9.517993842871634,
              "path_to_endpoint_ratio": 1.7972224261219631,
              "peak_velocity_deg": 4.8126353200239995
            },
            {
              "start_frame": 54,
              "end_frame": 60,
              "entry_jump_deg": 3.7703753636165147,
              "path_distance_deg": 21.920804767884093,
              "endpoint_distance_deg": 6.359877289917262,
              "path_to_endpoint_ratio": 3.4467339177497354,
              "peak_velocity_deg": 4.127455095129208
            },
            {
              "start_frame": 64,
              "end_frame": 70,
              "entry_jump_deg": 2.392906274520975,
              "path_distance_deg": 15.763008484937714,
              "endpoint_distance_deg": 5.235746305034128,
              "path_to_endpoint_ratio": 3.01065169444549,
              "peak_velocity_deg": 3.69983886755356
            }
          ]
        },
        "ground_truth": {
          "order": "XYZ",
          "excursion_p90_deg": 35.6365153220722,
          "excursion_max_deg": 41.15949060801629,
          "velocity_rms_deg_per_frame": 4.272393611958533,
          "velocity_p95_deg_per_frame": 8.739054912663152,
          "velocity_max_deg_per_frame": 11.070364393659379,
          "euler_axis_step_p95_deg": [
            6.985471500000005,
            6.814715399999991,
            4.020299699999987
          ],
          "top_velocity_transitions": [
            {
              "from_frame": 188,
              "to_frame": 189,
              "velocity_deg": 11.070364393659379,
              "new_block_offset": 5,
              "inside_release_blend": false
            },
            {
              "from_frame": 65,
              "to_frame": 66,
              "velocity_deg": 10.914866255646283,
              "new_block_offset": 2,
              "inside_release_blend": true
            },
            {
              "from_frame": 189,
              "to_frame": 190,
              "velocity_deg": 10.709898659650825,
              "new_block_offset": 6,
              "inside_release_blend": false
            },
            {
              "from_frame": 29,
              "to_frame": 30,
              "velocity_deg": 10.633879426662409,
              "new_block_offset": null,
              "inside_release_blend": false
            },
            {
              "from_frame": 116,
              "to_frame": 117,
              "velocity_deg": 10.17115082345258,
              "new_block_offset": 3,
              "inside_release_blend": false
            },
            {
              "from_frame": 28,
              "to_frame": 29,
              "velocity_deg": 9.812077735723074,
              "new_block_offset": null,
              "inside_release_blend": false
            },
            {
              "from_frame": 117,
              "to_frame": 118,
              "velocity_deg": 9.541270167942765,
              "new_block_offset": 4,
              "inside_release_blend": false
            },
            {
              "from_frame": 125,
              "to_frame": 126,
              "velocity_deg": 9.410267592526198,
              "new_block_offset": 2,
              "inside_release_blend": true
            },
            {
              "from_frame": 147,
              "to_frame": 148,
              "velocity_deg": 9.307743005521273,
              "new_block_offset": 4,
              "inside_release_blend": false
            },
            {
              "from_frame": 146,
              "to_frame": 147,
              "velocity_deg": 9.115100688878332,
              "new_block_offset": 3,
              "inside_release_blend": false
            },
            {
              "from_frame": 66,
              "to_frame": 67,
              "velocity_deg": 8.916055765972315,
              "new_block_offset": 3,
              "inside_release_blend": false
            },
            {
              "from_frame": 53,
              "to_frame": 54,
              "velocity_deg": 8.756971920090027,
              "new_block_offset": 0,
              "inside_release_blend": true
            }
          ],
          "release_blend_blocks_by_path": [
            {
              "start_frame": 144,
              "endpoint_distance_deg": 33.55932749953669,
              "path_distance_deg": 42.19984123660413,
              "path_to_endpoint_ratio": 1.2574698118484862,
              "peak_velocity_deg": 9.307743005521273
            },
            {
              "start_frame": 64,
              "endpoint_distance_deg": 24.763906315415497,
              "path_distance_deg": 41.41010490326738,
              "path_to_endpoint_ratio": 1.6721959926608851,
              "peak_velocity_deg": 10.914866255646283
            },
            {
              "start_frame": 114,
              "endpoint_distance_deg": 27.08837200206477,
              "path_distance_deg": 37.40308284980511,
              "path_to_endpoint_ratio": 1.380780020554728,
              "peak_velocity_deg": 10.17115082345258
            },
            {
              "start_frame": 184,
              "endpoint_distance_deg": 33.67363141273402,
              "path_distance_deg": 33.91772469133145,
              "path_to_endpoint_ratio": 1.007248795819067,
              "peak_velocity_deg": 11.070364393659379
            },
            {
              "start_frame": 124,
              "endpoint_distance_deg": 24.364488211949066,
              "path_distance_deg": 33.03422815841536,
              "path_to_endpoint_ratio": 1.3558350937252357,
              "peak_velocity_deg": 9.410267592526198
            },
            {
              "start_frame": 164,
              "endpoint_distance_deg": 30.285251645948748,
              "path_distance_deg": 32.75731101871092,
              "path_to_endpoint_ratio": 1.0816258488343404,
              "peak_velocity_deg": 8.261555197822176
            },
            {
              "start_frame": 54,
              "endpoint_distance_deg": 20.997315685947363,
              "path_distance_deg": 31.68880970048651,
              "path_to_endpoint_ratio": 1.5091838487571305,
              "peak_velocity_deg": 8.286543866575615
            },
            {
              "start_frame": 174,
              "endpoint_distance_deg": 28.903317321879147,
              "path_distance_deg": 29.73362994199816,
              "path_to_endpoint_ratio": 1.0287272429967922,
              "peak_velocity_deg": 8.57780184582131
            },
            {
              "start_frame": 74,
              "endpoint_distance_deg": 21.091235149533304,
              "path_distance_deg": 23.34817487906947,
              "path_to_endpoint_ratio": 1.1070084190676766,
              "peak_velocity_deg": 6.724803368898382
            },
            {
              "start_frame": 84,
              "endpoint_distance_deg": 9.89741483470528,
              "path_distance_deg": 17.347286088164115,
              "path_to_endpoint_ratio": 1.7527088010230576,
              "peak_velocity_deg": 4.539982737848915
            },
            {
              "start_frame": 34,
              "endpoint_distance_deg": 15.318923943773676,
              "path_distance_deg": 16.30403192487354,
              "path_to_endpoint_ratio": 1.064306604348686,
              "peak_velocity_deg": 4.295108870873231
            },
            {
              "start_frame": 204,
              "endpoint_distance_deg": 12.392390015380293,
              "path_distance_deg": 13.72266096776523,
              "path_to_endpoint_ratio": 1.1073457945347045,
              "peak_velocity_deg": 2.9927086769894164
            },
            {
              "start_frame": 44,
              "endpoint_distance_deg": 5.33948432419633,
              "path_distance_deg": 12.204973581890663,
              "path_to_endpoint_ratio": 2.285796313060192,
              "peak_velocity_deg": 3.14508053381661
            },
            {
              "start_frame": 194,
              "endpoint_distance_deg": 7.088840320504405,
              "path_distance_deg": 11.257085273921849,
              "path_to_endpoint_ratio": 1.588000965596705,
              "peak_velocity_deg": 2.5727335273734884
            },
            {
              "start_frame": 154,
              "endpoint_distance_deg": 3.227980736688184,
              "path_distance_deg": 7.9360681111865485,
              "path_to_endpoint_ratio": 2.458523999535613,
              "peak_velocity_deg": 2.0670530508541054
            },
            {
              "start_frame": 104,
              "endpoint_distance_deg": 5.0080409836703215,
              "path_distance_deg": 7.874025098672501,
              "path_to_endpoint_ratio": 1.572276489818528,
              "peak_velocity_deg": 2.11843361373475
            },
            {
              "start_frame": 94,
              "endpoint_distance_deg": 4.345231653364951,
              "path_distance_deg": 5.946566618369625,
              "path_to_endpoint_ratio": 1.3685269492512784,
              "peak_velocity_deg": 1.6813758911506955
            },
            {
              "start_frame": 134,
              "endpoint_distance_deg": 1.433849263050112,
              "path_distance_deg": 4.501264656906638,
              "path_to_endpoint_ratio": 3.1392872130306504,
              "peak_velocity_deg": 1.2755479299423433
            },
            {
              "start_frame": 214,
              "endpoint_distance_deg": 3.1839859010455323,
              "path_distance_deg": 4.2259330961849235,
              "path_to_endpoint_ratio": 1.3272461711583725,
              "peak_velocity_deg": 1.0887629317598992
            }
          ],
          "boundary_blocks_by_peak": [
            {
              "start_frame": 184,
              "end_frame": 190,
              "entry_jump_deg": 0.14429031666978262,
              "path_distance_deg": 34.06201500800124,
              "endpoint_distance_deg": 33.52985216680318,
              "path_to_endpoint_ratio": 1.0158713148674403,
              "peak_velocity_deg": 11.070364393659379
            },
            {
              "start_frame": 64,
              "end_frame": 70,
              "entry_jump_deg": 3.144550384602437,
              "path_distance_deg": 44.55465528786982,
              "endpoint_distance_deg": 22.749307590544262,
              "path_to_endpoint_ratio": 1.958505994546794,
              "peak_velocity_deg": 10.914866255646283
            },
            {
              "start_frame": 114,
              "end_frame": 120,
              "entry_jump_deg": 0.9152961464376244,
              "path_distance_deg": 38.31837899624273,
              "endpoint_distance_deg": 27.858606036334013,
              "path_to_endpoint_ratio": 1.3754593085622007,
              "peak_velocity_deg": 10.17115082345258
            },
            {
              "start_frame": 124,
              "end_frame": 130,
              "entry_jump_deg": 2.1158092675842948,
              "path_distance_deg": 35.15003742599966,
              "endpoint_distance_deg": 23.023312323019148,
              "path_to_endpoint_ratio": 1.5267150500693154,
              "peak_velocity_deg": 9.410267592526198
            },
            {
              "start_frame": 144,
              "end_frame": 150,
              "entry_jump_deg": 3.6631923368521635,
              "path_distance_deg": 45.86303357345629,
              "endpoint_distance_deg": 36.92249521217358,
              "path_to_endpoint_ratio": 1.2421433955074348,
              "peak_velocity_deg": 9.307743005521273
            },
            {
              "start_frame": 54,
              "end_frame": 60,
              "entry_jump_deg": 8.756971920090027,
              "path_distance_deg": 40.44578162057654,
              "endpoint_distance_deg": 25.67481204224003,
              "path_to_endpoint_ratio": 1.5753097453658242,
              "peak_velocity_deg": 8.756971920090027
            },
            {
              "start_frame": 174,
              "end_frame": 180,
              "entry_jump_deg": 2.6875884902552776,
              "path_distance_deg": 32.42121843225344,
              "endpoint_distance_deg": 30.278325686976267,
              "path_to_endpoint_ratio": 1.0707731585765623,
              "peak_velocity_deg": 8.57780184582131
            },
            {
              "start_frame": 164,
              "end_frame": 170,
              "entry_jump_deg": 0.8591137577320982,
              "path_distance_deg": 33.61642477644302,
              "endpoint_distance_deg": 30.664655050361993,
              "path_to_endpoint_ratio": 1.0962596749004088,
              "peak_velocity_deg": 8.261555197822176
            },
            {
              "start_frame": 74,
              "end_frame": 80,
              "entry_jump_deg": 4.55419899052775,
              "path_distance_deg": 27.902373869597223,
              "endpoint_distance_deg": 16.66327430391338,
              "path_to_endpoint_ratio": 1.674483259454256,
              "peak_velocity_deg": 6.724803368898382
            },
            {
              "start_frame": 34,
              "end_frame": 40,
              "entry_jump_deg": 4.827757727062285,
              "path_distance_deg": 21.13178965193583,
              "endpoint_distance_deg": 19.8169722181791,
              "path_to_endpoint_ratio": 1.0663480484950463,
              "peak_velocity_deg": 4.827757727062285
            },
            {
              "start_frame": 84,
              "end_frame": 90,
              "entry_jump_deg": 3.728737714578447,
              "path_distance_deg": 21.07602380274256,
              "endpoint_distance_deg": 13.477759561703898,
              "path_to_endpoint_ratio": 1.563763154124562,
              "peak_velocity_deg": 4.539982737848915
            },
            {
              "start_frame": 44,
              "end_frame": 50,
              "entry_jump_deg": 3.953875308074867,
              "path_distance_deg": 16.15884888996553,
              "endpoint_distance_deg": 8.312152733346338,
              "path_to_endpoint_ratio": 1.9440028844922632,
              "peak_velocity_deg": 3.953875308074867
            },
            {
              "start_frame": 204,
              "end_frame": 210,
              "entry_jump_deg": 0.7835006428779854,
              "path_distance_deg": 14.506161610643215,
              "endpoint_distance_deg": 13.004253787026618,
              "path_to_endpoint_ratio": 1.1154935798865244,
              "peak_velocity_deg": 2.9927086769894164
            },
            {
              "start_frame": 194,
              "end_frame": 200,
              "entry_jump_deg": 1.457466706482086,
              "path_distance_deg": 12.714551980403934,
              "endpoint_distance_deg": 8.402388481183673,
              "path_to_endpoint_ratio": 1.5132068707459707,
              "peak_velocity_deg": 2.5727335273734884
            },
            {
              "start_frame": 154,
              "end_frame": 160,
              "entry_jump_deg": 2.351166643281465,
              "path_distance_deg": 10.287234754468015,
              "endpoint_distance_deg": 4.020245103715871,
              "path_to_endpoint_ratio": 2.5588576042191136,
              "peak_velocity_deg": 2.351166643281465
            },
            {
              "start_frame": 94,
              "end_frame": 100,
              "entry_jump_deg": 2.141204717379512,
              "path_distance_deg": 8.087771335749137,
              "endpoint_distance_deg": 2.2669280100496025,
              "path_to_endpoint_ratio": 3.5677230595303153,
              "peak_velocity_deg": 2.141204717379512
            },
            {
              "start_frame": 104,
              "end_frame": 110,
              "entry_jump_deg": 1.2616114350462917,
              "path_distance_deg": 9.135636533718792,
              "endpoint_distance_deg": 4.27451789462273,
              "path_to_endpoint_ratio": 2.137232024507668,
              "peak_velocity_deg": 2.11843361373475
            },
            {
              "start_frame": 214,
              "end_frame": 220,
              "entry_jump_deg": 1.5838421206015023,
              "path_distance_deg": 5.809775216786426,
              "endpoint_distance_deg": 3.837581095745143,
              "path_to_endpoint_ratio": 1.5139159464872083,
              "peak_velocity_deg": 1.5838421206015023
            },
            {
              "start_frame": 134,
              "end_frame": 140,
              "entry_jump_deg": 0.5316309962170822,
              "path_distance_deg": 5.032895653123721,
              "endpoint_distance_deg": 1.4436995332694273,
              "path_to_endpoint_ratio": 3.4861101892345543,
              "peak_velocity_deg": 1.2755479299423433
            }
          ]
        },
        "ratios": {
          "excursion_p90": 0.48110347451927243,
          "velocity_rms": 1.0179559667853495,
          "velocity_p95": 0.9572315948188443
        }
      },
      "LeftForeArm": {
        "prediction": {
          "order": "XYZ",
          "excursion_p90_deg": 47.7559572593949,
          "excursion_max_deg": 64.10353892799777,
          "velocity_rms_deg_per_frame": 9.157014161286387,
          "velocity_p95_deg_per_frame": 20.908387262175548,
          "velocity_max_deg_per_frame": 45.91471464583286,
          "euler_axis_step_p95_deg": [
            30.491866799999894,
            12.312915999999959,
            25.356970099999963
          ],
          "top_velocity_transitions": [
            {
              "from_frame": 58,
              "to_frame": 59,
              "velocity_deg": 45.91471464583286,
              "new_block_offset": 5,
              "inside_release_blend": false
            },
            {
              "from_frame": 66,
              "to_frame": 67,
              "velocity_deg": 45.380536247114044,
              "new_block_offset": 3,
              "inside_release_blend": false
            },
            {
              "from_frame": 52,
              "to_frame": 53,
              "velocity_deg": 41.64061785508861,
              "new_block_offset": 9,
              "inside_release_blend": false
            },
            {
              "from_frame": 53,
              "to_frame": 54,
              "velocity_deg": 41.64060545076599,
              "new_block_offset": 0,
              "inside_release_blend": true
            },
            {
              "from_frame": 125,
              "to_frame": 126,
              "velocity_deg": 33.62413975454337,
              "new_block_offset": 2,
              "inside_release_blend": true
            },
            {
              "from_frame": 124,
              "to_frame": 125,
              "velocity_deg": 29.87513673492936,
              "new_block_offset": 1,
              "inside_release_blend": true
            },
            {
              "from_frame": 185,
              "to_frame": 186,
              "velocity_deg": 26.719562240048614,
              "new_block_offset": 2,
              "inside_release_blend": true
            },
            {
              "from_frame": 154,
              "to_frame": 155,
              "velocity_deg": 25.22306545300525,
              "new_block_offset": 1,
              "inside_release_blend": true
            },
            {
              "from_frame": 155,
              "to_frame": 156,
              "velocity_deg": 24.954984277420547,
              "new_block_offset": 2,
              "inside_release_blend": true
            },
            {
              "from_frame": 197,
              "to_frame": 198,
              "velocity_deg": 24.464257960228416,
              "new_block_offset": 4,
              "inside_release_blend": false
            },
            {
              "from_frame": 165,
              "to_frame": 166,
              "velocity_deg": 24.00196805411412,
              "new_block_offset": 2,
              "inside_release_blend": true
            },
            {
              "from_frame": 164,
              "to_frame": 165,
              "velocity_deg": 21.123449468769063,
              "new_block_offset": 1,
              "inside_release_blend": true
            }
          ],
          "release_blend_blocks_by_path": [
            {
              "start_frame": 54,
              "endpoint_distance_deg": 84.49015191398348,
              "path_distance_deg": 102.86816477434003,
              "path_to_endpoint_ratio": 1.217516627015496,
              "peak_velocity_deg": 45.91471464583286
            },
            {
              "start_frame": 124,
              "endpoint_distance_deg": 68.8427822168925,
              "path_distance_deg": 80.73248634361968,
              "path_to_endpoint_ratio": 1.1727080711129323,
              "peak_velocity_deg": 33.62413975454337
            },
            {
              "start_frame": 164,
              "endpoint_distance_deg": 56.79368439550395,
              "path_distance_deg": 75.06740736236799,
              "path_to_endpoint_ratio": 1.321756250917059,
              "peak_velocity_deg": 24.00196805411412
            },
            {
              "start_frame": 184,
              "endpoint_distance_deg": 69.6053019940187,
              "path_distance_deg": 73.42255481910149,
              "path_to_endpoint_ratio": 1.0548414088543256,
              "peak_velocity_deg": 26.719562240048614
            },
            {
              "start_frame": 194,
              "endpoint_distance_deg": 65.05306595256582,
              "path_distance_deg": 71.37932093076004,
              "path_to_endpoint_ratio": 1.0972476067893109,
              "peak_velocity_deg": 24.464257960228416
            },
            {
              "start_frame": 154,
              "endpoint_distance_deg": 39.701413182893354,
              "path_distance_deg": 64.32490192797158,
              "path_to_endpoint_ratio": 1.6202169336301626,
              "peak_velocity_deg": 25.22306545300525
            },
            {
              "start_frame": 64,
              "endpoint_distance_deg": 58.32771266190811,
              "path_distance_deg": 64.1692022917739,
              "path_to_endpoint_ratio": 1.100149472065286,
              "peak_velocity_deg": 45.380536247114044
            },
            {
              "start_frame": 104,
              "endpoint_distance_deg": 20.758134553081845,
              "path_distance_deg": 49.487692300212814,
              "path_to_endpoint_ratio": 2.3840144293151644,
              "peak_velocity_deg": 11.438855094736898
            },
            {
              "start_frame": 74,
              "endpoint_distance_deg": 20.925980042503227,
              "path_distance_deg": 32.56150617511369,
              "path_to_endpoint_ratio": 1.556032554220987,
              "peak_velocity_deg": 8.350227726208834
            },
            {
              "start_frame": 114,
              "endpoint_distance_deg": 18.64770103880043,
              "path_distance_deg": 30.95984470153089,
              "path_to_endpoint_ratio": 1.6602499491552594,
              "peak_velocity_deg": 9.990595964231993
            },
            {
              "start_frame": 84,
              "endpoint_distance_deg": 9.918394045237353,
              "path_distance_deg": 22.624394210724844,
              "path_to_endpoint_ratio": 2.2810541815072067,
              "peak_velocity_deg": 6.543967590825325
            },
            {
              "start_frame": 134,
              "endpoint_distance_deg": 7.322863583382974,
              "path_distance_deg": 21.885873165659667,
              "path_to_endpoint_ratio": 2.988704202454767,
              "peak_velocity_deg": 6.395363528716813
            },
            {
              "start_frame": 94,
              "endpoint_distance_deg": 16.93199898352313,
              "path_distance_deg": 21.40450681152545,
              "path_to_endpoint_ratio": 1.2641452927297367,
              "peak_velocity_deg": 6.95720439304769
            },
            {
              "start_frame": 174,
              "endpoint_distance_deg": 13.49243001500936,
              "path_distance_deg": 20.033162865721756,
              "path_to_endpoint_ratio": 1.484770559746191,
              "peak_velocity_deg": 6.30472915863538
            },
            {
              "start_frame": 34,
              "endpoint_distance_deg": 11.41365580790849,
              "path_distance_deg": 19.825867914867427,
              "path_to_endpoint_ratio": 1.7370304702135961,
              "peak_velocity_deg": 7.484291569496789
            },
            {
              "start_frame": 214,
              "endpoint_distance_deg": 11.351465533074292,
              "path_distance_deg": 19.21574636020318,
              "path_to_endpoint_ratio": 1.6927987231441668,
              "peak_velocity_deg": 4.72470111925735
            },
            {
              "start_frame": 44,
              "endpoint_distance_deg": 4.679140141772007,
              "path_distance_deg": 16.559557981660884,
              "path_to_endpoint_ratio": 3.5390173151321176,
              "peak_velocity_deg": 4.285468083591427
            },
            {
              "start_frame": 144,
              "endpoint_distance_deg": 5.640842157504786,
              "path_distance_deg": 15.18487805723663,
              "path_to_endpoint_ratio": 2.6919523066310416,
              "peak_velocity_deg": 3.2402408242088807
            },
            {
              "start_frame": 204,
              "endpoint_distance_deg": 6.246355099218151,
              "path_distance_deg": 13.789085788492468,
              "path_to_endpoint_ratio": 2.2075411291007825,
              "peak_velocity_deg": 4.161457601999561
            }
          ],
          "boundary_blocks_by_peak": [
            {
              "start_frame": 54,
              "end_frame": 60,
              "entry_jump_deg": 41.64060545076599,
              "path_distance_deg": 144.50877022510602,
              "endpoint_distance_deg": 42.88781793480324,
              "path_to_endpoint_ratio": 3.3694596084320234,
              "peak_velocity_deg": 45.91471464583286
            },
            {
              "start_frame": 64,
              "end_frame": 70,
              "entry_jump_deg": 2.366213842345019,
              "path_distance_deg": 66.53541613411892,
              "endpoint_distance_deg": 59.24700493013765,
              "path_to_endpoint_ratio": 1.1230173780527057,
              "peak_velocity_deg": 45.380536247114044
            },
            {
              "start_frame": 124,
              "end_frame": 130,
              "entry_jump_deg": 0.31374746249268964,
              "path_distance_deg": 81.04623380611237,
              "endpoint_distance_deg": 68.64149275293602,
              "path_to_endpoint_ratio": 1.1807178217674434,
              "peak_velocity_deg": 33.62413975454337
            },
            {
              "start_frame": 184,
              "end_frame": 190,
              "entry_jump_deg": 2.0679347677348017,
              "path_distance_deg": 75.4904895868363,
              "endpoint_distance_deg": 68.50567431988154,
              "path_to_endpoint_ratio": 1.1019596600763282,
              "peak_velocity_deg": 26.719562240048614
            },
            {
              "start_frame": 154,
              "end_frame": 160,
              "entry_jump_deg": 0.8689440914005354,
              "path_distance_deg": 65.19384601937212,
              "endpoint_distance_deg": 40.141346539521706,
              "path_to_endpoint_ratio": 1.6241071025154732,
              "peak_velocity_deg": 25.22306545300525
            },
            {
              "start_frame": 194,
              "end_frame": 200,
              "entry_jump_deg": 1.267085676632385,
              "path_distance_deg": 72.64640660739244,
              "endpoint_distance_deg": 63.7946440571213,
              "path_to_endpoint_ratio": 1.1387540079751104,
              "peak_velocity_deg": 24.464257960228416
            },
            {
              "start_frame": 164,
              "end_frame": 170,
              "entry_jump_deg": 4.99767063771064,
              "path_distance_deg": 80.06507800007863,
              "endpoint_distance_deg": 52.15536057939647,
              "path_to_endpoint_ratio": 1.5351265356165067,
              "peak_velocity_deg": 24.00196805411412
            },
            {
              "start_frame": 104,
              "end_frame": 110,
              "entry_jump_deg": 5.264360474784412,
              "path_distance_deg": 54.752052774997225,
              "endpoint_distance_deg": 19.425552910580823,
              "path_to_endpoint_ratio": 2.818558268432841,
              "peak_velocity_deg": 11.438855094736898
            },
            {
              "start_frame": 114,
              "end_frame": 120,
              "entry_jump_deg": 2.3694801821667353,
              "path_distance_deg": 33.32932488369763,
              "endpoint_distance_deg": 16.370570394711425,
              "path_to_endpoint_ratio": 2.0359293586046823,
              "peak_velocity_deg": 9.990595964231993
            },
            {
              "start_frame": 74,
              "end_frame": 80,
              "entry_jump_deg": 3.7921856350415495,
              "path_distance_deg": 36.35369181015525,
              "endpoint_distance_deg": 19.803460915260608,
              "path_to_endpoint_ratio": 1.835724167897389,
              "peak_velocity_deg": 8.350227726208834
            },
            {
              "start_frame": 34,
              "end_frame": 40,
              "entry_jump_deg": 5.33979993875966,
              "path_distance_deg": 25.165667853627088,
              "endpoint_distance_deg": 7.745245289738833,
              "path_to_endpoint_ratio": 3.2491763542940895,
              "peak_velocity_deg": 7.484291569496789
            },
            {
              "start_frame": 94,
              "end_frame": 100,
              "entry_jump_deg": 3.3776344918977257,
              "path_distance_deg": 24.782141303423177,
              "endpoint_distance_deg": 15.86223153332526,
              "path_to_endpoint_ratio": 1.5623363743845189,
              "peak_velocity_deg": 6.95720439304769
            },
            {
              "start_frame": 84,
              "end_frame": 90,
              "entry_jump_deg": 4.385415808991771,
              "path_distance_deg": 27.009810019716618,
              "endpoint_distance_deg": 6.963206239348674,
              "path_to_endpoint_ratio": 3.8789329356763487,
              "peak_velocity_deg": 6.543967590825325
            },
            {
              "start_frame": 134,
              "end_frame": 140,
              "entry_jump_deg": 3.2304606296397593,
              "path_distance_deg": 25.11633379529943,
              "endpoint_distance_deg": 5.662828936579086,
              "path_to_endpoint_ratio": 4.435297989148195,
              "peak_velocity_deg": 6.395363528716813
            },
            {
              "start_frame": 174,
              "end_frame": 180,
              "entry_jump_deg": 1.5250407221603015,
              "path_distance_deg": 21.55820358788206,
              "endpoint_distance_deg": 14.884676106503578,
              "path_to_endpoint_ratio": 1.448348854461308,
              "peak_velocity_deg": 6.30472915863538
            },
            {
              "start_frame": 214,
              "end_frame": 220,
              "entry_jump_deg": 3.0354195324778024,
              "path_distance_deg": 22.251165892680984,
              "endpoint_distance_deg": 8.654428857123156,
              "path_to_endpoint_ratio": 2.571072714332481,
              "peak_velocity_deg": 4.72470111925735
            },
            {
              "start_frame": 44,
              "end_frame": 50,
              "entry_jump_deg": 1.561079691795827,
              "path_distance_deg": 18.120637673456713,
              "endpoint_distance_deg": 3.2828770242247725,
              "path_to_endpoint_ratio": 5.519743060657525,
              "peak_velocity_deg": 4.285468083591427
            },
            {
              "start_frame": 204,
              "end_frame": 210,
              "entry_jump_deg": 1.1732897821784,
              "path_distance_deg": 14.962375570670869,
              "endpoint_distance_deg": 6.758036776744416,
              "path_to_endpoint_ratio": 2.2140121554471284,
              "peak_velocity_deg": 4.161457601999561
            },
            {
              "start_frame": 144,
              "end_frame": 150,
              "entry_jump_deg": 2.86171331131993,
              "path_distance_deg": 18.04659136855656,
              "endpoint_distance_deg": 7.942864643514249,
              "path_to_endpoint_ratio": 2.2720507245824106,
              "peak_velocity_deg": 3.2402408242088807
            }
          ]
        },
        "ground_truth": {
          "order": "XYZ",
          "excursion_p90_deg": 59.09739667457054,
          "excursion_max_deg": 63.949672604722046,
          "velocity_rms_deg_per_frame": 6.450972385788004,
          "velocity_p95_deg_per_frame": 14.140107169297679,
          "velocity_max_deg_per_frame": 27.011606298856556,
          "euler_axis_step_p95_deg": [
            20.606829799999954,
            7.972633500000002,
            21.582058699999955
          ],
          "top_velocity_transitions": [
            {
              "from_frame": 143,
              "to_frame": 144,
              "velocity_deg": 27.011606298856556,
              "new_block_offset": 0,
              "inside_release_blend": true
            },
            {
              "from_frame": 63,
              "to_frame": 64,
              "velocity_deg": 26.42784811912172,
              "new_block_offset": 0,
              "inside_release_blend": true
            },
            {
              "from_frame": 64,
              "to_frame": 65,
              "velocity_deg": 25.66096324145623,
              "new_block_offset": 1,
              "inside_release_blend": true
            },
            {
              "from_frame": 144,
              "to_frame": 145,
              "velocity_deg": 24.32254200134389,
              "new_block_offset": 1,
              "inside_release_blend": true
            },
            {
              "from_frame": 119,
              "to_frame": 120,
              "velocity_deg": 22.63557566961718,
              "new_block_offset": 6,
              "inside_release_blend": false
            },
            {
              "from_frame": 120,
              "to_frame": 121,
              "velocity_deg": 19.196505863402983,
              "new_block_offset": 7,
              "inside_release_blend": false
            },
            {
              "from_frame": 199,
              "to_frame": 200,
              "velocity_deg": 18.518314264475347,
              "new_block_offset": 6,
              "inside_release_blend": false
            },
            {
              "from_frame": 118,
              "to_frame": 119,
              "velocity_deg": 17.2261012765834,
              "new_block_offset": 5,
              "inside_release_blend": false
            },
            {
              "from_frame": 123,
              "to_frame": 124,
              "velocity_deg": 15.075844265737349,
              "new_block_offset": 0,
              "inside_release_blend": true
            },
            {
              "from_frame": 55,
              "to_frame": 56,
              "velocity_deg": 14.905379514190056,
              "new_block_offset": 2,
              "inside_release_blend": true
            },
            {
              "from_frame": 54,
              "to_frame": 55,
              "velocity_deg": 14.501661213333028,
              "new_block_offset": 1,
              "inside_release_blend": true
            },
            {
              "from_frame": 62,
              "to_frame": 63,
              "velocity_deg": 14.190296826684545,
              "new_block_offset": 9,
              "inside_release_blend": false
            }
          ],
          "release_blend_blocks_by_path": [
            {
              "start_frame": 114,
              "endpoint_distance_deg": 55.78948151796425,
              "path_distance_deg": 67.68278346077605,
              "path_to_endpoint_ratio": 1.2131817973426076,
              "peak_velocity_deg": 22.63557566961718
            },
            {
              "start_frame": 144,
              "endpoint_distance_deg": 39.181722740849416,
              "path_distance_deg": 61.579210354829264,
              "path_to_endpoint_ratio": 1.5716310066843757,
              "peak_velocity_deg": 24.32254200134389
            },
            {
              "start_frame": 54,
              "endpoint_distance_deg": 39.38566095023439,
              "path_distance_deg": 56.41003747848398,
              "path_to_endpoint_ratio": 1.4322480851536472,
              "peak_velocity_deg": 14.905379514190056
            },
            {
              "start_frame": 64,
              "endpoint_distance_deg": 29.174267351600346,
              "path_distance_deg": 52.31893452323268,
              "path_to_endpoint_ratio": 1.7933247095016676,
              "peak_velocity_deg": 25.66096324145623
            },
            {
              "start_frame": 194,
              "endpoint_distance_deg": 40.97320275152344,
              "path_distance_deg": 41.038280120030706,
              "path_to_endpoint_ratio": 1.0015882909837905,
              "peak_velocity_deg": 18.518314264475347
            },
            {
              "start_frame": 164,
              "endpoint_distance_deg": 30.05353344635428,
              "path_distance_deg": 30.770695415132177,
              "path_to_endpoint_ratio": 1.0238628169981423,
              "peak_velocity_deg": 8.897580431834276
            },
            {
              "start_frame": 74,
              "endpoint_distance_deg": 24.850726237036657,
              "path_distance_deg": 29.261266499194853,
              "path_to_endpoint_ratio": 1.1774813428021624,
              "peak_velocity_deg": 9.268911981059315
            },
            {
              "start_frame": 214,
              "endpoint_distance_deg": 25.023015112364376,
              "path_distance_deg": 25.264702760609243,
              "path_to_endpoint_ratio": 1.0096586141661819,
              "peak_velocity_deg": 6.695070834658927
            },
            {
              "start_frame": 124,
              "endpoint_distance_deg": 22.62807038962294,
              "path_distance_deg": 25.230211155784705,
              "path_to_endpoint_ratio": 1.1149961406941302,
              "peak_velocity_deg": 10.597889349099724
            },
            {
              "start_frame": 204,
              "endpoint_distance_deg": 11.170860082146213,
              "path_distance_deg": 21.204644068413067,
              "path_to_endpoint_ratio": 1.8982105149005772,
              "peak_velocity_deg": 5.604658465731538
            },
            {
              "start_frame": 34,
              "endpoint_distance_deg": 11.793886177918688,
              "path_distance_deg": 17.614955084896284,
              "path_to_endpoint_ratio": 1.4935666513278885,
              "peak_velocity_deg": 5.928329010737292
            },
            {
              "start_frame": 104,
              "endpoint_distance_deg": 14.229413480721288,
              "path_distance_deg": 16.141040785959884,
              "path_to_endpoint_ratio": 1.1343433661428535,
              "peak_velocity_deg": 5.970844204815928
            },
            {
              "start_frame": 84,
              "endpoint_distance_deg": 8.218859248648618,
              "path_distance_deg": 15.90148645156852,
              "path_to_endpoint_ratio": 1.9347559035255548,
              "peak_velocity_deg": 5.06878386576219
            },
            {
              "start_frame": 184,
              "endpoint_distance_deg": 10.761800100414945,
              "path_distance_deg": 13.352824123988038,
              "path_to_endpoint_ratio": 1.240761210893816,
              "peak_velocity_deg": 6.540697921198129
            },
            {
              "start_frame": 134,
              "endpoint_distance_deg": 3.6545841962686927,
              "path_distance_deg": 11.330050765933565,
              "path_to_endpoint_ratio": 3.100229781954805,
              "peak_velocity_deg": 3.433645701608372
            },
            {
              "start_frame": 94,
              "endpoint_distance_deg": 7.054547424320868,
              "path_distance_deg": 7.660620031189147,
              "path_to_endpoint_ratio": 1.0859123300778752,
              "peak_velocity_deg": 2.1756669410194736
            },
            {
              "start_frame": 44,
              "endpoint_distance_deg": 1.7180966068247494,
              "path_distance_deg": 7.3930445231508966,
              "path_to_endpoint_ratio": 4.303043550510316,
              "peak_velocity_deg": 2.410342299780035
            },
            {
              "start_frame": 174,
              "endpoint_distance_deg": 2.9611563305751485,
              "path_distance_deg": 6.78882941694325,
              "path_to_endpoint_ratio": 2.2926278315149435,
              "peak_velocity_deg": 2.4435314765922294
            },
            {
              "start_frame": 154,
              "endpoint_distance_deg": 2.8050831085070875,
              "path_distance_deg": 5.250669612297232,
              "path_to_endpoint_ratio": 1.8718410147540072,
              "peak_velocity_deg": 1.8841377182194585
            }
          ],
          "boundary_blocks_by_peak": [
            {
              "start_frame": 144,
              "end_frame": 150,
              "entry_jump_deg": 27.011606298856556,
              "path_distance_deg": 88.59081665368582,
              "endpoint_distance_deg": 63.862902880556014,
              "path_to_endpoint_ratio": 1.3872030969118156,
              "peak_velocity_deg": 27.011606298856556
            },
            {
              "start_frame": 64,
              "end_frame": 70,
              "entry_jump_deg": 26.42784811912172,
              "path_distance_deg": 78.74678264235439,
              "endpoint_distance_deg": 54.17707252637052,
              "path_to_endpoint_ratio": 1.4535075257900774,
              "peak_velocity_deg": 26.42784811912172
            },
            {
              "start_frame": 114,
              "end_frame": 120,
              "entry_jump_deg": 6.299657366557165,
              "path_distance_deg": 73.9824408273332,
              "endpoint_distance_deg": 61.47286340955336,
              "path_to_endpoint_ratio": 1.2034975552454217,
              "peak_velocity_deg": 22.63557566961718
            },
            {
              "start_frame": 194,
              "end_frame": 200,
              "entry_jump_deg": 2.948005602095377,
              "path_distance_deg": 43.986285722126084,
              "endpoint_distance_deg": 43.88822596890216,
              "path_to_endpoint_ratio": 1.0022343066063641,
              "peak_velocity_deg": 18.518314264475347
            },
            {
              "start_frame": 124,
              "end_frame": 130,
              "entry_jump_deg": 15.075844265737349,
              "path_distance_deg": 40.30605542152205,
              "endpoint_distance_deg": 7.708568234054592,
              "path_to_endpoint_ratio": 5.228734337909813,
              "peak_velocity_deg": 15.075844265737349
            },
            {
              "start_frame": 54,
              "end_frame": 60,
              "entry_jump_deg": 11.449504233949387,
              "path_distance_deg": 67.85954171243336,
              "endpoint_distance_deg": 47.24325233915939,
              "path_to_endpoint_ratio": 1.4363859038592346,
              "peak_velocity_deg": 14.905379514190056
            },
            {
              "start_frame": 164,
              "end_frame": 170,
              "entry_jump_deg": 13.688400252815997,
              "path_distance_deg": 44.459095667948176,
              "endpoint_distance_deg": 42.2514319955242,
              "path_to_endpoint_ratio": 1.052250623663071,
              "peak_velocity_deg": 13.688400252815997
            },
            {
              "start_frame": 74,
              "end_frame": 80,
              "entry_jump_deg": 5.493738355387677,
              "path_distance_deg": 34.75500485458253,
              "endpoint_distance_deg": 19.82032802453355,
              "path_to_endpoint_ratio": 1.7535030102207632,
              "peak_velocity_deg": 9.268911981059315
            },
            {
              "start_frame": 214,
              "end_frame": 220,
              "entry_jump_deg": 2.2665111291695026,
              "path_distance_deg": 27.531213889778744,
              "endpoint_distance_deg": 22.85319291463432,
              "path_to_endpoint_ratio": 1.2046987916576328,
              "peak_velocity_deg": 6.695070834658927
            },
            {
              "start_frame": 184,
              "end_frame": 190,
              "entry_jump_deg": 0.21768818105333587,
              "path_distance_deg": 13.570512305041374,
              "endpoint_distance_deg": 10.547278065484154,
              "path_to_endpoint_ratio": 1.286636440301192,
              "peak_velocity_deg": 6.540697921198129
            },
            {
              "start_frame": 104,
              "end_frame": 110,
              "entry_jump_deg": 3.1602875156416834,
              "path_distance_deg": 19.30132830160157,
              "endpoint_distance_deg": 17.27876661255855,
              "path_to_endpoint_ratio": 1.1170547490104406,
              "peak_velocity_deg": 5.970844204815928
            },
            {
              "start_frame": 34,
              "end_frame": 40,
              "entry_jump_deg": 3.9164758421523156,
              "path_distance_deg": 21.5314309270486,
              "endpoint_distance_deg": 15.655524378395638,
              "path_to_endpoint_ratio": 1.3753247995168794,
              "peak_velocity_deg": 5.928329010737292
            },
            {
              "start_frame": 204,
              "end_frame": 210,
              "entry_jump_deg": 1.8123550392922785,
              "path_distance_deg": 23.016999107705345,
              "endpoint_distance_deg": 11.858018220675627,
              "path_to_endpoint_ratio": 1.9410493962281938,
              "peak_velocity_deg": 5.604658465731538
            },
            {
              "start_frame": 84,
              "end_frame": 90,
              "entry_jump_deg": 3.812824531180056,
              "path_distance_deg": 19.71431098274858,
              "endpoint_distance_deg": 12.010542340654556,
              "path_to_endpoint_ratio": 1.6414172169409444,
              "peak_velocity_deg": 5.06878386576219
            },
            {
              "start_frame": 134,
              "end_frame": 140,
              "entry_jump_deg": 0.41776272083060584,
              "path_distance_deg": 11.747813486764171,
              "endpoint_distance_deg": 3.6626854351033873,
              "path_to_endpoint_ratio": 3.2074317314210097,
              "peak_velocity_deg": 3.433645701608372
            },
            {
              "start_frame": 44,
              "end_frame": 50,
              "entry_jump_deg": 3.391079964705547,
              "path_distance_deg": 10.784124487856445,
              "endpoint_distance_deg": 1.6808339561930508,
              "path_to_endpoint_ratio": 6.415936831905509,
              "peak_velocity_deg": 3.391079964705547
            },
            {
              "start_frame": 174,
              "end_frame": 180,
              "entry_jump_deg": 0.860963630494863,
              "path_distance_deg": 7.649793047438114,
              "endpoint_distance_deg": 2.117107350949334,
              "path_to_endpoint_ratio": 3.6133231713582514,
              "peak_velocity_deg": 2.4435314765922294
            },
            {
              "start_frame": 94,
              "end_frame": 100,
              "entry_jump_deg": 1.192238970833278,
              "path_distance_deg": 8.852859002022424,
              "endpoint_distance_deg": 5.881383339061459,
              "path_to_endpoint_ratio": 1.5052341416390564,
              "peak_velocity_deg": 2.1756669410194736
            },
            {
              "start_frame": 154,
              "end_frame": 160,
              "entry_jump_deg": 1.5249376545790647,
              "path_distance_deg": 6.775607266876298,
              "endpoint_distance_deg": 3.7164633460401864,
              "path_to_endpoint_ratio": 1.8231330800277004,
              "peak_velocity_deg": 1.8841377182194585
            }
          ]
        },
        "ratios": {
          "excursion_p90": 0.808089018241715,
          "velocity_rms": 1.4194781210752048,
          "velocity_p95": 1.4786583306506893
        }
      },
      "LeftHand": {
        "prediction": {
          "order": "XYZ",
          "excursion_p90_deg": 16.69564740160432,
          "excursion_max_deg": 24.74015760625238,
          "velocity_rms_deg_per_frame": 4.054513238680575,
          "velocity_p95_deg_per_frame": 9.312723115842726,
          "velocity_max_deg_per_frame": 17.655626052710403,
          "euler_axis_step_p95_deg": [
            1.9732554999999985,
            4.508741700000002,
            7.915830499999979
          ],
          "top_velocity_transitions": [
            {
              "from_frame": 95,
              "to_frame": 96,
              "velocity_deg": 17.655626052710403,
              "new_block_offset": 2,
              "inside_release_blend": true
            },
            {
              "from_frame": 94,
              "to_frame": 95,
              "velocity_deg": 16.402155577386367,
              "new_block_offset": 1,
              "inside_release_blend": true
            },
            {
              "from_frame": 77,
              "to_frame": 78,
              "velocity_deg": 13.55326622058334,
              "new_block_offset": 4,
              "inside_release_blend": false
            },
            {
              "from_frame": 184,
              "to_frame": 185,
              "velocity_deg": 10.47944972056747,
              "new_block_offset": 1,
              "inside_release_blend": true
            },
            {
              "from_frame": 155,
              "to_frame": 156,
              "velocity_deg": 10.195946024655301,
              "new_block_offset": 2,
              "inside_release_blend": true
            },
            {
              "from_frame": 154,
              "to_frame": 155,
              "velocity_deg": 10.134748395752464,
              "new_block_offset": 1,
              "inside_release_blend": true
            },
            {
              "from_frame": 194,
              "to_frame": 195,
              "velocity_deg": 10.042813524393894,
              "new_block_offset": 1,
              "inside_release_blend": true
            },
            {
              "from_frame": 195,
              "to_frame": 196,
              "velocity_deg": 10.04281223944397,
              "new_block_offset": 2,
              "inside_release_blend": true
            },
            {
              "from_frame": 107,
              "to_frame": 108,
              "velocity_deg": 9.957670611373482,
              "new_block_offset": 4,
              "inside_release_blend": false
            },
            {
              "from_frame": 185,
              "to_frame": 186,
              "velocity_deg": 9.904664014373736,
              "new_block_offset": 2,
              "inside_release_blend": true
            },
            {
              "from_frame": 110,
              "to_frame": 111,
              "velocity_deg": 9.320083867829188,
              "new_block_offset": 7,
              "inside_release_blend": false
            },
            {
              "from_frame": 140,
              "to_frame": 141,
              "velocity_deg": 9.31789538902646,
              "new_block_offset": 7,
              "inside_release_blend": false
            }
          ],
          "release_blend_blocks_by_path": [
            {
              "start_frame": 94,
              "endpoint_distance_deg": 33.466282370697655,
              "path_distance_deg": 43.07487300809229,
              "path_to_endpoint_ratio": 1.2871125788924709,
              "peak_velocity_deg": 17.655626052710403
            },
            {
              "start_frame": 194,
              "endpoint_distance_deg": 13.527180495164428,
              "path_distance_deg": 35.31776904249982,
              "path_to_endpoint_ratio": 2.610874383994868,
              "peak_velocity_deg": 10.042813524393894
            },
            {
              "start_frame": 74,
              "endpoint_distance_deg": 27.514055464454124,
              "path_distance_deg": 34.93356410721757,
              "path_to_endpoint_ratio": 1.2696624876819353,
              "peak_velocity_deg": 13.55326622058334
            },
            {
              "start_frame": 184,
              "endpoint_distance_deg": 17.498152124571305,
              "path_distance_deg": 32.37795221399767,
              "path_to_endpoint_ratio": 1.8503640832183539,
              "peak_velocity_deg": 10.47944972056747
            },
            {
              "start_frame": 164,
              "endpoint_distance_deg": 26.99279356643896,
              "path_distance_deg": 32.1999608258871,
              "path_to_endpoint_ratio": 1.192909535155427,
              "peak_velocity_deg": 9.034040464964137
            },
            {
              "start_frame": 104,
              "endpoint_distance_deg": 21.628456053063246,
              "path_distance_deg": 30.672595714618804,
              "path_to_endpoint_ratio": 1.4181592823531495,
              "peak_velocity_deg": 9.957670611373482
            },
            {
              "start_frame": 124,
              "endpoint_distance_deg": 13.983025017508268,
              "path_distance_deg": 28.02219827798684,
              "path_to_endpoint_ratio": 2.0040154575208153,
              "peak_velocity_deg": 8.776763772764845
            },
            {
              "start_frame": 54,
              "endpoint_distance_deg": 19.60234844510391,
              "path_distance_deg": 27.800844283205546,
              "path_to_endpoint_ratio": 1.418240490983078,
              "peak_velocity_deg": 8.900852136275113
            },
            {
              "start_frame": 154,
              "endpoint_distance_deg": 20.673482053450652,
              "path_distance_deg": 24.14169749074334,
              "path_to_endpoint_ratio": 1.1677615521335847,
              "peak_velocity_deg": 10.195946024655301
            },
            {
              "start_frame": 114,
              "endpoint_distance_deg": 13.851998450427098,
              "path_distance_deg": 22.414743683962993,
              "path_to_endpoint_ratio": 1.6181595575670802,
              "peak_velocity_deg": 7.922228405335065
            },
            {
              "start_frame": 134,
              "endpoint_distance_deg": 11.004664108184253,
              "path_distance_deg": 17.56847095819633,
              "path_to_endpoint_ratio": 1.5964568100838736,
              "peak_velocity_deg": 4.675457446267007
            },
            {
              "start_frame": 84,
              "endpoint_distance_deg": 7.883633054208345,
              "path_distance_deg": 16.516542866278858,
              "path_to_endpoint_ratio": 2.0950420640725023,
              "peak_velocity_deg": 3.730262856062216
            },
            {
              "start_frame": 34,
              "endpoint_distance_deg": 10.309385570705468,
              "path_distance_deg": 16.31266164082573,
              "path_to_endpoint_ratio": 1.5823117225510328,
              "peak_velocity_deg": 6.458788957670022
            },
            {
              "start_frame": 204,
              "endpoint_distance_deg": 6.718799359614295,
              "path_distance_deg": 11.925245208090953,
              "path_to_endpoint_ratio": 1.7749071775787546,
              "peak_velocity_deg": 3.598607608370611
            },
            {
              "start_frame": 144,
              "endpoint_distance_deg": 4.175727363674176,
              "path_distance_deg": 10.971600287341852,
              "path_to_endpoint_ratio": 2.627470457670891,
              "peak_velocity_deg": 2.9848431781711087
            },
            {
              "start_frame": 64,
              "endpoint_distance_deg": 5.92891970515883,
              "path_distance_deg": 9.767491865111321,
              "path_to_endpoint_ratio": 1.6474319692021635,
              "peak_velocity_deg": 3.6672688379081175
            },
            {
              "start_frame": 174,
              "endpoint_distance_deg": 1.6728681078401686,
              "path_distance_deg": 8.892460660384883,
              "path_to_endpoint_ratio": 5.315697405377578,
              "peak_velocity_deg": 2.0426907794873594
            },
            {
              "start_frame": 44,
              "endpoint_distance_deg": 7.238475613743875,
              "path_distance_deg": 8.733232114334823,
              "path_to_endpoint_ratio": 1.2065015592168076,
              "peak_velocity_deg": 2.2369203723242634
            },
            {
              "start_frame": 214,
              "endpoint_distance_deg": 3.126953949512637,
              "path_distance_deg": 7.516956817353759,
              "path_to_endpoint_ratio": 2.403923095357814,
              "peak_velocity_deg": 2.1270912379779436
            }
          ],
          "boundary_blocks_by_peak": [
            {
              "start_frame": 94,
              "end_frame": 100,
              "entry_jump_deg": 5.73446735851619,
              "path_distance_deg": 48.809340366608474,
              "endpoint_distance_deg": 28.837283452121078,
              "path_to_endpoint_ratio": 1.6925776121612588,
              "peak_velocity_deg": 17.655626052710403
            },
            {
              "start_frame": 74,
              "end_frame": 80,
              "entry_jump_deg": 3.2051340044978587,
              "path_distance_deg": 38.138698111715435,
              "endpoint_distance_deg": 24.70254670273355,
              "path_to_endpoint_ratio": 1.5439176604206182,
              "peak_velocity_deg": 13.55326622058334
            },
            {
              "start_frame": 184,
              "end_frame": 190,
              "entry_jump_deg": 1.4448054247490374,
              "path_distance_deg": 33.822757638746715,
              "endpoint_distance_deg": 18.392835975753105,
              "path_to_endpoint_ratio": 1.8389093277042516,
              "peak_velocity_deg": 10.47944972056747
            },
            {
              "start_frame": 154,
              "end_frame": 160,
              "entry_jump_deg": 0.6524356672444307,
              "path_distance_deg": 24.79413315798777,
              "endpoint_distance_deg": 20.628499181598514,
              "path_to_endpoint_ratio": 1.2019358722957982,
              "peak_velocity_deg": 10.195946024655301
            },
            {
              "start_frame": 194,
              "end_frame": 200,
              "entry_jump_deg": 2.6403525623876187,
              "path_distance_deg": 37.95812160488744,
              "endpoint_distance_deg": 11.63856477636666,
              "path_to_endpoint_ratio": 3.2614091457363736,
              "peak_velocity_deg": 10.042813524393894
            },
            {
              "start_frame": 104,
              "end_frame": 110,
              "entry_jump_deg": 0.6315846073084583,
              "path_distance_deg": 31.30418032192726,
              "endpoint_distance_deg": 21.012412980636284,
              "path_to_endpoint_ratio": 1.489794644278847,
              "peak_velocity_deg": 9.957670611373482
            },
            {
              "start_frame": 164,
              "end_frame": 170,
              "entry_jump_deg": 1.0454092176225174,
              "path_distance_deg": 33.245370043509624,
              "endpoint_distance_deg": 26.604100960204118,
              "path_to_endpoint_ratio": 1.2496332837271924,
              "peak_velocity_deg": 9.034040464964137
            },
            {
              "start_frame": 54,
              "end_frame": 60,
              "entry_jump_deg": 5.195753697257622,
              "path_distance_deg": 32.996597980463164,
              "endpoint_distance_deg": 14.56822576563597,
              "path_to_endpoint_ratio": 2.264970251785682,
              "peak_velocity_deg": 8.900852136275113
            },
            {
              "start_frame": 124,
              "end_frame": 130,
              "entry_jump_deg": 0.4277671106758883,
              "path_distance_deg": 28.449965388662726,
              "endpoint_distance_deg": 13.636592260974634,
              "path_to_endpoint_ratio": 2.0862958167401677,
              "peak_velocity_deg": 8.776763772764845
            },
            {
              "start_frame": 114,
              "end_frame": 120,
              "entry_jump_deg": 5.978849461834939,
              "path_distance_deg": 28.393593145797933,
              "endpoint_distance_deg": 13.814236147608746,
              "path_to_endpoint_ratio": 2.0553864030124376,
              "peak_velocity_deg": 7.922228405335065
            },
            {
              "start_frame": 34,
              "end_frame": 40,
              "entry_jump_deg": 2.6474681872475063,
              "path_distance_deg": 18.960129828073235,
              "endpoint_distance_deg": 7.686177467147974,
              "path_to_endpoint_ratio": 2.4667827290108826,
              "peak_velocity_deg": 6.458788957670022
            },
            {
              "start_frame": 134,
              "end_frame": 140,
              "entry_jump_deg": 0.8476420135621873,
              "path_distance_deg": 18.416112971758515,
              "endpoint_distance_deg": 11.153624810731127,
              "path_to_endpoint_ratio": 1.6511325496658271,
              "peak_velocity_deg": 4.675457446267007
            },
            {
              "start_frame": 84,
              "end_frame": 90,
              "entry_jump_deg": 0.9664096372870474,
              "path_distance_deg": 17.482952503565905,
              "endpoint_distance_deg": 6.91912562087833,
              "path_to_endpoint_ratio": 2.52675749242237,
              "peak_velocity_deg": 3.730262856062216
            },
            {
              "start_frame": 64,
              "end_frame": 70,
              "entry_jump_deg": 0.708197898152559,
              "path_distance_deg": 10.47568976326388,
              "endpoint_distance_deg": 5.27338421103098,
              "path_to_endpoint_ratio": 1.986521244052463,
              "peak_velocity_deg": 3.6672688379081175
            },
            {
              "start_frame": 144,
              "end_frame": 150,
              "entry_jump_deg": 3.6171460764119274,
              "path_distance_deg": 14.58874636375378,
              "endpoint_distance_deg": 4.027652891646403,
              "path_to_endpoint_ratio": 3.622145888989522,
              "peak_velocity_deg": 3.6171460764119274
            },
            {
              "start_frame": 204,
              "end_frame": 210,
              "entry_jump_deg": 2.4470215321893383,
              "path_distance_deg": 14.372266740280288,
              "endpoint_distance_deg": 4.671273512062361,
              "path_to_endpoint_ratio": 3.0767341503698318,
              "peak_velocity_deg": 3.598607608370611
            },
            {
              "start_frame": 174,
              "end_frame": 180,
              "entry_jump_deg": 2.690500791611278,
              "path_distance_deg": 11.58296145199616,
              "endpoint_distance_deg": 3.0806466500655474,
              "path_to_endpoint_ratio": 3.759912371563194,
              "peak_velocity_deg": 2.690500791611278
            },
            {
              "start_frame": 44,
              "end_frame": 50,
              "entry_jump_deg": 0.4227222152213261,
              "path_distance_deg": 9.155954329556149,
              "endpoint_distance_deg": 7.199915135432633,
              "path_to_endpoint_ratio": 1.2716753124626907,
              "peak_velocity_deg": 2.2369203723242634
            },
            {
              "start_frame": 214,
              "end_frame": 220,
              "entry_jump_deg": 1.095294352413464,
              "path_distance_deg": 8.612251169767221,
              "endpoint_distance_deg": 2.065519287117197,
              "path_to_endpoint_ratio": 4.169533164605384,
              "peak_velocity_deg": 2.1270912379779436
            }
          ]
        },
        "ground_truth": {
          "order": "XYZ",
          "excursion_p90_deg": 30.24216631628135,
          "excursion_max_deg": 42.476048975319024,
          "velocity_rms_deg_per_frame": 4.557583467399062,
          "velocity_p95_deg_per_frame": 10.607497347842406,
          "velocity_max_deg_per_frame": 25.27434589609639,
          "euler_axis_step_p95_deg": [
            2.1500118999999893,
            5.716240799999988,
            7.151803599999994
          ],
          "top_velocity_transitions": [
            {
              "from_frame": 191,
              "to_frame": 192,
              "velocity_deg": 25.27434589609639,
              "new_block_offset": 8,
              "inside_release_blend": false
            },
            {
              "from_frame": 190,
              "to_frame": 191,
              "velocity_deg": 22.161271689623145,
              "new_block_offset": 7,
              "inside_release_blend": false
            },
            {
              "from_frame": 162,
              "to_frame": 163,
              "velocity_deg": 18.33876313802325,
              "new_block_offset": 9,
              "inside_release_blend": false
            },
            {
              "from_frame": 199,
              "to_frame": 200,
              "velocity_deg": 15.17391093725081,
              "new_block_offset": 6,
              "inside_release_blend": false
            },
            {
              "from_frame": 149,
              "to_frame": 150,
              "velocity_deg": 14.238431083256822,
              "new_block_offset": 6,
              "inside_release_blend": false
            },
            {
              "from_frame": 53,
              "to_frame": 54,
              "velocity_deg": 13.629894612171721,
              "new_block_offset": 0,
              "inside_release_blend": true
            },
            {
              "from_frame": 148,
              "to_frame": 149,
              "velocity_deg": 13.135967077020956,
              "new_block_offset": 5,
              "inside_release_blend": false
            },
            {
              "from_frame": 161,
              "to_frame": 162,
              "velocity_deg": 13.060268979007933,
              "new_block_offset": 8,
              "inside_release_blend": false
            },
            {
              "from_frame": 189,
              "to_frame": 190,
              "velocity_deg": 11.647164898405578,
              "new_block_offset": 6,
              "inside_release_blend": false
            },
            {
              "from_frame": 145,
              "to_frame": 146,
              "velocity_deg": 11.087166440900488,
              "new_block_offset": 2,
              "inside_release_blend": true
            },
            {
              "from_frame": 150,
              "to_frame": 151,
              "velocity_deg": 10.717557101503846,
              "new_block_offset": 7,
              "inside_release_blend": false
            },
            {
              "from_frame": 144,
              "to_frame": 145,
              "velocity_deg": 10.619970341801903,
              "new_block_offset": 1,
              "inside_release_blend": true
            }
          ],
          "release_blend_blocks_by_path": [
            {
              "start_frame": 144,
              "endpoint_distance_deg": 8.95109757081392,
              "path_distance_deg": 61.38937287537146,
              "path_to_endpoint_ratio": 6.858306748385645,
              "peak_velocity_deg": 14.238431083256822
            },
            {
              "start_frame": 194,
              "endpoint_distance_deg": 11.932712137533622,
              "path_distance_deg": 32.768674514934986,
              "path_to_endpoint_ratio": 2.7461212620610453,
              "peak_velocity_deg": 15.17391093725081
            },
            {
              "start_frame": 164,
              "endpoint_distance_deg": 29.140103734812122,
              "path_distance_deg": 30.533700875003756,
              "path_to_endpoint_ratio": 1.0478240281117044,
              "peak_velocity_deg": 6.845055912341967
            },
            {
              "start_frame": 64,
              "endpoint_distance_deg": 6.823025083354661,
              "path_distance_deg": 26.187377756616065,
              "path_to_endpoint_ratio": 3.8380890348039842,
              "peak_velocity_deg": 6.172014410842447
            },
            {
              "start_frame": 204,
              "endpoint_distance_deg": 23.599094247669903,
              "path_distance_deg": 25.686562369927373,
              "path_to_endpoint_ratio": 1.0884554339395285,
              "peak_velocity_deg": 8.52132952171877
            },
            {
              "start_frame": 184,
              "endpoint_distance_deg": 23.28311807018555,
              "path_distance_deg": 24.943688774985084,
              "path_to_endpoint_ratio": 1.0713208041892774,
              "peak_velocity_deg": 11.647164898405578
            },
            {
              "start_frame": 54,
              "endpoint_distance_deg": 6.979696200938495,
              "path_distance_deg": 23.411453665197882,
              "path_to_endpoint_ratio": 3.354222446250592,
              "peak_velocity_deg": 5.823793477531671
            },
            {
              "start_frame": 44,
              "endpoint_distance_deg": 9.840564496548451,
              "path_distance_deg": 13.80801072647099,
              "path_to_endpoint_ratio": 1.4031726260535267,
              "peak_velocity_deg": 5.991276303638707
            },
            {
              "start_frame": 174,
              "endpoint_distance_deg": 8.739689850386393,
              "path_distance_deg": 12.959744676934498,
              "path_to_endpoint_ratio": 1.4828609365767746,
              "peak_velocity_deg": 6.900385613596185
            },
            {
              "start_frame": 214,
              "endpoint_distance_deg": 5.3526522740371885,
              "path_distance_deg": 11.630232831487564,
              "path_to_endpoint_ratio": 2.1727981262484604,
              "peak_velocity_deg": 4.504575658870892
            },
            {
              "start_frame": 114,
              "endpoint_distance_deg": 2.4475901855085325,
              "path_distance_deg": 11.151552500690531,
              "path_to_endpoint_ratio": 4.556135486535132,
              "peak_velocity_deg": 3.1606034353212618
            },
            {
              "start_frame": 104,
              "endpoint_distance_deg": 5.8807602949516555,
              "path_distance_deg": 9.541808641501351,
              "path_to_endpoint_ratio": 1.622546773364071,
              "peak_velocity_deg": 2.174023866980107
            },
            {
              "start_frame": 154,
              "endpoint_distance_deg": 7.761465318648783,
              "path_distance_deg": 8.62161618193676,
              "path_to_endpoint_ratio": 1.110823256688561,
              "peak_velocity_deg": 3.3720203738548915
            },
            {
              "start_frame": 74,
              "endpoint_distance_deg": 4.86992428645758,
              "path_distance_deg": 8.18062171075955,
              "path_to_endpoint_ratio": 1.6798252353755168,
              "peak_velocity_deg": 2.82819338834042
            },
            {
              "start_frame": 124,
              "endpoint_distance_deg": 4.796584911721503,
              "path_distance_deg": 8.153934180250356,
              "path_to_endpoint_ratio": 1.6999457593931961,
              "peak_velocity_deg": 3.757764267101666
            },
            {
              "start_frame": 34,
              "endpoint_distance_deg": 0.3550688454726978,
              "path_distance_deg": 6.43797342340075,
              "path_to_endpoint_ratio": 18.131620122373658,
              "peak_velocity_deg": 2.0482956329317226
            },
            {
              "start_frame": 84,
              "endpoint_distance_deg": 1.903584583148994,
              "path_distance_deg": 6.127436731013498,
              "path_to_endpoint_ratio": 3.2188938622717886,
              "peak_velocity_deg": 1.5524303745504182
            },
            {
              "start_frame": 94,
              "endpoint_distance_deg": 2.3851305929301927,
              "path_distance_deg": 2.617096529303149,
              "path_to_endpoint_ratio": 1.0972550253896078,
              "peak_velocity_deg": 0.6675677354458293
            },
            {
              "start_frame": 134,
              "endpoint_distance_deg": 0.4548752063898288,
              "path_distance_deg": 2.327475013487264,
              "path_to_endpoint_ratio": 5.116733074901018,
              "peak_velocity_deg": 0.5153243070192961
            }
          ],
          "boundary_blocks_by_peak": [
            {
              "start_frame": 194,
              "end_frame": 200,
              "entry_jump_deg": 2.9272467858998485,
              "path_distance_deg": 35.695921300834826,
              "endpoint_distance_deg": 14.442634370767685,
              "path_to_endpoint_ratio": 2.4715658088724046,
              "peak_velocity_deg": 15.17391093725081
            },
            {
              "start_frame": 144,
              "end_frame": 150,
              "entry_jump_deg": 9.702405136998692,
              "path_distance_deg": 71.09177801237016,
              "endpoint_distance_deg": 18.253015100037373,
              "path_to_endpoint_ratio": 3.894796428028189,
              "peak_velocity_deg": 14.238431083256822
            },
            {
              "start_frame": 54,
              "end_frame": 60,
              "entry_jump_deg": 13.629894612171721,
              "path_distance_deg": 37.0413482773696,
              "endpoint_distance_deg": 10.66492131762175,
              "path_to_endpoint_ratio": 3.4731947076033114,
              "peak_velocity_deg": 13.629894612171721
            },
            {
              "start_frame": 184,
              "end_frame": 190,
              "entry_jump_deg": 0.208098245211957,
              "path_distance_deg": 25.15178702019704,
              "endpoint_distance_deg": 23.238488715023784,
              "path_to_endpoint_ratio": 1.0823331641156295,
              "peak_velocity_deg": 11.647164898405578
            },
            {
              "start_frame": 164,
              "end_frame": 170,
              "entry_jump_deg": 10.494782706423539,
              "path_distance_deg": 41.028483581427295,
              "endpoint_distance_deg": 37.49815263980483,
              "path_to_endpoint_ratio": 1.09414679639111,
              "peak_velocity_deg": 10.494782706423539
            },
            {
              "start_frame": 204,
              "end_frame": 210,
              "entry_jump_deg": 1.037062512080159,
              "path_distance_deg": 26.723624882007535,
              "endpoint_distance_deg": 24.08385990401602,
              "path_to_endpoint_ratio": 1.1096072219532938,
              "peak_velocity_deg": 8.52132952171877
            },
            {
              "start_frame": 174,
              "end_frame": 180,
              "entry_jump_deg": 0.5438605837688945,
              "path_distance_deg": 13.503605260703395,
              "endpoint_distance_deg": 9.282480312797736,
              "path_to_endpoint_ratio": 1.4547410611887863,
              "peak_velocity_deg": 6.900385613596185
            },
            {
              "start_frame": 64,
              "end_frame": 70,
              "entry_jump_deg": 0.6946956616395892,
              "path_distance_deg": 26.882073418255654,
              "endpoint_distance_deg": 6.946956827196399,
              "path_to_endpoint_ratio": 3.869618609549431,
              "peak_velocity_deg": 6.172014410842447
            },
            {
              "start_frame": 44,
              "end_frame": 50,
              "entry_jump_deg": 1.2730759127603548,
              "path_distance_deg": 15.081086639231344,
              "endpoint_distance_deg": 10.956447290141394,
              "path_to_endpoint_ratio": 1.376457736697305,
              "peak_velocity_deg": 5.991276303638707
            },
            {
              "start_frame": 124,
              "end_frame": 130,
              "entry_jump_deg": 4.785942625988473,
              "path_distance_deg": 12.939876806238827,
              "endpoint_distance_deg": 0.6969952088243576,
              "path_to_endpoint_ratio": 18.56523063919607,
              "peak_velocity_deg": 4.785942625988473
            },
            {
              "start_frame": 214,
              "end_frame": 220,
              "entry_jump_deg": 2.1868236825774545,
              "path_distance_deg": 13.817056514065019,
              "endpoint_distance_deg": 4.182741647585602,
              "path_to_endpoint_ratio": 3.303349257069372,
              "peak_velocity_deg": 4.504575658870892
            },
            {
              "start_frame": 154,
              "end_frame": 160,
              "entry_jump_deg": 1.3217707329263666,
              "path_distance_deg": 9.943386914863126,
              "endpoint_distance_deg": 9.059159581690148,
              "path_to_endpoint_ratio": 1.0976058899503358,
              "peak_velocity_deg": 3.3720203738548915
            },
            {
              "start_frame": 114,
              "end_frame": 120,
              "entry_jump_deg": 1.1069242644753514,
              "path_distance_deg": 12.258476765165884,
              "endpoint_distance_deg": 2.7599726162301295,
              "path_to_endpoint_ratio": 4.441521156072136,
              "peak_velocity_deg": 3.1606034353212618
            },
            {
              "start_frame": 74,
              "end_frame": 80,
              "entry_jump_deg": 1.6345198903460085,
              "path_distance_deg": 9.815141601105559,
              "endpoint_distance_deg": 3.5959740048520836,
              "path_to_endpoint_ratio": 2.729480688086702,
              "peak_velocity_deg": 2.82819338834042
            },
            {
              "start_frame": 104,
              "end_frame": 110,
              "entry_jump_deg": 1.8037571314063936,
              "path_distance_deg": 11.345565772907744,
              "endpoint_distance_deg": 7.666507834041123,
              "path_to_endpoint_ratio": 1.4798870644246558,
              "peak_velocity_deg": 2.174023866980107
            },
            {
              "start_frame": 34,
              "end_frame": 40,
              "entry_jump_deg": 1.3016139537989437,
              "path_distance_deg": 7.739587377199694,
              "endpoint_distance_deg": 1.370455361833318,
              "path_to_endpoint_ratio": 5.647456745213583,
              "peak_velocity_deg": 2.0482956329317226
            },
            {
              "start_frame": 84,
              "end_frame": 90,
              "entry_jump_deg": 0.5061331679281551,
              "path_distance_deg": 6.633569898941653,
              "endpoint_distance_deg": 2.4034502991571203,
              "path_to_endpoint_ratio": 2.760019585704775,
              "peak_velocity_deg": 1.5524303745504182
            },
            {
              "start_frame": 94,
              "end_frame": 100,
              "entry_jump_deg": 0.6627673809446855,
              "path_distance_deg": 3.279863910247834,
              "endpoint_distance_deg": 1.8586263826378502,
              "path_to_endpoint_ratio": 1.7646709101335885,
              "peak_velocity_deg": 0.6675677354458293
            },
            {
              "start_frame": 134,
              "end_frame": 140,
              "entry_jump_deg": 0.0916583455087317,
              "path_distance_deg": 2.4191333589959956,
              "endpoint_distance_deg": 0.45242655277817995,
              "path_to_endpoint_ratio": 5.347018967257812,
              "peak_velocity_deg": 0.5153243070192961
            }
          ]
        },
        "ratios": {
          "excursion_p90": 0.552065193577616,
          "velocity_rms": 0.8896190860097224,
          "velocity_p95": 0.8779378217555679
        }
      }
    },
    "typical": {
      "RightShoulder": {
        "prediction": {
          "order": "XYZ",
          "excursion_p90_deg": 3.5191397829732285,
          "excursion_max_deg": 9.99018222353642,
          "velocity_rms_deg_per_frame": 0.8804430751183819,
          "velocity_p95_deg_per_frame": 1.7621498740122947,
          "velocity_max_deg_per_frame": 4.58668898891455,
          "euler_axis_step_p95_deg": [
            0.012675599999994347,
            0.807164599999993,
            1.5222474999999935
          ],
          "top_velocity_transitions": [
            {
              "from_frame": 155,
              "to_frame": 156,
              "velocity_deg": 4.58668898891455,
              "new_block_offset": 2,
              "inside_release_blend": true
            },
            {
              "from_frame": 164,
              "to_frame": 165,
              "velocity_deg": 4.0249015255346565,
              "new_block_offset": 1,
              "inside_release_blend": true
            },
            {
              "from_frame": 154,
              "to_frame": 155,
              "velocity_deg": 3.736655730480755,
              "new_block_offset": 1,
              "inside_release_blend": true
            },
            {
              "from_frame": 165,
              "to_frame": 166,
              "velocity_deg": 3.133986924782096,
              "new_block_offset": 2,
              "inside_release_blend": true
            },
            {
              "from_frame": 145,
              "to_frame": 146,
              "velocity_deg": 2.453392421572376,
              "new_block_offset": 2,
              "inside_release_blend": true
            },
            {
              "from_frame": 144,
              "to_frame": 145,
              "velocity_deg": 2.428501270912392,
              "new_block_offset": 1,
              "inside_release_blend": true
            },
            {
              "from_frame": 161,
              "to_frame": 162,
              "velocity_deg": 2.205128904777371,
              "new_block_offset": 8,
              "inside_release_blend": false
            },
            {
              "from_frame": 156,
              "to_frame": 157,
              "velocity_deg": 2.1374715101382757,
              "new_block_offset": 3,
              "inside_release_blend": false
            },
            {
              "from_frame": 162,
              "to_frame": 163,
              "velocity_deg": 2.105996532352063,
              "new_block_offset": 9,
              "inside_release_blend": false
            },
            {
              "from_frame": 163,
              "to_frame": 164,
              "velocity_deg": 2.1059959805724966,
              "new_block_offset": 0,
              "inside_release_blend": true
            },
            {
              "from_frame": 157,
              "to_frame": 158,
              "velocity_deg": 2.099369339124784,
              "new_block_offset": 4,
              "inside_release_blend": false
            },
            {
              "from_frame": 54,
              "to_frame": 55,
              "velocity_deg": 1.7621504095667067,
              "new_block_offset": 1,
              "inside_release_blend": true
            }
          ],
          "release_blend_blocks_by_path": [
            {
              "start_frame": 154,
              "endpoint_distance_deg": 13.287852052851495,
              "path_distance_deg": 13.839987496530087,
              "path_to_endpoint_ratio": 1.0415518957828935,
              "peak_velocity_deg": 4.58668898891455
            },
            {
              "start_frame": 164,
              "endpoint_distance_deg": 6.148443620243451,
              "path_distance_deg": 10.105213782358033,
              "path_to_endpoint_ratio": 1.6435401227535225,
              "peak_velocity_deg": 4.0249015255346565
            },
            {
              "start_frame": 144,
              "endpoint_distance_deg": 5.380234138049533,
              "path_distance_deg": 5.869119593870275,
              "path_to_endpoint_ratio": 1.0908669480317403,
              "peak_velocity_deg": 2.453392421572376
            },
            {
              "start_frame": 54,
              "endpoint_distance_deg": 3.1862532345875336,
              "path_distance_deg": 5.634739676344357,
              "path_to_endpoint_ratio": 1.76845318356304,
              "peak_velocity_deg": 1.7621504095667067
            },
            {
              "start_frame": 64,
              "endpoint_distance_deg": 1.5965768069253583,
              "path_distance_deg": 5.067504303996151,
              "path_to_endpoint_ratio": 3.1739809084130473,
              "peak_velocity_deg": 1.489129124768303
            },
            {
              "start_frame": 34,
              "endpoint_distance_deg": 3.632377883235852,
              "path_distance_deg": 4.92869857920658,
              "path_to_endpoint_ratio": 1.3568793604744447,
              "peak_velocity_deg": 1.438511128179971
            },
            {
              "start_frame": 124,
              "endpoint_distance_deg": 4.142813913982212,
              "path_distance_deg": 4.8020630060658425,
              "path_to_endpoint_ratio": 1.1591307516513427,
              "peak_velocity_deg": 1.6842506841839706
            },
            {
              "start_frame": 44,
              "endpoint_distance_deg": 4.4046509367880295,
              "path_distance_deg": 4.50323130109476,
              "path_to_endpoint_ratio": 1.0223809708695368,
              "peak_velocity_deg": 1.4186702015915207
            },
            {
              "start_frame": 74,
              "endpoint_distance_deg": 2.3564689821630616,
              "path_distance_deg": 4.354509309648081,
              "path_to_endpoint_ratio": 1.8478958741273004,
              "peak_velocity_deg": 1.62362430890605
            },
            {
              "start_frame": 134,
              "endpoint_distance_deg": 1.6883492753518328,
              "path_distance_deg": 3.9753416949961884,
              "path_to_endpoint_ratio": 2.3545730454190363,
              "peak_velocity_deg": 1.0989587134588776
            },
            {
              "start_frame": 204,
              "endpoint_distance_deg": 1.6204355419836793,
              "path_distance_deg": 2.7845181539674555,
              "path_to_endpoint_ratio": 1.7183763758716053,
              "peak_velocity_deg": 1.002152839794067
            },
            {
              "start_frame": 214,
              "endpoint_distance_deg": 0.3188442462928121,
              "path_distance_deg": 2.699984184627471,
              "path_to_endpoint_ratio": 8.468034835252846,
              "peak_velocity_deg": 0.604937975157413
            },
            {
              "start_frame": 104,
              "endpoint_distance_deg": 1.0754190026329722,
              "path_distance_deg": 2.6802557144168406,
              "path_to_endpoint_ratio": 2.4922897102010575,
              "peak_velocity_deg": 0.7059779332793265
            },
            {
              "start_frame": 114,
              "endpoint_distance_deg": 1.488155332678437,
              "path_distance_deg": 2.6179550614550737,
              "path_to_endpoint_ratio": 1.759194758750877,
              "peak_velocity_deg": 0.8570776082940389
            },
            {
              "start_frame": 184,
              "endpoint_distance_deg": 1.5910086527455072,
              "path_distance_deg": 2.312814979381723,
              "path_to_endpoint_ratio": 1.4536784419057927,
              "peak_velocity_deg": 0.7243485897453069
            },
            {
              "start_frame": 84,
              "endpoint_distance_deg": 0.6535661360772965,
              "path_distance_deg": 2.1585622126227997,
              "path_to_endpoint_ratio": 3.3027448845169496,
              "peak_velocity_deg": 0.6026591309033519
            },
            {
              "start_frame": 174,
              "endpoint_distance_deg": 1.3812923908212313,
              "path_distance_deg": 1.8480400011876739,
              "path_to_endpoint_ratio": 1.3379064515724604,
              "peak_velocity_deg": 0.5254810414884012
            },
            {
              "start_frame": 94,
              "endpoint_distance_deg": 1.0009947013195786,
              "path_distance_deg": 1.5004561436049317,
              "path_to_endpoint_ratio": 1.49896512102105,
              "peak_velocity_deg": 0.44489805594943443
            },
            {
              "start_frame": 194,
              "endpoint_distance_deg": 1.0403782480028325,
              "path_distance_deg": 1.4868485527679698,
              "path_to_endpoint_ratio": 1.4291422909141038,
              "peak_velocity_deg": 0.49964134607286764
            }
          ],
          "boundary_blocks_by_peak": [
            {
              "start_frame": 154,
              "end_frame": 160,
              "entry_jump_deg": 0.16910648390783614,
              "path_distance_deg": 14.009093980437923,
              "endpoint_distance_deg": 13.27833040718886,
              "path_to_endpoint_ratio": 1.0550342965447996,
              "peak_velocity_deg": 4.58668898891455
            },
            {
              "start_frame": 164,
              "end_frame": 170,
              "entry_jump_deg": 2.1059959805724966,
              "path_distance_deg": 12.211209762930531,
              "endpoint_distance_deg": 8.251109932092959,
              "path_to_endpoint_ratio": 1.4799475298995395,
              "peak_velocity_deg": 4.0249015255346565
            },
            {
              "start_frame": 144,
              "end_frame": 150,
              "entry_jump_deg": 0.5781472993653972,
              "path_distance_deg": 6.447266893235673,
              "endpoint_distance_deg": 4.900490591163181,
              "path_to_endpoint_ratio": 1.315637031292687,
              "peak_velocity_deg": 2.453392421572376
            },
            {
              "start_frame": 54,
              "end_frame": 60,
              "entry_jump_deg": 1.1712581464275198,
              "path_distance_deg": 6.805997822771878,
              "endpoint_distance_deg": 2.0979800226304373,
              "path_to_endpoint_ratio": 3.244071797327484,
              "peak_velocity_deg": 1.7621504095667067
            },
            {
              "start_frame": 124,
              "end_frame": 130,
              "entry_jump_deg": 0.33321990640588056,
              "path_distance_deg": 5.135282912471723,
              "endpoint_distance_deg": 3.908698672664217,
              "path_to_endpoint_ratio": 1.3138088511109125,
              "peak_velocity_deg": 1.6842506841839706
            },
            {
              "start_frame": 74,
              "end_frame": 80,
              "entry_jump_deg": 0.19704953317293755,
              "path_distance_deg": 4.551558842821018,
              "endpoint_distance_deg": 2.542653347848426,
              "path_to_endpoint_ratio": 1.790082335318148,
              "peak_velocity_deg": 1.62362430890605
            },
            {
              "start_frame": 134,
              "end_frame": 140,
              "entry_jump_deg": 1.5525013282162134,
              "path_distance_deg": 5.527843023212402,
              "endpoint_distance_deg": 1.687659074268734,
              "path_to_endpoint_ratio": 3.2754500642303164,
              "peak_velocity_deg": 1.5525013282162134
            },
            {
              "start_frame": 64,
              "end_frame": 70,
              "entry_jump_deg": 0.21756851225647908,
              "path_distance_deg": 5.285072816252631,
              "endpoint_distance_deg": 1.4231189956875623,
              "path_to_endpoint_ratio": 3.71372515739572,
              "peak_velocity_deg": 1.489129124768303
            },
            {
              "start_frame": 34,
              "end_frame": 40,
              "entry_jump_deg": 0.8950156067667556,
              "path_distance_deg": 5.823714185973336,
              "endpoint_distance_deg": 2.737608987380245,
              "path_to_endpoint_ratio": 2.1272994838997588,
              "peak_velocity_deg": 1.438511128179971
            },
            {
              "start_frame": 44,
              "end_frame": 50,
              "entry_jump_deg": 0.3546470219073878,
              "path_distance_deg": 4.857878323002148,
              "endpoint_distance_deg": 4.063140765614652,
              "path_to_endpoint_ratio": 1.1955968555441547,
              "peak_velocity_deg": 1.4186702015915207
            },
            {
              "start_frame": 204,
              "end_frame": 210,
              "entry_jump_deg": 0.8756350384390913,
              "path_distance_deg": 3.6601531924065465,
              "endpoint_distance_deg": 2.47305853727931,
              "path_to_endpoint_ratio": 1.4800107386189074,
              "peak_velocity_deg": 1.002152839794067
            },
            {
              "start_frame": 114,
              "end_frame": 120,
              "entry_jump_deg": 0.2069375349022985,
              "path_distance_deg": 2.824892596357372,
              "endpoint_distance_deg": 1.3297505346725031,
              "path_to_endpoint_ratio": 2.1243778608843344,
              "peak_velocity_deg": 0.8570776082940389
            },
            {
              "start_frame": 194,
              "end_frame": 200,
              "entry_jump_deg": 0.8253910193330999,
              "path_distance_deg": 2.3122395721010696,
              "endpoint_distance_deg": 1.5483030845724854,
              "path_to_endpoint_ratio": 1.4934024191649278,
              "peak_velocity_deg": 0.8253910193330999
            },
            {
              "start_frame": 184,
              "end_frame": 190,
              "entry_jump_deg": 0.2749431086469521,
              "path_distance_deg": 2.5877580880286755,
              "endpoint_distance_deg": 1.3437398229569224,
              "path_to_endpoint_ratio": 1.9257880460328025,
              "peak_velocity_deg": 0.7243485897453069
            },
            {
              "start_frame": 104,
              "end_frame": 110,
              "entry_jump_deg": 0.2410214089248638,
              "path_distance_deg": 2.9212771233417048,
              "endpoint_distance_deg": 1.250184287377946,
              "path_to_endpoint_ratio": 2.336677202581548,
              "peak_velocity_deg": 0.7059779332793265
            },
            {
              "start_frame": 214,
              "end_frame": 220,
              "entry_jump_deg": 0.4295972618895716,
              "path_distance_deg": 3.1295814465170424,
              "endpoint_distance_deg": 0.6616931429167017,
              "path_to_endpoint_ratio": 4.729656760113977,
              "peak_velocity_deg": 0.604937975157413
            },
            {
              "start_frame": 84,
              "end_frame": 90,
              "entry_jump_deg": 0.20721907677312343,
              "path_distance_deg": 2.365781289395923,
              "endpoint_distance_deg": 0.8606931898044112,
              "path_to_endpoint_ratio": 2.748692934277238,
              "peak_velocity_deg": 0.6026591309033519
            },
            {
              "start_frame": 174,
              "end_frame": 180,
              "entry_jump_deg": 0.012687036710190556,
              "path_distance_deg": 1.8607270378978644,
              "endpoint_distance_deg": 1.3850594178749525,
              "path_to_endpoint_ratio": 1.343427591541677,
              "peak_velocity_deg": 0.5254810414884012
            },
            {
              "start_frame": 94,
              "end_frame": 100,
              "entry_jump_deg": 0.3600272234787001,
              "path_distance_deg": 1.8604833670836318,
              "endpoint_distance_deg": 1.1706023560398693,
              "path_to_endpoint_ratio": 1.5893384781640283,
              "peak_velocity_deg": 0.44489805594943443
            }
          ]
        },
        "ground_truth": {
          "order": "XYZ",
          "excursion_p90_deg": 4.380206125086077,
          "excursion_max_deg": 6.06116139405237,
          "velocity_rms_deg_per_frame": 0.48471934153364155,
          "velocity_p95_deg_per_frame": 0.8892629133932514,
          "velocity_max_deg_per_frame": 1.645960048844323,
          "euler_axis_step_p95_deg": [
            9.999999974752427e-07,
            0.6791610999999957,
            0.7701866000000078
          ],
          "top_velocity_transitions": [
            {
              "from_frame": 215,
              "to_frame": 216,
              "velocity_deg": 1.645960048844323,
              "new_block_offset": 2,
              "inside_release_blend": true
            },
            {
              "from_frame": 52,
              "to_frame": 53,
              "velocity_deg": 1.3681277572740151,
              "new_block_offset": 9,
              "inside_release_blend": false
            },
            {
              "from_frame": 214,
              "to_frame": 215,
              "velocity_deg": 1.3133124209833136,
              "new_block_offset": 1,
              "inside_release_blend": true
            },
            {
              "from_frame": 53,
              "to_frame": 54,
              "velocity_deg": 1.2662864521527943,
              "new_block_offset": 0,
              "inside_release_blend": true
            },
            {
              "from_frame": 54,
              "to_frame": 55,
              "velocity_deg": 1.208857873414806,
              "new_block_offset": 1,
              "inside_release_blend": true
            },
            {
              "from_frame": 86,
              "to_frame": 87,
              "velocity_deg": 1.1278324251193554,
              "new_block_offset": 3,
              "inside_release_blend": false
            },
            {
              "from_frame": 83,
              "to_frame": 84,
              "velocity_deg": 1.0447925119343764,
              "new_block_offset": 0,
              "inside_release_blend": true
            },
            {
              "from_frame": 199,
              "to_frame": 200,
              "velocity_deg": 0.977966922778374,
              "new_block_offset": 6,
              "inside_release_blend": false
            },
            {
              "from_frame": 43,
              "to_frame": 44,
              "velocity_deg": 0.9761500682960631,
              "new_block_offset": 0,
              "inside_release_blend": true
            },
            {
              "from_frame": 73,
              "to_frame": 74,
              "velocity_deg": 0.9291795979438996,
              "new_block_offset": 0,
              "inside_release_blend": true
            },
            {
              "from_frame": 42,
              "to_frame": 43,
              "velocity_deg": 0.9117769354546362,
              "new_block_offset": 9,
              "inside_release_blend": false
            },
            {
              "from_frame": 44,
              "to_frame": 45,
              "velocity_deg": 0.8902633622153642,
              "new_block_offset": 1,
              "inside_release_blend": true
            }
          ],
          "release_blend_blocks_by_path": [
            {
              "start_frame": 214,
              "endpoint_distance_deg": 3.1536661128749564,
              "path_distance_deg": 4.617188476818273,
              "path_to_endpoint_ratio": 1.4640701683568955,
              "peak_velocity_deg": 1.645960048844323
            },
            {
              "start_frame": 84,
              "endpoint_distance_deg": 3.5059411526943283,
              "path_distance_deg": 4.213856803475753,
              "path_to_endpoint_ratio": 1.2019188628529573,
              "peak_velocity_deg": 1.1278324251193554
            },
            {
              "start_frame": 144,
              "endpoint_distance_deg": 2.2758260287059335,
              "path_distance_deg": 3.7771613979181695,
              "path_to_endpoint_ratio": 1.6596881089658317,
              "peak_velocity_deg": 0.7827373219790165
            },
            {
              "start_frame": 194,
              "endpoint_distance_deg": 1.3636348068410205,
              "path_distance_deg": 3.095668849984745,
              "path_to_endpoint_ratio": 2.270159748383171,
              "peak_velocity_deg": 0.977966922778374
            },
            {
              "start_frame": 54,
              "endpoint_distance_deg": 0.8996055551613928,
              "path_distance_deg": 2.9757659227523843,
              "path_to_endpoint_ratio": 3.30785632178374,
              "peak_velocity_deg": 1.208857873414806
            },
            {
              "start_frame": 44,
              "endpoint_distance_deg": 1.598020592517827,
              "path_distance_deg": 2.2802242833685704,
              "path_to_endpoint_ratio": 1.4269054441757032,
              "peak_velocity_deg": 0.8902633622153642
            },
            {
              "start_frame": 114,
              "endpoint_distance_deg": 0.5388941598375663,
              "path_distance_deg": 2.238058660832021,
              "path_to_endpoint_ratio": 4.153057924225079,
              "peak_velocity_deg": 0.850716163305523
            },
            {
              "start_frame": 134,
              "endpoint_distance_deg": 0.39412590140799214,
              "path_distance_deg": 2.1113127920706036,
              "path_to_endpoint_ratio": 5.356950112966593,
              "peak_velocity_deg": 0.8687360550238395
            },
            {
              "start_frame": 124,
              "endpoint_distance_deg": 0.9711731211299621,
              "path_distance_deg": 1.970077724964342,
              "path_to_endpoint_ratio": 2.0285546233735876,
              "peak_velocity_deg": 0.8802588739942385
            },
            {
              "start_frame": 74,
              "endpoint_distance_deg": 1.0039263849057782,
              "path_distance_deg": 1.831476495851528,
              "path_to_endpoint_ratio": 1.8243135387097311,
              "peak_velocity_deg": 0.5939364139505529
            },
            {
              "start_frame": 174,
              "endpoint_distance_deg": 0.9668015404327661,
              "path_distance_deg": 1.8263558110419558,
              "path_to_endpoint_ratio": 1.8890700259170359,
              "peak_velocity_deg": 0.5886030621531236
            },
            {
              "start_frame": 204,
              "endpoint_distance_deg": 1.7266850292803497,
              "path_distance_deg": 1.8003939896473442,
              "path_to_endpoint_ratio": 1.0426881331088595,
              "peak_velocity_deg": 0.7154878969735233
            },
            {
              "start_frame": 164,
              "endpoint_distance_deg": 1.4412770216527861,
              "path_distance_deg": 1.740677442416918,
              "path_to_endpoint_ratio": 1.2077327371949593,
              "peak_velocity_deg": 0.4965487679232839
            },
            {
              "start_frame": 184,
              "endpoint_distance_deg": 1.0632772845796865,
              "path_distance_deg": 1.6104136288512354,
              "path_to_endpoint_ratio": 1.5145754096381658,
              "peak_velocity_deg": 0.5275865538127097
            },
            {
              "start_frame": 34,
              "endpoint_distance_deg": 1.4760389846022615,
              "path_distance_deg": 1.5941301297009052,
              "path_to_endpoint_ratio": 1.0800054377496437,
              "peak_velocity_deg": 0.4727932468556319
            },
            {
              "start_frame": 104,
              "endpoint_distance_deg": 0.8937359143845546,
              "path_distance_deg": 1.585246961538228,
              "path_to_endpoint_ratio": 1.7737308482560674,
              "peak_velocity_deg": 0.42608153058321835
            },
            {
              "start_frame": 94,
              "endpoint_distance_deg": 0.15342694921256742,
              "path_distance_deg": 1.1169596775107296,
              "path_to_endpoint_ratio": 7.280074871092059,
              "peak_velocity_deg": 0.22778263185302797
            },
            {
              "start_frame": 154,
              "endpoint_distance_deg": 0.8175396752442514,
              "path_distance_deg": 1.0378565615147677,
              "path_to_endpoint_ratio": 1.2694876994253441,
              "peak_velocity_deg": 0.36561113429221326
            },
            {
              "start_frame": 64,
              "endpoint_distance_deg": 0.1850668368648023,
              "path_distance_deg": 0.3632579278800895,
              "path_to_endpoint_ratio": 1.9628472287850358,
              "peak_velocity_deg": 0.08340108250007901
            }
          ],
          "boundary_blocks_by_peak": [
            {
              "start_frame": 214,
              "end_frame": 220,
              "entry_jump_deg": 0.4134956919529549,
              "path_distance_deg": 5.030684168771227,
              "endpoint_distance_deg": 3.55454424973517,
              "path_to_endpoint_ratio": 1.4152824709232517,
              "peak_velocity_deg": 1.645960048844323
            },
            {
              "start_frame": 54,
              "end_frame": 60,
              "entry_jump_deg": 1.2662864521527943,
              "path_distance_deg": 4.242052374905179,
              "endpoint_distance_deg": 1.080813004443918,
              "path_to_endpoint_ratio": 3.924871700713603,
              "peak_velocity_deg": 1.2662864521527943
            },
            {
              "start_frame": 84,
              "end_frame": 90,
              "entry_jump_deg": 1.0447925119343764,
              "path_distance_deg": 5.25864931541013,
              "endpoint_distance_deg": 2.4613678939120875,
              "path_to_endpoint_ratio": 2.1364743273107605,
              "peak_velocity_deg": 1.1278324251193554
            },
            {
              "start_frame": 194,
              "end_frame": 200,
              "entry_jump_deg": 0.6526169781797346,
              "path_distance_deg": 3.74828582816448,
              "endpoint_distance_deg": 1.081535041892111,
              "path_to_endpoint_ratio": 3.465709092150148,
              "peak_velocity_deg": 0.977966922778374
            },
            {
              "start_frame": 44,
              "end_frame": 50,
              "entry_jump_deg": 0.9761500682960631,
              "path_distance_deg": 3.2563743516646335,
              "endpoint_distance_deg": 2.562950708590529,
              "path_to_endpoint_ratio": 1.2705567612946587,
              "peak_velocity_deg": 0.9761500682960631
            },
            {
              "start_frame": 74,
              "end_frame": 80,
              "entry_jump_deg": 0.9291795979438996,
              "path_distance_deg": 2.7606560937954274,
              "endpoint_distance_deg": 1.4651515219999471,
              "path_to_endpoint_ratio": 1.8842120097088,
              "peak_velocity_deg": 0.9291795979438996
            },
            {
              "start_frame": 124,
              "end_frame": 130,
              "entry_jump_deg": 0.7759525468695154,
              "path_distance_deg": 2.7460302718338574,
              "endpoint_distance_deg": 1.4849830262673644,
              "path_to_endpoint_ratio": 1.8491997708123615,
              "peak_velocity_deg": 0.8802588739942385
            },
            {
              "start_frame": 134,
              "end_frame": 140,
              "entry_jump_deg": 0.08662488069909008,
              "path_distance_deg": 2.1979376727696938,
              "endpoint_distance_deg": 0.3111165486105761,
              "path_to_endpoint_ratio": 7.064676188346534,
              "peak_velocity_deg": 0.8687360550238395
            },
            {
              "start_frame": 114,
              "end_frame": 120,
              "entry_jump_deg": 0.17575980756945708,
              "path_distance_deg": 2.4138184684014785,
              "endpoint_distance_deg": 0.36527062182325776,
              "path_to_endpoint_ratio": 6.60830169246254,
              "peak_velocity_deg": 0.850716163305523
            },
            {
              "start_frame": 144,
              "end_frame": 150,
              "entry_jump_deg": 0.2181597637478439,
              "path_distance_deg": 3.9953211616660136,
              "endpoint_distance_deg": 2.4282386417711375,
              "path_to_endpoint_ratio": 1.645357706173335,
              "peak_velocity_deg": 0.7827373219790165
            },
            {
              "start_frame": 204,
              "end_frame": 210,
              "entry_jump_deg": 0.4247574515269394,
              "path_distance_deg": 2.2251514411742837,
              "endpoint_distance_deg": 2.1470742449953852,
              "path_to_endpoint_ratio": 1.036364460316586,
              "peak_velocity_deg": 0.7154878969735233
            },
            {
              "start_frame": 34,
              "end_frame": 40,
              "entry_jump_deg": 0.6147070275440797,
              "path_distance_deg": 2.208837157244985,
              "endpoint_distance_deg": 1.661081811962403,
              "path_to_endpoint_ratio": 1.3297581981440538,
              "peak_velocity_deg": 0.6147070275440797
            },
            {
              "start_frame": 174,
              "end_frame": 180,
              "entry_jump_deg": 0.2336660473652985,
              "path_distance_deg": 2.060021858407254,
              "endpoint_distance_deg": 0.7745848413787514,
              "path_to_endpoint_ratio": 2.6595173935245633,
              "peak_velocity_deg": 0.5886030621531236
            },
            {
              "start_frame": 184,
              "end_frame": 190,
              "entry_jump_deg": 0.3301597201385744,
              "path_distance_deg": 1.94057334898981,
              "endpoint_distance_deg": 1.3326368430355122,
              "path_to_endpoint_ratio": 1.4561906787520038,
              "peak_velocity_deg": 0.5275865538127097
            },
            {
              "start_frame": 164,
              "end_frame": 170,
              "entry_jump_deg": 0.2622982711440907,
              "path_distance_deg": 2.0029757135610087,
              "endpoint_distance_deg": 1.6530717311146925,
              "path_to_endpoint_ratio": 1.2116689650305559,
              "peak_velocity_deg": 0.4965487679232839
            },
            {
              "start_frame": 104,
              "end_frame": 110,
              "entry_jump_deg": 0.45656444669904905,
              "path_distance_deg": 2.041811408237277,
              "endpoint_distance_deg": 0.8121952689027235,
              "path_to_endpoint_ratio": 2.5139415192552965,
              "peak_velocity_deg": 0.45656444669904905
            },
            {
              "start_frame": 154,
              "end_frame": 160,
              "entry_jump_deg": 0.42162255824498424,
              "path_distance_deg": 1.459479119759752,
              "endpoint_distance_deg": 1.2388611952929438,
              "path_to_endpoint_ratio": 1.178081229200694,
              "peak_velocity_deg": 0.42162255824498424
            },
            {
              "start_frame": 94,
              "end_frame": 100,
              "entry_jump_deg": 0.3171379340183532,
              "path_distance_deg": 1.4340976115290829,
              "endpoint_distance_deg": 0.4320677552268057,
              "path_to_endpoint_ratio": 3.319149818935877,
              "peak_velocity_deg": 0.3171379340183532
            },
            {
              "start_frame": 64,
              "end_frame": 70,
              "entry_jump_deg": 0.16580081664877333,
              "path_distance_deg": 0.5290587445288628,
              "endpoint_distance_deg": 0.1861056796360213,
              "path_to_endpoint_ratio": 2.842786665960849,
              "peak_velocity_deg": 0.16580081664877333
            }
          ]
        },
        "ratios": {
          "excursion_p90": 0.8034187621487956,
          "velocity_rms": 1.8163976546359364,
          "velocity_p95": 1.9815848018313047
        }
      },
      "RightArm": {
        "prediction": {
          "order": "XYZ",
          "excursion_p90_deg": 31.457877855755857,
          "excursion_max_deg": 66.57008408766995,
          "velocity_rms_deg_per_frame": 7.764235176872528,
          "velocity_p95_deg_per_frame": 17.868112249756145,
          "velocity_max_deg_per_frame": 33.5366309249601,
          "euler_axis_step_p95_deg": [
            13.909602299999994,
            8.414861300000002,
            5.049085599999997
          ],
          "top_velocity_transitions": [
            {
              "from_frame": 135,
              "to_frame": 136,
              "velocity_deg": 33.5366309249601,
              "new_block_offset": 2,
              "inside_release_blend": true
            },
            {
              "from_frame": 134,
              "to_frame": 135,
              "velocity_deg": 33.53662806052741,
              "new_block_offset": 1,
              "inside_release_blend": true
            },
            {
              "from_frame": 155,
              "to_frame": 156,
              "velocity_deg": 29.071449167154714,
              "new_block_offset": 2,
              "inside_release_blend": true
            },
            {
              "from_frame": 154,
              "to_frame": 155,
              "velocity_deg": 25.410855091688102,
              "new_block_offset": 1,
              "inside_release_blend": true
            },
            {
              "from_frame": 164,
              "to_frame": 165,
              "velocity_deg": 21.663074649803036,
              "new_block_offset": 1,
              "inside_release_blend": true
            },
            {
              "from_frame": 133,
              "to_frame": 134,
              "velocity_deg": 19.6224804033384,
              "new_block_offset": 0,
              "inside_release_blend": true
            },
            {
              "from_frame": 132,
              "to_frame": 133,
              "velocity_deg": 19.622477495695172,
              "new_block_offset": 9,
              "inside_release_blend": false
            },
            {
              "from_frame": 125,
              "to_frame": 126,
              "velocity_deg": 19.444016333051703,
              "new_block_offset": 2,
              "inside_release_blend": true
            },
            {
              "from_frame": 124,
              "to_frame": 125,
              "velocity_deg": 18.771757778204837,
              "new_block_offset": 1,
              "inside_release_blend": true
            },
            {
              "from_frame": 105,
              "to_frame": 106,
              "velocity_deg": 18.450235504490344,
              "new_block_offset": 2,
              "inside_release_blend": true
            },
            {
              "from_frame": 163,
              "to_frame": 164,
              "velocity_deg": 17.97901085308798,
              "new_block_offset": 0,
              "inside_release_blend": true
            },
            {
              "from_frame": 162,
              "to_frame": 163,
              "velocity_deg": 17.978999378301584,
              "new_block_offset": 9,
              "inside_release_blend": false
            }
          ],
          "release_blend_blocks_by_path": [
            {
              "start_frame": 154,
              "endpoint_distance_deg": 56.919830163283734,
              "path_distance_deg": 87.49671884351146,
              "path_to_endpoint_ratio": 1.5371921980883108,
              "peak_velocity_deg": 29.071449167154714
            },
            {
              "start_frame": 134,
              "endpoint_distance_deg": 62.72508742525274,
              "path_distance_deg": 78.70848299524548,
              "path_to_endpoint_ratio": 1.2548166328032557,
              "peak_velocity_deg": 33.5366309249601
            },
            {
              "start_frame": 164,
              "endpoint_distance_deg": 32.689362341943216,
              "path_distance_deg": 62.22508152503767,
              "path_to_endpoint_ratio": 1.9035269294683559,
              "peak_velocity_deg": 21.663074649803036
            },
            {
              "start_frame": 104,
              "endpoint_distance_deg": 60.028450097327976,
              "path_distance_deg": 61.25626368692372,
              "path_to_endpoint_ratio": 1.0204538612542053,
              "peak_velocity_deg": 18.450235504490344
            },
            {
              "start_frame": 124,
              "endpoint_distance_deg": 34.847202286783876,
              "path_distance_deg": 50.13682168527533,
              "path_to_endpoint_ratio": 1.4387617482936408,
              "peak_velocity_deg": 19.444016333051703
            },
            {
              "start_frame": 54,
              "endpoint_distance_deg": 27.876367579103963,
              "path_distance_deg": 48.29200742291775,
              "path_to_endpoint_ratio": 1.732363705058807,
              "peak_velocity_deg": 16.870128092847445
            },
            {
              "start_frame": 34,
              "endpoint_distance_deg": 38.83581137092688,
              "path_distance_deg": 43.9389817975402,
              "path_to_endpoint_ratio": 1.1314037288386263,
              "peak_velocity_deg": 11.175983246422081
            },
            {
              "start_frame": 184,
              "endpoint_distance_deg": 37.98749744838067,
              "path_distance_deg": 40.41153532333573,
              "path_to_endpoint_ratio": 1.0638114652919413,
              "peak_velocity_deg": 11.347845199753761
            },
            {
              "start_frame": 64,
              "endpoint_distance_deg": 26.262331866371724,
              "path_distance_deg": 39.54354819725736,
              "path_to_endpoint_ratio": 1.5057135214977582,
              "peak_velocity_deg": 14.940660674149717
            },
            {
              "start_frame": 84,
              "endpoint_distance_deg": 10.940050227638624,
              "path_distance_deg": 36.850698885449425,
              "path_to_endpoint_ratio": 3.3684213617548933,
              "peak_velocity_deg": 10.529468226411362
            },
            {
              "start_frame": 44,
              "endpoint_distance_deg": 15.021178517442468,
              "path_distance_deg": 36.69561894559885,
              "path_to_endpoint_ratio": 2.442925427121993,
              "peak_velocity_deg": 9.138897675760298
            },
            {
              "start_frame": 204,
              "endpoint_distance_deg": 24.765047180526263,
              "path_distance_deg": 34.741657296877186,
              "path_to_endpoint_ratio": 1.4028504385081861,
              "peak_velocity_deg": 7.399758816969439
            },
            {
              "start_frame": 114,
              "endpoint_distance_deg": 32.21093348026358,
              "path_distance_deg": 33.985531357830766,
              "path_to_endpoint_ratio": 1.0550930285412103,
              "peak_velocity_deg": 12.69053585395119
            },
            {
              "start_frame": 214,
              "endpoint_distance_deg": 17.99842688682243,
              "path_distance_deg": 32.92383413895415,
              "path_to_endpoint_ratio": 1.8292617652634617,
              "peak_velocity_deg": 11.692539114356054
            },
            {
              "start_frame": 194,
              "endpoint_distance_deg": 26.159207987221144,
              "path_distance_deg": 31.521025218771843,
              "path_to_endpoint_ratio": 1.2049686379713775,
              "peak_velocity_deg": 13.162304613613234
            },
            {
              "start_frame": 144,
              "endpoint_distance_deg": 26.48496161482733,
              "path_distance_deg": 29.208703667601817,
              "path_to_endpoint_ratio": 1.102841079869628,
              "peak_velocity_deg": 10.251694704299819
            },
            {
              "start_frame": 74,
              "endpoint_distance_deg": 3.589771033192878,
              "path_distance_deg": 22.89601809579998,
              "path_to_endpoint_ratio": 6.378127709007501,
              "peak_velocity_deg": 5.755700064816856
            },
            {
              "start_frame": 174,
              "endpoint_distance_deg": 11.294049655679189,
              "path_distance_deg": 18.13447704010944,
              "path_to_endpoint_ratio": 1.6056664874844568,
              "peak_velocity_deg": 4.703641117938453
            },
            {
              "start_frame": 94,
              "endpoint_distance_deg": 8.631896729072123,
              "path_distance_deg": 12.969108771760528,
              "path_to_endpoint_ratio": 1.502463384215514,
              "peak_velocity_deg": 3.927809244900123
            }
          ],
          "boundary_blocks_by_peak": [
            {
              "start_frame": 134,
              "end_frame": 140,
              "entry_jump_deg": 19.6224804033384,
              "path_distance_deg": 98.33096339858388,
              "endpoint_distance_deg": 43.443846095059165,
              "path_to_endpoint_ratio": 2.2634037323359126,
              "peak_velocity_deg": 33.5366309249601
            },
            {
              "start_frame": 154,
              "end_frame": 160,
              "entry_jump_deg": 2.0157621332681437,
              "path_distance_deg": 89.5124809767796,
              "endpoint_distance_deg": 58.52337070063171,
              "path_to_endpoint_ratio": 1.5295168392584295,
              "peak_velocity_deg": 29.071449167154714
            },
            {
              "start_frame": 164,
              "end_frame": 170,
              "entry_jump_deg": 17.97901085308798,
              "path_distance_deg": 80.20409237812567,
              "endpoint_distance_deg": 44.04104656080889,
              "path_to_endpoint_ratio": 1.8211214001780203,
              "peak_velocity_deg": 21.663074649803036
            },
            {
              "start_frame": 124,
              "end_frame": 130,
              "entry_jump_deg": 5.4298979494260315,
              "path_distance_deg": 55.566719634701364,
              "endpoint_distance_deg": 34.62677009981735,
              "path_to_endpoint_ratio": 1.6047329703151976,
              "peak_velocity_deg": 19.444016333051703
            },
            {
              "start_frame": 104,
              "end_frame": 110,
              "entry_jump_deg": 1.2481785785068324,
              "path_distance_deg": 62.504442265430555,
              "endpoint_distance_deg": 59.688515199927274,
              "path_to_endpoint_ratio": 1.0471770332378232,
              "peak_velocity_deg": 18.450235504490344
            },
            {
              "start_frame": 54,
              "end_frame": 60,
              "entry_jump_deg": 7.079237818067946,
              "path_distance_deg": 55.3712452409857,
              "endpoint_distance_deg": 21.304656255122755,
              "path_to_endpoint_ratio": 2.5990208233315926,
              "peak_velocity_deg": 16.870128092847445
            },
            {
              "start_frame": 64,
              "end_frame": 70,
              "entry_jump_deg": 0.949374986018027,
              "path_distance_deg": 40.49292318327539,
              "endpoint_distance_deg": 26.307074483359575,
              "path_to_endpoint_ratio": 1.5392408307844725,
              "peak_velocity_deg": 14.940660674149717
            },
            {
              "start_frame": 194,
              "end_frame": 200,
              "entry_jump_deg": 5.486975547663815,
              "path_distance_deg": 37.00800076643565,
              "endpoint_distance_deg": 20.699386241100513,
              "path_to_endpoint_ratio": 1.7878791349355518,
              "peak_velocity_deg": 13.162304613613234
            },
            {
              "start_frame": 114,
              "end_frame": 120,
              "entry_jump_deg": 2.2333852168416484,
              "path_distance_deg": 36.21891657467241,
              "endpoint_distance_deg": 30.31433872726855,
              "path_to_endpoint_ratio": 1.1947783819573323,
              "peak_velocity_deg": 12.69053585395119
            },
            {
              "start_frame": 214,
              "end_frame": 220,
              "entry_jump_deg": 4.386719193497685,
              "path_distance_deg": 37.31055333245183,
              "endpoint_distance_deg": 15.13136878782356,
              "path_to_endpoint_ratio": 2.4657751625534496,
              "peak_velocity_deg": 11.692539114356054
            },
            {
              "start_frame": 184,
              "end_frame": 190,
              "entry_jump_deg": 1.008308591363089,
              "path_distance_deg": 41.419843914698816,
              "endpoint_distance_deg": 38.59627432951406,
              "path_to_endpoint_ratio": 1.073156532184393,
              "peak_velocity_deg": 11.347845199753761
            },
            {
              "start_frame": 34,
              "end_frame": 40,
              "entry_jump_deg": 6.703761792325221,
              "path_distance_deg": 50.642743589865425,
              "endpoint_distance_deg": 33.2934211979242,
              "path_to_endpoint_ratio": 1.5211036225085495,
              "peak_velocity_deg": 11.175983246422081
            },
            {
              "start_frame": 84,
              "end_frame": 90,
              "entry_jump_deg": 3.1322385251167804,
              "path_distance_deg": 39.98293741056621,
              "endpoint_distance_deg": 12.884804347833889,
              "path_to_endpoint_ratio": 3.1031078417025313,
              "peak_velocity_deg": 10.529468226411362
            },
            {
              "start_frame": 144,
              "end_frame": 150,
              "entry_jump_deg": 5.198316251422064,
              "path_distance_deg": 34.40701991902388,
              "endpoint_distance_deg": 21.38041864592699,
              "path_to_endpoint_ratio": 1.6092771843632014,
              "peak_velocity_deg": 10.251694704299819
            },
            {
              "start_frame": 44,
              "end_frame": 50,
              "entry_jump_deg": 4.839785429953124,
              "path_distance_deg": 41.53540437555198,
              "endpoint_distance_deg": 10.842456974055851,
              "path_to_endpoint_ratio": 3.830811085987162,
              "peak_velocity_deg": 9.138897675760298
            },
            {
              "start_frame": 204,
              "end_frame": 210,
              "entry_jump_deg": 3.858349228959799,
              "path_distance_deg": 38.60000652583698,
              "endpoint_distance_deg": 27.94427581745553,
              "path_to_endpoint_ratio": 1.381320696159365,
              "peak_velocity_deg": 7.399758816969439
            },
            {
              "start_frame": 74,
              "end_frame": 80,
              "entry_jump_deg": 1.4771642453282767,
              "path_distance_deg": 24.373182341128256,
              "endpoint_distance_deg": 4.59213986451122,
              "path_to_endpoint_ratio": 5.307587107589654,
              "peak_velocity_deg": 5.755700064816856
            },
            {
              "start_frame": 174,
              "end_frame": 180,
              "entry_jump_deg": 1.7989326987019933,
              "path_distance_deg": 19.933409738811434,
              "endpoint_distance_deg": 10.030046701524618,
              "path_to_endpoint_ratio": 1.9873695838107568,
              "peak_velocity_deg": 4.703641117938453
            },
            {
              "start_frame": 94,
              "end_frame": 100,
              "entry_jump_deg": 3.341297435876764,
              "path_distance_deg": 16.310406207637293,
              "endpoint_distance_deg": 10.006946771715095,
              "path_to_endpoint_ratio": 1.6299083606339444,
              "peak_velocity_deg": 3.927809244900123
            }
          ]
        },
        "ground_truth": {
          "order": "XYZ",
          "excursion_p90_deg": 44.50509833270315,
          "excursion_max_deg": 51.897657258364625,
          "velocity_rms_deg_per_frame": 5.391344610463227,
          "velocity_p95_deg_per_frame": 11.12660703832051,
          "velocity_max_deg_per_frame": 18.506939925102944,
          "euler_axis_step_p95_deg": [
            9.616519599999986,
            6.9777197999999885,
            7.137368199999988
          ],
          "top_velocity_transitions": [
            {
              "from_frame": 52,
              "to_frame": 53,
              "velocity_deg": 18.506939925102944,
              "new_block_offset": 9,
              "inside_release_blend": false
            },
            {
              "from_frame": 53,
              "to_frame": 54,
              "velocity_deg": 18.06886111804565,
              "new_block_offset": 0,
              "inside_release_blend": true
            },
            {
              "from_frame": 83,
              "to_frame": 84,
              "velocity_deg": 16.767083676149394,
              "new_block_offset": 0,
              "inside_release_blend": true
            },
            {
              "from_frame": 200,
              "to_frame": 201,
              "velocity_deg": 15.324573789200395,
              "new_block_offset": 7,
              "inside_release_blend": false
            },
            {
              "from_frame": 72,
              "to_frame": 73,
              "velocity_deg": 14.572449344567012,
              "new_block_offset": 9,
              "inside_release_blend": false
            },
            {
              "from_frame": 214,
              "to_frame": 215,
              "velocity_deg": 13.305534991591566,
              "new_block_offset": 1,
              "inside_release_blend": true
            },
            {
              "from_frame": 101,
              "to_frame": 102,
              "velocity_deg": 12.982714375322423,
              "new_block_offset": 8,
              "inside_release_blend": false
            },
            {
              "from_frame": 51,
              "to_frame": 52,
              "velocity_deg": 12.233752667160987,
              "new_block_offset": 8,
              "inside_release_blend": false
            },
            {
              "from_frame": 71,
              "to_frame": 72,
              "velocity_deg": 11.840769834620898,
              "new_block_offset": 8,
              "inside_release_blend": false
            },
            {
              "from_frame": 24,
              "to_frame": 25,
              "velocity_deg": 11.830874195369196,
              "new_block_offset": null,
              "inside_release_blend": false
            },
            {
              "from_frame": 201,
              "to_frame": 202,
              "velocity_deg": 11.360530637601048,
              "new_block_offset": 8,
              "inside_release_blend": false
            },
            {
              "from_frame": 213,
              "to_frame": 214,
              "velocity_deg": 11.163426136225477,
              "new_block_offset": 0,
              "inside_release_blend": true
            }
          ],
          "release_blend_blocks_by_path": [
            {
              "start_frame": 144,
              "endpoint_distance_deg": 38.75968579508479,
              "path_distance_deg": 48.15661975629746,
              "path_to_endpoint_ratio": 1.2424409220160477,
              "peak_velocity_deg": 10.795235157175885
            },
            {
              "start_frame": 214,
              "endpoint_distance_deg": 11.415385591973436,
              "path_distance_deg": 39.49217384201166,
              "path_to_endpoint_ratio": 3.4595567117575086,
              "peak_velocity_deg": 13.305534991591566
            },
            {
              "start_frame": 194,
              "endpoint_distance_deg": 10.318298700836731,
              "path_distance_deg": 36.098852017661805,
              "path_to_endpoint_ratio": 3.498527525156301,
              "peak_velocity_deg": 8.207049666814678
            },
            {
              "start_frame": 104,
              "endpoint_distance_deg": 24.539177766323586,
              "path_distance_deg": 32.32796298334368,
              "path_to_endpoint_ratio": 1.3174020454633593,
              "peak_velocity_deg": 7.7558536335964785
            },
            {
              "start_frame": 114,
              "endpoint_distance_deg": 7.640396599775308,
              "path_distance_deg": 26.62626060793643,
              "path_to_endpoint_ratio": 3.4849317388470995,
              "peak_velocity_deg": 9.272343615913059
            },
            {
              "start_frame": 84,
              "endpoint_distance_deg": 15.533548688531779,
              "path_distance_deg": 25.884117054807135,
              "path_to_endpoint_ratio": 1.6663363648460476,
              "peak_velocity_deg": 10.230001923022778
            },
            {
              "start_frame": 74,
              "endpoint_distance_deg": 10.540760005094754,
              "path_distance_deg": 25.59426955913575,
              "path_to_endpoint_ratio": 2.428123735552755,
              "peak_velocity_deg": 9.765184891415691
            },
            {
              "start_frame": 124,
              "endpoint_distance_deg": 6.106871052467991,
              "path_distance_deg": 21.59716280439337,
              "path_to_endpoint_ratio": 3.5365349323472675,
              "peak_velocity_deg": 6.8033722577923
            },
            {
              "start_frame": 34,
              "endpoint_distance_deg": 18.48783601461019,
              "path_distance_deg": 20.89000394387895,
              "path_to_endpoint_ratio": 1.1299323472671665,
              "peak_velocity_deg": 4.4881541995990775
            },
            {
              "start_frame": 134,
              "endpoint_distance_deg": 16.989252971408295,
              "path_distance_deg": 19.361404677094626,
              "path_to_endpoint_ratio": 1.139626604517485,
              "peak_velocity_deg": 8.39018870501737
            },
            {
              "start_frame": 54,
              "endpoint_distance_deg": 4.941335940762538,
              "path_distance_deg": 18.144259759967788,
              "path_to_endpoint_ratio": 3.6719340634767286,
              "peak_velocity_deg": 6.064855663713893
            },
            {
              "start_frame": 44,
              "endpoint_distance_deg": 12.334956793760714,
              "path_distance_deg": 15.703876912229655,
              "path_to_endpoint_ratio": 1.273119734004501,
              "peak_velocity_deg": 6.365715260219608
            },
            {
              "start_frame": 154,
              "endpoint_distance_deg": 8.345930384825632,
              "path_distance_deg": 14.458233083273875,
              "path_to_endpoint_ratio": 1.7323692406494886,
              "peak_velocity_deg": 2.922005569793854
            },
            {
              "start_frame": 164,
              "endpoint_distance_deg": 8.89758394578046,
              "path_distance_deg": 12.742789423922012,
              "path_to_endpoint_ratio": 1.4321628772005104,
              "peak_velocity_deg": 2.4092972964715558
            },
            {
              "start_frame": 204,
              "endpoint_distance_deg": 6.9164044865571634,
              "path_distance_deg": 11.964137695543233,
              "path_to_endpoint_ratio": 1.7298204173565797,
              "peak_velocity_deg": 2.890416678494227
            },
            {
              "start_frame": 184,
              "endpoint_distance_deg": 3.608365724057603,
              "path_distance_deg": 10.912560501310583,
              "path_to_endpoint_ratio": 3.0242390422219794,
              "peak_velocity_deg": 2.613968424646737
            },
            {
              "start_frame": 94,
              "endpoint_distance_deg": 4.581461649570991,
              "path_distance_deg": 9.677523657981173,
              "path_to_endpoint_ratio": 2.1123223106947493,
              "peak_velocity_deg": 2.279989266345255
            },
            {
              "start_frame": 174,
              "endpoint_distance_deg": 2.532056206288718,
              "path_distance_deg": 8.55820459927556,
              "path_to_endpoint_ratio": 3.3799425850105758,
              "peak_velocity_deg": 2.021334497413995
            },
            {
              "start_frame": 64,
              "endpoint_distance_deg": 1.2950634375307364,
              "path_distance_deg": 2.128790654269824,
              "path_to_endpoint_ratio": 1.643773264365129,
              "peak_velocity_deg": 0.7746560093166265
            }
          ],
          "boundary_blocks_by_peak": [
            {
              "start_frame": 54,
              "end_frame": 60,
              "entry_jump_deg": 18.06886111804565,
              "path_distance_deg": 36.21312087801344,
              "endpoint_distance_deg": 13.59555142959793,
              "path_to_endpoint_ratio": 2.6636007421645567,
              "peak_velocity_deg": 18.06886111804565
            },
            {
              "start_frame": 84,
              "end_frame": 90,
              "entry_jump_deg": 16.767083676149394,
              "path_distance_deg": 42.65120073095653,
              "endpoint_distance_deg": 18.123610571041745,
              "path_to_endpoint_ratio": 2.3533500989645764,
              "peak_velocity_deg": 16.767083676149394
            },
            {
              "start_frame": 214,
              "end_frame": 220,
              "entry_jump_deg": 11.163426136225477,
              "path_distance_deg": 50.65559997823713,
              "endpoint_distance_deg": 19.034691484691418,
              "path_to_endpoint_ratio": 2.6612251645358533,
              "peak_velocity_deg": 13.305534991591566
            },
            {
              "start_frame": 144,
              "end_frame": 150,
              "entry_jump_deg": 9.374847900106403,
              "path_distance_deg": 57.531467656403876,
              "endpoint_distance_deg": 47.1756028687294,
              "path_to_endpoint_ratio": 1.2195173809753033,
              "peak_velocity_deg": 10.795235157175885
            },
            {
              "start_frame": 74,
              "end_frame": 80,
              "entry_jump_deg": 6.6736308496244074,
              "path_distance_deg": 32.26790040876016,
              "endpoint_distance_deg": 15.184205095671091,
              "path_to_endpoint_ratio": 2.1250964542068465,
              "peak_velocity_deg": 9.765184891415691
            },
            {
              "start_frame": 114,
              "end_frame": 120,
              "entry_jump_deg": 1.004123814033214,
              "path_distance_deg": 27.630384421969644,
              "endpoint_distance_deg": 8.402769365451991,
              "path_to_endpoint_ratio": 3.2882473884826644,
              "peak_velocity_deg": 9.272343615913059
            },
            {
              "start_frame": 134,
              "end_frame": 140,
              "entry_jump_deg": 2.1610557755006456,
              "path_distance_deg": 21.522460452595272,
              "endpoint_distance_deg": 15.026886999274893,
              "path_to_endpoint_ratio": 1.432263412484157,
              "peak_velocity_deg": 8.39018870501737
            },
            {
              "start_frame": 44,
              "end_frame": 50,
              "entry_jump_deg": 8.317639918951533,
              "path_distance_deg": 24.021516831181184,
              "endpoint_distance_deg": 19.16550037719096,
              "path_to_endpoint_ratio": 1.2533727979139755,
              "peak_velocity_deg": 8.317639918951533
            },
            {
              "start_frame": 194,
              "end_frame": 200,
              "entry_jump_deg": 6.15407599696929,
              "path_distance_deg": 42.252928014631095,
              "endpoint_distance_deg": 11.886319180797633,
              "path_to_endpoint_ratio": 3.55475293671154,
              "peak_velocity_deg": 8.207049666814678
            },
            {
              "start_frame": 124,
              "end_frame": 130,
              "entry_jump_deg": 7.934966775990748,
              "path_distance_deg": 29.532129580384126,
              "endpoint_distance_deg": 7.820116473764153,
              "path_to_endpoint_ratio": 3.776430911158675,
              "peak_velocity_deg": 7.934966775990748
            },
            {
              "start_frame": 104,
              "end_frame": 110,
              "entry_jump_deg": 4.950486487012178,
              "path_distance_deg": 37.27844947035586,
              "endpoint_distance_deg": 26.663519262024717,
              "path_to_endpoint_ratio": 1.3981068704403685,
              "peak_velocity_deg": 7.7558536335964785
            },
            {
              "start_frame": 34,
              "end_frame": 40,
              "entry_jump_deg": 4.462709002132388,
              "path_distance_deg": 25.352712946011334,
              "endpoint_distance_deg": 19.15750176757454,
              "path_to_endpoint_ratio": 1.3233830409413108,
              "peak_velocity_deg": 4.4881541995990775
            },
            {
              "start_frame": 204,
              "end_frame": 210,
              "entry_jump_deg": 4.061371159529923,
              "path_distance_deg": 16.025508855073156,
              "endpoint_distance_deg": 5.8873673747685915,
              "path_to_endpoint_ratio": 2.72201611262675,
              "peak_velocity_deg": 4.061371159529923
            },
            {
              "start_frame": 154,
              "end_frame": 160,
              "entry_jump_deg": 2.920638629265679,
              "path_distance_deg": 17.378871712539553,
              "endpoint_distance_deg": 9.353302164181708,
              "path_to_endpoint_ratio": 1.8580466457174463,
              "peak_velocity_deg": 2.922005569793854
            },
            {
              "start_frame": 184,
              "end_frame": 190,
              "entry_jump_deg": 1.4896222570688165,
              "path_distance_deg": 12.4021827583794,
              "endpoint_distance_deg": 3.8532667278689026,
              "path_to_endpoint_ratio": 3.2186151736343938,
              "peak_velocity_deg": 2.613968424646737
            },
            {
              "start_frame": 164,
              "end_frame": 170,
              "entry_jump_deg": 1.8796134900497066,
              "path_distance_deg": 14.62240291397172,
              "endpoint_distance_deg": 7.79480875588182,
              "path_to_endpoint_ratio": 1.875915544808963,
              "peak_velocity_deg": 2.4092972964715558
            },
            {
              "start_frame": 94,
              "end_frame": 100,
              "entry_jump_deg": 2.2726759451142944,
              "path_distance_deg": 11.950199603095466,
              "endpoint_distance_deg": 6.81193725945481,
              "path_to_endpoint_ratio": 1.754302652525002,
              "peak_velocity_deg": 2.279989266345255
            },
            {
              "start_frame": 174,
              "end_frame": 180,
              "entry_jump_deg": 1.087760408945048,
              "path_distance_deg": 9.64596500822061,
              "endpoint_distance_deg": 3.5363118236599553,
              "path_to_endpoint_ratio": 2.7276907380405677,
              "peak_velocity_deg": 2.021334497413995
            },
            {
              "start_frame": 64,
              "end_frame": 70,
              "entry_jump_deg": 0.39027135367295657,
              "path_distance_deg": 2.5190620079427806,
              "endpoint_distance_deg": 1.4096898410480816,
              "path_to_endpoint_ratio": 1.786961879550681,
              "peak_velocity_deg": 0.7746560093166265
            }
          ]
        },
        "ratios": {
          "excursion_p90": 0.7068376216268247,
          "velocity_rms": 1.4401296407215605,
          "velocity_p95": 1.605890473907958
        }
      },
      "RightForeArm": {
        "prediction": {
          "order": "XYZ",
          "excursion_p90_deg": 50.522048791780826,
          "excursion_max_deg": 68.86303219434491,
          "velocity_rms_deg_per_frame": 9.511099533734123,
          "velocity_p95_deg_per_frame": 22.022910901103437,
          "velocity_max_deg_per_frame": 33.618630919563046,
          "euler_axis_step_p95_deg": [
            48.416070399999995,
            14.621820199999998,
            46.77219900000002
          ],
          "top_velocity_transitions": [
            {
              "from_frame": 215,
              "to_frame": 216,
              "velocity_deg": 33.618630919563046,
              "new_block_offset": 2,
              "inside_release_blend": true
            },
            {
              "from_frame": 214,
              "to_frame": 215,
              "velocity_deg": 30.19266271456638,
              "new_block_offset": 1,
              "inside_release_blend": true
            },
            {
              "from_frame": 105,
              "to_frame": 106,
              "velocity_deg": 29.61414924416884,
              "new_block_offset": 2,
              "inside_release_blend": true
            },
            {
              "from_frame": 104,
              "to_frame": 105,
              "velocity_deg": 28.439151919004257,
              "new_block_offset": 1,
              "inside_release_blend": true
            },
            {
              "from_frame": 64,
              "to_frame": 65,
              "velocity_deg": 28.27231634529045,
              "new_block_offset": 1,
              "inside_release_blend": true
            },
            {
              "from_frame": 65,
              "to_frame": 66,
              "velocity_deg": 27.9630182534591,
              "new_block_offset": 2,
              "inside_release_blend": true
            },
            {
              "from_frame": 155,
              "to_frame": 156,
              "velocity_deg": 27.232745247793865,
              "new_block_offset": 2,
              "inside_release_blend": true
            },
            {
              "from_frame": 185,
              "to_frame": 186,
              "velocity_deg": 26.922550204305367,
              "new_block_offset": 2,
              "inside_release_blend": true
            },
            {
              "from_frame": 184,
              "to_frame": 185,
              "velocity_deg": 24.20626302987435,
              "new_block_offset": 1,
              "inside_release_blend": true
            },
            {
              "from_frame": 154,
              "to_frame": 155,
              "velocity_deg": 23.166672778002994,
              "new_block_offset": 1,
              "inside_release_blend": true
            },
            {
              "from_frame": 132,
              "to_frame": 133,
              "velocity_deg": 22.12121195174013,
              "new_block_offset": 9,
              "inside_release_blend": false
            },
            {
              "from_frame": 133,
              "to_frame": 134,
              "velocity_deg": 22.12120359763624,
              "new_block_offset": 0,
              "inside_release_blend": true
            }
          ],
          "release_blend_blocks_by_path": [
            {
              "start_frame": 214,
              "endpoint_distance_deg": 49.81256299518842,
              "path_distance_deg": 93.18014510963407,
              "path_to_endpoint_ratio": 1.8706153529709901,
              "peak_velocity_deg": 33.618630919563046
            },
            {
              "start_frame": 104,
              "endpoint_distance_deg": 81.15668277536257,
              "path_distance_deg": 87.7802526815632,
              "path_to_endpoint_ratio": 1.0816145963547368,
              "peak_velocity_deg": 29.61414924416884
            },
            {
              "start_frame": 184,
              "endpoint_distance_deg": 76.93900029585366,
              "path_distance_deg": 80.04236504633248,
              "path_to_endpoint_ratio": 1.0403353921749106,
              "peak_velocity_deg": 26.922550204305367
            },
            {
              "start_frame": 154,
              "endpoint_distance_deg": 55.79438178449858,
              "path_distance_deg": 76.6531328172346,
              "path_to_endpoint_ratio": 1.3738503835977842,
              "peak_velocity_deg": 27.232745247793865
            },
            {
              "start_frame": 34,
              "endpoint_distance_deg": 62.69409291174146,
              "path_distance_deg": 74.11149446951772,
              "path_to_endpoint_ratio": 1.1821128758310497,
              "peak_velocity_deg": 18.263563625485926
            },
            {
              "start_frame": 64,
              "endpoint_distance_deg": 57.76383136729383,
              "path_distance_deg": 65.10491158722526,
              "path_to_endpoint_ratio": 1.1270878341371238,
              "peak_velocity_deg": 28.27231634529045
            },
            {
              "start_frame": 164,
              "endpoint_distance_deg": 34.47720813374452,
              "path_distance_deg": 57.5680488542979,
              "path_to_endpoint_ratio": 1.6697421853584848,
              "peak_velocity_deg": 19.142339121878386
            },
            {
              "start_frame": 84,
              "endpoint_distance_deg": 34.705790287578,
              "path_distance_deg": 55.80958737123902,
              "path_to_endpoint_ratio": 1.608077122255146,
              "peak_velocity_deg": 19.81845031154779
            },
            {
              "start_frame": 74,
              "endpoint_distance_deg": 12.626101281456496,
              "path_distance_deg": 50.7052986616983,
              "path_to_endpoint_ratio": 4.015910971359573,
              "peak_velocity_deg": 15.617527547113962
            },
            {
              "start_frame": 94,
              "endpoint_distance_deg": 45.001927376730656,
              "path_distance_deg": 50.29890980952149,
              "path_to_endpoint_ratio": 1.1177056793245208,
              "peak_velocity_deg": 21.138276632308447
            },
            {
              "start_frame": 134,
              "endpoint_distance_deg": 38.06541814774524,
              "path_distance_deg": 48.21966903970225,
              "path_to_endpoint_ratio": 1.2667578969589877,
              "peak_velocity_deg": 15.57117292332126
            },
            {
              "start_frame": 204,
              "endpoint_distance_deg": 42.34488307870018,
              "path_distance_deg": 47.90029133515347,
              "path_to_endpoint_ratio": 1.1311943227267454,
              "peak_velocity_deg": 15.946702471993621
            },
            {
              "start_frame": 44,
              "endpoint_distance_deg": 34.797381186095045,
              "path_distance_deg": 47.72657478000523,
              "path_to_endpoint_ratio": 1.371556512392854,
              "peak_velocity_deg": 13.25055997428156
            },
            {
              "start_frame": 54,
              "endpoint_distance_deg": 31.304764031227474,
              "path_distance_deg": 41.89744746338803,
              "path_to_endpoint_ratio": 1.338372888599129,
              "peak_velocity_deg": 15.161139974787446
            },
            {
              "start_frame": 144,
              "endpoint_distance_deg": 24.62113070271755,
              "path_distance_deg": 37.11455777982648,
              "path_to_endpoint_ratio": 1.5074270238827807,
              "peak_velocity_deg": 11.681239711491147
            },
            {
              "start_frame": 114,
              "endpoint_distance_deg": 25.398352413827926,
              "path_distance_deg": 30.33534156417536,
              "path_to_endpoint_ratio": 1.1943822603099061,
              "peak_velocity_deg": 10.444321550113532
            },
            {
              "start_frame": 124,
              "endpoint_distance_deg": 20.819949500704748,
              "path_distance_deg": 28.828347091158943,
              "path_to_endpoint_ratio": 1.3846501928442772,
              "peak_velocity_deg": 11.04464921778046
            },
            {
              "start_frame": 194,
              "endpoint_distance_deg": 24.103634076825884,
              "path_distance_deg": 27.651102982322147,
              "path_to_endpoint_ratio": 1.1471756870432632,
              "peak_velocity_deg": 11.740979239657424
            },
            {
              "start_frame": 174,
              "endpoint_distance_deg": 1.4088598967148012,
              "path_distance_deg": 22.254875983203558,
              "path_to_endpoint_ratio": 15.796372680560916,
              "peak_velocity_deg": 5.284800237274824
            }
          ],
          "boundary_blocks_by_peak": [
            {
              "start_frame": 214,
              "end_frame": 220,
              "entry_jump_deg": 2.2118673706643377,
              "path_distance_deg": 95.3920124802984,
              "endpoint_distance_deg": 47.7767002852577,
              "path_to_endpoint_ratio": 1.9966220335591742,
              "peak_velocity_deg": 33.618630919563046
            },
            {
              "start_frame": 104,
              "end_frame": 110,
              "entry_jump_deg": 0.4647182985584263,
              "path_distance_deg": 88.24497098012164,
              "endpoint_distance_deg": 81.52248674961014,
              "path_to_endpoint_ratio": 1.082461716988088,
              "peak_velocity_deg": 29.61414924416884
            },
            {
              "start_frame": 64,
              "end_frame": 70,
              "entry_jump_deg": 2.047201984467559,
              "path_distance_deg": 67.15211357169281,
              "endpoint_distance_deg": 59.7713713511744,
              "path_to_endpoint_ratio": 1.1234828991483963,
              "peak_velocity_deg": 28.27231634529045
            },
            {
              "start_frame": 154,
              "end_frame": 160,
              "entry_jump_deg": 2.5554313256626586,
              "path_distance_deg": 79.20856414289726,
              "endpoint_distance_deg": 54.30853602307875,
              "path_to_endpoint_ratio": 1.458491978300374,
              "peak_velocity_deg": 27.232745247793865
            },
            {
              "start_frame": 184,
              "end_frame": 190,
              "entry_jump_deg": 2.2407656775849873,
              "path_distance_deg": 82.28313072391747,
              "endpoint_distance_deg": 78.95163276252838,
              "path_to_endpoint_ratio": 1.0421966949234553,
              "peak_velocity_deg": 26.922550204305367
            },
            {
              "start_frame": 134,
              "end_frame": 140,
              "entry_jump_deg": 22.12120359763624,
              "path_distance_deg": 70.34087263733849,
              "endpoint_distance_deg": 34.593653676198755,
              "path_to_endpoint_ratio": 2.0333461534805926,
              "peak_velocity_deg": 22.12120359763624
            },
            {
              "start_frame": 94,
              "end_frame": 100,
              "entry_jump_deg": 6.607049711972183,
              "path_distance_deg": 56.90595952149368,
              "endpoint_distance_deg": 46.19644467489715,
              "path_to_endpoint_ratio": 1.2318255208158044,
              "peak_velocity_deg": 21.138276632308447
            },
            {
              "start_frame": 84,
              "end_frame": 90,
              "entry_jump_deg": 5.758093425457598,
              "path_distance_deg": 61.56768079669662,
              "endpoint_distance_deg": 37.822671605726136,
              "path_to_endpoint_ratio": 1.627798306753551,
              "peak_velocity_deg": 19.81845031154779
            },
            {
              "start_frame": 164,
              "end_frame": 170,
              "entry_jump_deg": 7.25627771876266,
              "path_distance_deg": 64.82432657306056,
              "endpoint_distance_deg": 38.632243373835614,
              "path_to_endpoint_ratio": 1.6779850433683074,
              "peak_velocity_deg": 19.142339121878386
            },
            {
              "start_frame": 34,
              "end_frame": 40,
              "entry_jump_deg": 5.8812435052873395,
              "path_distance_deg": 79.99273797480505,
              "endpoint_distance_deg": 58.23470824488383,
              "path_to_endpoint_ratio": 1.3736264915834409,
              "peak_velocity_deg": 18.263563625485926
            },
            {
              "start_frame": 204,
              "end_frame": 210,
              "entry_jump_deg": 1.4580751062630695,
              "path_distance_deg": 49.358366441416536,
              "endpoint_distance_deg": 43.42314824243905,
              "path_to_endpoint_ratio": 1.1366832769895017,
              "peak_velocity_deg": 15.946702471993621
            },
            {
              "start_frame": 74,
              "end_frame": 80,
              "entry_jump_deg": 2.4349404721286585,
              "path_distance_deg": 53.14023913382696,
              "endpoint_distance_deg": 13.616029788238158,
              "path_to_endpoint_ratio": 3.902770481578318,
              "peak_velocity_deg": 15.617527547113962
            },
            {
              "start_frame": 54,
              "end_frame": 60,
              "entry_jump_deg": 12.407686715429872,
              "path_distance_deg": 54.30513417881791,
              "endpoint_distance_deg": 20.7672744209125,
              "path_to_endpoint_ratio": 2.6149379585475607,
              "peak_velocity_deg": 15.161139974787446
            },
            {
              "start_frame": 44,
              "end_frame": 50,
              "entry_jump_deg": 4.482994658296645,
              "path_distance_deg": 52.20956943830188,
              "endpoint_distance_deg": 39.224069555567056,
              "path_to_endpoint_ratio": 1.3310594752117402,
              "peak_velocity_deg": 13.25055997428156
            },
            {
              "start_frame": 194,
              "end_frame": 200,
              "entry_jump_deg": 5.806043433847587,
              "path_distance_deg": 33.45714641616974,
              "endpoint_distance_deg": 18.371847498788014,
              "path_to_endpoint_ratio": 1.8211095219670694,
              "peak_velocity_deg": 11.740979239657424
            },
            {
              "start_frame": 144,
              "end_frame": 150,
              "entry_jump_deg": 4.8179095575615625,
              "path_distance_deg": 41.93246733738804,
              "endpoint_distance_deg": 28.6765858403247,
              "path_to_endpoint_ratio": 1.4622545225876598,
              "peak_velocity_deg": 11.681239711491147
            },
            {
              "start_frame": 124,
              "end_frame": 130,
              "entry_jump_deg": 3.2488488254824657,
              "path_distance_deg": 32.07719591664141,
              "endpoint_distance_deg": 23.72935274355122,
              "path_to_endpoint_ratio": 1.3517939685632103,
              "peak_velocity_deg": 11.04464921778046
            },
            {
              "start_frame": 114,
              "end_frame": 120,
              "entry_jump_deg": 2.0062626925280638,
              "path_distance_deg": 32.34160425670342,
              "endpoint_distance_deg": 23.449752681664886,
              "path_to_endpoint_ratio": 1.3791874351831002,
              "peak_velocity_deg": 10.444321550113532
            },
            {
              "start_frame": 174,
              "end_frame": 180,
              "entry_jump_deg": 3.9406538299782152,
              "path_distance_deg": 26.19552981318177,
              "endpoint_distance_deg": 5.182434256810658,
              "path_to_endpoint_ratio": 5.0546767243127295,
              "peak_velocity_deg": 5.284800237274824
            }
          ]
        },
        "ground_truth": {
          "order": "XYZ",
          "excursion_p90_deg": 50.2001655404577,
          "excursion_max_deg": 61.043459635323885,
          "velocity_rms_deg_per_frame": 6.703470214995805,
          "velocity_p95_deg_per_frame": 14.3425149896,
          "velocity_max_deg_per_frame": 28.1076166197482,
          "euler_axis_step_p95_deg": [
            28.437591599999987,
            10.363777300000011,
            29.078936599999988
          ],
          "top_velocity_transitions": [
            {
              "from_frame": 52,
              "to_frame": 53,
              "velocity_deg": 28.1076166197482,
              "new_block_offset": 9,
              "inside_release_blend": false
            },
            {
              "from_frame": 70,
              "to_frame": 71,
              "velocity_deg": 21.379626890797905,
              "new_block_offset": 7,
              "inside_release_blend": false
            },
            {
              "from_frame": 192,
              "to_frame": 193,
              "velocity_deg": 20.1917106239835,
              "new_block_offset": 9,
              "inside_release_blend": false
            },
            {
              "from_frame": 193,
              "to_frame": 194,
              "velocity_deg": 18.02444960742052,
              "new_block_offset": 0,
              "inside_release_blend": true
            },
            {
              "from_frame": 198,
              "to_frame": 199,
              "velocity_deg": 17.696835773177874,
              "new_block_offset": 5,
              "inside_release_blend": false
            },
            {
              "from_frame": 118,
              "to_frame": 119,
              "velocity_deg": 17.07154492304631,
              "new_block_offset": 5,
              "inside_release_blend": false
            },
            {
              "from_frame": 122,
              "to_frame": 123,
              "velocity_deg": 16.7972598625848,
              "new_block_offset": 9,
              "inside_release_blend": false
            },
            {
              "from_frame": 191,
              "to_frame": 192,
              "velocity_deg": 16.591320307346436,
              "new_block_offset": 8,
              "inside_release_blend": false
            },
            {
              "from_frame": 51,
              "to_frame": 52,
              "velocity_deg": 15.963617286481597,
              "new_block_offset": 8,
              "inside_release_blend": false
            },
            {
              "from_frame": 117,
              "to_frame": 118,
              "velocity_deg": 15.924930961040898,
              "new_block_offset": 4,
              "inside_release_blend": false
            },
            {
              "from_frame": 121,
              "to_frame": 122,
              "velocity_deg": 15.020297753157118,
              "new_block_offset": 8,
              "inside_release_blend": false
            },
            {
              "from_frame": 199,
              "to_frame": 200,
              "velocity_deg": 14.408784853722542,
              "new_block_offset": 6,
              "inside_release_blend": false
            }
          ],
          "release_blend_blocks_by_path": [
            {
              "start_frame": 194,
              "endpoint_distance_deg": 16.09258663910721,
              "path_distance_deg": 57.19547178076282,
              "path_to_endpoint_ratio": 3.5541503092964506,
              "peak_velocity_deg": 17.696835773177874
            },
            {
              "start_frame": 144,
              "endpoint_distance_deg": 46.82109206842958,
              "path_distance_deg": 48.832073125160825,
              "path_to_endpoint_ratio": 1.0429503236232118,
              "peak_velocity_deg": 13.62450711802784
            },
            {
              "start_frame": 114,
              "endpoint_distance_deg": 39.21127140749386,
              "path_distance_deg": 47.394842860585314,
              "path_to_endpoint_ratio": 1.2087045678281028,
              "peak_velocity_deg": 17.07154492304631
            },
            {
              "start_frame": 84,
              "endpoint_distance_deg": 12.316754437673035,
              "path_distance_deg": 35.117374233872454,
              "path_to_endpoint_ratio": 2.8511873327976383,
              "peak_velocity_deg": 10.455503375247218
            },
            {
              "start_frame": 154,
              "endpoint_distance_deg": 4.964397088411652,
              "path_distance_deg": 29.669823767522622,
              "path_to_endpoint_ratio": 5.976521063711972,
              "peak_velocity_deg": 7.103064097009932
            },
            {
              "start_frame": 104,
              "endpoint_distance_deg": 24.751011942964002,
              "path_distance_deg": 29.196168650044257,
              "path_to_endpoint_ratio": 1.179594948171155,
              "peak_velocity_deg": 8.011792306581372
            },
            {
              "start_frame": 124,
              "endpoint_distance_deg": 19.362699947085627,
              "path_distance_deg": 24.215324056557066,
              "path_to_endpoint_ratio": 1.2506171206873362,
              "peak_velocity_deg": 10.763480712220382
            },
            {
              "start_frame": 164,
              "endpoint_distance_deg": 20.75292321882981,
              "path_distance_deg": 22.51441936688427,
              "path_to_endpoint_ratio": 1.0848794229844303,
              "peak_velocity_deg": 5.771160274047189
            },
            {
              "start_frame": 204,
              "endpoint_distance_deg": 20.70595752810221,
              "path_distance_deg": 22.085132400863408,
              "path_to_endpoint_ratio": 1.0666076355507528,
              "peak_velocity_deg": 4.376879136962859
            },
            {
              "start_frame": 214,
              "endpoint_distance_deg": 2.905169794758469,
              "path_distance_deg": 21.87816171746133,
              "path_to_endpoint_ratio": 7.530768685855845,
              "peak_velocity_deg": 5.819462764747011
            },
            {
              "start_frame": 134,
              "endpoint_distance_deg": 6.416184488822428,
              "path_distance_deg": 21.509866418785347,
              "path_to_endpoint_ratio": 3.352438892032714,
              "peak_velocity_deg": 5.267443361512942
            },
            {
              "start_frame": 74,
              "endpoint_distance_deg": 7.109430048543402,
              "path_distance_deg": 21.059137443185154,
              "path_to_endpoint_ratio": 2.9621414514796167,
              "peak_velocity_deg": 8.182025171012896
            },
            {
              "start_frame": 184,
              "endpoint_distance_deg": 4.8111592087282,
              "path_distance_deg": 18.493718295643326,
              "path_to_endpoint_ratio": 3.8439214944483258,
              "peak_velocity_deg": 5.998404981082855
            },
            {
              "start_frame": 34,
              "endpoint_distance_deg": 3.6065683925665692,
              "path_distance_deg": 17.1527286603766,
              "path_to_endpoint_ratio": 4.755969329662448,
              "peak_velocity_deg": 4.832975664404451
            },
            {
              "start_frame": 94,
              "endpoint_distance_deg": 1.1921369399656965,
              "path_distance_deg": 11.009223638794015,
              "path_to_endpoint_ratio": 9.234864946900148,
              "peak_velocity_deg": 2.8614202883608804
            },
            {
              "start_frame": 54,
              "endpoint_distance_deg": 6.091574580667545,
              "path_distance_deg": 9.507039573817833,
              "path_to_endpoint_ratio": 1.5606867235919164,
              "peak_velocity_deg": 3.4576321596000863
            },
            {
              "start_frame": 174,
              "endpoint_distance_deg": 3.5515905296758548,
              "path_distance_deg": 9.298425702880955,
              "path_to_endpoint_ratio": 2.6181018406222636,
              "peak_velocity_deg": 2.3755777614295503
            },
            {
              "start_frame": 44,
              "endpoint_distance_deg": 5.5636577194434675,
              "path_distance_deg": 9.001368019567813,
              "path_to_endpoint_ratio": 1.6178867344967116,
              "peak_velocity_deg": 4.571566697151744
            },
            {
              "start_frame": 64,
              "endpoint_distance_deg": 5.347087403102285,
              "path_distance_deg": 5.6348025042509775,
              "path_to_endpoint_ratio": 1.0538078171270897,
              "peak_velocity_deg": 4.188041044636448
            }
          ],
          "boundary_blocks_by_peak": [
            {
              "start_frame": 194,
              "end_frame": 200,
              "entry_jump_deg": 18.02444960742052,
              "path_distance_deg": 75.21992138818334,
              "endpoint_distance_deg": 25.860929729391337,
              "path_to_endpoint_ratio": 2.9086317535867536,
              "peak_velocity_deg": 18.02444960742052
            },
            {
              "start_frame": 114,
              "end_frame": 120,
              "entry_jump_deg": 0.6700666139358673,
              "path_distance_deg": 48.06490947452118,
              "endpoint_distance_deg": 38.562372087127734,
              "path_to_endpoint_ratio": 1.2464199392590123,
              "peak_velocity_deg": 17.07154492304631
            },
            {
              "start_frame": 54,
              "end_frame": 60,
              "entry_jump_deg": 13.74608621249726,
              "path_distance_deg": 23.253125786315096,
              "endpoint_distance_deg": 8.433065349856852,
              "path_to_endpoint_ratio": 2.7573752629237966,
              "peak_velocity_deg": 13.74608621249726
            },
            {
              "start_frame": 144,
              "end_frame": 150,
              "entry_jump_deg": 3.1677257962836625,
              "path_distance_deg": 51.999798921444494,
              "endpoint_distance_deg": 49.45967768094194,
              "path_to_endpoint_ratio": 1.0513574159720278,
              "peak_velocity_deg": 13.62450711802784
            },
            {
              "start_frame": 124,
              "end_frame": 130,
              "entry_jump_deg": 12.229451802788274,
              "path_distance_deg": 36.44477585934534,
              "endpoint_distance_deg": 9.040962751672863,
              "path_to_endpoint_ratio": 4.031072448849755,
              "peak_velocity_deg": 12.229451802788274
            },
            {
              "start_frame": 84,
              "end_frame": 90,
              "entry_jump_deg": 2.1570575749073253,
              "path_distance_deg": 37.27443180877979,
              "endpoint_distance_deg": 10.722119590649104,
              "path_to_endpoint_ratio": 3.476405154190529,
              "peak_velocity_deg": 10.455503375247218
            },
            {
              "start_frame": 44,
              "end_frame": 50,
              "entry_jump_deg": 9.845446435802353,
              "path_distance_deg": 18.84681445537017,
              "endpoint_distance_deg": 12.859596827426103,
              "path_to_endpoint_ratio": 1.4655836188561466,
              "peak_velocity_deg": 9.845446435802353
            },
            {
              "start_frame": 74,
              "end_frame": 80,
              "entry_jump_deg": 7.678734084484176,
              "path_distance_deg": 28.73787152766933,
              "endpoint_distance_deg": 4.160587254570079,
              "path_to_endpoint_ratio": 6.907167130337918,
              "peak_velocity_deg": 8.182025171012896
            },
            {
              "start_frame": 104,
              "end_frame": 110,
              "entry_jump_deg": 2.525047317070215,
              "path_distance_deg": 31.721215967114475,
              "endpoint_distance_deg": 22.29308425626693,
              "path_to_endpoint_ratio": 1.4229173317818127,
              "peak_velocity_deg": 8.011792306581372
            },
            {
              "start_frame": 34,
              "end_frame": 40,
              "entry_jump_deg": 7.486290106435858,
              "path_distance_deg": 24.639018766812455,
              "endpoint_distance_deg": 8.451093791388615,
              "path_to_endpoint_ratio": 2.9154828209241743,
              "peak_velocity_deg": 7.486290106435858
            },
            {
              "start_frame": 154,
              "end_frame": 160,
              "entry_jump_deg": 6.932818202932942,
              "path_distance_deg": 36.602641970455565,
              "endpoint_distance_deg": 10.168133005704743,
              "path_to_endpoint_ratio": 3.599740675099349,
              "peak_velocity_deg": 7.103064097009932
            },
            {
              "start_frame": 134,
              "end_frame": 140,
              "entry_jump_deg": 6.365799414151186,
              "path_distance_deg": 27.875665832936534,
              "endpoint_distance_deg": 12.755340285475677,
              "path_to_endpoint_ratio": 2.185411381355161,
              "peak_velocity_deg": 6.365799414151186
            },
            {
              "start_frame": 184,
              "end_frame": 190,
              "entry_jump_deg": 2.9944807633886232,
              "path_distance_deg": 21.48819905903195,
              "endpoint_distance_deg": 2.914824455031002,
              "path_to_endpoint_ratio": 7.372038827910616,
              "peak_velocity_deg": 5.998404981082855
            },
            {
              "start_frame": 214,
              "end_frame": 220,
              "entry_jump_deg": 2.179455448796106,
              "path_distance_deg": 24.057617166257437,
              "endpoint_distance_deg": 3.168331386134712,
              "path_to_endpoint_ratio": 7.593150537074075,
              "peak_velocity_deg": 5.819462764747011
            },
            {
              "start_frame": 164,
              "end_frame": 170,
              "entry_jump_deg": 3.5792686557104383,
              "path_distance_deg": 26.093688022594705,
              "endpoint_distance_deg": 23.36197756450738,
              "path_to_endpoint_ratio": 1.1169297612132574,
              "peak_velocity_deg": 5.771160274047189
            },
            {
              "start_frame": 94,
              "end_frame": 100,
              "entry_jump_deg": 5.65898172394954,
              "path_distance_deg": 16.668205362743553,
              "endpoint_distance_deg": 6.839063553920454,
              "path_to_endpoint_ratio": 2.4372058003743216,
              "peak_velocity_deg": 5.65898172394954
            },
            {
              "start_frame": 204,
              "end_frame": 210,
              "entry_jump_deg": 5.328705677779574,
              "path_distance_deg": 27.413838078642986,
              "endpoint_distance_deg": 21.22344944392042,
              "path_to_endpoint_ratio": 1.2916768384460633,
              "peak_velocity_deg": 5.328705677779574
            },
            {
              "start_frame": 174,
              "end_frame": 180,
              "entry_jump_deg": 4.6522241225117575,
              "path_distance_deg": 13.950649825392713,
              "endpoint_distance_deg": 2.4332077937040926,
              "path_to_endpoint_ratio": 5.733439561343638,
              "peak_velocity_deg": 4.6522241225117575
            },
            {
              "start_frame": 64,
              "end_frame": 70,
              "entry_jump_deg": 0.3058118005760792,
              "path_distance_deg": 5.940614304827057,
              "endpoint_distance_deg": 5.112643199327968,
              "path_to_endpoint_ratio": 1.1619458024389266,
              "peak_velocity_deg": 4.188041044636448
            }
          ]
        },
        "ratios": {
          "excursion_p90": 1.006411995814311,
          "velocity_rms": 1.4188322210274897,
          "velocity_p95": 1.5354985452044234
        }
      },
      "RightHand": {
        "prediction": {
          "order": "XYZ",
          "excursion_p90_deg": 28.438964890758065,
          "excursion_max_deg": 37.07074632271817,
          "velocity_rms_deg_per_frame": 6.68763167924449,
          "velocity_p95_deg_per_frame": 15.826807013761613,
          "velocity_max_deg_per_frame": 23.892038594025113,
          "euler_axis_step_p95_deg": [
            2.39591199999999,
            7.797201999999995,
            13.534872899999964
          ],
          "top_velocity_transitions": [
            {
              "from_frame": 131,
              "to_frame": 132,
              "velocity_deg": 23.892038594025113,
              "new_block_offset": 8,
              "inside_release_blend": false
            },
            {
              "from_frame": 45,
              "to_frame": 46,
              "velocity_deg": 23.159134996687712,
              "new_block_offset": 2,
              "inside_release_blend": true
            },
            {
              "from_frame": 44,
              "to_frame": 45,
              "velocity_deg": 21.814503458930783,
              "new_block_offset": 1,
              "inside_release_blend": true
            },
            {
              "from_frame": 184,
              "to_frame": 185,
              "velocity_deg": 19.361098874558284,
              "new_block_offset": 1,
              "inside_release_blend": true
            },
            {
              "from_frame": 135,
              "to_frame": 136,
              "velocity_deg": 18.841629107813013,
              "new_block_offset": 2,
              "inside_release_blend": true
            },
            {
              "from_frame": 185,
              "to_frame": 186,
              "velocity_deg": 18.83152568937672,
              "new_block_offset": 2,
              "inside_release_blend": true
            },
            {
              "from_frame": 133,
              "to_frame": 134,
              "velocity_deg": 17.653523739625765,
              "new_block_offset": 0,
              "inside_release_blend": true
            },
            {
              "from_frame": 132,
              "to_frame": 133,
              "velocity_deg": 17.65351969058243,
              "new_block_offset": 9,
              "inside_release_blend": false
            },
            {
              "from_frame": 109,
              "to_frame": 110,
              "velocity_deg": 17.251042832254196,
              "new_block_offset": 6,
              "inside_release_blend": false
            },
            {
              "from_frame": 134,
              "to_frame": 135,
              "velocity_deg": 17.173547111359508,
              "new_block_offset": 1,
              "inside_release_blend": true
            },
            {
              "from_frame": 52,
              "to_frame": 53,
              "velocity_deg": 15.94408346109671,
              "new_block_offset": 9,
              "inside_release_blend": false
            },
            {
              "from_frame": 53,
              "to_frame": 54,
              "velocity_deg": 15.944080858108181,
              "new_block_offset": 0,
              "inside_release_blend": true
            }
          ],
          "release_blend_blocks_by_path": [
            {
              "start_frame": 44,
              "endpoint_distance_deg": 53.432218765180345,
              "path_distance_deg": 75.56315431359033,
              "path_to_endpoint_ratio": 1.4141870964720604,
              "peak_velocity_deg": 23.159134996687712
            },
            {
              "start_frame": 104,
              "endpoint_distance_deg": 16.768012034612664,
              "path_distance_deg": 61.2454997437909,
              "path_to_endpoint_ratio": 3.6525200254727546,
              "peak_velocity_deg": 17.251042832254196
            },
            {
              "start_frame": 204,
              "endpoint_distance_deg": 49.01717207544861,
              "path_distance_deg": 53.31983922156569,
              "path_to_endpoint_ratio": 1.0877787714781728,
              "peak_velocity_deg": 12.078982228848426
            },
            {
              "start_frame": 184,
              "endpoint_distance_deg": 40.47987564465333,
              "path_distance_deg": 48.79654257356642,
              "path_to_endpoint_ratio": 1.20545188927752,
              "peak_velocity_deg": 19.361098874558284
            },
            {
              "start_frame": 134,
              "endpoint_distance_deg": 37.6621540482342,
              "path_distance_deg": 46.42074452877271,
              "path_to_endpoint_ratio": 1.2325568120538544,
              "peak_velocity_deg": 18.841629107813013
            },
            {
              "start_frame": 54,
              "endpoint_distance_deg": 27.298088306424656,
              "path_distance_deg": 39.15846254696301,
              "path_to_endpoint_ratio": 1.434476367260743,
              "peak_velocity_deg": 11.3092311494775
            },
            {
              "start_frame": 74,
              "endpoint_distance_deg": 4.0512785912484555,
              "path_distance_deg": 39.032591342771774,
              "path_to_endpoint_ratio": 9.634635205559478,
              "peak_velocity_deg": 9.353961433397048
            },
            {
              "start_frame": 144,
              "endpoint_distance_deg": 15.407470747516758,
              "path_distance_deg": 38.64982622695966,
              "path_to_endpoint_ratio": 2.508512062772464,
              "peak_velocity_deg": 12.33196887184579
            },
            {
              "start_frame": 94,
              "endpoint_distance_deg": 22.503027296878592,
              "path_distance_deg": 38.2122235879227,
              "path_to_endpoint_ratio": 1.6980925758919174,
              "peak_velocity_deg": 14.164059165595134
            },
            {
              "start_frame": 124,
              "endpoint_distance_deg": 20.0311669441332,
              "path_distance_deg": 38.16210932128648,
              "path_to_endpoint_ratio": 1.9051366017626614,
              "peak_velocity_deg": 11.953442482133681
            },
            {
              "start_frame": 154,
              "endpoint_distance_deg": 30.360446008050744,
              "path_distance_deg": 38.03553973444738,
              "path_to_endpoint_ratio": 1.252799109880053,
              "peak_velocity_deg": 12.80588211392159
            },
            {
              "start_frame": 164,
              "endpoint_distance_deg": 3.7537529131947496,
              "path_distance_deg": 37.81831563721717,
              "path_to_endpoint_ratio": 10.07480154175377,
              "peak_velocity_deg": 10.9325141991237
            },
            {
              "start_frame": 64,
              "endpoint_distance_deg": 13.773580587763977,
              "path_distance_deg": 32.008674435747906,
              "path_to_endpoint_ratio": 2.323918187561441,
              "peak_velocity_deg": 7.775414145643359
            },
            {
              "start_frame": 84,
              "endpoint_distance_deg": 7.957155762343565,
              "path_distance_deg": 24.569297304292068,
              "path_to_endpoint_ratio": 3.087698423670903,
              "peak_velocity_deg": 6.312667681689303
            },
            {
              "start_frame": 34,
              "endpoint_distance_deg": 11.845566680955551,
              "path_distance_deg": 24.0717428618237,
              "path_to_endpoint_ratio": 2.0321309659692783,
              "peak_velocity_deg": 6.529284797296694
            },
            {
              "start_frame": 214,
              "endpoint_distance_deg": 12.920020573014902,
              "path_distance_deg": 19.514693859299147,
              "path_to_endpoint_ratio": 1.5104228162034088,
              "peak_velocity_deg": 5.671263546033974
            },
            {
              "start_frame": 114,
              "endpoint_distance_deg": 11.945826606301589,
              "path_distance_deg": 17.176867706159197,
              "path_to_endpoint_ratio": 1.4378969553348582,
              "peak_velocity_deg": 4.7199454288417755
            },
            {
              "start_frame": 174,
              "endpoint_distance_deg": 12.195293075741462,
              "path_distance_deg": 12.642788495237767,
              "path_to_endpoint_ratio": 1.0366941094992173,
              "peak_velocity_deg": 4.928724546236429
            },
            {
              "start_frame": 194,
              "endpoint_distance_deg": 7.363931726556126,
              "path_distance_deg": 11.01033111190326,
              "path_to_endpoint_ratio": 1.4951701782075644,
              "peak_velocity_deg": 4.358015068880239
            }
          ],
          "boundary_blocks_by_peak": [
            {
              "start_frame": 44,
              "end_frame": 50,
              "entry_jump_deg": 2.984442797594078,
              "path_distance_deg": 78.5475971111844,
              "endpoint_distance_deg": 50.956408800373815,
              "path_to_endpoint_ratio": 1.5414664997076517,
              "peak_velocity_deg": 23.159134996687712
            },
            {
              "start_frame": 184,
              "end_frame": 190,
              "entry_jump_deg": 1.545707184234869,
              "path_distance_deg": 50.34224975780129,
              "endpoint_distance_deg": 41.9852530064254,
              "path_to_endpoint_ratio": 1.1990460019401799,
              "peak_velocity_deg": 19.361098874558284
            },
            {
              "start_frame": 134,
              "end_frame": 140,
              "entry_jump_deg": 17.653523739625765,
              "path_distance_deg": 64.07426826839848,
              "endpoint_distance_deg": 20.62466675160332,
              "path_to_endpoint_ratio": 3.1066813849691646,
              "peak_velocity_deg": 18.841629107813013
            },
            {
              "start_frame": 104,
              "end_frame": 110,
              "entry_jump_deg": 1.0684340371578023,
              "path_distance_deg": 62.3139337809487,
              "endpoint_distance_deg": 17.7063305818498,
              "path_to_endpoint_ratio": 3.5193025168537595,
              "peak_velocity_deg": 17.251042832254196
            },
            {
              "start_frame": 54,
              "end_frame": 60,
              "entry_jump_deg": 15.944080858108181,
              "path_distance_deg": 55.10254340507119,
              "endpoint_distance_deg": 21.29955628562664,
              "path_to_endpoint_ratio": 2.5870277608672754,
              "peak_velocity_deg": 15.944080858108181
            },
            {
              "start_frame": 94,
              "end_frame": 100,
              "entry_jump_deg": 1.3390879527304078,
              "path_distance_deg": 39.55131154065311,
              "endpoint_distance_deg": 21.16723081262398,
              "path_to_endpoint_ratio": 1.868516098811801,
              "peak_velocity_deg": 14.164059165595134
            },
            {
              "start_frame": 154,
              "end_frame": 160,
              "entry_jump_deg": 3.1075822118185776,
              "path_distance_deg": 41.143121946265964,
              "endpoint_distance_deg": 30.060415771634613,
              "path_to_endpoint_ratio": 1.3686810674484793,
              "peak_velocity_deg": 12.80588211392159
            },
            {
              "start_frame": 144,
              "end_frame": 150,
              "entry_jump_deg": 2.063014321467378,
              "path_distance_deg": 40.71284054842704,
              "endpoint_distance_deg": 16.001439192953363,
              "path_to_endpoint_ratio": 2.544323673482818,
              "peak_velocity_deg": 12.33196887184579
            },
            {
              "start_frame": 204,
              "end_frame": 210,
              "entry_jump_deg": 0.6269651315303222,
              "path_distance_deg": 53.94680435309601,
              "endpoint_distance_deg": 49.2557140831448,
              "path_to_endpoint_ratio": 1.0952395139786735,
              "peak_velocity_deg": 12.078982228848426
            },
            {
              "start_frame": 124,
              "end_frame": 130,
              "entry_jump_deg": 4.558012359535983,
              "path_distance_deg": 42.720121680822466,
              "endpoint_distance_deg": 23.715014376105884,
              "path_to_endpoint_ratio": 1.801395563304622,
              "peak_velocity_deg": 11.953442482133681
            },
            {
              "start_frame": 164,
              "end_frame": 170,
              "entry_jump_deg": 5.579712491843514,
              "path_distance_deg": 43.398028129060684,
              "endpoint_distance_deg": 6.653069014991221,
              "path_to_endpoint_ratio": 6.523008859711633,
              "peak_velocity_deg": 10.9325141991237
            },
            {
              "start_frame": 74,
              "end_frame": 80,
              "entry_jump_deg": 0.818866366818818,
              "path_distance_deg": 39.85145770959058,
              "endpoint_distance_deg": 4.607572715558321,
              "path_to_endpoint_ratio": 8.649121819613343,
              "peak_velocity_deg": 9.353961433397048
            },
            {
              "start_frame": 64,
              "end_frame": 70,
              "entry_jump_deg": 2.0759480185688752,
              "path_distance_deg": 34.084622454316786,
              "endpoint_distance_deg": 12.630938223006563,
              "path_to_endpoint_ratio": 2.6985028231896115,
              "peak_velocity_deg": 7.775414145643359
            },
            {
              "start_frame": 34,
              "end_frame": 40,
              "entry_jump_deg": 3.4267912161269574,
              "path_distance_deg": 27.498534077950655,
              "endpoint_distance_deg": 10.018860717938708,
              "path_to_endpoint_ratio": 2.744676750392857,
              "peak_velocity_deg": 6.529284797296694
            },
            {
              "start_frame": 84,
              "end_frame": 90,
              "entry_jump_deg": 2.537233357502028,
              "path_distance_deg": 27.106530661794096,
              "endpoint_distance_deg": 7.986961815503028,
              "path_to_endpoint_ratio": 3.3938475340121426,
              "peak_velocity_deg": 6.312667681689303
            },
            {
              "start_frame": 214,
              "end_frame": 220,
              "entry_jump_deg": 3.3497624455278507,
              "path_distance_deg": 22.864456304826998,
              "endpoint_distance_deg": 15.70703065729818,
              "path_to_endpoint_ratio": 1.4556829233794844,
              "peak_velocity_deg": 5.671263546033974
            },
            {
              "start_frame": 174,
              "end_frame": 180,
              "entry_jump_deg": 0.7791299893073587,
              "path_distance_deg": 13.421918484545127,
              "endpoint_distance_deg": 12.672290995466968,
              "path_to_endpoint_ratio": 1.0591548512693016,
              "peak_velocity_deg": 4.928724546236429
            },
            {
              "start_frame": 114,
              "end_frame": 120,
              "entry_jump_deg": 1.3666095913286151,
              "path_distance_deg": 18.54347729748781,
              "endpoint_distance_deg": 12.947233120947846,
              "path_to_endpoint_ratio": 1.4322347581341976,
              "peak_velocity_deg": 4.7199454288417755
            },
            {
              "start_frame": 194,
              "end_frame": 200,
              "entry_jump_deg": 3.790147148605396,
              "path_distance_deg": 14.800478260508656,
              "endpoint_distance_deg": 4.319804810781703,
              "path_to_endpoint_ratio": 3.4261914389206845,
              "peak_velocity_deg": 4.358015068880239
            }
          ]
        },
        "ground_truth": {
          "order": "XYZ",
          "excursion_p90_deg": 34.14473085389689,
          "excursion_max_deg": 44.85875726077824,
          "velocity_rms_deg_per_frame": 7.514645793951631,
          "velocity_p95_deg_per_frame": 18.037243374818512,
          "velocity_max_deg_per_frame": 38.866036874698665,
          "euler_axis_step_p95_deg": [
            4.205839199999993,
            11.18093879999998,
            14.7562479
          ],
          "top_velocity_transitions": [
            {
              "from_frame": 117,
              "to_frame": 118,
              "velocity_deg": 38.866036874698665,
              "new_block_offset": 4,
              "inside_release_blend": false
            },
            {
              "from_frame": 70,
              "to_frame": 71,
              "velocity_deg": 25.223830414929832,
              "new_block_offset": 7,
              "inside_release_blend": false
            },
            {
              "from_frame": 101,
              "to_frame": 102,
              "velocity_deg": 24.34568497646372,
              "new_block_offset": 8,
              "inside_release_blend": false
            },
            {
              "from_frame": 29,
              "to_frame": 30,
              "velocity_deg": 22.971315033227032,
              "new_block_offset": null,
              "inside_release_blend": false
            },
            {
              "from_frame": 138,
              "to_frame": 139,
              "velocity_deg": 20.737352179848763,
              "new_block_offset": 5,
              "inside_release_blend": false
            },
            {
              "from_frame": 74,
              "to_frame": 75,
              "velocity_deg": 20.726496319613457,
              "new_block_offset": 1,
              "inside_release_blend": true
            },
            {
              "from_frame": 52,
              "to_frame": 53,
              "velocity_deg": 20.204773126557786,
              "new_block_offset": 9,
              "inside_release_blend": false
            },
            {
              "from_frame": 191,
              "to_frame": 192,
              "velocity_deg": 19.397091627579332,
              "new_block_offset": 8,
              "inside_release_blend": false
            },
            {
              "from_frame": 82,
              "to_frame": 83,
              "velocity_deg": 19.295208808994772,
              "new_block_offset": 9,
              "inside_release_blend": false
            },
            {
              "from_frame": 80,
              "to_frame": 81,
              "velocity_deg": 19.291927278671213,
              "new_block_offset": 7,
              "inside_release_blend": false
            },
            {
              "from_frame": 85,
              "to_frame": 86,
              "velocity_deg": 19.127124581534183,
              "new_block_offset": 2,
              "inside_release_blend": true
            },
            {
              "from_frame": 84,
              "to_frame": 85,
              "velocity_deg": 18.049155439745935,
              "new_block_offset": 1,
              "inside_release_blend": true
            }
          ],
          "release_blend_blocks_by_path": [
            {
              "start_frame": 114,
              "endpoint_distance_deg": 19.84538377082302,
              "path_distance_deg": 61.1569882825879,
              "path_to_endpoint_ratio": 3.0816732489951555,
              "peak_velocity_deg": 38.866036874698665
            },
            {
              "start_frame": 84,
              "endpoint_distance_deg": 26.983216498719692,
              "path_distance_deg": 57.00506238942055,
              "path_to_endpoint_ratio": 2.1126118301028103,
              "peak_velocity_deg": 19.127124581534183
            },
            {
              "start_frame": 74,
              "endpoint_distance_deg": 15.247063225136372,
              "path_distance_deg": 52.92208513876034,
              "path_to_endpoint_ratio": 3.470969088100374,
              "peak_velocity_deg": 20.726496319613457
            },
            {
              "start_frame": 104,
              "endpoint_distance_deg": 45.254285291754165,
              "path_distance_deg": 49.29985797261288,
              "path_to_endpoint_ratio": 1.0893964550489954,
              "peak_velocity_deg": 16.297172647782293
            },
            {
              "start_frame": 214,
              "endpoint_distance_deg": 34.005204411462174,
              "path_distance_deg": 39.50731356934985,
              "path_to_endpoint_ratio": 1.1618019727601776,
              "peak_velocity_deg": 12.74103238936273
            },
            {
              "start_frame": 134,
              "endpoint_distance_deg": 15.962321383232837,
              "path_distance_deg": 35.082558622417864,
              "path_to_endpoint_ratio": 2.197835626794818,
              "peak_velocity_deg": 20.737352179848763
            },
            {
              "start_frame": 124,
              "endpoint_distance_deg": 18.996140461354408,
              "path_distance_deg": 32.847101542329845,
              "path_to_endpoint_ratio": 1.7291460657049635,
              "peak_velocity_deg": 9.38064335756292
            },
            {
              "start_frame": 34,
              "endpoint_distance_deg": 12.348216009325116,
              "path_distance_deg": 28.422669101490797,
              "path_to_endpoint_ratio": 2.301763192353178,
              "peak_velocity_deg": 15.078365161502138
            },
            {
              "start_frame": 194,
              "endpoint_distance_deg": 5.369385146050889,
              "path_distance_deg": 27.686673015080324,
              "path_to_endpoint_ratio": 5.1563954274063395,
              "peak_velocity_deg": 12.982186622989744
            },
            {
              "start_frame": 94,
              "endpoint_distance_deg": 11.250193582838858,
              "path_distance_deg": 16.08250443730532,
              "path_to_endpoint_ratio": 1.4295313515171608,
              "peak_velocity_deg": 6.34396505597935
            },
            {
              "start_frame": 144,
              "endpoint_distance_deg": 7.6110524612874055,
              "path_distance_deg": 14.664635621344,
              "path_to_endpoint_ratio": 1.926755293822201,
              "peak_velocity_deg": 5.034065192562141
            },
            {
              "start_frame": 54,
              "endpoint_distance_deg": 4.0690811271098335,
              "path_distance_deg": 8.367040748342122,
              "path_to_endpoint_ratio": 2.0562482012456265,
              "peak_velocity_deg": 3.1381922147032233
            },
            {
              "start_frame": 64,
              "endpoint_distance_deg": 6.922753175367614,
              "path_distance_deg": 7.919320596347966,
              "path_to_endpoint_ratio": 1.1439553593397371,
              "peak_velocity_deg": 6.701816494225333
            },
            {
              "start_frame": 44,
              "endpoint_distance_deg": 4.109620466372045,
              "path_distance_deg": 7.0949393099376685,
              "path_to_endpoint_ratio": 1.72642203045116,
              "peak_velocity_deg": 1.687140226492928
            },
            {
              "start_frame": 164,
              "endpoint_distance_deg": 3.99416679674704,
              "path_distance_deg": 7.021098375729803,
              "path_to_endpoint_ratio": 1.7578380505911722,
              "peak_velocity_deg": 1.9540971716449367
            },
            {
              "start_frame": 154,
              "endpoint_distance_deg": 4.861462377063988,
              "path_distance_deg": 6.921142355427508,
              "path_to_endpoint_ratio": 1.4236749806150788,
              "peak_velocity_deg": 1.5553335974177842
            },
            {
              "start_frame": 184,
              "endpoint_distance_deg": 0.8085461142881334,
              "path_distance_deg": 6.584373287583952,
              "path_to_endpoint_ratio": 8.143472797938085,
              "peak_velocity_deg": 1.5227900501843206
            },
            {
              "start_frame": 204,
              "endpoint_distance_deg": 1.9008471596471075,
              "path_distance_deg": 6.2260881777789105,
              "path_to_endpoint_ratio": 3.275428088039853,
              "peak_velocity_deg": 1.6438900914180843
            },
            {
              "start_frame": 174,
              "endpoint_distance_deg": 2.039350345805757,
              "path_distance_deg": 6.028685231196238,
              "path_to_endpoint_ratio": 2.9561792771875472,
              "peak_velocity_deg": 1.902398960831807
            }
          ],
          "boundary_blocks_by_peak": [
            {
              "start_frame": 114,
              "end_frame": 120,
              "entry_jump_deg": 1.2212030022800182,
              "path_distance_deg": 62.378191284867924,
              "endpoint_distance_deg": 21.061705850046557,
              "path_to_endpoint_ratio": 2.9616875161481775,
              "peak_velocity_deg": 38.866036874698665
            },
            {
              "start_frame": 134,
              "end_frame": 140,
              "entry_jump_deg": 1.367159750613884,
              "path_distance_deg": 36.44971837303175,
              "endpoint_distance_deg": 14.6669406375232,
              "path_to_endpoint_ratio": 2.4851616484886105,
              "peak_velocity_deg": 20.737352179848763
            },
            {
              "start_frame": 74,
              "end_frame": 80,
              "entry_jump_deg": 11.20366347835497,
              "path_distance_deg": 64.12574861711532,
              "endpoint_distance_deg": 14.126714297568492,
              "path_to_endpoint_ratio": 4.539325087656988,
              "peak_velocity_deg": 20.726496319613457
            },
            {
              "start_frame": 84,
              "end_frame": 90,
              "entry_jump_deg": 15.87111389279275,
              "path_distance_deg": 72.8761762822133,
              "endpoint_distance_deg": 37.03323541344,
              "path_to_endpoint_ratio": 1.9678587481925833,
              "peak_velocity_deg": 19.127124581534183
            },
            {
              "start_frame": 104,
              "end_frame": 110,
              "entry_jump_deg": 5.737408379384761,
              "path_distance_deg": 55.03726635199764,
              "endpoint_distance_deg": 40.752157067238606,
              "path_to_endpoint_ratio": 1.3505362737287614,
              "peak_velocity_deg": 16.297172647782293
            },
            {
              "start_frame": 34,
              "end_frame": 40,
              "entry_jump_deg": 2.770199932559184,
              "path_distance_deg": 31.192869034049984,
              "endpoint_distance_deg": 9.986759191126467,
              "path_to_endpoint_ratio": 3.1234225675297926,
              "peak_velocity_deg": 15.078365161502138
            },
            {
              "start_frame": 194,
              "end_frame": 200,
              "entry_jump_deg": 5.441156206905311,
              "path_distance_deg": 33.127829221985635,
              "endpoint_distance_deg": 5.427409911392389,
              "path_to_endpoint_ratio": 6.103800848439467,
              "peak_velocity_deg": 12.982186622989744
            },
            {
              "start_frame": 214,
              "end_frame": 220,
              "entry_jump_deg": 1.1144854712125238,
              "path_distance_deg": 40.621799040562365,
              "endpoint_distance_deg": 33.485222882003676,
              "path_to_endpoint_ratio": 1.2131261357795584,
              "peak_velocity_deg": 12.74103238936273
            },
            {
              "start_frame": 124,
              "end_frame": 130,
              "entry_jump_deg": 4.0175473748155515,
              "path_distance_deg": 36.864648917145395,
              "endpoint_distance_deg": 15.308788030967547,
              "path_to_endpoint_ratio": 2.408071027084139,
              "peak_velocity_deg": 9.38064335756292
            },
            {
              "start_frame": 64,
              "end_frame": 70,
              "entry_jump_deg": 0.26033903555578386,
              "path_distance_deg": 8.17965963190375,
              "endpoint_distance_deg": 7.180461567842672,
              "path_to_endpoint_ratio": 1.1391551301570828,
              "peak_velocity_deg": 6.701816494225333
            },
            {
              "start_frame": 94,
              "end_frame": 100,
              "entry_jump_deg": 0.6379261652364352,
              "path_distance_deg": 16.720430602541754,
              "endpoint_distance_deg": 10.615632738485532,
              "path_to_endpoint_ratio": 1.5750762120776944,
              "peak_velocity_deg": 6.34396505597935
            },
            {
              "start_frame": 44,
              "end_frame": 50,
              "entry_jump_deg": 5.830436144491452,
              "path_distance_deg": 12.925375454429124,
              "endpoint_distance_deg": 2.10923330310418,
              "path_to_endpoint_ratio": 6.127997047745604,
              "peak_velocity_deg": 5.830436144491452
            },
            {
              "start_frame": 144,
              "end_frame": 150,
              "entry_jump_deg": 1.3172075921220725,
              "path_distance_deg": 15.981843213466073,
              "endpoint_distance_deg": 6.776983424021989,
              "path_to_endpoint_ratio": 2.3582532542157533,
              "peak_velocity_deg": 5.034065192562141
            },
            {
              "start_frame": 54,
              "end_frame": 60,
              "entry_jump_deg": 2.9388756061013526,
              "path_distance_deg": 11.305916354443474,
              "endpoint_distance_deg": 3.8178810862836015,
              "path_to_endpoint_ratio": 2.961306572659357,
              "peak_velocity_deg": 3.1381922147032233
            },
            {
              "start_frame": 164,
              "end_frame": 170,
              "entry_jump_deg": 2.1649423133562897,
              "path_distance_deg": 9.186040689086092,
              "endpoint_distance_deg": 3.344518704288068,
              "path_to_endpoint_ratio": 2.7465956991983633,
              "peak_velocity_deg": 2.1649423133562897
            },
            {
              "start_frame": 174,
              "end_frame": 180,
              "entry_jump_deg": 1.1532131857842698,
              "path_distance_deg": 7.181898416980507,
              "endpoint_distance_deg": 1.4966892087189685,
              "path_to_endpoint_ratio": 4.798523551277267,
              "peak_velocity_deg": 1.902398960831807
            },
            {
              "start_frame": 204,
              "end_frame": 210,
              "entry_jump_deg": 1.2478279528687575,
              "path_distance_deg": 7.473916130647668,
              "endpoint_distance_deg": 3.0288565187907377,
              "path_to_endpoint_ratio": 2.467570214792349,
              "peak_velocity_deg": 1.6438900914180843
            },
            {
              "start_frame": 154,
              "end_frame": 160,
              "entry_jump_deg": 1.0326149534267368,
              "path_distance_deg": 7.953757308854246,
              "endpoint_distance_deg": 4.578538362465592,
              "path_to_endpoint_ratio": 1.7371826288621643,
              "peak_velocity_deg": 1.5553335974177842
            },
            {
              "start_frame": 184,
              "end_frame": 190,
              "entry_jump_deg": 0.3981631420506388,
              "path_distance_deg": 6.982536429634591,
              "endpoint_distance_deg": 0.7958020148261635,
              "path_to_endpoint_ratio": 8.774213057452322,
              "peak_velocity_deg": 1.5227900501843206
            }
          ]
        },
        "ratios": {
          "excursion_p90": 0.8328946862239615,
          "velocity_rms": 0.8899463610949185,
          "velocity_p95": 0.8774515420608644
        }
      },
      "LeftShoulder": {
        "prediction": {
          "order": "XYZ",
          "excursion_p90_deg": 3.5762041147418304,
          "excursion_max_deg": 8.303258210308071,
          "velocity_rms_deg_per_frame": 0.9460111197890575,
          "velocity_p95_deg_per_frame": 1.9117613780253455,
          "velocity_max_deg_per_frame": 4.628768072322875,
          "euler_axis_step_p95_deg": [
            0.019380999999992796,
            1.0219314999999867,
            1.4123190000000134
          ],
          "top_velocity_transitions": [
            {
              "from_frame": 164,
              "to_frame": 165,
              "velocity_deg": 4.628768072322875,
              "new_block_offset": 1,
              "inside_release_blend": true
            },
            {
              "from_frame": 165,
              "to_frame": 166,
              "velocity_deg": 4.192348146725958,
              "new_block_offset": 2,
              "inside_release_blend": true
            },
            {
              "from_frame": 45,
              "to_frame": 46,
              "velocity_deg": 3.567910117400387,
              "new_block_offset": 2,
              "inside_release_blend": true
            },
            {
              "from_frame": 155,
              "to_frame": 156,
              "velocity_deg": 3.5224547141901765,
              "new_block_offset": 2,
              "inside_release_blend": true
            },
            {
              "from_frame": 44,
              "to_frame": 45,
              "velocity_deg": 3.474681035110438,
              "new_block_offset": 1,
              "inside_release_blend": true
            },
            {
              "from_frame": 154,
              "to_frame": 155,
              "velocity_deg": 2.9703331437529052,
              "new_block_offset": 1,
              "inside_release_blend": true
            },
            {
              "from_frame": 65,
              "to_frame": 66,
              "velocity_deg": 2.654514578712672,
              "new_block_offset": 2,
              "inside_release_blend": true
            },
            {
              "from_frame": 64,
              "to_frame": 65,
              "velocity_deg": 2.5781343351366357,
              "new_block_offset": 1,
              "inside_release_blend": true
            },
            {
              "from_frame": 32,
              "to_frame": 33,
              "velocity_deg": 2.1019114048173093,
              "new_block_offset": null,
              "inside_release_blend": false
            },
            {
              "from_frame": 33,
              "to_frame": 34,
              "velocity_deg": 2.1019109582082054,
              "new_block_offset": 0,
              "inside_release_blend": true
            },
            {
              "from_frame": 35,
              "to_frame": 36,
              "velocity_deg": 2.081851721872389,
              "new_block_offset": 2,
              "inside_release_blend": true
            },
            {
              "from_frame": 34,
              "to_frame": 35,
              "velocity_deg": 1.946188203433087,
              "new_block_offset": 1,
              "inside_release_blend": true
            }
          ],
          "release_blend_blocks_by_path": [
            {
              "start_frame": 164,
              "endpoint_distance_deg": 6.722247587335137,
              "path_distance_deg": 11.502518375639207,
              "path_to_endpoint_ratio": 1.7111119794680287,
              "peak_velocity_deg": 4.628768072322875
            },
            {
              "start_frame": 154,
              "endpoint_distance_deg": 10.032438315628164,
              "path_distance_deg": 10.874575824277434,
              "path_to_endpoint_ratio": 1.0839414589110823,
              "peak_velocity_deg": 3.5224547141901765
            },
            {
              "start_frame": 44,
              "endpoint_distance_deg": 7.4478398801644765,
              "path_distance_deg": 8.36430807248814,
              "path_to_endpoint_ratio": 1.123051543409849,
              "peak_velocity_deg": 3.567910117400387
            },
            {
              "start_frame": 34,
              "endpoint_distance_deg": 6.7806025855942345,
              "path_distance_deg": 7.4270461536783765,
              "path_to_endpoint_ratio": 1.0953371857329535,
              "peak_velocity_deg": 2.081851721872389
            },
            {
              "start_frame": 64,
              "endpoint_distance_deg": 4.422547322259867,
              "path_distance_deg": 6.470743161954052,
              "path_to_endpoint_ratio": 1.4631258165141763,
              "peak_velocity_deg": 2.654514578712672
            },
            {
              "start_frame": 174,
              "endpoint_distance_deg": 1.1637385252624093,
              "path_distance_deg": 5.295199354569796,
              "path_to_endpoint_ratio": 4.550162463149349,
              "peak_velocity_deg": 1.5602955834217276
            },
            {
              "start_frame": 54,
              "endpoint_distance_deg": 3.2097684299996074,
              "path_distance_deg": 4.504529773648578,
              "path_to_endpoint_ratio": 1.4033815435243497,
              "peak_velocity_deg": 0.8918468376210121
            },
            {
              "start_frame": 84,
              "endpoint_distance_deg": 2.8349085622350003,
              "path_distance_deg": 4.276829414780829,
              "path_to_endpoint_ratio": 1.508630462285189,
              "peak_velocity_deg": 1.4207413933242596
            },
            {
              "start_frame": 214,
              "endpoint_distance_deg": 2.821220725452241,
              "path_distance_deg": 3.9775288500366814,
              "path_to_endpoint_ratio": 1.4098609208958952,
              "peak_velocity_deg": 1.3388208392569558
            },
            {
              "start_frame": 194,
              "endpoint_distance_deg": 3.6039040638478843,
              "path_distance_deg": 3.9286311554592768,
              "path_to_endpoint_ratio": 1.0901042552349969,
              "peak_velocity_deg": 1.4829522058058522
            },
            {
              "start_frame": 144,
              "endpoint_distance_deg": 2.8513463667515264,
              "path_distance_deg": 3.8357435517077096,
              "path_to_endpoint_ratio": 1.3452394266914982,
              "peak_velocity_deg": 1.4626325953559791
            },
            {
              "start_frame": 104,
              "endpoint_distance_deg": 1.2928034600192497,
              "path_distance_deg": 3.745282208574755,
              "path_to_endpoint_ratio": 2.8970236578102813,
              "peak_velocity_deg": 1.0668644940835759
            },
            {
              "start_frame": 184,
              "endpoint_distance_deg": 1.3107460886192788,
              "path_distance_deg": 3.7161026886081374,
              "path_to_endpoint_ratio": 2.8351049229699608,
              "peak_velocity_deg": 0.8094029758511225
            },
            {
              "start_frame": 134,
              "endpoint_distance_deg": 0.3476040890709063,
              "path_distance_deg": 3.2362240760730328,
              "path_to_endpoint_ratio": 9.310086324712046,
              "peak_velocity_deg": 0.7279320171783009
            },
            {
              "start_frame": 204,
              "endpoint_distance_deg": 1.2259511088800574,
              "path_distance_deg": 2.6734662293537896,
              "path_to_endpoint_ratio": 2.1807282606857625,
              "peak_velocity_deg": 0.7698642376487975
            },
            {
              "start_frame": 94,
              "endpoint_distance_deg": 1.8072425956855005,
              "path_distance_deg": 2.4440679485564503,
              "path_to_endpoint_ratio": 1.3523740279203618,
              "peak_velocity_deg": 0.8413903474658739
            },
            {
              "start_frame": 74,
              "endpoint_distance_deg": 1.3049462545046246,
              "path_distance_deg": 2.2351556105635777,
              "path_to_endpoint_ratio": 1.7128334617980672,
              "peak_velocity_deg": 0.5498942629997777
            },
            {
              "start_frame": 114,
              "endpoint_distance_deg": 0.27135181294395105,
              "path_distance_deg": 1.868624989115407,
              "path_to_endpoint_ratio": 6.886355277461809,
              "peak_velocity_deg": 0.43109812142832304
            },
            {
              "start_frame": 124,
              "endpoint_distance_deg": 1.4646909421319145,
              "path_distance_deg": 1.670306579544158,
              "path_to_endpoint_ratio": 1.1403815859699125,
              "peak_velocity_deg": 0.4604178242888978
            }
          ],
          "boundary_blocks_by_peak": [
            {
              "start_frame": 164,
              "end_frame": 170,
              "entry_jump_deg": 1.1513773853698939,
              "path_distance_deg": 12.653895761009101,
              "endpoint_distance_deg": 7.5763648793105425,
              "path_to_endpoint_ratio": 1.6701803520002352,
              "peak_velocity_deg": 4.628768072322875
            },
            {
              "start_frame": 44,
              "end_frame": 50,
              "entry_jump_deg": 1.2560581693163533,
              "path_distance_deg": 9.620366241804492,
              "endpoint_distance_deg": 6.257738306136486,
              "path_to_endpoint_ratio": 1.537355154716287,
              "peak_velocity_deg": 3.567910117400387
            },
            {
              "start_frame": 154,
              "end_frame": 160,
              "entry_jump_deg": 0.18957572645702941,
              "path_distance_deg": 11.064151550734465,
              "endpoint_distance_deg": 10.01804580159688,
              "path_to_endpoint_ratio": 1.1044221367974616,
              "peak_velocity_deg": 3.5224547141901765
            },
            {
              "start_frame": 64,
              "end_frame": 70,
              "entry_jump_deg": 0.15418195138409804,
              "path_distance_deg": 6.62492511333815,
              "endpoint_distance_deg": 4.269073172443385,
              "path_to_endpoint_ratio": 1.5518415463341435,
              "peak_velocity_deg": 2.654514578712672
            },
            {
              "start_frame": 34,
              "end_frame": 40,
              "entry_jump_deg": 2.1019109582082054,
              "path_distance_deg": 9.528957111886582,
              "endpoint_distance_deg": 4.696819435655443,
              "path_to_endpoint_ratio": 2.02881061161271,
              "peak_velocity_deg": 2.1019109582082054
            },
            {
              "start_frame": 174,
              "end_frame": 180,
              "entry_jump_deg": 0.49325636149348756,
              "path_distance_deg": 5.788455716063282,
              "endpoint_distance_deg": 1.6132204356475337,
              "path_to_endpoint_ratio": 3.5881368647179595,
              "peak_velocity_deg": 1.5602955834217276
            },
            {
              "start_frame": 194,
              "end_frame": 200,
              "entry_jump_deg": 1.4412871998377101,
              "path_distance_deg": 5.3699183552969885,
              "endpoint_distance_deg": 2.5042075974738363,
              "path_to_endpoint_ratio": 2.1443583034864955,
              "peak_velocity_deg": 1.4829522058058522
            },
            {
              "start_frame": 144,
              "end_frame": 150,
              "entry_jump_deg": 0.21171659822260874,
              "path_distance_deg": 4.047460149930318,
              "endpoint_distance_deg": 2.892375305551106,
              "path_to_endpoint_ratio": 1.3993551051837392,
              "peak_velocity_deg": 1.4626325953559791
            },
            {
              "start_frame": 84,
              "end_frame": 90,
              "entry_jump_deg": 0.5886386032476434,
              "path_distance_deg": 4.865468018028472,
              "endpoint_distance_deg": 2.3290904407980855,
              "path_to_endpoint_ratio": 2.088999178735744,
              "peak_velocity_deg": 1.4207413933242596
            },
            {
              "start_frame": 214,
              "end_frame": 220,
              "entry_jump_deg": 0.3189985714246437,
              "path_distance_deg": 4.296527421461325,
              "endpoint_distance_deg": 2.6181454784582336,
              "path_to_endpoint_ratio": 1.6410575565080716,
              "peak_velocity_deg": 1.3388208392569558
            },
            {
              "start_frame": 104,
              "end_frame": 110,
              "entry_jump_deg": 0.10525066492407201,
              "path_distance_deg": 3.850532873498827,
              "endpoint_distance_deg": 1.3808735271856931,
              "path_to_endpoint_ratio": 2.788476133181041,
              "peak_velocity_deg": 1.0668644940835759
            },
            {
              "start_frame": 54,
              "end_frame": 60,
              "entry_jump_deg": 0.43809326927955533,
              "path_distance_deg": 4.942623042928133,
              "endpoint_distance_deg": 3.5352249463622085,
              "path_to_endpoint_ratio": 1.3981070845333776,
              "peak_velocity_deg": 0.8918468376210121
            },
            {
              "start_frame": 94,
              "end_frame": 100,
              "entry_jump_deg": 0.19986675153837166,
              "path_distance_deg": 2.6439347000948215,
              "endpoint_distance_deg": 1.858308298130927,
              "path_to_endpoint_ratio": 1.4227642973741612,
              "peak_velocity_deg": 0.8413903474658739
            },
            {
              "start_frame": 184,
              "end_frame": 190,
              "entry_jump_deg": 0.2638871377358481,
              "path_distance_deg": 3.9799898263439855,
              "endpoint_distance_deg": 1.0473334382355592,
              "path_to_endpoint_ratio": 3.800117212956618,
              "peak_velocity_deg": 0.8094029758511225
            },
            {
              "start_frame": 204,
              "end_frame": 210,
              "entry_jump_deg": 0.6885769879811852,
              "path_distance_deg": 3.362043217334975,
              "endpoint_distance_deg": 0.548894967207851,
              "path_to_endpoint_ratio": 6.125112121973354,
              "peak_velocity_deg": 0.7698642376487975
            },
            {
              "start_frame": 134,
              "end_frame": 140,
              "entry_jump_deg": 0.05887169899755396,
              "path_distance_deg": 3.2950957750705867,
              "endpoint_distance_deg": 0.4019711725082362,
              "path_to_endpoint_ratio": 8.19734349234477,
              "peak_velocity_deg": 0.7279320171783009
            },
            {
              "start_frame": 74,
              "end_frame": 80,
              "entry_jump_deg": 0.23357494178642674,
              "path_distance_deg": 2.4687305523500043,
              "endpoint_distance_deg": 1.282621626558773,
              "path_to_endpoint_ratio": 1.9247535681848107,
              "peak_velocity_deg": 0.5498942629997777
            },
            {
              "start_frame": 124,
              "end_frame": 130,
              "entry_jump_deg": 0.4249129918461009,
              "path_distance_deg": 2.0952195713902593,
              "endpoint_distance_deg": 1.6691853937553567,
              "path_to_endpoint_ratio": 1.2552347865184734,
              "peak_velocity_deg": 0.4604178242888978
            },
            {
              "start_frame": 114,
              "end_frame": 120,
              "entry_jump_deg": 0.15944897353959972,
              "path_distance_deg": 2.0280739626550064,
              "endpoint_distance_deg": 0.43054466781493705,
              "path_to_endpoint_ratio": 4.710484449726695,
              "peak_velocity_deg": 0.43109812142832304
            }
          ]
        },
        "ground_truth": {
          "order": "XYZ",
          "excursion_p90_deg": 2.439307047064614,
          "excursion_max_deg": 4.279850351723788,
          "velocity_rms_deg_per_frame": 0.3542412311368025,
          "velocity_p95_deg_per_frame": 0.7203303533187654,
          "velocity_max_deg_per_frame": 1.1993709264836134,
          "euler_axis_step_p95_deg": [
            9.999999974752427e-07,
            0.44150689999999027,
            0.5858209000000096
          ],
          "top_velocity_transitions": [
            {
              "from_frame": 202,
              "to_frame": 203,
              "velocity_deg": 1.1993709264836134,
              "new_block_offset": 9,
              "inside_release_blend": false
            },
            {
              "from_frame": 214,
              "to_frame": 215,
              "velocity_deg": 1.1628182418037223,
              "new_block_offset": 1,
              "inside_release_blend": true
            },
            {
              "from_frame": 183,
              "to_frame": 184,
              "velocity_deg": 1.1381883189703488,
              "new_block_offset": 0,
              "inside_release_blend": true
            },
            {
              "from_frame": 139,
              "to_frame": 140,
              "velocity_deg": 1.0037229535667898,
              "new_block_offset": 6,
              "inside_release_blend": false
            },
            {
              "from_frame": 207,
              "to_frame": 208,
              "velocity_deg": 0.9745557963308855,
              "new_block_offset": 4,
              "inside_release_blend": false
            },
            {
              "from_frame": 160,
              "to_frame": 161,
              "velocity_deg": 0.9090303630736569,
              "new_block_offset": 7,
              "inside_release_blend": false
            },
            {
              "from_frame": 88,
              "to_frame": 89,
              "velocity_deg": 0.8821791432145895,
              "new_block_offset": 5,
              "inside_release_blend": false
            },
            {
              "from_frame": 182,
              "to_frame": 183,
              "velocity_deg": 0.7747026167025981,
              "new_block_offset": 9,
              "inside_release_blend": false
            },
            {
              "from_frame": 203,
              "to_frame": 204,
              "velocity_deg": 0.7696975287544675,
              "new_block_offset": 0,
              "inside_release_blend": true
            },
            {
              "from_frame": 178,
              "to_frame": 179,
              "velocity_deg": 0.7652490674469324,
              "new_block_offset": 5,
              "inside_release_blend": false
            },
            {
              "from_frame": 159,
              "to_frame": 160,
              "velocity_deg": 0.7324933107728653,
              "new_block_offset": 6,
              "inside_release_blend": false
            },
            {
              "from_frame": 217,
              "to_frame": 218,
              "velocity_deg": 0.7237990290800362,
              "new_block_offset": 4,
              "inside_release_blend": false
            }
          ],
          "release_blend_blocks_by_path": [
            {
              "start_frame": 214,
              "endpoint_distance_deg": 3.546869843445285,
              "path_distance_deg": 3.781141300338198,
              "path_to_endpoint_ratio": 1.0660501984096917,
              "peak_velocity_deg": 1.1628182418037223
            },
            {
              "start_frame": 204,
              "endpoint_distance_deg": 1.6045448431713434,
              "path_distance_deg": 2.4494699431186553,
              "path_to_endpoint_ratio": 1.5265824159063939,
              "peak_velocity_deg": 0.9745557963308855
            },
            {
              "start_frame": 174,
              "endpoint_distance_deg": 1.2950968107569205,
              "path_distance_deg": 2.38664585727847,
              "path_to_endpoint_ratio": 1.8428320087388623,
              "peak_velocity_deg": 0.7652490674469324
            },
            {
              "start_frame": 84,
              "endpoint_distance_deg": 0.44902161423752396,
              "path_distance_deg": 2.3229792180515005,
              "path_to_endpoint_ratio": 5.173424049967199,
              "peak_velocity_deg": 0.8821791432145895
            },
            {
              "start_frame": 144,
              "endpoint_distance_deg": 1.6286554031499765,
              "path_distance_deg": 2.243296027973928,
              "path_to_endpoint_ratio": 1.3773914504168145,
              "peak_velocity_deg": 0.6628129692258068
            },
            {
              "start_frame": 34,
              "endpoint_distance_deg": 0.9609319885231352,
              "path_distance_deg": 2.1943456051499335,
              "path_to_endpoint_ratio": 2.2835597434137274,
              "peak_velocity_deg": 0.5043978957721492
            },
            {
              "start_frame": 154,
              "endpoint_distance_deg": 0.3438195941658743,
              "path_distance_deg": 2.061572761694796,
              "path_to_endpoint_ratio": 5.996088636822132,
              "peak_velocity_deg": 0.7324933107728653
            },
            {
              "start_frame": 134,
              "endpoint_distance_deg": 1.4722331445936907,
              "path_distance_deg": 2.0203724550643045,
              "path_to_endpoint_ratio": 1.3723182788564987,
              "peak_velocity_deg": 1.0037229535667898
            },
            {
              "start_frame": 194,
              "endpoint_distance_deg": 1.121743403980081,
              "path_distance_deg": 1.9716104655614122,
              "path_to_endpoint_ratio": 1.7576305406083959,
              "peak_velocity_deg": 0.572502213586036
            },
            {
              "start_frame": 164,
              "endpoint_distance_deg": 1.2683770185816428,
              "path_distance_deg": 1.4038686315568578,
              "path_to_endpoint_ratio": 1.106822822386618,
              "peak_velocity_deg": 0.41383021222503175
            },
            {
              "start_frame": 44,
              "endpoint_distance_deg": 0.392198409922708,
              "path_distance_deg": 1.1935998029134975,
              "path_to_endpoint_ratio": 3.0433570680429956,
              "peak_velocity_deg": 0.28482101786318725
            },
            {
              "start_frame": 124,
              "endpoint_distance_deg": 0.4732771603621471,
              "path_distance_deg": 1.143205638469791,
              "path_to_endpoint_ratio": 2.4155098411996496,
              "peak_velocity_deg": 0.3071307478471742
            },
            {
              "start_frame": 184,
              "endpoint_distance_deg": 0.5108732342594831,
              "path_distance_deg": 1.1354489953757014,
              "path_to_endpoint_ratio": 2.2225650498631984,
              "peak_velocity_deg": 0.27384254492590243
            },
            {
              "start_frame": 74,
              "endpoint_distance_deg": 0.2143111609618486,
              "path_distance_deg": 1.1038784042674499,
              "path_to_endpoint_ratio": 5.150820887317021,
              "peak_velocity_deg": 0.28763525978846943
            },
            {
              "start_frame": 54,
              "endpoint_distance_deg": 0.3272417878819732,
              "path_distance_deg": 1.0423328651385602,
              "path_to_endpoint_ratio": 3.1852070968225483,
              "peak_velocity_deg": 0.26801956909034197
            },
            {
              "start_frame": 104,
              "endpoint_distance_deg": 0.3922356515216355,
              "path_distance_deg": 1.0238656747282664,
              "path_to_endpoint_ratio": 2.610333024946333,
              "peak_velocity_deg": 0.3302694459833216
            },
            {
              "start_frame": 94,
              "endpoint_distance_deg": 0.3376707794888715,
              "path_distance_deg": 0.8398105048518542,
              "path_to_endpoint_ratio": 2.487068931824856,
              "peak_velocity_deg": 0.2828404240596019
            },
            {
              "start_frame": 64,
              "endpoint_distance_deg": 0.4843712741152861,
              "path_distance_deg": 0.6331631551793303,
              "path_to_endpoint_ratio": 1.3071856012432108,
              "peak_velocity_deg": 0.20072456090303342
            },
            {
              "start_frame": 114,
              "endpoint_distance_deg": 0.10631461086817687,
              "path_distance_deg": 0.6146984890972114,
              "path_to_endpoint_ratio": 5.781881569029088,
              "peak_velocity_deg": 0.21098608563594884
            }
          ],
          "boundary_blocks_by_peak": [
            {
              "start_frame": 214,
              "end_frame": 220,
              "entry_jump_deg": 0.6320264284344059,
              "path_distance_deg": 4.4131677287726045,
              "endpoint_distance_deg": 4.128427936303881,
              "path_to_endpoint_ratio": 1.0689705129559914,
              "peak_velocity_deg": 1.1628182418037223
            },
            {
              "start_frame": 184,
              "end_frame": 190,
              "entry_jump_deg": 1.1381883189703488,
              "path_distance_deg": 2.2736373143460504,
              "endpoint_distance_deg": 1.3529393656555322,
              "path_to_endpoint_ratio": 1.680516785942153,
              "peak_velocity_deg": 1.1381883189703488
            },
            {
              "start_frame": 134,
              "end_frame": 140,
              "entry_jump_deg": 0.04244661921518619,
              "path_distance_deg": 2.0628190742794907,
              "endpoint_distance_deg": 1.4644730957523742,
              "path_to_endpoint_ratio": 1.4085742375620194,
              "peak_velocity_deg": 1.0037229535667898
            },
            {
              "start_frame": 204,
              "end_frame": 210,
              "entry_jump_deg": 0.7696975287544675,
              "path_distance_deg": 3.219167471873123,
              "endpoint_distance_deg": 2.3683106246487364,
              "path_to_endpoint_ratio": 1.3592674197248025,
              "peak_velocity_deg": 0.9745557963308855
            },
            {
              "start_frame": 84,
              "end_frame": 90,
              "entry_jump_deg": 0.18008528414621186,
              "path_distance_deg": 2.5030645021977125,
              "endpoint_distance_deg": 0.4810168586248615,
              "path_to_endpoint_ratio": 5.203693919072841,
              "peak_velocity_deg": 0.8821791432145895
            },
            {
              "start_frame": 174,
              "end_frame": 180,
              "entry_jump_deg": 0.2232375079154428,
              "path_distance_deg": 2.609883365193913,
              "endpoint_distance_deg": 1.460194523718013,
              "path_to_endpoint_ratio": 1.787353207262078,
              "peak_velocity_deg": 0.7652490674469324
            },
            {
              "start_frame": 154,
              "end_frame": 160,
              "entry_jump_deg": 0.4248452119388037,
              "path_distance_deg": 2.4864179736336,
              "endpoint_distance_deg": 0.37592026718664323,
              "path_to_endpoint_ratio": 6.614216339655614,
              "peak_velocity_deg": 0.7324933107728653
            },
            {
              "start_frame": 144,
              "end_frame": 150,
              "entry_jump_deg": 0.16399124986149022,
              "path_distance_deg": 2.407287277835418,
              "endpoint_distance_deg": 1.707164499933682,
              "path_to_endpoint_ratio": 1.4101085618456415,
              "peak_velocity_deg": 0.6628129692258068
            },
            {
              "start_frame": 194,
              "end_frame": 200,
              "entry_jump_deg": 0.39120334406092316,
              "path_distance_deg": 2.3628138096223354,
              "endpoint_distance_deg": 0.732448836131138,
              "path_to_endpoint_ratio": 3.225909705997944,
              "peak_velocity_deg": 0.572502213586036
            },
            {
              "start_frame": 34,
              "end_frame": 40,
              "entry_jump_deg": 0.24737151381077938,
              "path_distance_deg": 2.441717118960713,
              "endpoint_distance_deg": 1.1924866981174207,
              "path_to_endpoint_ratio": 2.0475843653564043,
              "peak_velocity_deg": 0.5043978957721492
            },
            {
              "start_frame": 164,
              "end_frame": 170,
              "entry_jump_deg": 0.16887988124762918,
              "path_distance_deg": 1.572748512804487,
              "endpoint_distance_deg": 1.1409346244121805,
              "path_to_endpoint_ratio": 1.3784738223846793,
              "peak_velocity_deg": 0.41383021222503175
            },
            {
              "start_frame": 54,
              "end_frame": 60,
              "entry_jump_deg": 0.3857170508946514,
              "path_distance_deg": 1.4280499160332116,
              "endpoint_distance_deg": 0.7126274239692071,
              "path_to_endpoint_ratio": 2.0039222011401545,
              "peak_velocity_deg": 0.3857170508946514
            },
            {
              "start_frame": 104,
              "end_frame": 110,
              "entry_jump_deg": 0.2655023703724595,
              "path_distance_deg": 1.289368045100726,
              "endpoint_distance_deg": 0.5278261206531717,
              "path_to_endpoint_ratio": 2.4427893858401037,
              "peak_velocity_deg": 0.3302694459833216
            },
            {
              "start_frame": 74,
              "end_frame": 80,
              "entry_jump_deg": 0.3193202369346684,
              "path_distance_deg": 1.4231986412021185,
              "endpoint_distance_deg": 0.29074620180741445,
              "path_to_endpoint_ratio": 4.894986185046785,
              "peak_velocity_deg": 0.3193202369346684
            },
            {
              "start_frame": 124,
              "end_frame": 130,
              "entry_jump_deg": 0.11106196394268317,
              "path_distance_deg": 1.2542676024124741,
              "endpoint_distance_deg": 0.5826440810966635,
              "path_to_endpoint_ratio": 2.152716629424379,
              "peak_velocity_deg": 0.3071307478471742
            },
            {
              "start_frame": 44,
              "end_frame": 50,
              "entry_jump_deg": 0.18297452792201238,
              "path_distance_deg": 1.37657433083551,
              "endpoint_distance_deg": 0.24614691179045634,
              "path_to_endpoint_ratio": 5.592490764244815,
              "peak_velocity_deg": 0.28482101786318725
            },
            {
              "start_frame": 94,
              "end_frame": 100,
              "entry_jump_deg": 0.13482132173455091,
              "path_distance_deg": 0.974631826586405,
              "endpoint_distance_deg": 0.4468411065536907,
              "path_to_endpoint_ratio": 2.1811597283503215,
              "peak_velocity_deg": 0.2828404240596019
            },
            {
              "start_frame": 114,
              "end_frame": 120,
              "entry_jump_deg": 0.07935862400479267,
              "path_distance_deg": 0.6940571131020041,
              "endpoint_distance_deg": 0.15905492403866836,
              "path_to_endpoint_ratio": 4.363631728454189,
              "peak_velocity_deg": 0.21098608563594884
            },
            {
              "start_frame": 64,
              "end_frame": 70,
              "entry_jump_deg": 0.15083357907668318,
              "path_distance_deg": 0.7839967342560135,
              "endpoint_distance_deg": 0.3927782136546022,
              "path_to_endpoint_ratio": 1.9960290744268152,
              "peak_velocity_deg": 0.20072456090303342
            }
          ]
        },
        "ratios": {
          "excursion_p90": 1.4660737847846268,
          "velocity_rms": 2.670527981040475,
          "velocity_p95": 2.6540064141644466
        }
      },
      "LeftArm": {
        "prediction": {
          "order": "XYZ",
          "excursion_p90_deg": 27.883116090002886,
          "excursion_max_deg": 49.73058140345646,
          "velocity_rms_deg_per_frame": 7.251204737123769,
          "velocity_p95_deg_per_frame": 15.965541695229694,
          "velocity_max_deg_per_frame": 30.437545489135815,
          "euler_axis_step_p95_deg": [
            9.639474200000006,
            9.447813499999961,
            6.3441724
          ],
          "top_velocity_transitions": [
            {
              "from_frame": 155,
              "to_frame": 156,
              "velocity_deg": 30.437545489135815,
              "new_block_offset": 2,
              "inside_release_blend": true
            },
            {
              "from_frame": 154,
              "to_frame": 155,
              "velocity_deg": 25.333607014186068,
              "new_block_offset": 1,
              "inside_release_blend": true
            },
            {
              "from_frame": 164,
              "to_frame": 165,
              "velocity_deg": 23.94228030297006,
              "new_block_offset": 1,
              "inside_release_blend": true
            },
            {
              "from_frame": 165,
              "to_frame": 166,
              "velocity_deg": 23.16882640935274,
              "new_block_offset": 2,
              "inside_release_blend": true
            },
            {
              "from_frame": 95,
              "to_frame": 96,
              "velocity_deg": 21.378654547243446,
              "new_block_offset": 2,
              "inside_release_blend": true
            },
            {
              "from_frame": 94,
              "to_frame": 95,
              "velocity_deg": 20.524120168196657,
              "new_block_offset": 1,
              "inside_release_blend": true
            },
            {
              "from_frame": 145,
              "to_frame": 146,
              "velocity_deg": 20.370586380513625,
              "new_block_offset": 2,
              "inside_release_blend": true
            },
            {
              "from_frame": 144,
              "to_frame": 145,
              "velocity_deg": 19.05293494091401,
              "new_block_offset": 1,
              "inside_release_blend": true
            },
            {
              "from_frame": 105,
              "to_frame": 106,
              "velocity_deg": 18.494363441523074,
              "new_block_offset": 2,
              "inside_release_blend": true
            },
            {
              "from_frame": 45,
              "to_frame": 46,
              "velocity_deg": 17.430561314254934,
              "new_block_offset": 2,
              "inside_release_blend": true
            },
            {
              "from_frame": 104,
              "to_frame": 105,
              "velocity_deg": 17.229079699786272,
              "new_block_offset": 1,
              "inside_release_blend": true
            },
            {
              "from_frame": 44,
              "to_frame": 45,
              "velocity_deg": 16.214796147065236,
              "new_block_offset": 1,
              "inside_release_blend": true
            }
          ],
          "release_blend_blocks_by_path": [
            {
              "start_frame": 164,
              "endpoint_distance_deg": 38.713338212745256,
              "path_distance_deg": 83.01640832590748,
              "path_to_endpoint_ratio": 2.1443877526060695,
              "peak_velocity_deg": 23.94228030297006
            },
            {
              "start_frame": 154,
              "endpoint_distance_deg": 71.42876853454777,
              "path_distance_deg": 78.18540795170425,
              "path_to_endpoint_ratio": 1.0945926908132053,
              "peak_velocity_deg": 30.437545489135815
            },
            {
              "start_frame": 94,
              "endpoint_distance_deg": 32.02964344514501,
              "path_distance_deg": 59.814076475779515,
              "path_to_endpoint_ratio": 1.867459954033488,
              "peak_velocity_deg": 21.378654547243446
            },
            {
              "start_frame": 144,
              "endpoint_distance_deg": 40.31269765280955,
              "path_distance_deg": 50.93434899922388,
              "path_to_endpoint_ratio": 1.2634815322430815,
              "peak_velocity_deg": 20.370586380513625
            },
            {
              "start_frame": 44,
              "endpoint_distance_deg": 27.83924313815446,
              "path_distance_deg": 50.03744120408148,
              "path_to_endpoint_ratio": 1.797370745884387,
              "peak_velocity_deg": 17.430561314254934
            },
            {
              "start_frame": 64,
              "endpoint_distance_deg": 33.10182356356053,
              "path_distance_deg": 47.14522991632924,
              "path_to_endpoint_ratio": 1.4242487223038707,
              "peak_velocity_deg": 13.72225162871038
            },
            {
              "start_frame": 174,
              "endpoint_distance_deg": 40.03175151610295,
              "path_distance_deg": 45.489472482518416,
              "path_to_endpoint_ratio": 1.1363348032428726,
              "peak_velocity_deg": 13.064200272171249
            },
            {
              "start_frame": 104,
              "endpoint_distance_deg": 37.55939151364949,
              "path_distance_deg": 43.91683773451081,
              "path_to_endpoint_ratio": 1.1692638236311936,
              "peak_velocity_deg": 18.494363441523074
            },
            {
              "start_frame": 84,
              "endpoint_distance_deg": 26.626694092462117,
              "path_distance_deg": 42.587605249016,
              "path_to_endpoint_ratio": 1.5994327009252094,
              "peak_velocity_deg": 13.703045424278628
            },
            {
              "start_frame": 54,
              "endpoint_distance_deg": 17.869574483521127,
              "path_distance_deg": 41.63307092682856,
              "path_to_endpoint_ratio": 2.329830011633547,
              "peak_velocity_deg": 10.825452186771336
            },
            {
              "start_frame": 214,
              "endpoint_distance_deg": 10.608167320695596,
              "path_distance_deg": 39.55396993478181,
              "path_to_endpoint_ratio": 3.728633678092116,
              "peak_velocity_deg": 10.687430583315116
            },
            {
              "start_frame": 34,
              "endpoint_distance_deg": 18.160138371982978,
              "path_distance_deg": 34.99541836542808,
              "path_to_endpoint_ratio": 1.9270457993546,
              "peak_velocity_deg": 9.175102574562404
            },
            {
              "start_frame": 134,
              "endpoint_distance_deg": 12.696386959292774,
              "path_distance_deg": 33.77846983028873,
              "path_to_endpoint_ratio": 2.6604789172375924,
              "peak_velocity_deg": 9.308942816453188
            },
            {
              "start_frame": 194,
              "endpoint_distance_deg": 30.29421251915672,
              "path_distance_deg": 32.752185889787576,
              "path_to_endpoint_ratio": 1.0811367309540243,
              "peak_velocity_deg": 13.701333646807917
            },
            {
              "start_frame": 184,
              "endpoint_distance_deg": 6.719164500856928,
              "path_distance_deg": 29.68571362922633,
              "path_to_endpoint_ratio": 4.418066208297232,
              "peak_velocity_deg": 6.592440490498852
            },
            {
              "start_frame": 204,
              "endpoint_distance_deg": 17.82959925133363,
              "path_distance_deg": 27.387634125683487,
              "path_to_endpoint_ratio": 1.536076820326454,
              "peak_velocity_deg": 5.76102246634893
            },
            {
              "start_frame": 114,
              "endpoint_distance_deg": 19.701314951960548,
              "path_distance_deg": 25.09605816507233,
              "path_to_endpoint_ratio": 1.2738265555505437,
              "peak_velocity_deg": 9.701044617285248
            },
            {
              "start_frame": 124,
              "endpoint_distance_deg": 11.996692070462958,
              "path_distance_deg": 22.70066308707857,
              "path_to_endpoint_ratio": 1.8922435412816712,
              "peak_velocity_deg": 6.293895979836944
            },
            {
              "start_frame": 74,
              "endpoint_distance_deg": 12.17295255964502,
              "path_distance_deg": 20.626461664665797,
              "path_to_endpoint_ratio": 1.6944501807265149,
              "peak_velocity_deg": 6.406627869368166
            }
          ],
          "boundary_blocks_by_peak": [
            {
              "start_frame": 154,
              "end_frame": 160,
              "entry_jump_deg": 2.7703444863915334,
              "path_distance_deg": 80.95575243809579,
              "endpoint_distance_deg": 70.68809252307499,
              "path_to_endpoint_ratio": 1.145253034118428,
              "peak_velocity_deg": 30.437545489135815
            },
            {
              "start_frame": 164,
              "end_frame": 170,
              "entry_jump_deg": 5.946090246353024,
              "path_distance_deg": 88.9624985722605,
              "endpoint_distance_deg": 43.69149703073938,
              "path_to_endpoint_ratio": 2.0361513021554396,
              "peak_velocity_deg": 23.94228030297006
            },
            {
              "start_frame": 94,
              "end_frame": 100,
              "entry_jump_deg": 3.746289928291863,
              "path_distance_deg": 63.560366404071374,
              "endpoint_distance_deg": 30.575909571486715,
              "path_to_endpoint_ratio": 2.0787727101124087,
              "peak_velocity_deg": 21.378654547243446
            },
            {
              "start_frame": 144,
              "end_frame": 150,
              "entry_jump_deg": 7.273223578286455,
              "path_distance_deg": 58.20757257751033,
              "endpoint_distance_deg": 35.07207428913113,
              "path_to_endpoint_ratio": 1.659655830380951,
              "peak_velocity_deg": 20.370586380513625
            },
            {
              "start_frame": 104,
              "end_frame": 110,
              "entry_jump_deg": 2.4843006952726765,
              "path_distance_deg": 46.40113842978349,
              "endpoint_distance_deg": 38.48955958101379,
              "path_to_endpoint_ratio": 1.205551295855106,
              "peak_velocity_deg": 18.494363441523074
            },
            {
              "start_frame": 44,
              "end_frame": 50,
              "entry_jump_deg": 4.89453377627857,
              "path_distance_deg": 54.931974980360046,
              "endpoint_distance_deg": 25.477648789530157,
              "path_to_endpoint_ratio": 2.1560849446568207,
              "peak_velocity_deg": 17.430561314254934
            },
            {
              "start_frame": 64,
              "end_frame": 70,
              "entry_jump_deg": 1.5230327110106696,
              "path_distance_deg": 48.668262627339914,
              "endpoint_distance_deg": 33.000697563752674,
              "path_to_endpoint_ratio": 1.4747646631808229,
              "peak_velocity_deg": 13.72225162871038
            },
            {
              "start_frame": 84,
              "end_frame": 90,
              "entry_jump_deg": 2.4040851110432784,
              "path_distance_deg": 44.99169036005927,
              "endpoint_distance_deg": 26.898327663300066,
              "path_to_endpoint_ratio": 1.672657531845212,
              "peak_velocity_deg": 13.703045424278628
            },
            {
              "start_frame": 194,
              "end_frame": 200,
              "entry_jump_deg": 3.6370399672782723,
              "path_distance_deg": 36.389225857065846,
              "endpoint_distance_deg": 26.857328229672557,
              "path_to_endpoint_ratio": 1.3549086322317885,
              "peak_velocity_deg": 13.701333646807917
            },
            {
              "start_frame": 174,
              "end_frame": 180,
              "entry_jump_deg": 5.224863963265115,
              "path_distance_deg": 50.71433644578354,
              "endpoint_distance_deg": 34.9922824115718,
              "path_to_endpoint_ratio": 1.4493006157555621,
              "peak_velocity_deg": 13.064200272171249
            },
            {
              "start_frame": 54,
              "end_frame": 60,
              "entry_jump_deg": 7.552710824763754,
              "path_distance_deg": 49.185781751592316,
              "endpoint_distance_deg": 13.414416973590123,
              "path_to_endpoint_ratio": 3.6666358178985874,
              "peak_velocity_deg": 10.825452186771336
            },
            {
              "start_frame": 214,
              "end_frame": 220,
              "entry_jump_deg": 5.046503609316821,
              "path_distance_deg": 44.600473544098634,
              "endpoint_distance_deg": 13.668550447273681,
              "path_to_endpoint_ratio": 3.2629995196743495,
              "peak_velocity_deg": 10.687430583315116
            },
            {
              "start_frame": 114,
              "end_frame": 120,
              "entry_jump_deg": 0.5920387646741142,
              "path_distance_deg": 25.688096929746443,
              "endpoint_distance_deg": 19.40694069134483,
              "path_to_endpoint_ratio": 1.323655146800284,
              "peak_velocity_deg": 9.701044617285248
            },
            {
              "start_frame": 134,
              "end_frame": 140,
              "entry_jump_deg": 5.088528536150984,
              "path_distance_deg": 38.86699836643971,
              "endpoint_distance_deg": 14.929115157361739,
              "path_to_endpoint_ratio": 2.603436168638159,
              "peak_velocity_deg": 9.308942816453188
            },
            {
              "start_frame": 34,
              "end_frame": 40,
              "entry_jump_deg": 9.190297490085607,
              "path_distance_deg": 44.185715855513685,
              "endpoint_distance_deg": 12.998442811855323,
              "path_to_endpoint_ratio": 3.3993084014043426,
              "peak_velocity_deg": 9.190297490085607
            },
            {
              "start_frame": 184,
              "end_frame": 190,
              "entry_jump_deg": 1.0560550436401874,
              "path_distance_deg": 30.741768672866517,
              "endpoint_distance_deg": 6.71390178565838,
              "path_to_endpoint_ratio": 4.578823112744106,
              "peak_velocity_deg": 6.592440490498852
            },
            {
              "start_frame": 74,
              "end_frame": 80,
              "entry_jump_deg": 2.3762671555566928,
              "path_distance_deg": 23.002728820222487,
              "endpoint_distance_deg": 11.598296575427554,
              "path_to_endpoint_ratio": 1.9832851031725343,
              "peak_velocity_deg": 6.406627869368166
            },
            {
              "start_frame": 124,
              "end_frame": 130,
              "entry_jump_deg": 2.0312940904342978,
              "path_distance_deg": 24.731957177512864,
              "endpoint_distance_deg": 11.990098847768488,
              "path_to_endpoint_ratio": 2.0626983556616634,
              "peak_velocity_deg": 6.293895979836944
            },
            {
              "start_frame": 204,
              "end_frame": 210,
              "entry_jump_deg": 4.783412835483057,
              "path_distance_deg": 32.171046961166546,
              "endpoint_distance_deg": 21.095643880933032,
              "path_to_endpoint_ratio": 1.525009008624944,
              "peak_velocity_deg": 5.76102246634893
            }
          ]
        },
        "ground_truth": {
          "order": "XYZ",
          "excursion_p90_deg": 42.071252832352876,
          "excursion_max_deg": 60.89553452645308,
          "velocity_rms_deg_per_frame": 5.451303815083178,
          "velocity_p95_deg_per_frame": 10.590679219672138,
          "velocity_max_deg_per_frame": 28.752882816234536,
          "euler_axis_step_p95_deg": [
            8.057360799999984,
            7.5531961000000045,
            3.3486897999999945
          ],
          "top_velocity_transitions": [
            {
              "from_frame": 183,
              "to_frame": 184,
              "velocity_deg": 28.752882816234536,
              "new_block_offset": 0,
              "inside_release_blend": true
            },
            {
              "from_frame": 182,
              "to_frame": 183,
              "velocity_deg": 23.09912620498383,
              "new_block_offset": 9,
              "inside_release_blend": false
            },
            {
              "from_frame": 158,
              "to_frame": 159,
              "velocity_deg": 21.365005271234534,
              "new_block_offset": 5,
              "inside_release_blend": false
            },
            {
              "from_frame": 201,
              "to_frame": 202,
              "velocity_deg": 15.486897516214173,
              "new_block_offset": 8,
              "inside_release_blend": false
            },
            {
              "from_frame": 197,
              "to_frame": 198,
              "velocity_deg": 15.093930234628017,
              "new_block_offset": 4,
              "inside_release_blend": false
            },
            {
              "from_frame": 200,
              "to_frame": 201,
              "velocity_deg": 13.929931381224357,
              "new_block_offset": 7,
              "inside_release_blend": false
            },
            {
              "from_frame": 181,
              "to_frame": 182,
              "velocity_deg": 13.744611866073315,
              "new_block_offset": 8,
              "inside_release_blend": false
            },
            {
              "from_frame": 34,
              "to_frame": 35,
              "velocity_deg": 12.95666113026505,
              "new_block_offset": 1,
              "inside_release_blend": true
            },
            {
              "from_frame": 35,
              "to_frame": 36,
              "velocity_deg": 11.746107218566646,
              "new_block_offset": 2,
              "inside_release_blend": true
            },
            {
              "from_frame": 213,
              "to_frame": 214,
              "velocity_deg": 11.533120366716796,
              "new_block_offset": 0,
              "inside_release_blend": true
            },
            {
              "from_frame": 157,
              "to_frame": 158,
              "velocity_deg": 10.850132882316336,
              "new_block_offset": 4,
              "inside_release_blend": false
            },
            {
              "from_frame": 196,
              "to_frame": 197,
              "velocity_deg": 10.635457599392725,
              "new_block_offset": 3,
              "inside_release_blend": false
            }
          ],
          "release_blend_blocks_by_path": [
            {
              "start_frame": 154,
              "endpoint_distance_deg": 46.227712805016836,
              "path_distance_deg": 55.15037760321405,
              "path_to_endpoint_ratio": 1.1930154934515576,
              "peak_velocity_deg": 21.365005271234534
            },
            {
              "start_frame": 194,
              "endpoint_distance_deg": 36.569182190825785,
              "path_distance_deg": 51.2605250520351,
              "path_to_endpoint_ratio": 1.4017410830941408,
              "peak_velocity_deg": 15.093930234628017
            },
            {
              "start_frame": 34,
              "endpoint_distance_deg": 13.214790479446448,
              "path_distance_deg": 45.22210858274389,
              "path_to_endpoint_ratio": 3.422082904233696,
              "peak_velocity_deg": 12.95666113026505
            },
            {
              "start_frame": 174,
              "endpoint_distance_deg": 28.89708930582963,
              "path_distance_deg": 31.843621916368008,
              "path_to_endpoint_ratio": 1.101966415349104,
              "peak_velocity_deg": 9.813187624939976
            },
            {
              "start_frame": 144,
              "endpoint_distance_deg": 22.53044125151249,
              "path_distance_deg": 28.4253638438967,
              "path_to_endpoint_ratio": 1.2616425717800126,
              "peak_velocity_deg": 6.65679071559387
            },
            {
              "start_frame": 214,
              "endpoint_distance_deg": 13.576164004356121,
              "path_distance_deg": 27.734577276517733,
              "path_to_endpoint_ratio": 2.042887612997211,
              "peak_velocity_deg": 10.18767380218697
            },
            {
              "start_frame": 134,
              "endpoint_distance_deg": 20.01532858501834,
              "path_distance_deg": 22.012161689980097,
              "path_to_endpoint_ratio": 1.099765192286496,
              "peak_velocity_deg": 6.233065902007456
            },
            {
              "start_frame": 184,
              "endpoint_distance_deg": 8.178758898956332,
              "path_distance_deg": 21.088601688208804,
              "path_to_endpoint_ratio": 2.5784598798846927,
              "peak_velocity_deg": 8.070660791734301
            },
            {
              "start_frame": 44,
              "endpoint_distance_deg": 18.226659764049167,
              "path_distance_deg": 19.248778334838235,
              "path_to_endpoint_ratio": 1.0560782164159956,
              "peak_velocity_deg": 4.377665118209559
            },
            {
              "start_frame": 54,
              "endpoint_distance_deg": 9.717542816841608,
              "path_distance_deg": 17.878020640824552,
              "path_to_endpoint_ratio": 1.8397676221029773,
              "peak_velocity_deg": 4.644966725318677
            },
            {
              "start_frame": 164,
              "endpoint_distance_deg": 14.629802039833587,
              "path_distance_deg": 16.535299662695458,
              "path_to_endpoint_ratio": 1.1302476696317312,
              "peak_velocity_deg": 4.6006477532307475
            },
            {
              "start_frame": 84,
              "endpoint_distance_deg": 10.916546570541705,
              "path_distance_deg": 15.52845350125847,
              "path_to_endpoint_ratio": 1.4224694046707036,
              "peak_velocity_deg": 3.723379706579719
            },
            {
              "start_frame": 204,
              "endpoint_distance_deg": 7.234974835981004,
              "path_distance_deg": 13.159459977005541,
              "path_to_endpoint_ratio": 1.818867414930162,
              "peak_velocity_deg": 3.0076899383744657
            },
            {
              "start_frame": 74,
              "endpoint_distance_deg": 2.422883263282947,
              "path_distance_deg": 11.515669914934088,
              "path_to_endpoint_ratio": 4.752878559791048,
              "peak_velocity_deg": 2.838656288067068
            },
            {
              "start_frame": 104,
              "endpoint_distance_deg": 7.964462502694245,
              "path_distance_deg": 10.739515821865236,
              "path_to_endpoint_ratio": 1.348429453743079,
              "peak_velocity_deg": 3.9697414573166547
            },
            {
              "start_frame": 94,
              "endpoint_distance_deg": 6.652693247979083,
              "path_distance_deg": 10.416596640100027,
              "path_to_endpoint_ratio": 1.5657713728593035,
              "peak_velocity_deg": 2.6032974628209984
            },
            {
              "start_frame": 124,
              "endpoint_distance_deg": 5.767768307201718,
              "path_distance_deg": 9.65371174912259,
              "path_to_endpoint_ratio": 1.6737343171480774,
              "peak_velocity_deg": 2.6222467256591777
            },
            {
              "start_frame": 64,
              "endpoint_distance_deg": 9.341620835721505,
              "path_distance_deg": 9.432567993883218,
              "path_to_endpoint_ratio": 1.0097356935976185,
              "peak_velocity_deg": 2.1516025294870036
            },
            {
              "start_frame": 114,
              "endpoint_distance_deg": 3.4476185414302383,
              "path_distance_deg": 4.2812136434026895,
              "path_to_endpoint_ratio": 1.2417886700500909,
              "peak_velocity_deg": 1.4469191583945429
            }
          ],
          "boundary_blocks_by_peak": [
            {
              "start_frame": 184,
              "end_frame": 190,
              "entry_jump_deg": 28.752882816234536,
              "path_distance_deg": 49.84148450444334,
              "endpoint_distance_deg": 26.32274394297646,
              "path_to_endpoint_ratio": 1.8934760225763716,
              "peak_velocity_deg": 28.752882816234536
            },
            {
              "start_frame": 154,
              "end_frame": 160,
              "entry_jump_deg": 1.0815809288299794,
              "path_distance_deg": 56.231958532044025,
              "endpoint_distance_deg": 45.392298064338945,
              "path_to_endpoint_ratio": 1.2387995525659654,
              "peak_velocity_deg": 21.365005271234534
            },
            {
              "start_frame": 194,
              "end_frame": 200,
              "entry_jump_deg": 3.9232843812106553,
              "path_distance_deg": 55.18380943324575,
              "endpoint_distance_deg": 38.582244723531986,
              "path_to_endpoint_ratio": 1.430290275453781,
              "peak_velocity_deg": 15.093930234628017
            },
            {
              "start_frame": 34,
              "end_frame": 40,
              "entry_jump_deg": 8.57861749868097,
              "path_distance_deg": 53.80072608142487,
              "endpoint_distance_deg": 21.37342423863379,
              "path_to_endpoint_ratio": 2.517178599027512,
              "peak_velocity_deg": 12.95666113026505
            },
            {
              "start_frame": 214,
              "end_frame": 220,
              "entry_jump_deg": 11.533120366716796,
              "path_distance_deg": 39.26769764323453,
              "endpoint_distance_deg": 24.686008711475512,
              "path_to_endpoint_ratio": 1.5906863722761544,
              "peak_velocity_deg": 11.533120366716796
            },
            {
              "start_frame": 174,
              "end_frame": 180,
              "entry_jump_deg": 7.240836769330965,
              "path_distance_deg": 39.08445868569897,
              "endpoint_distance_deg": 35.91773325623278,
              "path_to_endpoint_ratio": 1.0881660712516337,
              "peak_velocity_deg": 9.813187624939976
            },
            {
              "start_frame": 204,
              "end_frame": 210,
              "entry_jump_deg": 9.611584167608314,
              "path_distance_deg": 22.771044144613853,
              "endpoint_distance_deg": 3.13773492435873,
              "path_to_endpoint_ratio": 7.257159923815952,
              "peak_velocity_deg": 9.611584167608314
            },
            {
              "start_frame": 144,
              "end_frame": 150,
              "entry_jump_deg": 6.424518731544535,
              "path_distance_deg": 34.849882575441235,
              "endpoint_distance_deg": 27.817774163912055,
              "path_to_endpoint_ratio": 1.2527919153449711,
              "peak_velocity_deg": 6.65679071559387
            },
            {
              "start_frame": 134,
              "end_frame": 140,
              "entry_jump_deg": 0.6830237005707682,
              "path_distance_deg": 22.695185390550865,
              "endpoint_distance_deg": 20.28822636317311,
              "path_to_endpoint_ratio": 1.1186382182597703,
              "peak_velocity_deg": 6.233065902007456
            },
            {
              "start_frame": 54,
              "end_frame": 60,
              "entry_jump_deg": 3.550595513605223,
              "path_distance_deg": 21.428616154429776,
              "endpoint_distance_deg": 12.214103483823461,
              "path_to_endpoint_ratio": 1.7544158016026432,
              "peak_velocity_deg": 4.644966725318677
            },
            {
              "start_frame": 164,
              "end_frame": 170,
              "entry_jump_deg": 3.6467509509775295,
              "path_distance_deg": 20.182050613672985,
              "endpoint_distance_deg": 18.274508663380495,
              "path_to_endpoint_ratio": 1.10438266688477,
              "peak_velocity_deg": 4.6006477532307475
            },
            {
              "start_frame": 44,
              "end_frame": 50,
              "entry_jump_deg": 2.13761583839759,
              "path_distance_deg": 21.386394173235825,
              "endpoint_distance_deg": 16.911936535988275,
              "path_to_endpoint_ratio": 1.264573937332723,
              "peak_velocity_deg": 4.377665118209559
            },
            {
              "start_frame": 104,
              "end_frame": 110,
              "entry_jump_deg": 3.431497078017741,
              "path_distance_deg": 14.171012899882978,
              "endpoint_distance_deg": 11.269715228255842,
              "path_to_endpoint_ratio": 1.2574419683962286,
              "peak_velocity_deg": 3.9697414573166547
            },
            {
              "start_frame": 84,
              "end_frame": 90,
              "entry_jump_deg": 2.266789070481195,
              "path_distance_deg": 17.795242571739664,
              "endpoint_distance_deg": 12.034357000129374,
              "path_to_endpoint_ratio": 1.4787032303884917,
              "peak_velocity_deg": 3.723379706579719
            },
            {
              "start_frame": 74,
              "end_frame": 80,
              "entry_jump_deg": 2.1295207423743037,
              "path_distance_deg": 13.64519065730839,
              "endpoint_distance_deg": 1.3570741456740347,
              "path_to_endpoint_ratio": 10.054860083220483,
              "peak_velocity_deg": 2.838656288067068
            },
            {
              "start_frame": 124,
              "end_frame": 130,
              "entry_jump_deg": 2.182020380865598,
              "path_distance_deg": 11.835732129988187,
              "endpoint_distance_deg": 3.966462978044991,
              "path_to_endpoint_ratio": 2.9839512420765963,
              "peak_velocity_deg": 2.6222467256591777
            },
            {
              "start_frame": 94,
              "end_frame": 100,
              "entry_jump_deg": 2.0759751746556683,
              "path_distance_deg": 12.492571814755694,
              "endpoint_distance_deg": 5.2116979266051136,
              "path_to_endpoint_ratio": 2.3970253055117725,
              "peak_velocity_deg": 2.6032974628209984
            },
            {
              "start_frame": 64,
              "end_frame": 70,
              "entry_jump_deg": 0.23192872744275833,
              "path_distance_deg": 9.664496721325976,
              "endpoint_distance_deg": 9.243858717089758,
              "path_to_endpoint_ratio": 1.0455045903566826,
              "peak_velocity_deg": 2.1516025294870036
            },
            {
              "start_frame": 114,
              "end_frame": 120,
              "entry_jump_deg": 1.1790268214570474,
              "path_distance_deg": 5.460240464859736,
              "endpoint_distance_deg": 2.4553527227557637,
              "path_to_endpoint_ratio": 2.2238110289634636,
              "peak_velocity_deg": 1.4469191583945429
            }
          ]
        },
        "ratios": {
          "excursion_p90": 0.6627593478404977,
          "velocity_rms": 1.3301780607164944,
          "velocity_p95": 1.5075087597378811
        }
      },
      "LeftForeArm": {
        "prediction": {
          "order": "XYZ",
          "excursion_p90_deg": 50.51125011290383,
          "excursion_max_deg": 66.05710853760712,
          "velocity_rms_deg_per_frame": 9.823829819680112,
          "velocity_p95_deg_per_frame": 20.237462661693915,
          "velocity_max_deg_per_frame": 34.41033226245499,
          "euler_axis_step_p95_deg": [
            44.96911919999993,
            12.32901330000001,
            46.14701259999994
          ],
          "top_velocity_transitions": [
            {
              "from_frame": 37,
              "to_frame": 38,
              "velocity_deg": 34.41033226245499,
              "new_block_offset": 4,
              "inside_release_blend": false
            },
            {
              "from_frame": 175,
              "to_frame": 176,
              "velocity_deg": 31.31190446154818,
              "new_block_offset": 2,
              "inside_release_blend": true
            },
            {
              "from_frame": 138,
              "to_frame": 139,
              "velocity_deg": 30.07686761067883,
              "new_block_offset": 5,
              "inside_release_blend": false
            },
            {
              "from_frame": 174,
              "to_frame": 175,
              "velocity_deg": 29.389482388180877,
              "new_block_offset": 1,
              "inside_release_blend": true
            },
            {
              "from_frame": 65,
              "to_frame": 66,
              "velocity_deg": 27.93982704212326,
              "new_block_offset": 2,
              "inside_release_blend": true
            },
            {
              "from_frame": 115,
              "to_frame": 116,
              "velocity_deg": 26.085990927691466,
              "new_block_offset": 2,
              "inside_release_blend": true
            },
            {
              "from_frame": 114,
              "to_frame": 115,
              "velocity_deg": 25.320429839639708,
              "new_block_offset": 1,
              "inside_release_blend": true
            },
            {
              "from_frame": 165,
              "to_frame": 166,
              "velocity_deg": 24.121152142204135,
              "new_block_offset": 2,
              "inside_release_blend": true
            },
            {
              "from_frame": 164,
              "to_frame": 165,
              "velocity_deg": 24.089535923022478,
              "new_block_offset": 1,
              "inside_release_blend": true
            },
            {
              "from_frame": 205,
              "to_frame": 206,
              "velocity_deg": 23.8899710197524,
              "new_block_offset": 2,
              "inside_release_blend": true
            },
            {
              "from_frame": 64,
              "to_frame": 65,
              "velocity_deg": 23.822645581040657,
              "new_block_offset": 1,
              "inside_release_blend": true
            },
            {
              "from_frame": 177,
              "to_frame": 178,
              "velocity_deg": 20.363137989364212,
              "new_block_offset": 4,
              "inside_release_blend": false
            }
          ],
          "release_blend_blocks_by_path": [
            {
              "start_frame": 174,
              "endpoint_distance_deg": 84.24729308395057,
              "path_distance_deg": 105.52606900149361,
              "path_to_endpoint_ratio": 1.252575188336784,
              "peak_velocity_deg": 31.31190446154818
            },
            {
              "start_frame": 154,
              "endpoint_distance_deg": 44.52255300975917,
              "path_distance_deg": 89.5951885353498,
              "path_to_endpoint_ratio": 2.0123551431498297,
              "peak_velocity_deg": 18.415452957484984
            },
            {
              "start_frame": 34,
              "endpoint_distance_deg": 27.70263570443538,
              "path_distance_deg": 85.40562347567884,
              "path_to_endpoint_ratio": 3.0829421570888584,
              "peak_velocity_deg": 34.41033226245499
            },
            {
              "start_frame": 134,
              "endpoint_distance_deg": 46.27291149649241,
              "path_distance_deg": 82.74813088275667,
              "path_to_endpoint_ratio": 1.788262899537436,
              "peak_velocity_deg": 30.07686761067883
            },
            {
              "start_frame": 204,
              "endpoint_distance_deg": 73.2884014527995,
              "path_distance_deg": 74.55219593549144,
              "path_to_endpoint_ratio": 1.017244126732739,
              "peak_velocity_deg": 23.8899710197524
            },
            {
              "start_frame": 64,
              "endpoint_distance_deg": 69.31653363479816,
              "path_distance_deg": 74.37204214973744,
              "path_to_endpoint_ratio": 1.0729336602660309,
              "peak_velocity_deg": 27.93982704212326
            },
            {
              "start_frame": 164,
              "endpoint_distance_deg": 54.278598745006434,
              "path_distance_deg": 70.1814993528098,
              "path_to_endpoint_ratio": 1.2929865725258136,
              "peak_velocity_deg": 24.121152142204135
            },
            {
              "start_frame": 114,
              "endpoint_distance_deg": 49.09736194896785,
              "path_distance_deg": 63.97762528403158,
              "path_to_endpoint_ratio": 1.3030766367962985,
              "peak_velocity_deg": 26.085990927691466
            },
            {
              "start_frame": 184,
              "endpoint_distance_deg": 58.51945348236642,
              "path_distance_deg": 61.71110411840102,
              "path_to_endpoint_ratio": 1.0545399939012816,
              "peak_velocity_deg": 14.62432355298618
            },
            {
              "start_frame": 94,
              "endpoint_distance_deg": 21.246015705932155,
              "path_distance_deg": 59.962445060799226,
              "path_to_endpoint_ratio": 2.822291289376057,
              "peak_velocity_deg": 17.951071632371978
            },
            {
              "start_frame": 44,
              "endpoint_distance_deg": 40.94485719536411,
              "path_distance_deg": 48.358082339533894,
              "path_to_endpoint_ratio": 1.181053877140134,
              "peak_velocity_deg": 16.883424967116664
            },
            {
              "start_frame": 144,
              "endpoint_distance_deg": 34.19186086981969,
              "path_distance_deg": 46.29469922778981,
              "path_to_endpoint_ratio": 1.3539684021308416,
              "peak_velocity_deg": 16.86970154906267
            },
            {
              "start_frame": 214,
              "endpoint_distance_deg": 30.674950091025465,
              "path_distance_deg": 43.482431068203056,
              "path_to_endpoint_ratio": 1.4175224715662915,
              "peak_velocity_deg": 17.96656319650955
            },
            {
              "start_frame": 54,
              "endpoint_distance_deg": 31.69378275744075,
              "path_distance_deg": 40.330265457951775,
              "path_to_endpoint_ratio": 1.2724976935258205,
              "peak_velocity_deg": 16.817511636029057
            },
            {
              "start_frame": 84,
              "endpoint_distance_deg": 23.38532277789933,
              "path_distance_deg": 36.87765915048628,
              "path_to_endpoint_ratio": 1.5769574574928724,
              "peak_velocity_deg": 12.312616794981478
            },
            {
              "start_frame": 104,
              "endpoint_distance_deg": 17.722720201496724,
              "path_distance_deg": 31.162360639999733,
              "path_to_endpoint_ratio": 1.758328308843244,
              "peak_velocity_deg": 7.325341694931822
            },
            {
              "start_frame": 74,
              "endpoint_distance_deg": 3.951247162355139,
              "path_distance_deg": 27.104591633060206,
              "path_to_endpoint_ratio": 6.859756051530962,
              "peak_velocity_deg": 9.387274568187955
            },
            {
              "start_frame": 194,
              "endpoint_distance_deg": 3.0571752224706334,
              "path_distance_deg": 20.206659046101727,
              "path_to_endpoint_ratio": 6.609584853880853,
              "peak_velocity_deg": 6.9522904822099685
            },
            {
              "start_frame": 124,
              "endpoint_distance_deg": 17.91446873779414,
              "path_distance_deg": 18.33421742745114,
              "path_to_endpoint_ratio": 1.0234307082057899,
              "peak_velocity_deg": 4.951161005753899
            }
          ],
          "boundary_blocks_by_peak": [
            {
              "start_frame": 34,
              "end_frame": 40,
              "entry_jump_deg": 2.7956130685998706,
              "path_distance_deg": 88.2012365442787,
              "endpoint_distance_deg": 25.956094682990816,
              "path_to_endpoint_ratio": 3.39809349678777,
              "peak_velocity_deg": 34.41033226245499
            },
            {
              "start_frame": 174,
              "end_frame": 180,
              "entry_jump_deg": 2.010278941239092,
              "path_distance_deg": 107.53634794273269,
              "endpoint_distance_deg": 83.81281516260974,
              "path_to_endpoint_ratio": 1.283053763724505,
              "peak_velocity_deg": 31.31190446154818
            },
            {
              "start_frame": 134,
              "end_frame": 140,
              "entry_jump_deg": 10.521798812360707,
              "path_distance_deg": 93.26992969511738,
              "endpoint_distance_deg": 52.1370053254258,
              "path_to_endpoint_ratio": 1.7889391443361666,
              "peak_velocity_deg": 30.07686761067883
            },
            {
              "start_frame": 64,
              "end_frame": 70,
              "entry_jump_deg": 3.032176927677096,
              "path_distance_deg": 77.40421907741454,
              "endpoint_distance_deg": 66.76906309847945,
              "path_to_endpoint_ratio": 1.159282689997447,
              "peak_velocity_deg": 27.93982704212326
            },
            {
              "start_frame": 114,
              "end_frame": 120,
              "entry_jump_deg": 1.6063485479934898,
              "path_distance_deg": 65.58397383202507,
              "endpoint_distance_deg": 47.58463572886658,
              "path_to_endpoint_ratio": 1.3782594492415001,
              "peak_velocity_deg": 26.085990927691466
            },
            {
              "start_frame": 164,
              "end_frame": 170,
              "entry_jump_deg": 4.098324459949491,
              "path_distance_deg": 74.27982381275929,
              "endpoint_distance_deg": 52.779656540824696,
              "path_to_endpoint_ratio": 1.4073570894745093,
              "peak_velocity_deg": 24.121152142204135
            },
            {
              "start_frame": 204,
              "end_frame": 210,
              "entry_jump_deg": 3.3286691513105726,
              "path_distance_deg": 77.880865086802,
              "endpoint_distance_deg": 69.9597523158042,
              "path_to_endpoint_ratio": 1.1132238538415808,
              "peak_velocity_deg": 23.8899710197524
            },
            {
              "start_frame": 154,
              "end_frame": 160,
              "entry_jump_deg": 2.282540578474285,
              "path_distance_deg": 91.87772911382409,
              "endpoint_distance_deg": 44.28120758404042,
              "path_to_endpoint_ratio": 2.0748695468489915,
              "peak_velocity_deg": 18.415452957484984
            },
            {
              "start_frame": 214,
              "end_frame": 220,
              "entry_jump_deg": 8.498315671534861,
              "path_distance_deg": 51.98074673973791,
              "endpoint_distance_deg": 22.857287120361583,
              "path_to_endpoint_ratio": 2.2741433165720157,
              "peak_velocity_deg": 17.96656319650955
            },
            {
              "start_frame": 94,
              "end_frame": 100,
              "entry_jump_deg": 8.406966248336778,
              "path_distance_deg": 68.369411309136,
              "endpoint_distance_deg": 16.471993865983006,
              "path_to_endpoint_ratio": 4.150645748498516,
              "peak_velocity_deg": 17.951071632371978
            },
            {
              "start_frame": 44,
              "end_frame": 50,
              "entry_jump_deg": 11.212631664282547,
              "path_distance_deg": 59.570714003816434,
              "endpoint_distance_deg": 51.154509256515105,
              "path_to_endpoint_ratio": 1.1645251781245352,
              "peak_velocity_deg": 16.883424967116664
            },
            {
              "start_frame": 144,
              "end_frame": 150,
              "entry_jump_deg": 12.741025767267447,
              "path_distance_deg": 59.03572499505726,
              "endpoint_distance_deg": 34.61133095837617,
              "path_to_endpoint_ratio": 1.705676244177204,
              "peak_velocity_deg": 16.86970154906267
            },
            {
              "start_frame": 54,
              "end_frame": 60,
              "entry_jump_deg": 9.333890581049364,
              "path_distance_deg": 49.66415603900114,
              "endpoint_distance_deg": 22.362488568361474,
              "path_to_endpoint_ratio": 2.2208689291077452,
              "peak_velocity_deg": 16.817511636029057
            },
            {
              "start_frame": 184,
              "end_frame": 190,
              "entry_jump_deg": 2.985034329385699,
              "path_distance_deg": 64.69613844778671,
              "endpoint_distance_deg": 61.35003492366565,
              "path_to_endpoint_ratio": 1.0545411836893723,
              "peak_velocity_deg": 14.62432355298618
            },
            {
              "start_frame": 84,
              "end_frame": 90,
              "entry_jump_deg": 13.724475871601607,
              "path_distance_deg": 50.60213502208788,
              "endpoint_distance_deg": 9.922742377638684,
              "path_to_endpoint_ratio": 5.0996118911765675,
              "peak_velocity_deg": 13.724475871601607
            },
            {
              "start_frame": 74,
              "end_frame": 80,
              "entry_jump_deg": 1.8235148877423661,
              "path_distance_deg": 28.928106520802572,
              "endpoint_distance_deg": 4.338947517557303,
              "path_to_endpoint_ratio": 6.667079148513929,
              "peak_velocity_deg": 9.387274568187955
            },
            {
              "start_frame": 104,
              "end_frame": 110,
              "entry_jump_deg": 2.207942804423514,
              "path_distance_deg": 33.37030344442325,
              "endpoint_distance_deg": 19.79237450495868,
              "path_to_endpoint_ratio": 1.6860181902915603,
              "peak_velocity_deg": 7.325341694931822
            },
            {
              "start_frame": 194,
              "end_frame": 200,
              "entry_jump_deg": 1.189337708135765,
              "path_distance_deg": 21.39599675423749,
              "endpoint_distance_deg": 3.6086717276604108,
              "path_to_endpoint_ratio": 5.929050456498306,
              "peak_velocity_deg": 6.9522904822099685
            },
            {
              "start_frame": 124,
              "end_frame": 130,
              "entry_jump_deg": 2.6635472776628055,
              "path_distance_deg": 20.997764705113948,
              "endpoint_distance_deg": 16.35729796632378,
              "path_to_endpoint_ratio": 1.283693966347248,
              "peak_velocity_deg": 4.951161005753899
            }
          ]
        },
        "ground_truth": {
          "order": "XYZ",
          "excursion_p90_deg": 45.410730356799334,
          "excursion_max_deg": 65.7540071055711,
          "velocity_rms_deg_per_frame": 6.99635432817123,
          "velocity_p95_deg_per_frame": 16.28621943046176,
          "velocity_max_deg_per_frame": 26.911439386595433,
          "euler_axis_step_p95_deg": [
            26.14702439999997,
            11.156182100000004,
            27.589587399999964
          ],
          "top_velocity_transitions": [
            {
              "from_frame": 157,
              "to_frame": 158,
              "velocity_deg": 26.911439386595433,
              "new_block_offset": 4,
              "inside_release_blend": false
            },
            {
              "from_frame": 200,
              "to_frame": 201,
              "velocity_deg": 24.053387879279818,
              "new_block_offset": 7,
              "inside_release_blend": false
            },
            {
              "from_frame": 158,
              "to_frame": 159,
              "velocity_deg": 23.748718417949796,
              "new_block_offset": 5,
              "inside_release_blend": false
            },
            {
              "from_frame": 156,
              "to_frame": 157,
              "velocity_deg": 22.21372394465522,
              "new_block_offset": 3,
              "inside_release_blend": false
            },
            {
              "from_frame": 192,
              "to_frame": 193,
              "velocity_deg": 20.14945270903409,
              "new_block_offset": 9,
              "inside_release_blend": false
            },
            {
              "from_frame": 193,
              "to_frame": 194,
              "velocity_deg": 17.94923395186073,
              "new_block_offset": 0,
              "inside_release_blend": true
            },
            {
              "from_frame": 139,
              "to_frame": 140,
              "velocity_deg": 17.662990989986405,
              "new_block_offset": 6,
              "inside_release_blend": false
            },
            {
              "from_frame": 201,
              "to_frame": 202,
              "velocity_deg": 17.63436996451799,
              "new_block_offset": 8,
              "inside_release_blend": false
            },
            {
              "from_frame": 191,
              "to_frame": 192,
              "velocity_deg": 17.446034886659287,
              "new_block_offset": 8,
              "inside_release_blend": false
            },
            {
              "from_frame": 199,
              "to_frame": 200,
              "velocity_deg": 16.913637576723612,
              "new_block_offset": 6,
              "inside_release_blend": false
            },
            {
              "from_frame": 155,
              "to_frame": 156,
              "velocity_deg": 16.40106607748057,
              "new_block_offset": 2,
              "inside_release_blend": true
            },
            {
              "from_frame": 138,
              "to_frame": 139,
              "velocity_deg": 16.309324127343693,
              "new_block_offset": 5,
              "inside_release_blend": false
            }
          ],
          "release_blend_blocks_by_path": [
            {
              "start_frame": 154,
              "endpoint_distance_deg": 90.99350268456135,
              "path_distance_deg": 109.34132983717713,
              "path_to_endpoint_ratio": 1.2016388710325887,
              "peak_velocity_deg": 26.911439386595433
            },
            {
              "start_frame": 194,
              "endpoint_distance_deg": 22.58651189651624,
              "path_distance_deg": 59.11392547420495,
              "path_to_endpoint_ratio": 2.617222426598891,
              "peak_velocity_deg": 16.913637576723612
            },
            {
              "start_frame": 174,
              "endpoint_distance_deg": 9.636055133435521,
              "path_distance_deg": 52.47904289613096,
              "path_to_endpoint_ratio": 5.446112768080513,
              "peak_velocity_deg": 13.251365958587101
            },
            {
              "start_frame": 34,
              "endpoint_distance_deg": 7.9151387146965115,
              "path_distance_deg": 43.55131116763873,
              "path_to_endpoint_ratio": 5.502280217373121,
              "peak_velocity_deg": 13.22077889907408
            },
            {
              "start_frame": 134,
              "endpoint_distance_deg": 24.83678002913152,
              "path_distance_deg": 42.83245991015626,
              "path_to_endpoint_ratio": 1.7245576866211028,
              "peak_velocity_deg": 17.662990989986405
            },
            {
              "start_frame": 204,
              "endpoint_distance_deg": 23.38262511332334,
              "path_distance_deg": 24.188483299760676,
              "path_to_endpoint_ratio": 1.0344639741060624,
              "peak_velocity_deg": 5.0306845902387405
            },
            {
              "start_frame": 54,
              "endpoint_distance_deg": 3.6656259011328736,
              "path_distance_deg": 23.812489355308884,
              "path_to_endpoint_ratio": 6.496159181969321,
              "peak_velocity_deg": 6.365437739538342
            },
            {
              "start_frame": 44,
              "endpoint_distance_deg": 20.213294048917287,
              "path_distance_deg": 22.41490662855332,
              "path_to_endpoint_ratio": 1.1089190398313116,
              "peak_velocity_deg": 7.645064815064133
            },
            {
              "start_frame": 214,
              "endpoint_distance_deg": 13.374190502968558,
              "path_distance_deg": 21.724839430257365,
              "path_to_endpoint_ratio": 1.6243853731136313,
              "peak_velocity_deg": 4.979587103411748
            },
            {
              "start_frame": 184,
              "endpoint_distance_deg": 18.42349751677576,
              "path_distance_deg": 19.32575434363143,
              "path_to_endpoint_ratio": 1.0489731564831328,
              "peak_velocity_deg": 5.242362471299336
            },
            {
              "start_frame": 144,
              "endpoint_distance_deg": 16.14461711191669,
              "path_distance_deg": 17.62193630241334,
              "path_to_endpoint_ratio": 1.091505371744382,
              "peak_velocity_deg": 6.312919775589014
            },
            {
              "start_frame": 84,
              "endpoint_distance_deg": 13.608058263078252,
              "path_distance_deg": 15.335932153214817,
              "path_to_endpoint_ratio": 1.1269743160069117,
              "peak_velocity_deg": 5.456029507547753
            },
            {
              "start_frame": 94,
              "endpoint_distance_deg": 9.631871285639686,
              "path_distance_deg": 13.920597221230693,
              "path_to_endpoint_ratio": 1.4452640414729314,
              "peak_velocity_deg": 3.9688813194042214
            },
            {
              "start_frame": 74,
              "endpoint_distance_deg": 2.7217356111727065,
              "path_distance_deg": 12.03165774878892,
              "path_to_endpoint_ratio": 4.4205828440496004,
              "peak_velocity_deg": 3.863511091740615
            },
            {
              "start_frame": 104,
              "endpoint_distance_deg": 5.853080006741252,
              "path_distance_deg": 11.129616909897202,
              "path_to_endpoint_ratio": 1.9014974845856758,
              "peak_velocity_deg": 4.075692673001168
            },
            {
              "start_frame": 64,
              "endpoint_distance_deg": 9.66717648261755,
              "path_distance_deg": 9.754441547553553,
              "path_to_endpoint_ratio": 1.0090269444333526,
              "peak_velocity_deg": 2.7271539990557585
            },
            {
              "start_frame": 164,
              "endpoint_distance_deg": 5.528558442575208,
              "path_distance_deg": 9.599483238945734,
              "path_to_endpoint_ratio": 1.7363447160150278,
              "peak_velocity_deg": 4.564315385558155
            },
            {
              "start_frame": 124,
              "endpoint_distance_deg": 6.3832350840456344,
              "path_distance_deg": 8.086281705106977,
              "path_to_endpoint_ratio": 1.2667999217697568,
              "peak_velocity_deg": 3.8989471745969895
            },
            {
              "start_frame": 114,
              "endpoint_distance_deg": 4.415136483436414,
              "path_distance_deg": 4.521363213824406,
              "path_to_endpoint_ratio": 1.0240596708134633,
              "peak_velocity_deg": 1.7380804077469398
            }
          ],
          "boundary_blocks_by_peak": [
            {
              "start_frame": 154,
              "end_frame": 160,
              "entry_jump_deg": 6.838976101940588,
              "path_distance_deg": 116.1803059391177,
              "endpoint_distance_deg": 95.06572676565698,
              "path_to_endpoint_ratio": 1.2221050623797312,
              "peak_velocity_deg": 26.911439386595433
            },
            {
              "start_frame": 194,
              "end_frame": 200,
              "entry_jump_deg": 17.94923395186073,
              "path_distance_deg": 77.06315942606567,
              "endpoint_distance_deg": 30.2032598357753,
              "path_to_endpoint_ratio": 2.551484834586813,
              "peak_velocity_deg": 17.94923395186073
            },
            {
              "start_frame": 134,
              "end_frame": 140,
              "entry_jump_deg": 1.1549150837452178,
              "path_distance_deg": 43.987374993901476,
              "endpoint_distance_deg": 23.756253641896567,
              "path_to_endpoint_ratio": 1.8516124493773407,
              "peak_velocity_deg": 17.662990989986405
            },
            {
              "start_frame": 174,
              "end_frame": 180,
              "entry_jump_deg": 14.744596710271956,
              "path_distance_deg": 67.22363960640291,
              "endpoint_distance_deg": 22.998418474943726,
              "path_to_endpoint_ratio": 2.9229679284095815,
              "peak_velocity_deg": 14.744596710271956
            },
            {
              "start_frame": 34,
              "end_frame": 40,
              "entry_jump_deg": 12.818662926357513,
              "path_distance_deg": 56.369974093996234,
              "endpoint_distance_deg": 20.723066816783213,
              "path_to_endpoint_ratio": 2.720155978474348,
              "peak_velocity_deg": 13.22077889907408
            },
            {
              "start_frame": 184,
              "end_frame": 190,
              "entry_jump_deg": 12.788929853084225,
              "path_distance_deg": 32.11468419671566,
              "endpoint_distance_deg": 9.895739499038356,
              "path_to_endpoint_ratio": 3.245304123035624,
              "peak_velocity_deg": 12.788929853084225
            },
            {
              "start_frame": 144,
              "end_frame": 150,
              "entry_jump_deg": 8.983950114315546,
              "path_distance_deg": 26.60588641672888,
              "endpoint_distance_deg": 25.11680994234108,
              "path_to_endpoint_ratio": 1.0592860509677051,
              "peak_velocity_deg": 8.983950114315546
            },
            {
              "start_frame": 44,
              "end_frame": 50,
              "entry_jump_deg": 2.3647893332070025,
              "path_distance_deg": 24.779695961760325,
              "endpoint_distance_deg": 17.890776790253536,
              "path_to_endpoint_ratio": 1.38505422387583,
              "peak_velocity_deg": 7.645064815064133
            },
            {
              "start_frame": 204,
              "end_frame": 210,
              "entry_jump_deg": 7.225011528749202,
              "path_distance_deg": 31.413494828509876,
              "endpoint_distance_deg": 16.9926017779999,
              "path_to_endpoint_ratio": 1.848657153207728,
              "peak_velocity_deg": 7.225011528749202
            },
            {
              "start_frame": 54,
              "end_frame": 60,
              "entry_jump_deg": 3.213210482102974,
              "path_distance_deg": 27.025699837411857,
              "endpoint_distance_deg": 6.878025870677474,
              "path_to_endpoint_ratio": 3.92928150396007,
              "peak_velocity_deg": 6.365437739538342
            },
            {
              "start_frame": 84,
              "end_frame": 90,
              "entry_jump_deg": 1.6799170305352584,
              "path_distance_deg": 17.015849183750074,
              "endpoint_distance_deg": 12.02784757341644,
              "path_to_endpoint_ratio": 1.414704424868,
              "peak_velocity_deg": 5.456029507547753
            },
            {
              "start_frame": 214,
              "end_frame": 220,
              "entry_jump_deg": 2.7321228347268285,
              "path_distance_deg": 24.456962264984192,
              "endpoint_distance_deg": 16.101840607130562,
              "path_to_endpoint_ratio": 1.5188923342188367,
              "peak_velocity_deg": 4.979587103411748
            },
            {
              "start_frame": 164,
              "end_frame": 170,
              "entry_jump_deg": 2.062083523050709,
              "path_distance_deg": 11.661566761996443,
              "endpoint_distance_deg": 7.5372287215014016,
              "path_to_endpoint_ratio": 1.5471955532846668,
              "peak_velocity_deg": 4.564315385558155
            },
            {
              "start_frame": 104,
              "end_frame": 110,
              "entry_jump_deg": 2.5010368924440027,
              "path_distance_deg": 13.630653802341204,
              "endpoint_distance_deg": 8.352105162477788,
              "path_to_endpoint_ratio": 1.6320021763587864,
              "peak_velocity_deg": 4.075692673001168
            },
            {
              "start_frame": 94,
              "end_frame": 100,
              "entry_jump_deg": 2.208251164542414,
              "path_distance_deg": 16.128848385773107,
              "endpoint_distance_deg": 7.550972429843572,
              "path_to_endpoint_ratio": 2.1359961959372744,
              "peak_velocity_deg": 3.9688813194042214
            },
            {
              "start_frame": 124,
              "end_frame": 130,
              "entry_jump_deg": 2.6646702434576093,
              "path_distance_deg": 10.750951948564586,
              "endpoint_distance_deg": 3.7283569100608736,
              "path_to_endpoint_ratio": 2.88356297637531,
              "peak_velocity_deg": 3.8989471745969895
            },
            {
              "start_frame": 74,
              "end_frame": 80,
              "entry_jump_deg": 2.1975355494823123,
              "path_distance_deg": 14.229193298271234,
              "endpoint_distance_deg": 0.5255070174057976,
              "path_to_endpoint_ratio": 27.077075713497887,
              "peak_velocity_deg": 3.863511091740615
            },
            {
              "start_frame": 64,
              "end_frame": 70,
              "entry_jump_deg": 0.2783596812230511,
              "path_distance_deg": 10.032801228776604,
              "endpoint_distance_deg": 9.89414349863552,
              "path_to_endpoint_ratio": 1.0140141216023606,
              "peak_velocity_deg": 2.7271539990557585
            },
            {
              "start_frame": 114,
              "end_frame": 120,
              "entry_jump_deg": 0.5949857744978744,
              "path_distance_deg": 5.11634898832228,
              "endpoint_distance_deg": 3.829437788791017,
              "path_to_endpoint_ratio": 1.3360574764520594,
              "peak_velocity_deg": 1.7380804077469398
            }
          ]
        },
        "ratios": {
          "excursion_p90": 1.1123197032073455,
          "velocity_rms": 1.4041355481559712,
          "velocity_p95": 1.2426126731316014
        }
      },
      "LeftHand": {
        "prediction": {
          "order": "XYZ",
          "excursion_p90_deg": 26.87540739034901,
          "excursion_max_deg": 40.11196514085418,
          "velocity_rms_deg_per_frame": 6.554989717493406,
          "velocity_p95_deg_per_frame": 14.462379696265621,
          "velocity_max_deg_per_frame": 31.619889428037286,
          "euler_axis_step_p95_deg": [
            2.299087799999999,
            6.792814299999993,
            10.943679399999999
          ],
          "top_velocity_transitions": [
            {
              "from_frame": 185,
              "to_frame": 186,
              "velocity_deg": 31.619889428037286,
              "new_block_offset": 2,
              "inside_release_blend": true
            },
            {
              "from_frame": 184,
              "to_frame": 185,
              "velocity_deg": 31.619888066341314,
              "new_block_offset": 1,
              "inside_release_blend": true
            },
            {
              "from_frame": 55,
              "to_frame": 56,
              "velocity_deg": 20.284316615755284,
              "new_block_offset": 2,
              "inside_release_blend": true
            },
            {
              "from_frame": 54,
              "to_frame": 55,
              "velocity_deg": 20.284306758367354,
              "new_block_offset": 1,
              "inside_release_blend": true
            },
            {
              "from_frame": 177,
              "to_frame": 178,
              "velocity_deg": 19.974829937218082,
              "new_block_offset": 4,
              "inside_release_blend": false
            },
            {
              "from_frame": 52,
              "to_frame": 53,
              "velocity_deg": 19.28327150992474,
              "new_block_offset": 9,
              "inside_release_blend": false
            },
            {
              "from_frame": 53,
              "to_frame": 54,
              "velocity_deg": 19.283270713440004,
              "new_block_offset": 0,
              "inside_release_blend": true
            },
            {
              "from_frame": 45,
              "to_frame": 46,
              "velocity_deg": 16.784791467368827,
              "new_block_offset": 2,
              "inside_release_blend": true
            },
            {
              "from_frame": 44,
              "to_frame": 45,
              "velocity_deg": 15.85391725902482,
              "new_block_offset": 1,
              "inside_release_blend": true
            },
            {
              "from_frame": 145,
              "to_frame": 146,
              "velocity_deg": 15.1310946627562,
              "new_block_offset": 2,
              "inside_release_blend": true
            },
            {
              "from_frame": 85,
              "to_frame": 86,
              "velocity_deg": 14.4972833981157,
              "new_block_offset": 2,
              "inside_release_blend": true
            },
            {
              "from_frame": 84,
              "to_frame": 85,
              "velocity_deg": 14.497277456425204,
              "new_block_offset": 1,
              "inside_release_blend": true
            }
          ],
          "release_blend_blocks_by_path": [
            {
              "start_frame": 184,
              "endpoint_distance_deg": 55.202331366993945,
              "path_distance_deg": 84.68038516527771,
              "path_to_endpoint_ratio": 1.534000160288683,
              "peak_velocity_deg": 31.619889428037286
            },
            {
              "start_frame": 174,
              "endpoint_distance_deg": 20.138878235290996,
              "path_distance_deg": 62.870480741374905,
              "path_to_endpoint_ratio": 3.1218462124271573,
              "peak_velocity_deg": 19.974829937218082
            },
            {
              "start_frame": 44,
              "endpoint_distance_deg": 21.25658291377006,
              "path_distance_deg": 58.08029517913517,
              "path_to_endpoint_ratio": 2.7323439244560155,
              "peak_velocity_deg": 16.784791467368827
            },
            {
              "start_frame": 84,
              "endpoint_distance_deg": 28.363876624568523,
              "path_distance_deg": 53.747953103725024,
              "path_to_endpoint_ratio": 1.894943833494504,
              "peak_velocity_deg": 14.4972833981157
            },
            {
              "start_frame": 54,
              "endpoint_distance_deg": 34.96973094803537,
              "path_distance_deg": 48.24372861488869,
              "path_to_endpoint_ratio": 1.3795853530179667,
              "peak_velocity_deg": 20.284316615755284
            },
            {
              "start_frame": 164,
              "endpoint_distance_deg": 18.516538013139016,
              "path_distance_deg": 42.39684385597593,
              "path_to_endpoint_ratio": 2.2896744427004583,
              "peak_velocity_deg": 9.673345183930438
            },
            {
              "start_frame": 144,
              "endpoint_distance_deg": 34.4727106060175,
              "path_distance_deg": 40.58644604401795,
              "path_to_endpoint_ratio": 1.1773500061504663,
              "peak_velocity_deg": 15.1310946627562
            },
            {
              "start_frame": 204,
              "endpoint_distance_deg": 33.80794419780953,
              "path_distance_deg": 34.827999886481315,
              "path_to_endpoint_ratio": 1.0301720708808397,
              "peak_velocity_deg": 9.64528178600984
            },
            {
              "start_frame": 134,
              "endpoint_distance_deg": 5.116228993136679,
              "path_distance_deg": 30.956195208141377,
              "path_to_endpoint_ratio": 6.050588284783286,
              "peak_velocity_deg": 9.049011682538401
            },
            {
              "start_frame": 34,
              "endpoint_distance_deg": 16.666825491915016,
              "path_distance_deg": 29.700558284015727,
              "path_to_endpoint_ratio": 1.7820165152880074,
              "peak_velocity_deg": 6.532511765905134
            },
            {
              "start_frame": 104,
              "endpoint_distance_deg": 19.979745451557335,
              "path_distance_deg": 27.68215938482709,
              "path_to_endpoint_ratio": 1.3855111143405177,
              "peak_velocity_deg": 10.282603157547847
            },
            {
              "start_frame": 154,
              "endpoint_distance_deg": 15.753952192576833,
              "path_distance_deg": 24.833697846932445,
              "path_to_endpoint_ratio": 1.5763471631349708,
              "peak_velocity_deg": 6.317274348301639
            },
            {
              "start_frame": 94,
              "endpoint_distance_deg": 13.350786729447382,
              "path_distance_deg": 23.825576294788455,
              "path_to_endpoint_ratio": 1.7845821956122767,
              "peak_velocity_deg": 5.446369810094757
            },
            {
              "start_frame": 214,
              "endpoint_distance_deg": 15.108690263377703,
              "path_distance_deg": 23.03049001087091,
              "path_to_endpoint_ratio": 1.524320745835596,
              "peak_velocity_deg": 8.563771609233525
            },
            {
              "start_frame": 64,
              "endpoint_distance_deg": 18.405309051650697,
              "path_distance_deg": 22.38759279880113,
              "path_to_endpoint_ratio": 1.2163660352550982,
              "peak_velocity_deg": 7.101463083326741
            },
            {
              "start_frame": 74,
              "endpoint_distance_deg": 12.757439646180925,
              "path_distance_deg": 17.974425902194557,
              "path_to_endpoint_ratio": 1.4089367773395967,
              "peak_velocity_deg": 10.017970302938014
            },
            {
              "start_frame": 194,
              "endpoint_distance_deg": 10.394343472058855,
              "path_distance_deg": 13.633885412106014,
              "path_to_endpoint_ratio": 1.3116639303632218,
              "peak_velocity_deg": 5.176165593769262
            },
            {
              "start_frame": 124,
              "endpoint_distance_deg": 5.0618923506464695,
              "path_distance_deg": 12.246521458031062,
              "path_to_endpoint_ratio": 2.419356361157507,
              "peak_velocity_deg": 4.0440908544594345
            },
            {
              "start_frame": 114,
              "endpoint_distance_deg": 5.895670799949515,
              "path_distance_deg": 7.025801567017877,
              "path_to_endpoint_ratio": 1.191688241324132,
              "peak_velocity_deg": 3.159416645917641
            }
          ],
          "boundary_blocks_by_peak": [
            {
              "start_frame": 184,
              "end_frame": 190,
              "entry_jump_deg": 1.820748867103489,
              "path_distance_deg": 86.5011340323812,
              "endpoint_distance_deg": 53.53009211790744,
              "path_to_endpoint_ratio": 1.6159347127938894,
              "peak_velocity_deg": 31.619889428037286
            },
            {
              "start_frame": 54,
              "end_frame": 60,
              "entry_jump_deg": 19.283270713440004,
              "path_distance_deg": 67.52699932832869,
              "endpoint_distance_deg": 16.903355803205677,
              "path_to_endpoint_ratio": 3.9948871759252897,
              "peak_velocity_deg": 20.284316615755284
            },
            {
              "start_frame": 174,
              "end_frame": 180,
              "entry_jump_deg": 3.1396019982251993,
              "path_distance_deg": 66.01008273960011,
              "endpoint_distance_deg": 20.773763385308882,
              "path_to_endpoint_ratio": 3.1775697794980258,
              "peak_velocity_deg": 19.974829937218082
            },
            {
              "start_frame": 44,
              "end_frame": 50,
              "entry_jump_deg": 7.7803459792209715,
              "path_distance_deg": 65.86064115835615,
              "endpoint_distance_deg": 25.953592646864724,
              "path_to_endpoint_ratio": 2.537630996004413,
              "peak_velocity_deg": 16.784791467368827
            },
            {
              "start_frame": 144,
              "end_frame": 150,
              "entry_jump_deg": 9.081434983785638,
              "path_distance_deg": 49.66788102780359,
              "endpoint_distance_deg": 25.92113476560649,
              "path_to_endpoint_ratio": 1.916115227088959,
              "peak_velocity_deg": 15.1310946627562
            },
            {
              "start_frame": 84,
              "end_frame": 90,
              "entry_jump_deg": 7.475749497989433,
              "path_distance_deg": 61.22370260171446,
              "endpoint_distance_deg": 21.113455844871876,
              "path_to_endpoint_ratio": 2.8997480588467814,
              "peak_velocity_deg": 14.4972833981157
            },
            {
              "start_frame": 104,
              "end_frame": 110,
              "entry_jump_deg": 1.3247873526056113,
              "path_distance_deg": 29.006946737432703,
              "endpoint_distance_deg": 18.682722828932636,
              "path_to_endpoint_ratio": 1.5526080969585256,
              "peak_velocity_deg": 10.282603157547847
            },
            {
              "start_frame": 74,
              "end_frame": 80,
              "entry_jump_deg": 0.6798039707154254,
              "path_distance_deg": 18.65422987290998,
              "endpoint_distance_deg": 12.57298753422283,
              "path_to_endpoint_ratio": 1.483675206241509,
              "peak_velocity_deg": 10.017970302938014
            },
            {
              "start_frame": 164,
              "end_frame": 170,
              "entry_jump_deg": 0.4461407978569069,
              "path_distance_deg": 42.84298465383283,
              "endpoint_distance_deg": 18.688464993079297,
              "path_to_endpoint_ratio": 2.2924828052864923,
              "peak_velocity_deg": 9.673345183930438
            },
            {
              "start_frame": 204,
              "end_frame": 210,
              "entry_jump_deg": 1.5142448705864333,
              "path_distance_deg": 36.34224475706775,
              "endpoint_distance_deg": 33.202938195676,
              "path_to_endpoint_ratio": 1.0945490589685398,
              "peak_velocity_deg": 9.64528178600984
            },
            {
              "start_frame": 134,
              "end_frame": 140,
              "entry_jump_deg": 6.962282789715786,
              "path_distance_deg": 37.91847799785717,
              "endpoint_distance_deg": 4.700908568181259,
              "path_to_endpoint_ratio": 8.066201979445752,
              "peak_velocity_deg": 9.049011682538401
            },
            {
              "start_frame": 214,
              "end_frame": 220,
              "entry_jump_deg": 4.2396957604512995,
              "path_distance_deg": 27.270185771322208,
              "endpoint_distance_deg": 10.8697721834764,
              "path_to_endpoint_ratio": 2.5088093210248483,
              "peak_velocity_deg": 8.563771609233525
            },
            {
              "start_frame": 64,
              "end_frame": 70,
              "entry_jump_deg": 0.882959290025202,
              "path_distance_deg": 23.27055208882633,
              "endpoint_distance_deg": 18.274836014885384,
              "path_to_endpoint_ratio": 1.2733658496235913,
              "peak_velocity_deg": 7.101463083326741
            },
            {
              "start_frame": 34,
              "end_frame": 40,
              "entry_jump_deg": 3.1569116482417887,
              "path_distance_deg": 32.857469932257516,
              "endpoint_distance_deg": 14.462221533868648,
              "path_to_endpoint_ratio": 2.2719517783149414,
              "peak_velocity_deg": 6.532511765905134
            },
            {
              "start_frame": 154,
              "end_frame": 160,
              "entry_jump_deg": 0.6704497138982031,
              "path_distance_deg": 25.504147560830646,
              "endpoint_distance_deg": 16.028884078660344,
              "path_to_endpoint_ratio": 1.5911368149941865,
              "peak_velocity_deg": 6.317274348301639
            },
            {
              "start_frame": 94,
              "end_frame": 100,
              "entry_jump_deg": 1.1900868621638288,
              "path_distance_deg": 25.015663156952282,
              "endpoint_distance_deg": 14.284803870879001,
              "path_to_endpoint_ratio": 1.7512080237901768,
              "peak_velocity_deg": 5.446369810094757
            },
            {
              "start_frame": 194,
              "end_frame": 200,
              "entry_jump_deg": 3.355833920749891,
              "path_distance_deg": 16.989719332855906,
              "endpoint_distance_deg": 7.5469031451689705,
              "path_to_endpoint_ratio": 2.2512173544630163,
              "peak_velocity_deg": 5.176165593769262
            },
            {
              "start_frame": 124,
              "end_frame": 130,
              "entry_jump_deg": 2.3576900129652514,
              "path_distance_deg": 14.604211470996312,
              "endpoint_distance_deg": 5.073349742665157,
              "path_to_endpoint_ratio": 2.87861318690092,
              "peak_velocity_deg": 4.0440908544594345
            },
            {
              "start_frame": 114,
              "end_frame": 120,
              "entry_jump_deg": 0.08392600518111767,
              "path_distance_deg": 7.109727572198994,
              "endpoint_distance_deg": 5.820571060148287,
              "path_to_endpoint_ratio": 1.2214828233740116,
              "peak_velocity_deg": 3.159416645917641
            }
          ]
        },
        "ground_truth": {
          "order": "XYZ",
          "excursion_p90_deg": 25.0916436348067,
          "excursion_max_deg": 29.93609911916353,
          "velocity_rms_deg_per_frame": 3.253390336110928,
          "velocity_p95_deg_per_frame": 7.690566014034925,
          "velocity_max_deg_per_frame": 17.325939080855115,
          "euler_axis_step_p95_deg": [
            1.3935239999999898,
            5.380456199999997,
            3.566599399999985
          ],
          "top_velocity_transitions": [
            {
              "from_frame": 158,
              "to_frame": 159,
              "velocity_deg": 17.325939080855115,
              "new_block_offset": 5,
              "inside_release_blend": false
            },
            {
              "from_frame": 138,
              "to_frame": 139,
              "velocity_deg": 14.413812932632158,
              "new_block_offset": 5,
              "inside_release_blend": false
            },
            {
              "from_frame": 183,
              "to_frame": 184,
              "velocity_deg": 13.882486117783307,
              "new_block_offset": 0,
              "inside_release_blend": true
            },
            {
              "from_frame": 157,
              "to_frame": 158,
              "velocity_deg": 10.933214751086467,
              "new_block_offset": 4,
              "inside_release_blend": false
            },
            {
              "from_frame": 200,
              "to_frame": 201,
              "velocity_deg": 10.61973284045564,
              "new_block_offset": 7,
              "inside_release_blend": false
            },
            {
              "from_frame": 139,
              "to_frame": 140,
              "velocity_deg": 10.355717631713276,
              "new_block_offset": 6,
              "inside_release_blend": false
            },
            {
              "from_frame": 182,
              "to_frame": 183,
              "velocity_deg": 9.918933375051015,
              "new_block_offset": 9,
              "inside_release_blend": false
            },
            {
              "from_frame": 173,
              "to_frame": 174,
              "velocity_deg": 8.388668914597707,
              "new_block_offset": 0,
              "inside_release_blend": true
            },
            {
              "from_frame": 172,
              "to_frame": 173,
              "velocity_deg": 8.167307931496477,
              "new_block_offset": 9,
              "inside_release_blend": false
            },
            {
              "from_frame": 24,
              "to_frame": 25,
              "velocity_deg": 8.166908683017143,
              "new_block_offset": null,
              "inside_release_blend": false
            },
            {
              "from_frame": 156,
              "to_frame": 157,
              "velocity_deg": 8.08657434783838,
              "new_block_offset": 3,
              "inside_release_blend": false
            },
            {
              "from_frame": 191,
              "to_frame": 192,
              "velocity_deg": 7.754347627382885,
              "new_block_offset": 8,
              "inside_release_blend": false
            }
          ],
          "release_blend_blocks_by_path": [
            {
              "start_frame": 154,
              "endpoint_distance_deg": 43.69285272784064,
              "path_distance_deg": 51.67114115468997,
              "path_to_endpoint_ratio": 1.1825993939225132,
              "peak_velocity_deg": 17.325939080855115
            },
            {
              "start_frame": 134,
              "endpoint_distance_deg": 23.786703051283776,
              "path_distance_deg": 30.36572525488532,
              "path_to_endpoint_ratio": 1.27658403055763,
              "peak_velocity_deg": 14.413812932632158
            },
            {
              "start_frame": 34,
              "endpoint_distance_deg": 6.051332374452494,
              "path_distance_deg": 19.64242141431034,
              "path_to_endpoint_ratio": 3.2459663754773556,
              "peak_velocity_deg": 7.116531493903426
            },
            {
              "start_frame": 214,
              "endpoint_distance_deg": 14.295382633686918,
              "path_distance_deg": 17.60775773061215,
              "path_to_endpoint_ratio": 1.2317094394605188,
              "peak_velocity_deg": 4.997425960784078
            },
            {
              "start_frame": 174,
              "endpoint_distance_deg": 2.304363563032468,
              "path_distance_deg": 17.266502691820676,
              "path_to_endpoint_ratio": 7.492959430888812,
              "peak_velocity_deg": 4.676821098099523
            },
            {
              "start_frame": 194,
              "endpoint_distance_deg": 8.616278198959478,
              "path_distance_deg": 16.17394498005233,
              "path_to_endpoint_ratio": 1.8771382035930007,
              "peak_velocity_deg": 4.078213996843599
            },
            {
              "start_frame": 184,
              "endpoint_distance_deg": 8.057834886608827,
              "path_distance_deg": 11.607244572589051,
              "path_to_endpoint_ratio": 1.440491737039552,
              "peak_velocity_deg": 2.951134798077818
            },
            {
              "start_frame": 164,
              "endpoint_distance_deg": 8.534615769470147,
              "path_distance_deg": 10.81531512788909,
              "path_to_endpoint_ratio": 1.2672292953805153,
              "peak_velocity_deg": 2.827418150270304
            },
            {
              "start_frame": 144,
              "endpoint_distance_deg": 5.009128469603327,
              "path_distance_deg": 8.41385503034564,
              "path_to_endpoint_ratio": 1.6797043799940579,
              "peak_velocity_deg": 3.2737908132251423
            },
            {
              "start_frame": 94,
              "endpoint_distance_deg": 3.647813714012486,
              "path_distance_deg": 7.558638258480077,
              "path_to_endpoint_ratio": 2.0721009489724738,
              "peak_velocity_deg": 2.6861854997325714
            },
            {
              "start_frame": 84,
              "endpoint_distance_deg": 2.9223878672293706,
              "path_distance_deg": 6.171603494890768,
              "path_to_endpoint_ratio": 2.1118358600160363,
              "peak_velocity_deg": 1.8109190134023734
            },
            {
              "start_frame": 44,
              "endpoint_distance_deg": 4.023807509640437,
              "path_distance_deg": 5.6755197230839,
              "path_to_endpoint_ratio": 1.410484897571817,
              "peak_velocity_deg": 1.824131725100474
            },
            {
              "start_frame": 54,
              "endpoint_distance_deg": 3.2772143485119942,
              "path_distance_deg": 4.844309246111408,
              "path_to_endpoint_ratio": 1.4781789443558815,
              "peak_velocity_deg": 1.3980225312938401
            },
            {
              "start_frame": 204,
              "endpoint_distance_deg": 4.16770356660836,
              "path_distance_deg": 4.79256528963273,
              "path_to_endpoint_ratio": 1.14992950267163,
              "peak_velocity_deg": 1.3774899084799648
            },
            {
              "start_frame": 104,
              "endpoint_distance_deg": 1.976109877620042,
              "path_distance_deg": 3.764483118054725,
              "path_to_endpoint_ratio": 1.9049968631240977,
              "peak_velocity_deg": 1.3392144674788748
            },
            {
              "start_frame": 74,
              "endpoint_distance_deg": 0.476193808230904,
              "path_distance_deg": 3.3617073772645956,
              "path_to_endpoint_ratio": 7.059536094670346,
              "peak_velocity_deg": 0.8947980313327076
            },
            {
              "start_frame": 124,
              "endpoint_distance_deg": 2.12106983644642,
              "path_distance_deg": 3.0632616876778274,
              "path_to_endpoint_ratio": 1.4442059544865948,
              "peak_velocity_deg": 0.7830620173166889
            },
            {
              "start_frame": 64,
              "endpoint_distance_deg": 1.2476943390529827,
              "path_distance_deg": 2.003026211665425,
              "path_to_endpoint_ratio": 1.6053821428618082,
              "peak_velocity_deg": 0.5852463958820886
            },
            {
              "start_frame": 114,
              "endpoint_distance_deg": 0.6185521273588355,
              "path_distance_deg": 1.164731477655364,
              "path_to_endpoint_ratio": 1.8829964786131566,
              "peak_velocity_deg": 0.37086065957364134
            }
          ],
          "boundary_blocks_by_peak": [
            {
              "start_frame": 154,
              "end_frame": 160,
              "entry_jump_deg": 0.6678418685018502,
              "path_distance_deg": 52.33898302319182,
              "endpoint_distance_deg": 43.06026190144135,
              "path_to_endpoint_ratio": 1.215482226814786,
              "peak_velocity_deg": 17.325939080855115
            },
            {
              "start_frame": 134,
              "end_frame": 140,
              "entry_jump_deg": 0.36152908659435107,
              "path_distance_deg": 30.727254341479668,
              "endpoint_distance_deg": 23.451435397044207,
              "path_to_endpoint_ratio": 1.3102504738516985,
              "peak_velocity_deg": 14.413812932632158
            },
            {
              "start_frame": 184,
              "end_frame": 190,
              "entry_jump_deg": 13.882486117783307,
              "path_distance_deg": 25.48973069037236,
              "endpoint_distance_deg": 6.029134311203369,
              "path_to_endpoint_ratio": 4.22775963756641,
              "peak_velocity_deg": 13.882486117783307
            },
            {
              "start_frame": 174,
              "end_frame": 180,
              "entry_jump_deg": 8.388668914597707,
              "path_distance_deg": 25.655171606418378,
              "endpoint_distance_deg": 8.799595238561542,
              "path_to_endpoint_ratio": 2.915494509792043,
              "peak_velocity_deg": 8.388668914597707
            },
            {
              "start_frame": 34,
              "end_frame": 40,
              "entry_jump_deg": 2.7742305127478186,
              "path_distance_deg": 22.41665192705816,
              "endpoint_distance_deg": 8.632065616604036,
              "path_to_endpoint_ratio": 2.5969047181405878,
              "peak_velocity_deg": 7.116531493903426
            },
            {
              "start_frame": 214,
              "end_frame": 220,
              "entry_jump_deg": 1.4685745933035717,
              "path_distance_deg": 19.07633232391572,
              "endpoint_distance_deg": 15.760458520352575,
              "path_to_endpoint_ratio": 1.2103919628531827,
              "peak_velocity_deg": 4.997425960784078
            },
            {
              "start_frame": 194,
              "end_frame": 200,
              "entry_jump_deg": 4.578246801502562,
              "path_distance_deg": 20.75219178155489,
              "endpoint_distance_deg": 12.297362094393232,
              "path_to_endpoint_ratio": 1.6875319781806288,
              "peak_velocity_deg": 4.578246801502562
            },
            {
              "start_frame": 144,
              "end_frame": 150,
              "entry_jump_deg": 2.4111571154535483,
              "path_distance_deg": 10.825012145799189,
              "endpoint_distance_deg": 7.402955264092693,
              "path_to_endpoint_ratio": 1.4622555127821515,
              "peak_velocity_deg": 3.2737908132251423
            },
            {
              "start_frame": 204,
              "end_frame": 210,
              "entry_jump_deg": 2.8613938018724028,
              "path_distance_deg": 7.6539590915051345,
              "endpoint_distance_deg": 4.351129282943878,
              "path_to_endpoint_ratio": 1.7590741607030886,
              "peak_velocity_deg": 2.8613938018724028
            },
            {
              "start_frame": 164,
              "end_frame": 170,
              "entry_jump_deg": 2.0908289353722087,
              "path_distance_deg": 12.906144063261298,
              "endpoint_distance_deg": 10.2217697717309,
              "path_to_endpoint_ratio": 1.2626134565223963,
              "peak_velocity_deg": 2.827418150270304
            },
            {
              "start_frame": 94,
              "end_frame": 100,
              "entry_jump_deg": 1.0332865971645164,
              "path_distance_deg": 8.591924855644594,
              "endpoint_distance_deg": 3.825913159658263,
              "path_to_endpoint_ratio": 2.2457187335668745,
              "peak_velocity_deg": 2.6861854997325714
            },
            {
              "start_frame": 44,
              "end_frame": 50,
              "entry_jump_deg": 0.9323697658895241,
              "path_distance_deg": 6.607889488973424,
              "endpoint_distance_deg": 3.5024484865257053,
              "path_to_endpoint_ratio": 1.8866485872368095,
              "peak_velocity_deg": 1.824131725100474
            },
            {
              "start_frame": 84,
              "end_frame": 90,
              "entry_jump_deg": 0.7696169841399835,
              "path_distance_deg": 6.941220479030751,
              "endpoint_distance_deg": 2.3186304903674175,
              "path_to_endpoint_ratio": 2.993672561396716,
              "peak_velocity_deg": 1.8109190134023734
            },
            {
              "start_frame": 54,
              "end_frame": 60,
              "entry_jump_deg": 1.0531640329551248,
              "path_distance_deg": 5.897473279066532,
              "endpoint_distance_deg": 2.543534743553037,
              "path_to_endpoint_ratio": 2.318613218873674,
              "peak_velocity_deg": 1.3980225312938401
            },
            {
              "start_frame": 104,
              "end_frame": 110,
              "entry_jump_deg": 1.0356293128871183,
              "path_distance_deg": 4.8001124309418435,
              "endpoint_distance_deg": 2.3207741818264984,
              "path_to_endpoint_ratio": 2.068323781146192,
              "peak_velocity_deg": 1.3392144674788748
            },
            {
              "start_frame": 74,
              "end_frame": 80,
              "entry_jump_deg": 0.9748523319219048,
              "path_distance_deg": 4.3365597091865,
              "endpoint_distance_deg": 1.4373192924245441,
              "path_to_endpoint_ratio": 3.017116469557274,
              "peak_velocity_deg": 0.9748523319219048
            },
            {
              "start_frame": 124,
              "end_frame": 130,
              "entry_jump_deg": 0.4120167144474012,
              "path_distance_deg": 3.4752784021252285,
              "endpoint_distance_deg": 1.8041239849271773,
              "path_to_endpoint_ratio": 1.9262968793497341,
              "peak_velocity_deg": 0.7830620173166889
            },
            {
              "start_frame": 64,
              "end_frame": 70,
              "entry_jump_deg": 0.08315600548490087,
              "path_distance_deg": 2.0861822171503257,
              "endpoint_distance_deg": 1.1653059181965157,
              "path_to_endpoint_ratio": 1.790244247947357,
              "peak_velocity_deg": 0.5852463958820886
            },
            {
              "start_frame": 114,
              "end_frame": 120,
              "entry_jump_deg": 0.04836494919095422,
              "path_distance_deg": 1.213096426846318,
              "endpoint_distance_deg": 0.6182096726472346,
              "path_to_endpoint_ratio": 1.962273449478265,
              "peak_velocity_deg": 0.37086065957364134
            }
          ]
        },
        "ratios": {
          "excursion_p90": 1.071089952555675,
          "velocity_rms": 2.0148180944464165,
          "velocity_p95": 1.8805351478515953
        }
      }
    },
    "energetic": {
      "RightShoulder": {
        "prediction": {
          "order": "XYZ",
          "excursion_p90_deg": 3.563305183609696,
          "excursion_max_deg": 5.621945095788949,
          "velocity_rms_deg_per_frame": 0.8578981881650051,
          "velocity_p95_deg_per_frame": 1.76454409011369,
          "velocity_max_deg_per_frame": 2.978051349646366,
          "euler_axis_step_p95_deg": [
            0.011165400000010093,
            1.1734519999999937,
            1.4692510000000094
          ],
          "top_velocity_transitions": [
            {
              "from_frame": 35,
              "to_frame": 36,
              "velocity_deg": 2.978051349646366,
              "new_block_offset": 2,
              "inside_release_blend": true
            },
            {
              "from_frame": 34,
              "to_frame": 35,
              "velocity_deg": 2.6500740260135993,
              "new_block_offset": 1,
              "inside_release_blend": true
            },
            {
              "from_frame": 125,
              "to_frame": 126,
              "velocity_deg": 2.2261418450960133,
              "new_block_offset": 2,
              "inside_release_blend": true
            },
            {
              "from_frame": 184,
              "to_frame": 185,
              "velocity_deg": 2.223662363287568,
              "new_block_offset": 1,
              "inside_release_blend": true
            },
            {
              "from_frame": 185,
              "to_frame": 186,
              "velocity_deg": 2.2236612787702033,
              "new_block_offset": 2,
              "inside_release_blend": true
            },
            {
              "from_frame": 54,
              "to_frame": 55,
              "velocity_deg": 2.1935135702363677,
              "new_block_offset": 1,
              "inside_release_blend": true
            },
            {
              "from_frame": 55,
              "to_frame": 56,
              "velocity_deg": 2.168173162605266,
              "new_block_offset": 2,
              "inside_release_blend": true
            },
            {
              "from_frame": 165,
              "to_frame": 166,
              "velocity_deg": 2.111850785847558,
              "new_block_offset": 2,
              "inside_release_blend": true
            },
            {
              "from_frame": 204,
              "to_frame": 205,
              "velocity_deg": 1.8291469516588867,
              "new_block_offset": 1,
              "inside_release_blend": true
            },
            {
              "from_frame": 205,
              "to_frame": 206,
              "velocity_deg": 1.8291459827109127,
              "new_block_offset": 2,
              "inside_release_blend": true
            },
            {
              "from_frame": 124,
              "to_frame": 125,
              "velocity_deg": 1.8271184326411352,
              "new_block_offset": 1,
              "inside_release_blend": true
            },
            {
              "from_frame": 164,
              "to_frame": 165,
              "velocity_deg": 1.7777862525872814,
              "new_block_offset": 1,
              "inside_release_blend": true
            }
          ],
          "release_blend_blocks_by_path": [
            {
              "start_frame": 124,
              "endpoint_distance_deg": 7.133993037883945,
              "path_distance_deg": 8.930877298687156,
              "path_to_endpoint_ratio": 1.2518763687126047,
              "peak_velocity_deg": 2.2261418450960133
            },
            {
              "start_frame": 34,
              "endpoint_distance_deg": 6.433743611729736,
              "path_distance_deg": 8.265798879881519,
              "path_to_endpoint_ratio": 1.2847572702169319,
              "peak_velocity_deg": 2.978051349646366
            },
            {
              "start_frame": 204,
              "endpoint_distance_deg": 5.632600041953932,
              "path_distance_deg": 7.218633838178711,
              "path_to_endpoint_ratio": 1.2815811143009168,
              "peak_velocity_deg": 1.8291469516588867
            },
            {
              "start_frame": 134,
              "endpoint_distance_deg": 3.655121336629644,
              "path_distance_deg": 6.721682110594361,
              "path_to_endpoint_ratio": 1.838976463854512,
              "peak_velocity_deg": 1.5952735641292726
            },
            {
              "start_frame": 94,
              "endpoint_distance_deg": 2.9534328836765593,
              "path_distance_deg": 5.973140019104075,
              "path_to_endpoint_ratio": 2.0224397351696224,
              "peak_velocity_deg": 1.5208915536598426
            },
            {
              "start_frame": 54,
              "endpoint_distance_deg": 4.3890811065236015,
              "path_distance_deg": 5.782052895637108,
              "path_to_endpoint_ratio": 1.3173720775045823,
              "peak_velocity_deg": 2.1935135702363677
            },
            {
              "start_frame": 184,
              "endpoint_distance_deg": 5.2458527252641804,
              "path_distance_deg": 5.7493480492043165,
              "path_to_endpoint_ratio": 1.0959796910643884,
              "peak_velocity_deg": 2.223662363287568
            },
            {
              "start_frame": 164,
              "endpoint_distance_deg": 5.020003946083866,
              "path_distance_deg": 5.516618601348577,
              "path_to_endpoint_ratio": 1.098927144400379,
              "peak_velocity_deg": 2.111850785847558
            },
            {
              "start_frame": 144,
              "endpoint_distance_deg": 2.5666979665152927,
              "path_distance_deg": 5.427383841777537,
              "path_to_endpoint_ratio": 2.1145393468893765,
              "peak_velocity_deg": 1.5461202468393895
            },
            {
              "start_frame": 214,
              "endpoint_distance_deg": 2.0995814160005417,
              "path_distance_deg": 4.506395457882327,
              "path_to_endpoint_ratio": 2.1463304178346587,
              "peak_velocity_deg": 1.1243031676456627
            },
            {
              "start_frame": 114,
              "endpoint_distance_deg": 3.747282897574312,
              "path_distance_deg": 4.478264301155562,
              "path_to_endpoint_ratio": 1.1950697141265818,
              "peak_velocity_deg": 1.5914290286124866
            },
            {
              "start_frame": 44,
              "endpoint_distance_deg": 3.931685481044062,
              "path_distance_deg": 4.337593694245525,
              "path_to_endpoint_ratio": 1.1032402553964398,
              "peak_velocity_deg": 1.0408888748605685
            },
            {
              "start_frame": 194,
              "endpoint_distance_deg": 3.063033276385255,
              "path_distance_deg": 4.003037315813173,
              "path_to_endpoint_ratio": 1.3068866560069614,
              "peak_velocity_deg": 1.3022796390577693
            },
            {
              "start_frame": 174,
              "endpoint_distance_deg": 2.3750117961097788,
              "path_distance_deg": 3.7510626684481645,
              "path_to_endpoint_ratio": 1.5793869632952262,
              "peak_velocity_deg": 1.2358909086814687
            },
            {
              "start_frame": 64,
              "endpoint_distance_deg": 1.6513467487637632,
              "path_distance_deg": 3.3081656917040907,
              "path_to_endpoint_ratio": 2.0033137765770035,
              "peak_velocity_deg": 0.9178426554236621
            },
            {
              "start_frame": 84,
              "endpoint_distance_deg": 1.3925695024257556,
              "path_distance_deg": 2.6238276121392214,
              "path_to_endpoint_ratio": 1.884162770740493,
              "peak_velocity_deg": 0.6958649952363888
            },
            {
              "start_frame": 104,
              "endpoint_distance_deg": 0.5677043044497765,
              "path_distance_deg": 2.5609652615918557,
              "path_to_endpoint_ratio": 4.5110900895387145,
              "peak_velocity_deg": 0.6228519613584641
            },
            {
              "start_frame": 154,
              "endpoint_distance_deg": 1.7918252422091594,
              "path_distance_deg": 2.5172617402236304,
              "path_to_endpoint_ratio": 1.4048589566246277,
              "peak_velocity_deg": 0.7833727925760408
            },
            {
              "start_frame": 74,
              "endpoint_distance_deg": 1.5460660944527844,
              "path_distance_deg": 1.968629705963001,
              "path_to_endpoint_ratio": 1.2733153602076623,
              "peak_velocity_deg": 0.4897566881553642
            }
          ],
          "boundary_blocks_by_peak": [
            {
              "start_frame": 34,
              "end_frame": 40,
              "entry_jump_deg": 1.2262454649288705,
              "path_distance_deg": 9.49204434481039,
              "endpoint_distance_deg": 5.220712595024009,
              "path_to_endpoint_ratio": 1.8181510994988486,
              "peak_velocity_deg": 2.978051349646366
            },
            {
              "start_frame": 124,
              "end_frame": 130,
              "entry_jump_deg": 0.2846878221282645,
              "path_distance_deg": 9.21556512081542,
              "endpoint_distance_deg": 7.39387357912822,
              "path_to_endpoint_ratio": 1.2463785081245584,
              "peak_velocity_deg": 2.2261418450960133
            },
            {
              "start_frame": 184,
              "end_frame": 190,
              "entry_jump_deg": 1.301712442253383,
              "path_distance_deg": 7.051060491457699,
              "endpoint_distance_deg": 4.680973706930665,
              "path_to_endpoint_ratio": 1.5063234559548746,
              "peak_velocity_deg": 2.223662363287568
            },
            {
              "start_frame": 54,
              "end_frame": 60,
              "entry_jump_deg": 0.20366390656752098,
              "path_distance_deg": 5.98571680220463,
              "endpoint_distance_deg": 4.539932127232887,
              "path_to_endpoint_ratio": 1.318459535176566,
              "peak_velocity_deg": 2.1935135702363677
            },
            {
              "start_frame": 164,
              "end_frame": 170,
              "entry_jump_deg": 0.8385369550735927,
              "path_distance_deg": 6.3551555564221704,
              "endpoint_distance_deg": 4.207487550546218,
              "path_to_endpoint_ratio": 1.510439539053928,
              "peak_velocity_deg": 2.111850785847558
            },
            {
              "start_frame": 204,
              "end_frame": 210,
              "entry_jump_deg": 0.15136454600403546,
              "path_distance_deg": 7.369998384182745,
              "endpoint_distance_deg": 5.531461502322609,
              "path_to_endpoint_ratio": 1.3323781393196268,
              "peak_velocity_deg": 1.8291469516588867
            },
            {
              "start_frame": 134,
              "end_frame": 140,
              "entry_jump_deg": 0.8130513477077803,
              "path_distance_deg": 7.53473345830214,
              "endpoint_distance_deg": 4.0244742114596415,
              "path_to_endpoint_ratio": 1.872228038347737,
              "peak_velocity_deg": 1.5952735641292726
            },
            {
              "start_frame": 114,
              "end_frame": 120,
              "entry_jump_deg": 0.1613374315397687,
              "path_distance_deg": 4.639601732695331,
              "endpoint_distance_deg": 3.8352993312355577,
              "path_to_endpoint_ratio": 1.2097104637725014,
              "peak_velocity_deg": 1.5914290286124866
            },
            {
              "start_frame": 144,
              "end_frame": 150,
              "entry_jump_deg": 0.22806254766740938,
              "path_distance_deg": 5.655446389444947,
              "endpoint_distance_deg": 2.570105721572968,
              "path_to_endpoint_ratio": 2.2004722770640246,
              "peak_velocity_deg": 1.5461202468393895
            },
            {
              "start_frame": 94,
              "end_frame": 100,
              "entry_jump_deg": 0.7384457632550088,
              "path_distance_deg": 6.711585782359083,
              "endpoint_distance_deg": 2.254404321843138,
              "path_to_endpoint_ratio": 2.9770994126164014,
              "peak_velocity_deg": 1.5208915536598426
            },
            {
              "start_frame": 194,
              "end_frame": 200,
              "entry_jump_deg": 0.15196040751462664,
              "path_distance_deg": 4.154997723327799,
              "endpoint_distance_deg": 2.973526744318548,
              "path_to_endpoint_ratio": 1.3973298647024655,
              "peak_velocity_deg": 1.3022796390577693
            },
            {
              "start_frame": 174,
              "end_frame": 180,
              "entry_jump_deg": 0.32807930257691614,
              "path_distance_deg": 4.079141971025081,
              "endpoint_distance_deg": 2.36374549509895,
              "path_to_endpoint_ratio": 1.7257111560795684,
              "peak_velocity_deg": 1.2358909086814687
            },
            {
              "start_frame": 214,
              "end_frame": 220,
              "entry_jump_deg": 0.19094978917438907,
              "path_distance_deg": 4.697345247056716,
              "endpoint_distance_deg": 1.962178269723468,
              "path_to_endpoint_ratio": 2.3939441790468496,
              "peak_velocity_deg": 1.1243031676456627
            },
            {
              "start_frame": 44,
              "end_frame": 50,
              "entry_jump_deg": 0.019657365968457734,
              "path_distance_deg": 4.357251060213983,
              "endpoint_distance_deg": 3.9218995811021964,
              "path_to_endpoint_ratio": 1.1110052590865769,
              "peak_velocity_deg": 1.0408888748605685
            },
            {
              "start_frame": 64,
              "end_frame": 70,
              "entry_jump_deg": 0.5260894365786986,
              "path_distance_deg": 3.8342551282827886,
              "endpoint_distance_deg": 1.1546476707915512,
              "path_to_endpoint_ratio": 3.3207143835091038,
              "peak_velocity_deg": 0.9178426554236621
            },
            {
              "start_frame": 104,
              "end_frame": 110,
              "entry_jump_deg": 0.8436898061750951,
              "path_distance_deg": 3.404655067766951,
              "endpoint_distance_deg": 0.5189597577792323,
              "path_to_endpoint_ratio": 6.560537723264673,
              "peak_velocity_deg": 0.8436898061750951
            },
            {
              "start_frame": 154,
              "end_frame": 160,
              "entry_jump_deg": 0.2000746082107527,
              "path_distance_deg": 2.717336348434383,
              "endpoint_distance_deg": 1.953990119496171,
              "path_to_endpoint_ratio": 1.39066022971244,
              "peak_velocity_deg": 0.7833727925760408
            },
            {
              "start_frame": 84,
              "end_frame": 90,
              "entry_jump_deg": 0.2188918452245055,
              "path_distance_deg": 2.842719457363727,
              "endpoint_distance_deg": 1.196965476062925,
              "path_to_endpoint_ratio": 2.3749385543800634,
              "peak_velocity_deg": 0.6958649952363888
            },
            {
              "start_frame": 74,
              "end_frame": 80,
              "entry_jump_deg": 0.24350701059040902,
              "path_distance_deg": 2.2121367165534096,
              "endpoint_distance_deg": 1.6937531548340317,
              "path_to_endpoint_ratio": 1.3060561453361093,
              "peak_velocity_deg": 0.4897566881553642
            }
          ]
        },
        "ground_truth": {
          "order": "XYZ",
          "excursion_p90_deg": 3.2285192200329402,
          "excursion_max_deg": 7.713683316687331,
          "velocity_rms_deg_per_frame": 0.6681879610280684,
          "velocity_p95_deg_per_frame": 1.3391563408887324,
          "velocity_max_deg_per_frame": 2.0340784954547244,
          "euler_axis_step_p95_deg": [
            3.999999989900971e-06,
            0.9227706000000034,
            1.1131035000000107
          ],
          "top_velocity_transitions": [
            {
              "from_frame": 60,
              "to_frame": 61,
              "velocity_deg": 2.0340784954547244,
              "new_block_offset": 7,
              "inside_release_blend": false
            },
            {
              "from_frame": 192,
              "to_frame": 193,
              "velocity_deg": 1.8600746717148724,
              "new_block_offset": 9,
              "inside_release_blend": false
            },
            {
              "from_frame": 53,
              "to_frame": 54,
              "velocity_deg": 1.7637680558992965,
              "new_block_offset": 0,
              "inside_release_blend": true
            },
            {
              "from_frame": 188,
              "to_frame": 189,
              "velocity_deg": 1.5811684838286,
              "new_block_offset": 5,
              "inside_release_blend": false
            },
            {
              "from_frame": 70,
              "to_frame": 71,
              "velocity_deg": 1.5141538960277432,
              "new_block_offset": 7,
              "inside_release_blend": false
            },
            {
              "from_frame": 57,
              "to_frame": 58,
              "velocity_deg": 1.4994553738059375,
              "new_block_offset": 4,
              "inside_release_blend": false
            },
            {
              "from_frame": 204,
              "to_frame": 205,
              "velocity_deg": 1.473884982783785,
              "new_block_offset": 1,
              "inside_release_blend": true
            },
            {
              "from_frame": 189,
              "to_frame": 190,
              "velocity_deg": 1.421402289940983,
              "new_block_offset": 6,
              "inside_release_blend": false
            },
            {
              "from_frame": 54,
              "to_frame": 55,
              "velocity_deg": 1.402994494984586,
              "new_block_offset": 1,
              "inside_release_blend": true
            },
            {
              "from_frame": 78,
              "to_frame": 79,
              "velocity_deg": 1.3579621494408456,
              "new_block_offset": 5,
              "inside_release_blend": false
            },
            {
              "from_frame": 191,
              "to_frame": 192,
              "velocity_deg": 1.3525946080438451,
              "new_block_offset": 8,
              "inside_release_blend": false
            },
            {
              "from_frame": 66,
              "to_frame": 67,
              "velocity_deg": 1.3404393981888572,
              "new_block_offset": 3,
              "inside_release_blend": false
            }
          ],
          "release_blend_blocks_by_path": [
            {
              "start_frame": 54,
              "endpoint_distance_deg": 2.626730166087088,
              "path_distance_deg": 7.020667938130874,
              "path_to_endpoint_ratio": 2.6727785094839875,
              "peak_velocity_deg": 1.4994553738059375
            },
            {
              "start_frame": 64,
              "endpoint_distance_deg": 5.027061633302261,
              "path_distance_deg": 6.447379484658903,
              "path_to_endpoint_ratio": 1.282534401795993,
              "peak_velocity_deg": 1.3404393981888572
            },
            {
              "start_frame": 184,
              "endpoint_distance_deg": 2.6578373386930947,
              "path_distance_deg": 5.199913651704041,
              "path_to_endpoint_ratio": 1.9564454061966525,
              "peak_velocity_deg": 1.5811684838286
            },
            {
              "start_frame": 194,
              "endpoint_distance_deg": 3.7090622250623304,
              "path_distance_deg": 4.077407221569236,
              "path_to_endpoint_ratio": 1.0993094680423474,
              "peak_velocity_deg": 1.1129770029110864
            },
            {
              "start_frame": 204,
              "endpoint_distance_deg": 3.519528671270556,
              "path_distance_deg": 3.9388194387332476,
              "path_to_endpoint_ratio": 1.1191326471880472,
              "peak_velocity_deg": 1.473884982783785
            },
            {
              "start_frame": 44,
              "endpoint_distance_deg": 1.6361276404824634,
              "path_distance_deg": 3.5878446944454145,
              "path_to_endpoint_ratio": 2.192888015379672,
              "peak_velocity_deg": 0.8968354275289057
            },
            {
              "start_frame": 74,
              "endpoint_distance_deg": 2.2383618065925104,
              "path_distance_deg": 3.4790749295318326,
              "path_to_endpoint_ratio": 1.5542951632238924,
              "peak_velocity_deg": 1.3579621494408456
            },
            {
              "start_frame": 104,
              "endpoint_distance_deg": 1.9255795901187707,
              "path_distance_deg": 3.0612460940109067,
              "path_to_endpoint_ratio": 1.5897790513151875,
              "peak_velocity_deg": 0.6990058947003357
            },
            {
              "start_frame": 94,
              "endpoint_distance_deg": 2.4307058214434494,
              "path_distance_deg": 2.939736097904375,
              "path_to_endpoint_ratio": 1.2094166525501813,
              "peak_velocity_deg": 0.8430002826528623
            },
            {
              "start_frame": 164,
              "endpoint_distance_deg": 1.8048266757649472,
              "path_distance_deg": 2.6190474320852073,
              "path_to_endpoint_ratio": 1.451135151786897,
              "peak_velocity_deg": 0.7400005153649761
            },
            {
              "start_frame": 174,
              "endpoint_distance_deg": 1.5384170259007994,
              "path_distance_deg": 2.218007504256137,
              "path_to_endpoint_ratio": 1.441746592057776,
              "peak_velocity_deg": 0.744625681800294
            },
            {
              "start_frame": 134,
              "endpoint_distance_deg": 0.6594148459379425,
              "path_distance_deg": 2.1895045163671445,
              "path_to_endpoint_ratio": 3.3203749200593498,
              "peak_velocity_deg": 0.47975572376204645
            },
            {
              "start_frame": 154,
              "endpoint_distance_deg": 0.9263212720646933,
              "path_distance_deg": 2.1816968722570045,
              "path_to_endpoint_ratio": 2.35522700174442,
              "peak_velocity_deg": 0.48130156364265325
            },
            {
              "start_frame": 84,
              "endpoint_distance_deg": 0.9476304056900648,
              "path_distance_deg": 2.0933143020794605,
              "path_to_endpoint_ratio": 2.20899866605178,
              "peak_velocity_deg": 0.6200874204621699
            },
            {
              "start_frame": 124,
              "endpoint_distance_deg": 1.5662725810054072,
              "path_distance_deg": 1.9279284112988786,
              "path_to_endpoint_ratio": 1.2309022290751719,
              "peak_velocity_deg": 0.55513465248387
            },
            {
              "start_frame": 34,
              "endpoint_distance_deg": 0.6810962067397793,
              "path_distance_deg": 1.7564475846824783,
              "path_to_endpoint_ratio": 2.578853864258195,
              "peak_velocity_deg": 0.5475802129039049
            },
            {
              "start_frame": 214,
              "endpoint_distance_deg": 0.0824677153763647,
              "path_distance_deg": 1.508905579244318,
              "path_to_endpoint_ratio": 18.29692470996682,
              "peak_velocity_deg": 0.32094623216223256
            },
            {
              "start_frame": 114,
              "endpoint_distance_deg": 1.1878549127217666,
              "path_distance_deg": 1.4932713381992861,
              "path_to_endpoint_ratio": 1.2571159341149754,
              "peak_velocity_deg": 0.48726755952201845
            },
            {
              "start_frame": 144,
              "endpoint_distance_deg": 0.47185141808082764,
              "path_distance_deg": 0.9886655457737608,
              "path_to_endpoint_ratio": 2.095289974532626,
              "peak_velocity_deg": 0.3715599079262828
            }
          ],
          "boundary_blocks_by_peak": [
            {
              "start_frame": 54,
              "end_frame": 60,
              "entry_jump_deg": 1.7637680558992965,
              "path_distance_deg": 8.78443599403017,
              "endpoint_distance_deg": 2.0978781392855903,
              "path_to_endpoint_ratio": 4.18729564388407,
              "peak_velocity_deg": 1.7637680558992965
            },
            {
              "start_frame": 184,
              "end_frame": 190,
              "entry_jump_deg": 0.591286989437195,
              "path_distance_deg": 5.791200641141237,
              "endpoint_distance_deg": 2.1048396767894726,
              "path_to_endpoint_ratio": 2.7513737530711118,
              "peak_velocity_deg": 1.5811684838286
            },
            {
              "start_frame": 204,
              "end_frame": 210,
              "entry_jump_deg": 1.1981348619871484,
              "path_distance_deg": 5.136954300720396,
              "endpoint_distance_deg": 4.686069065933415,
              "path_to_endpoint_ratio": 1.096218222233387,
              "peak_velocity_deg": 1.473884982783785
            },
            {
              "start_frame": 74,
              "end_frame": 80,
              "entry_jump_deg": 0.37162514757788945,
              "path_distance_deg": 3.850700077109723,
              "endpoint_distance_deg": 2.607698428409917,
              "path_to_endpoint_ratio": 1.476666180091133,
              "peak_velocity_deg": 1.3579621494408456
            },
            {
              "start_frame": 64,
              "end_frame": 70,
              "entry_jump_deg": 0.881941680247508,
              "path_distance_deg": 7.3293211649064105,
              "endpoint_distance_deg": 4.719472832198648,
              "path_to_endpoint_ratio": 1.5529957318330232,
              "peak_velocity_deg": 1.3404393981888572
            },
            {
              "start_frame": 194,
              "end_frame": 200,
              "entry_jump_deg": 0.908924983738539,
              "path_distance_deg": 4.986332205307775,
              "endpoint_distance_deg": 3.171019590939736,
              "path_to_endpoint_ratio": 1.5724696938343634,
              "peak_velocity_deg": 1.1129770029110864
            },
            {
              "start_frame": 84,
              "end_frame": 90,
              "entry_jump_deg": 1.0749051132812912,
              "path_distance_deg": 3.1682194153607517,
              "endpoint_distance_deg": 0.23942660837927301,
              "path_to_endpoint_ratio": 13.232528484645327,
              "peak_velocity_deg": 1.0749051132812912
            },
            {
              "start_frame": 44,
              "end_frame": 50,
              "entry_jump_deg": 0.1262833519776156,
              "path_distance_deg": 3.7141280464230295,
              "endpoint_distance_deg": 1.724428876725493,
              "path_to_endpoint_ratio": 2.1538308112050197,
              "peak_velocity_deg": 0.8968354275289057
            },
            {
              "start_frame": 94,
              "end_frame": 100,
              "entry_jump_deg": 0.8427843134427396,
              "path_distance_deg": 3.7825204113471145,
              "endpoint_distance_deg": 2.9799914283586166,
              "path_to_endpoint_ratio": 1.2693058024769326,
              "peak_velocity_deg": 0.8430002826528623
            },
            {
              "start_frame": 174,
              "end_frame": 180,
              "entry_jump_deg": 0.8168144185524476,
              "path_distance_deg": 3.0348219228085846,
              "endpoint_distance_deg": 1.9063926594825453,
              "path_to_endpoint_ratio": 1.5919185943741152,
              "peak_velocity_deg": 0.8168144185524476
            },
            {
              "start_frame": 164,
              "end_frame": 170,
              "entry_jump_deg": 0.2969679506460272,
              "path_distance_deg": 2.9160153827312345,
              "endpoint_distance_deg": 2.0217418975481127,
              "path_to_endpoint_ratio": 1.4423282152225567,
              "peak_velocity_deg": 0.7400005153649761
            },
            {
              "start_frame": 104,
              "end_frame": 110,
              "entry_jump_deg": 0.31435988495780776,
              "path_distance_deg": 3.375605978968714,
              "endpoint_distance_deg": 1.626753629312405,
              "path_to_endpoint_ratio": 2.075056676157847,
              "peak_velocity_deg": 0.6990058947003357
            },
            {
              "start_frame": 124,
              "end_frame": 130,
              "entry_jump_deg": 0.6212177896882501,
              "path_distance_deg": 2.5491462009871286,
              "endpoint_distance_deg": 1.208125827448972,
              "path_to_endpoint_ratio": 2.110000583606262,
              "peak_velocity_deg": 0.6212177896882501
            },
            {
              "start_frame": 34,
              "end_frame": 40,
              "entry_jump_deg": 0.3366465629993557,
              "path_distance_deg": 2.093094147681834,
              "endpoint_distance_deg": 0.5975779839239874,
              "path_to_endpoint_ratio": 3.5026292868715827,
              "peak_velocity_deg": 0.5475802129039049
            },
            {
              "start_frame": 114,
              "end_frame": 120,
              "entry_jump_deg": 0.23113696716569665,
              "path_distance_deg": 1.7244083053649828,
              "endpoint_distance_deg": 1.3957058317874844,
              "path_to_endpoint_ratio": 1.2355098517834007,
              "peak_velocity_deg": 0.48726755952201845
            },
            {
              "start_frame": 154,
              "end_frame": 160,
              "entry_jump_deg": 0.0511176817288715,
              "path_distance_deg": 2.232814553985876,
              "endpoint_distance_deg": 0.896812585158451,
              "path_to_endpoint_ratio": 2.4897225919185524,
              "peak_velocity_deg": 0.48130156364265325
            },
            {
              "start_frame": 134,
              "end_frame": 140,
              "entry_jump_deg": 0.1885628174714215,
              "path_distance_deg": 2.378067333838566,
              "endpoint_distance_deg": 0.7702368811788569,
              "path_to_endpoint_ratio": 3.0874493184472094,
              "peak_velocity_deg": 0.47975572376204645
            },
            {
              "start_frame": 144,
              "end_frame": 150,
              "entry_jump_deg": 0.21450679554236787,
              "path_distance_deg": 1.2031723413161286,
              "endpoint_distance_deg": 0.6245057972392266,
              "path_to_endpoint_ratio": 1.9265991550999724,
              "peak_velocity_deg": 0.3715599079262828
            },
            {
              "start_frame": 214,
              "end_frame": 220,
              "entry_jump_deg": 0.138132327040764,
              "path_distance_deg": 1.647037906285082,
              "endpoint_distance_deg": 0.061926345766970585,
              "path_to_endpoint_ratio": 26.59672367045362,
              "peak_velocity_deg": 0.32094623216223256
            }
          ]
        },
        "ratios": {
          "excursion_p90": 1.1036964443325632,
          "velocity_rms": 1.2839174576642327,
          "velocity_p95": 1.3176535377061716
        }
      },
      "RightArm": {
        "prediction": {
          "order": "XYZ",
          "excursion_p90_deg": 25.90381668232574,
          "excursion_max_deg": 35.53824693029393,
          "velocity_rms_deg_per_frame": 6.890477861806976,
          "velocity_p95_deg_per_frame": 13.432577333475704,
          "velocity_max_deg_per_frame": 21.502207201055175,
          "euler_axis_step_p95_deg": [
            9.523802299999998,
            10.468171599999982,
            5.138648899999979
          ],
          "top_velocity_transitions": [
            {
              "from_frame": 215,
              "to_frame": 216,
              "velocity_deg": 21.502207201055175,
              "new_block_offset": 2,
              "inside_release_blend": true
            },
            {
              "from_frame": 214,
              "to_frame": 215,
              "velocity_deg": 21.50220571925836,
              "new_block_offset": 1,
              "inside_release_blend": true
            },
            {
              "from_frame": 145,
              "to_frame": 146,
              "velocity_deg": 19.58183590568859,
              "new_block_offset": 2,
              "inside_release_blend": true
            },
            {
              "from_frame": 144,
              "to_frame": 145,
              "velocity_deg": 17.891606528116743,
              "new_block_offset": 1,
              "inside_release_blend": true
            },
            {
              "from_frame": 129,
              "to_frame": 130,
              "velocity_deg": 16.022723212263166,
              "new_block_offset": 6,
              "inside_release_blend": false
            },
            {
              "from_frame": 128,
              "to_frame": 129,
              "velocity_deg": 15.563698492734174,
              "new_block_offset": 5,
              "inside_release_blend": false
            },
            {
              "from_frame": 163,
              "to_frame": 164,
              "velocity_deg": 15.212387394923661,
              "new_block_offset": 0,
              "inside_release_blend": true
            },
            {
              "from_frame": 162,
              "to_frame": 163,
              "velocity_deg": 15.212385871557817,
              "new_block_offset": 9,
              "inside_release_blend": false
            },
            {
              "from_frame": 205,
              "to_frame": 206,
              "velocity_deg": 15.169209769655694,
              "new_block_offset": 2,
              "inside_release_blend": true
            },
            {
              "from_frame": 204,
              "to_frame": 205,
              "velocity_deg": 14.086693380172905,
              "new_block_offset": 1,
              "inside_release_blend": true
            },
            {
              "from_frame": 55,
              "to_frame": 56,
              "velocity_deg": 14.021014862658863,
              "new_block_offset": 2,
              "inside_release_blend": true
            },
            {
              "from_frame": 125,
              "to_frame": 126,
              "velocity_deg": 13.535803751571954,
              "new_block_offset": 2,
              "inside_release_blend": true
            }
          ],
          "release_blend_blocks_by_path": [
            {
              "start_frame": 124,
              "endpoint_distance_deg": 12.317494334277029,
              "path_distance_deg": 75.1257612528942,
              "path_to_endpoint_ratio": 6.099110680638577,
              "peak_velocity_deg": 16.022723212263166
            },
            {
              "start_frame": 214,
              "endpoint_distance_deg": 28.713010592299,
              "path_distance_deg": 61.11263326404447,
              "path_to_endpoint_ratio": 2.1283951770782004,
              "peak_velocity_deg": 21.502207201055175
            },
            {
              "start_frame": 144,
              "endpoint_distance_deg": 29.048709449080942,
              "path_distance_deg": 55.64929757797636,
              "path_to_endpoint_ratio": 1.91572357717038,
              "peak_velocity_deg": 19.58183590568859
            },
            {
              "start_frame": 154,
              "endpoint_distance_deg": 12.62881143162244,
              "path_distance_deg": 48.70552111445043,
              "path_to_endpoint_ratio": 3.856698738290779,
              "peak_velocity_deg": 11.155631813895852
            },
            {
              "start_frame": 204,
              "endpoint_distance_deg": 27.005689036366196,
              "path_distance_deg": 48.66358757488171,
              "path_to_endpoint_ratio": 1.801975410046036,
              "peak_velocity_deg": 15.169209769655694
            },
            {
              "start_frame": 134,
              "endpoint_distance_deg": 42.84230734215375,
              "path_distance_deg": 48.27045125681444,
              "path_to_endpoint_ratio": 1.1267005502600413,
              "peak_velocity_deg": 11.887644859195124
            },
            {
              "start_frame": 54,
              "endpoint_distance_deg": 37.8378692539808,
              "path_distance_deg": 47.95618758473964,
              "path_to_endpoint_ratio": 1.2674124767132422,
              "peak_velocity_deg": 14.021014862658863
            },
            {
              "start_frame": 44,
              "endpoint_distance_deg": 36.379024162978055,
              "path_distance_deg": 40.49789128154132,
              "path_to_endpoint_ratio": 1.1132209346823252,
              "peak_velocity_deg": 8.619586857938327
            },
            {
              "start_frame": 164,
              "endpoint_distance_deg": 33.700825584923365,
              "path_distance_deg": 39.53163837457868,
              "path_to_endpoint_ratio": 1.1730169124480982,
              "peak_velocity_deg": 10.781834730283403
            },
            {
              "start_frame": 94,
              "endpoint_distance_deg": 19.943192052244893,
              "path_distance_deg": 38.23320971478661,
              "path_to_endpoint_ratio": 1.917105828125589,
              "peak_velocity_deg": 7.435565938557859
            },
            {
              "start_frame": 174,
              "endpoint_distance_deg": 6.862129960723239,
              "path_distance_deg": 38.130016771325344,
              "path_to_endpoint_ratio": 5.556586218793589,
              "peak_velocity_deg": 8.378480705076353
            },
            {
              "start_frame": 194,
              "endpoint_distance_deg": 26.926789685545003,
              "path_distance_deg": 35.76250952251391,
              "path_to_endpoint_ratio": 1.3281386284868615,
              "peak_velocity_deg": 11.556367840956879
            },
            {
              "start_frame": 74,
              "endpoint_distance_deg": 19.27568311330156,
              "path_distance_deg": 31.593618653520902,
              "path_to_endpoint_ratio": 1.6390401558178298,
              "peak_velocity_deg": 8.772864523708279
            },
            {
              "start_frame": 104,
              "endpoint_distance_deg": 22.428879952111217,
              "path_distance_deg": 30.905930318105376,
              "path_to_endpoint_ratio": 1.3779524605817965,
              "peak_velocity_deg": 12.503539570609679
            },
            {
              "start_frame": 64,
              "endpoint_distance_deg": 14.454084103739302,
              "path_distance_deg": 30.839888681671,
              "path_to_endpoint_ratio": 2.1336453046992205,
              "peak_velocity_deg": 10.304679268702328
            },
            {
              "start_frame": 34,
              "endpoint_distance_deg": 25.902299228884978,
              "path_distance_deg": 28.975111524700957,
              "path_to_endpoint_ratio": 1.1186308701271326,
              "peak_velocity_deg": 6.227640364176143
            },
            {
              "start_frame": 84,
              "endpoint_distance_deg": 10.767667345396239,
              "path_distance_deg": 25.128025349103968,
              "path_to_endpoint_ratio": 2.333655428150607,
              "peak_velocity_deg": 8.239399925379063
            },
            {
              "start_frame": 114,
              "endpoint_distance_deg": 6.560030993272282,
              "path_distance_deg": 21.952636042033834,
              "path_to_endpoint_ratio": 3.3464226105863863,
              "peak_velocity_deg": 5.646923744828819
            },
            {
              "start_frame": 184,
              "endpoint_distance_deg": 15.784404175540317,
              "path_distance_deg": 21.470164306700905,
              "path_to_endpoint_ratio": 1.360213795080799,
              "peak_velocity_deg": 5.627489990699261
            }
          ],
          "boundary_blocks_by_peak": [
            {
              "start_frame": 214,
              "end_frame": 220,
              "entry_jump_deg": 7.548413563805158,
              "path_distance_deg": 68.66104682784963,
              "endpoint_distance_deg": 21.951158019882097,
              "path_to_endpoint_ratio": 3.127900895509039,
              "peak_velocity_deg": 21.502207201055175
            },
            {
              "start_frame": 144,
              "end_frame": 150,
              "entry_jump_deg": 3.759679790449807,
              "path_distance_deg": 59.40897736842617,
              "endpoint_distance_deg": 25.861906642246858,
              "path_to_endpoint_ratio": 2.2971615430464167,
              "peak_velocity_deg": 19.58183590568859
            },
            {
              "start_frame": 124,
              "end_frame": 130,
              "entry_jump_deg": 3.873452151171011,
              "path_distance_deg": 78.9992134040652,
              "endpoint_distance_deg": 10.840340283959254,
              "path_to_endpoint_ratio": 7.287521547728764,
              "peak_velocity_deg": 16.022723212263166
            },
            {
              "start_frame": 164,
              "end_frame": 170,
              "entry_jump_deg": 15.212387394923661,
              "path_distance_deg": 54.74402576950233,
              "endpoint_distance_deg": 25.289336340328475,
              "path_to_endpoint_ratio": 2.164707884492918,
              "peak_velocity_deg": 15.212387394923661
            },
            {
              "start_frame": 204,
              "end_frame": 210,
              "entry_jump_deg": 9.739394334292104,
              "path_distance_deg": 58.402981909173825,
              "endpoint_distance_deg": 26.674628779666804,
              "path_to_endpoint_ratio": 2.189458094865504,
              "peak_velocity_deg": 15.169209769655694
            },
            {
              "start_frame": 54,
              "end_frame": 60,
              "entry_jump_deg": 2.5405511826077447,
              "path_distance_deg": 50.49673876734738,
              "endpoint_distance_deg": 36.71178946298947,
              "path_to_endpoint_ratio": 1.375491075373894,
              "peak_velocity_deg": 14.021014862658863
            },
            {
              "start_frame": 104,
              "end_frame": 110,
              "entry_jump_deg": 5.884602676760692,
              "path_distance_deg": 36.790532994866076,
              "endpoint_distance_deg": 18.55445575766215,
              "path_to_endpoint_ratio": 1.9828408591113351,
              "peak_velocity_deg": 12.503539570609679
            },
            {
              "start_frame": 134,
              "end_frame": 140,
              "entry_jump_deg": 5.979066656255707,
              "path_distance_deg": 54.24951791307015,
              "endpoint_distance_deg": 39.25713166501715,
              "path_to_endpoint_ratio": 1.3819022331020947,
              "peak_velocity_deg": 11.887644859195124
            },
            {
              "start_frame": 194,
              "end_frame": 200,
              "entry_jump_deg": 4.192953038734358,
              "path_distance_deg": 39.95546256124827,
              "endpoint_distance_deg": 25.88647063777028,
              "path_to_endpoint_ratio": 1.543488222876945,
              "peak_velocity_deg": 11.556367840956879
            },
            {
              "start_frame": 154,
              "end_frame": 160,
              "entry_jump_deg": 1.9641687884466486,
              "path_distance_deg": 50.66968990289708,
              "endpoint_distance_deg": 13.287488466266174,
              "path_to_endpoint_ratio": 3.813338392092349,
              "peak_velocity_deg": 11.155631813895852
            },
            {
              "start_frame": 64,
              "end_frame": 70,
              "entry_jump_deg": 3.4948804698873377,
              "path_distance_deg": 34.33476915155834,
              "endpoint_distance_deg": 12.82239649989614,
              "path_to_endpoint_ratio": 2.677718564687689,
              "peak_velocity_deg": 10.304679268702328
            },
            {
              "start_frame": 74,
              "end_frame": 80,
              "entry_jump_deg": 6.111143927940997,
              "path_distance_deg": 37.70476258146191,
              "endpoint_distance_deg": 14.76338021847109,
              "path_to_endpoint_ratio": 2.5539383273681375,
              "peak_velocity_deg": 8.772864523708279
            },
            {
              "start_frame": 44,
              "end_frame": 50,
              "entry_jump_deg": 3.7011669091045123,
              "path_distance_deg": 44.199058190645836,
              "endpoint_distance_deg": 37.4265315137651,
              "path_to_endpoint_ratio": 1.180955231568543,
              "peak_velocity_deg": 8.619586857938327
            },
            {
              "start_frame": 174,
              "end_frame": 180,
              "entry_jump_deg": 0.9776853325951133,
              "path_distance_deg": 39.10770210392046,
              "endpoint_distance_deg": 7.325032669662592,
              "path_to_endpoint_ratio": 5.3389116291438805,
              "peak_velocity_deg": 8.378480705076353
            },
            {
              "start_frame": 84,
              "end_frame": 90,
              "entry_jump_deg": 2.8530182970060047,
              "path_distance_deg": 27.98104364610997,
              "endpoint_distance_deg": 11.627118228218832,
              "path_to_endpoint_ratio": 2.406532994409605,
              "peak_velocity_deg": 8.239399925379063
            },
            {
              "start_frame": 94,
              "end_frame": 100,
              "entry_jump_deg": 1.0318415434538855,
              "path_distance_deg": 39.2650512582405,
              "endpoint_distance_deg": 20.154318295944176,
              "path_to_endpoint_ratio": 1.948220261369105,
              "peak_velocity_deg": 7.435565938557859
            },
            {
              "start_frame": 34,
              "end_frame": 40,
              "entry_jump_deg": 4.2392736408453855,
              "path_distance_deg": 33.21438516554634,
              "endpoint_distance_deg": 24.158803089351075,
              "path_to_endpoint_ratio": 1.3748357086525889,
              "peak_velocity_deg": 6.227640364176143
            },
            {
              "start_frame": 114,
              "end_frame": 120,
              "entry_jump_deg": 3.8202772253303334,
              "path_distance_deg": 25.772913267364167,
              "endpoint_distance_deg": 6.906516064472935,
              "path_to_endpoint_ratio": 3.731680781854665,
              "peak_velocity_deg": 5.646923744828819
            },
            {
              "start_frame": 184,
              "end_frame": 190,
              "entry_jump_deg": 2.9263482113490964,
              "path_distance_deg": 24.396512518050002,
              "endpoint_distance_deg": 18.441231186566984,
              "path_to_endpoint_ratio": 1.3229329577420503,
              "peak_velocity_deg": 5.627489990699261
            }
          ]
        },
        "ground_truth": {
          "order": "XYZ",
          "excursion_p90_deg": 29.265196969484432,
          "excursion_max_deg": 44.70924825862786,
          "velocity_rms_deg_per_frame": 6.070934611422102,
          "velocity_p95_deg_per_frame": 11.808460918111297,
          "velocity_max_deg_per_frame": 16.266514928094068,
          "euler_axis_step_p95_deg": [
            9.766705900000009,
            8.594481299999982,
            4.58899359999999
          ],
          "top_velocity_transitions": [
            {
              "from_frame": 58,
              "to_frame": 59,
              "velocity_deg": 16.266514928094068,
              "new_block_offset": 5,
              "inside_release_blend": false
            },
            {
              "from_frame": 59,
              "to_frame": 60,
              "velocity_deg": 14.299439409841929,
              "new_block_offset": 6,
              "inside_release_blend": false
            },
            {
              "from_frame": 61,
              "to_frame": 62,
              "velocity_deg": 14.104286578077321,
              "new_block_offset": 8,
              "inside_release_blend": false
            },
            {
              "from_frame": 187,
              "to_frame": 188,
              "velocity_deg": 13.91006768272874,
              "new_block_offset": 4,
              "inside_release_blend": false
            },
            {
              "from_frame": 57,
              "to_frame": 58,
              "velocity_deg": 13.31726966739429,
              "new_block_offset": 4,
              "inside_release_blend": false
            },
            {
              "from_frame": 115,
              "to_frame": 116,
              "velocity_deg": 13.263502463970848,
              "new_block_offset": 2,
              "inside_release_blend": true
            },
            {
              "from_frame": 188,
              "to_frame": 189,
              "velocity_deg": 13.185981305618297,
              "new_block_offset": 5,
              "inside_release_blend": false
            },
            {
              "from_frame": 69,
              "to_frame": 70,
              "velocity_deg": 12.903581224602624,
              "new_block_offset": 6,
              "inside_release_blend": false
            },
            {
              "from_frame": 53,
              "to_frame": 54,
              "velocity_deg": 12.58534174513201,
              "new_block_offset": 0,
              "inside_release_blend": true
            },
            {
              "from_frame": 47,
              "to_frame": 48,
              "velocity_deg": 12.275747293007901,
              "new_block_offset": 4,
              "inside_release_blend": false
            },
            {
              "from_frame": 62,
              "to_frame": 63,
              "velocity_deg": 11.96691983525301,
              "new_block_offset": 9,
              "inside_release_blend": false
            },
            {
              "from_frame": 173,
              "to_frame": 174,
              "velocity_deg": 11.828983113379817,
              "new_block_offset": 0,
              "inside_release_blend": true
            }
          ],
          "release_blend_blocks_by_path": [
            {
              "start_frame": 54,
              "endpoint_distance_deg": 42.27977317366381,
              "path_distance_deg": 61.071981200056975,
              "path_to_endpoint_ratio": 1.444472773049286,
              "peak_velocity_deg": 16.266514928094068
            },
            {
              "start_frame": 64,
              "endpoint_distance_deg": 49.30038597222761,
              "path_distance_deg": 58.906780975271865,
              "path_to_endpoint_ratio": 1.1948543568899406,
              "peak_velocity_deg": 12.903581224602624
            },
            {
              "start_frame": 184,
              "endpoint_distance_deg": 52.2648781624702,
              "path_distance_deg": 56.60712311485344,
              "path_to_endpoint_ratio": 1.083081509132863,
              "peak_velocity_deg": 13.91006768272874
            },
            {
              "start_frame": 44,
              "endpoint_distance_deg": 25.15586761672957,
              "path_distance_deg": 47.655863801762955,
              "path_to_endpoint_ratio": 1.8944233817668077,
              "peak_velocity_deg": 12.275747293007901
            },
            {
              "start_frame": 74,
              "endpoint_distance_deg": 44.677609464673075,
              "path_distance_deg": 47.12492230822709,
              "path_to_endpoint_ratio": 1.0547771663004737,
              "peak_velocity_deg": 11.622775067350206
            },
            {
              "start_frame": 114,
              "endpoint_distance_deg": 24.148462061837794,
              "path_distance_deg": 46.13287725207835,
              "path_to_endpoint_ratio": 1.9103857270058984,
              "peak_velocity_deg": 13.263502463970848
            },
            {
              "start_frame": 124,
              "endpoint_distance_deg": 34.35729207860177,
              "path_distance_deg": 40.199505919355495,
              "path_to_endpoint_ratio": 1.1700429075547645,
              "peak_velocity_deg": 9.498476912792583
            },
            {
              "start_frame": 204,
              "endpoint_distance_deg": 21.43223781227947,
              "path_distance_deg": 33.44445901416508,
              "path_to_endpoint_ratio": 1.5604744267536674,
              "peak_velocity_deg": 11.450172684724683
            },
            {
              "start_frame": 94,
              "endpoint_distance_deg": 32.386704788459205,
              "path_distance_deg": 32.7315325395504,
              "path_to_endpoint_ratio": 1.0106472008604614,
              "peak_velocity_deg": 7.460006841874198
            },
            {
              "start_frame": 174,
              "endpoint_distance_deg": 19.17038254828923,
              "path_distance_deg": 25.80417296704693,
              "path_to_endpoint_ratio": 1.346043716240274,
              "peak_velocity_deg": 8.518267055736159
            },
            {
              "start_frame": 164,
              "endpoint_distance_deg": 12.740899215350757,
              "path_distance_deg": 25.740631948281045,
              "path_to_endpoint_ratio": 2.0203151687494456,
              "peak_velocity_deg": 5.8174485281997805
            },
            {
              "start_frame": 194,
              "endpoint_distance_deg": 24.5643544662188,
              "path_distance_deg": 25.721716729747506,
              "path_to_endpoint_ratio": 1.047115517125448,
              "peak_velocity_deg": 6.035963815078359
            },
            {
              "start_frame": 84,
              "endpoint_distance_deg": 15.9020195354584,
              "path_distance_deg": 22.145407616063842,
              "path_to_endpoint_ratio": 1.3926160489668564,
              "peak_velocity_deg": 6.211749239628674
            },
            {
              "start_frame": 104,
              "endpoint_distance_deg": 13.647506690232577,
              "path_distance_deg": 20.863119387772965,
              "path_to_endpoint_ratio": 1.5287128895642565,
              "peak_velocity_deg": 3.886565644978736
            },
            {
              "start_frame": 214,
              "endpoint_distance_deg": 8.28492599625012,
              "path_distance_deg": 16.182110531343607,
              "path_to_endpoint_ratio": 1.9531991642010889,
              "peak_velocity_deg": 3.3033733459222145
            },
            {
              "start_frame": 144,
              "endpoint_distance_deg": 8.514838450260038,
              "path_distance_deg": 9.6018339882313,
              "path_to_endpoint_ratio": 1.1276589737222866,
              "peak_velocity_deg": 3.2540247140890215
            },
            {
              "start_frame": 134,
              "endpoint_distance_deg": 7.2935208799718865,
              "path_distance_deg": 9.316767791229323,
              "path_to_endpoint_ratio": 1.2774033206394597,
              "peak_velocity_deg": 2.113601513590227
            },
            {
              "start_frame": 154,
              "endpoint_distance_deg": 6.273910568176555,
              "path_distance_deg": 8.935943524834462,
              "path_to_endpoint_ratio": 1.4243020246671445,
              "peak_velocity_deg": 2.523891706836424
            },
            {
              "start_frame": 34,
              "endpoint_distance_deg": 6.299754120724299,
              "path_distance_deg": 8.079724877294394,
              "path_to_endpoint_ratio": 1.2825460680623273,
              "peak_velocity_deg": 2.2034351349701504
            }
          ],
          "boundary_blocks_by_peak": [
            {
              "start_frame": 54,
              "end_frame": 60,
              "entry_jump_deg": 12.58534174513201,
              "path_distance_deg": 73.65732294518898,
              "endpoint_distance_deg": 32.317445340098075,
              "path_to_endpoint_ratio": 2.2791814813963094,
              "peak_velocity_deg": 16.266514928094068
            },
            {
              "start_frame": 184,
              "end_frame": 190,
              "entry_jump_deg": 3.1447112826621186,
              "path_distance_deg": 59.75183439751555,
              "endpoint_distance_deg": 50.76564544722804,
              "path_to_endpoint_ratio": 1.1770131921129388,
              "peak_velocity_deg": 13.91006768272874
            },
            {
              "start_frame": 114,
              "end_frame": 120,
              "entry_jump_deg": 5.049027065501671,
              "path_distance_deg": 51.18190431758003,
              "endpoint_distance_deg": 28.894351522674004,
              "path_to_endpoint_ratio": 1.771346357346574,
              "peak_velocity_deg": 13.263502463970848
            },
            {
              "start_frame": 64,
              "end_frame": 70,
              "entry_jump_deg": 10.803035908740101,
              "path_distance_deg": 69.70981688401196,
              "endpoint_distance_deg": 46.943471258857265,
              "path_to_endpoint_ratio": 1.4849736292319702,
              "peak_velocity_deg": 12.903581224602624
            },
            {
              "start_frame": 44,
              "end_frame": 50,
              "entry_jump_deg": 5.162117173146743,
              "path_distance_deg": 52.817980974909695,
              "endpoint_distance_deg": 27.765549245509522,
              "path_to_endpoint_ratio": 1.902284752514012,
              "peak_velocity_deg": 12.275747293007901
            },
            {
              "start_frame": 174,
              "end_frame": 180,
              "entry_jump_deg": 11.828983113379817,
              "path_distance_deg": 37.63315608042675,
              "endpoint_distance_deg": 27.958709977448954,
              "path_to_endpoint_ratio": 1.3460261975885528,
              "peak_velocity_deg": 11.828983113379817
            },
            {
              "start_frame": 74,
              "end_frame": 80,
              "entry_jump_deg": 1.4701435197300834,
              "path_distance_deg": 48.59506582795717,
              "endpoint_distance_deg": 45.16527173748943,
              "path_to_endpoint_ratio": 1.0759387458222873,
              "peak_velocity_deg": 11.622775067350206
            },
            {
              "start_frame": 204,
              "end_frame": 210,
              "entry_jump_deg": 11.336921510585793,
              "path_distance_deg": 44.78138052475087,
              "endpoint_distance_deg": 27.37415298461054,
              "path_to_endpoint_ratio": 1.6359001336014485,
              "peak_velocity_deg": 11.450172684724683
            },
            {
              "start_frame": 124,
              "end_frame": 130,
              "entry_jump_deg": 3.840107486022621,
              "path_distance_deg": 44.03961340537812,
              "endpoint_distance_deg": 36.755724346412194,
              "path_to_endpoint_ratio": 1.1981701949420818,
              "peak_velocity_deg": 9.498476912792583
            },
            {
              "start_frame": 84,
              "end_frame": 90,
              "entry_jump_deg": 8.590190716522612,
              "path_distance_deg": 30.735598332586456,
              "endpoint_distance_deg": 11.75070517051788,
              "path_to_endpoint_ratio": 2.615638626497159,
              "peak_velocity_deg": 8.590190716522612
            },
            {
              "start_frame": 94,
              "end_frame": 100,
              "entry_jump_deg": 5.714179077760412,
              "path_distance_deg": 38.44571161731081,
              "endpoint_distance_deg": 37.80780699606069,
              "path_to_endpoint_ratio": 1.0168722989227221,
              "peak_velocity_deg": 7.460006841874198
            },
            {
              "start_frame": 194,
              "end_frame": 200,
              "entry_jump_deg": 4.752616628091682,
              "path_distance_deg": 30.474333357839186,
              "endpoint_distance_deg": 21.155853538177112,
              "path_to_endpoint_ratio": 1.440468157091666,
              "peak_velocity_deg": 6.035963815078359
            },
            {
              "start_frame": 164,
              "end_frame": 170,
              "entry_jump_deg": 0.9702506723868919,
              "path_distance_deg": 26.710882620667938,
              "endpoint_distance_deg": 13.461015490225359,
              "path_to_endpoint_ratio": 1.9843140838864568,
              "peak_velocity_deg": 5.8174485281997805
            },
            {
              "start_frame": 214,
              "end_frame": 220,
              "entry_jump_deg": 4.2601463965336475,
              "path_distance_deg": 20.442256927877253,
              "endpoint_distance_deg": 12.537823785114604,
              "path_to_endpoint_ratio": 1.6304469801327963,
              "peak_velocity_deg": 4.2601463965336475
            },
            {
              "start_frame": 104,
              "end_frame": 110,
              "entry_jump_deg": 4.099952538057411,
              "path_distance_deg": 24.963071925830377,
              "endpoint_distance_deg": 12.769875772744127,
              "path_to_endpoint_ratio": 1.9548406241438359,
              "peak_velocity_deg": 4.099952538057411
            },
            {
              "start_frame": 144,
              "end_frame": 150,
              "entry_jump_deg": 0.4569708848098222,
              "path_distance_deg": 10.058804873041122,
              "endpoint_distance_deg": 8.293310143969943,
              "path_to_endpoint_ratio": 1.2128817924836524,
              "peak_velocity_deg": 3.2540247140890215
            },
            {
              "start_frame": 154,
              "end_frame": 160,
              "entry_jump_deg": 2.0110968145136754,
              "path_distance_deg": 10.947040339348137,
              "endpoint_distance_deg": 5.238198675740528,
              "path_to_endpoint_ratio": 2.08984825070625,
              "peak_velocity_deg": 2.523891706836424
            },
            {
              "start_frame": 34,
              "end_frame": 40,
              "entry_jump_deg": 0.8249650995455459,
              "path_distance_deg": 8.90468997683994,
              "endpoint_distance_deg": 6.984484456674574,
              "path_to_endpoint_ratio": 1.2749244460456008,
              "peak_velocity_deg": 2.2034351349701504
            },
            {
              "start_frame": 134,
              "end_frame": 140,
              "entry_jump_deg": 1.1475788756157634,
              "path_distance_deg": 10.464346666845087,
              "endpoint_distance_deg": 7.785260996566977,
              "path_to_endpoint_ratio": 1.3441227816844536,
              "peak_velocity_deg": 2.113601513590227
            }
          ]
        },
        "ratios": {
          "excursion_p90": 0.8851406914956462,
          "velocity_rms": 1.1349945770858663,
          "velocity_p95": 1.1375383656369145
        }
      },
      "RightForeArm": {
        "prediction": {
          "order": "XYZ",
          "excursion_p90_deg": 53.36676894169581,
          "excursion_max_deg": 66.95812729509808,
          "velocity_rms_deg_per_frame": 12.171665624563468,
          "velocity_p95_deg_per_frame": 29.300495611334117,
          "velocity_max_deg_per_frame": 37.25897101232213,
          "euler_axis_step_p95_deg": [
            43.70004889999997,
            18.078473300000002,
            43.198442999999955
          ],
          "top_velocity_transitions": [
            {
              "from_frame": 174,
              "to_frame": 175,
              "velocity_deg": 37.25897101232213,
              "new_block_offset": 1,
              "inside_release_blend": true
            },
            {
              "from_frame": 214,
              "to_frame": 215,
              "velocity_deg": 37.194190326476686,
              "new_block_offset": 1,
              "inside_release_blend": true
            },
            {
              "from_frame": 215,
              "to_frame": 216,
              "velocity_deg": 37.19414909506786,
              "new_block_offset": 2,
              "inside_release_blend": true
            },
            {
              "from_frame": 155,
              "to_frame": 156,
              "velocity_deg": 35.8642676256672,
              "new_block_offset": 2,
              "inside_release_blend": true
            },
            {
              "from_frame": 154,
              "to_frame": 155,
              "velocity_deg": 35.86425316438935,
              "new_block_offset": 1,
              "inside_release_blend": true
            },
            {
              "from_frame": 65,
              "to_frame": 66,
              "velocity_deg": 35.81046024396507,
              "new_block_offset": 2,
              "inside_release_blend": true
            },
            {
              "from_frame": 64,
              "to_frame": 65,
              "velocity_deg": 35.60870300740407,
              "new_block_offset": 1,
              "inside_release_blend": true
            },
            {
              "from_frame": 218,
              "to_frame": 219,
              "velocity_deg": 35.51837217567697,
              "new_block_offset": 5,
              "inside_release_blend": false
            },
            {
              "from_frame": 175,
              "to_frame": 176,
              "velocity_deg": 35.252919506929786,
              "new_block_offset": 2,
              "inside_release_blend": true
            },
            {
              "from_frame": 105,
              "to_frame": 106,
              "velocity_deg": 30.764992529725227,
              "new_block_offset": 2,
              "inside_release_blend": true
            },
            {
              "from_frame": 95,
              "to_frame": 96,
              "velocity_deg": 29.792558916846684,
              "new_block_offset": 2,
              "inside_release_blend": true
            },
            {
              "from_frame": 104,
              "to_frame": 105,
              "velocity_deg": 29.471429568413257,
              "new_block_offset": 1,
              "inside_release_blend": true
            }
          ],
          "release_blend_blocks_by_path": [
            {
              "start_frame": 214,
              "endpoint_distance_deg": 1.4221497257224838,
              "path_distance_deg": 157.97876814216576,
              "path_to_endpoint_ratio": 111.08448378169818,
              "peak_velocity_deg": 37.194190326476686
            },
            {
              "start_frame": 154,
              "endpoint_distance_deg": 85.27149197302995,
              "path_distance_deg": 134.32945650525633,
              "path_to_endpoint_ratio": 1.5753149545893093,
              "peak_velocity_deg": 35.8642676256672
            },
            {
              "start_frame": 64,
              "endpoint_distance_deg": 49.53414998359759,
              "path_distance_deg": 100.79655393737991,
              "path_to_endpoint_ratio": 2.034890150951556,
              "peak_velocity_deg": 35.81046024396507
            },
            {
              "start_frame": 174,
              "endpoint_distance_deg": 62.46430198724522,
              "path_distance_deg": 95.70338316890812,
              "path_to_endpoint_ratio": 1.532129234205644,
              "peak_velocity_deg": 37.25897101232213
            },
            {
              "start_frame": 124,
              "endpoint_distance_deg": 81.54701826795404,
              "path_distance_deg": 91.51916445899313,
              "path_to_endpoint_ratio": 1.1222870731860701,
              "peak_velocity_deg": 27.76208999762227
            },
            {
              "start_frame": 134,
              "endpoint_distance_deg": 81.94454408063552,
              "path_distance_deg": 88.55678698782306,
              "path_to_endpoint_ratio": 1.0806916797374688,
              "peak_velocity_deg": 25.44681245238033
            },
            {
              "start_frame": 94,
              "endpoint_distance_deg": 69.0667279407968,
              "path_distance_deg": 76.83551127454608,
              "path_to_endpoint_ratio": 1.1124822843845823,
              "peak_velocity_deg": 29.792558916846684
            },
            {
              "start_frame": 144,
              "endpoint_distance_deg": 43.07730688673738,
              "path_distance_deg": 73.84667776300671,
              "path_to_endpoint_ratio": 1.7142826026049132,
              "peak_velocity_deg": 14.948729234688532
            },
            {
              "start_frame": 54,
              "endpoint_distance_deg": 59.16980895050103,
              "path_distance_deg": 69.61982894093362,
              "path_to_endpoint_ratio": 1.1766106765559212,
              "peak_velocity_deg": 26.0097229691392
            },
            {
              "start_frame": 34,
              "endpoint_distance_deg": 55.095859615160435,
              "path_distance_deg": 68.89646452556255,
              "path_to_endpoint_ratio": 1.250483521026772,
              "peak_velocity_deg": 24.609251251619508
            },
            {
              "start_frame": 104,
              "endpoint_distance_deg": 67.10397500807632,
              "path_distance_deg": 68.63461739000185,
              "path_to_endpoint_ratio": 1.0228100106102702,
              "peak_velocity_deg": 30.764992529725227
            },
            {
              "start_frame": 204,
              "endpoint_distance_deg": 54.57511098758212,
              "path_distance_deg": 58.61203306068657,
              "path_to_endpoint_ratio": 1.07397002040038,
              "peak_velocity_deg": 20.53230357341248
            },
            {
              "start_frame": 184,
              "endpoint_distance_deg": 52.06685767779029,
              "path_distance_deg": 55.26040392903936,
              "path_to_endpoint_ratio": 1.0613354904383123,
              "peak_velocity_deg": 18.116646411766766
            },
            {
              "start_frame": 74,
              "endpoint_distance_deg": 48.023497730376235,
              "path_distance_deg": 53.62723440150055,
              "path_to_endpoint_ratio": 1.116687391297194,
              "peak_velocity_deg": 16.11567369433943
            },
            {
              "start_frame": 84,
              "endpoint_distance_deg": 47.79328584055379,
              "path_distance_deg": 50.11521519159756,
              "path_to_endpoint_ratio": 1.048582751953697,
              "peak_velocity_deg": 14.801577184371933
            },
            {
              "start_frame": 114,
              "endpoint_distance_deg": 37.07304352303323,
              "path_distance_deg": 49.54358388724424,
              "path_to_endpoint_ratio": 1.336377571926706,
              "peak_velocity_deg": 17.540981103829033
            },
            {
              "start_frame": 44,
              "endpoint_distance_deg": 30.55243303040626,
              "path_distance_deg": 33.47105054377633,
              "path_to_endpoint_ratio": 1.0955281535341364,
              "peak_velocity_deg": 7.773548495945014
            },
            {
              "start_frame": 194,
              "endpoint_distance_deg": 11.168579897754555,
              "path_distance_deg": 26.33466410597764,
              "path_to_endpoint_ratio": 2.357924136019498,
              "peak_velocity_deg": 6.947335136834712
            },
            {
              "start_frame": 164,
              "endpoint_distance_deg": 13.588086850425972,
              "path_distance_deg": 21.919349884605335,
              "path_to_endpoint_ratio": 1.6131299516913367,
              "peak_velocity_deg": 6.343508518073393
            }
          ],
          "boundary_blocks_by_peak": [
            {
              "start_frame": 174,
              "end_frame": 180,
              "entry_jump_deg": 7.242535371225036,
              "path_distance_deg": 102.94591854013315,
              "endpoint_distance_deg": 67.89729297053007,
              "path_to_endpoint_ratio": 1.5162006323995194,
              "peak_velocity_deg": 37.25897101232213
            },
            {
              "start_frame": 214,
              "end_frame": 220,
              "entry_jump_deg": 1.2697503063378777,
              "path_distance_deg": 159.24851844850363,
              "endpoint_distance_deg": 2.5381663957557086,
              "path_to_endpoint_ratio": 62.74155970026122,
              "peak_velocity_deg": 37.194190326476686
            },
            {
              "start_frame": 154,
              "end_frame": 160,
              "entry_jump_deg": 3.7330532991554306,
              "path_distance_deg": 138.06250980441175,
              "endpoint_distance_deg": 81.98473598297181,
              "path_to_endpoint_ratio": 1.6840026152317824,
              "peak_velocity_deg": 35.8642676256672
            },
            {
              "start_frame": 64,
              "end_frame": 70,
              "entry_jump_deg": 1.2991661134500183,
              "path_distance_deg": 102.09572005082995,
              "endpoint_distance_deg": 50.06628933426286,
              "path_to_endpoint_ratio": 2.0392108424332687,
              "peak_velocity_deg": 35.81046024396507
            },
            {
              "start_frame": 104,
              "end_frame": 110,
              "entry_jump_deg": 3.4655880166028847,
              "path_distance_deg": 72.10020540660474,
              "endpoint_distance_deg": 64.25004802615884,
              "path_to_endpoint_ratio": 1.1221813464987573,
              "peak_velocity_deg": 30.764992529725227
            },
            {
              "start_frame": 94,
              "end_frame": 100,
              "entry_jump_deg": 2.0739194834526518,
              "path_distance_deg": 78.90943075799873,
              "endpoint_distance_deg": 67.05240096726526,
              "path_to_endpoint_ratio": 1.176832292650073,
              "peak_velocity_deg": 29.792558916846684
            },
            {
              "start_frame": 124,
              "end_frame": 130,
              "entry_jump_deg": 7.177218185529194,
              "path_distance_deg": 98.69638264452233,
              "endpoint_distance_deg": 87.34958281600186,
              "path_to_endpoint_ratio": 1.1299010191316199,
              "peak_velocity_deg": 27.76208999762227
            },
            {
              "start_frame": 54,
              "end_frame": 60,
              "entry_jump_deg": 4.600285563002297,
              "path_distance_deg": 74.22011450393592,
              "endpoint_distance_deg": 55.382747519727786,
              "path_to_endpoint_ratio": 1.3401305971231945,
              "peak_velocity_deg": 26.0097229691392
            },
            {
              "start_frame": 134,
              "end_frame": 140,
              "entry_jump_deg": 2.371174895913472,
              "path_distance_deg": 90.92796188373653,
              "endpoint_distance_deg": 81.57024101920119,
              "path_to_endpoint_ratio": 1.1147197893203795,
              "peak_velocity_deg": 25.44681245238033
            },
            {
              "start_frame": 34,
              "end_frame": 40,
              "entry_jump_deg": 1.5869802033776819,
              "path_distance_deg": 70.48344472894024,
              "endpoint_distance_deg": 55.02220296989556,
              "path_to_endpoint_ratio": 1.2810000495164475,
              "peak_velocity_deg": 24.609251251619508
            },
            {
              "start_frame": 204,
              "end_frame": 210,
              "entry_jump_deg": 10.668384824368077,
              "path_distance_deg": 69.28041788505465,
              "endpoint_distance_deg": 63.67903733556738,
              "path_to_endpoint_ratio": 1.087962707727032,
              "peak_velocity_deg": 20.53230357341248
            },
            {
              "start_frame": 184,
              "end_frame": 190,
              "entry_jump_deg": 9.184562619623996,
              "path_distance_deg": 64.44496654866336,
              "endpoint_distance_deg": 43.02278421910179,
              "path_to_endpoint_ratio": 1.4979264526550629,
              "peak_velocity_deg": 18.116646411766766
            },
            {
              "start_frame": 114,
              "end_frame": 120,
              "entry_jump_deg": 3.6677889965390142,
              "path_distance_deg": 53.211372883783255,
              "endpoint_distance_deg": 33.58553598301294,
              "path_to_endpoint_ratio": 1.5843538394235177,
              "peak_velocity_deg": 17.540981103829033
            },
            {
              "start_frame": 74,
              "end_frame": 80,
              "entry_jump_deg": 5.751167537866527,
              "path_distance_deg": 59.37840193936708,
              "endpoint_distance_deg": 48.26499999673969,
              "path_to_endpoint_ratio": 1.2302579911608433,
              "peak_velocity_deg": 16.11567369433943
            },
            {
              "start_frame": 144,
              "end_frame": 150,
              "entry_jump_deg": 8.178172973933417,
              "path_distance_deg": 82.02485073694012,
              "endpoint_distance_deg": 48.486157999952894,
              "path_to_endpoint_ratio": 1.6917168552934183,
              "peak_velocity_deg": 14.948729234688532
            },
            {
              "start_frame": 84,
              "end_frame": 90,
              "entry_jump_deg": 1.5266697140419478,
              "path_distance_deg": 51.6418849056395,
              "endpoint_distance_deg": 47.604507420114395,
              "path_to_endpoint_ratio": 1.0848108236872374,
              "peak_velocity_deg": 14.801577184371933
            },
            {
              "start_frame": 164,
              "end_frame": 170,
              "entry_jump_deg": 10.383277736444374,
              "path_distance_deg": 32.302627621049716,
              "endpoint_distance_deg": 8.4100338657416,
              "path_to_endpoint_ratio": 3.8409628470861406,
              "peak_velocity_deg": 10.383277736444374
            },
            {
              "start_frame": 44,
              "end_frame": 50,
              "entry_jump_deg": 3.74634246896959,
              "path_distance_deg": 37.21739301274592,
              "endpoint_distance_deg": 33.36281793841356,
              "path_to_endpoint_ratio": 1.1155350570640572,
              "peak_velocity_deg": 7.773548495945014
            },
            {
              "start_frame": 194,
              "end_frame": 200,
              "entry_jump_deg": 2.5000885736301033,
              "path_distance_deg": 28.834752679607742,
              "endpoint_distance_deg": 8.815596703163651,
              "path_to_endpoint_ratio": 3.2708792893463268,
              "peak_velocity_deg": 6.947335136834712
            }
          ]
        },
        "ground_truth": {
          "order": "XYZ",
          "excursion_p90_deg": 58.28210624251423,
          "excursion_max_deg": 71.4284880291166,
          "velocity_rms_deg_per_frame": 8.408489397702002,
          "velocity_p95_deg_per_frame": 19.093889194083502,
          "velocity_max_deg_per_frame": 29.064659460858312,
          "euler_axis_step_p95_deg": [
            17.24585509999999,
            12.697458099999995,
            13.622937499999992
          ],
          "top_velocity_transitions": [
            {
              "from_frame": 60,
              "to_frame": 61,
              "velocity_deg": 29.064659460858312,
              "new_block_offset": 7,
              "inside_release_blend": false
            },
            {
              "from_frame": 53,
              "to_frame": 54,
              "velocity_deg": 26.43953019931103,
              "new_block_offset": 0,
              "inside_release_blend": true
            },
            {
              "from_frame": 76,
              "to_frame": 77,
              "velocity_deg": 24.84678952615178,
              "new_block_offset": 3,
              "inside_release_blend": false
            },
            {
              "from_frame": 52,
              "to_frame": 53,
              "velocity_deg": 24.58454445640092,
              "new_block_offset": 9,
              "inside_release_blend": false
            },
            {
              "from_frame": 59,
              "to_frame": 60,
              "velocity_deg": 22.155544943526948,
              "new_block_offset": 6,
              "inside_release_blend": false
            },
            {
              "from_frame": 114,
              "to_frame": 115,
              "velocity_deg": 21.775852796802567,
              "new_block_offset": 1,
              "inside_release_blend": true
            },
            {
              "from_frame": 45,
              "to_frame": 46,
              "velocity_deg": 21.463551890140174,
              "new_block_offset": 2,
              "inside_release_blend": true
            },
            {
              "from_frame": 77,
              "to_frame": 78,
              "velocity_deg": 20.968964112191962,
              "new_block_offset": 4,
              "inside_release_blend": false
            },
            {
              "from_frame": 58,
              "to_frame": 59,
              "velocity_deg": 20.840460758607872,
              "new_block_offset": 5,
              "inside_release_blend": false
            },
            {
              "from_frame": 1,
              "to_frame": 2,
              "velocity_deg": 20.58143134845927,
              "new_block_offset": null,
              "inside_release_blend": false
            },
            {
              "from_frame": 0,
              "to_frame": 1,
              "velocity_deg": 19.36454493613191,
              "new_block_offset": null,
              "inside_release_blend": false
            },
            {
              "from_frame": 115,
              "to_frame": 116,
              "velocity_deg": 19.10521866614662,
              "new_block_offset": 2,
              "inside_release_blend": true
            }
          ],
          "release_blend_blocks_by_path": [
            {
              "start_frame": 54,
              "endpoint_distance_deg": 52.37807740113352,
              "path_distance_deg": 90.00812213658216,
              "path_to_endpoint_ratio": 1.7184311949303104,
              "peak_velocity_deg": 22.155544943526948
            },
            {
              "start_frame": 74,
              "endpoint_distance_deg": 68.70631706026462,
              "path_distance_deg": 81.29731899139668,
              "path_to_endpoint_ratio": 1.1832582864263859,
              "peak_velocity_deg": 24.84678952615178
            },
            {
              "start_frame": 64,
              "endpoint_distance_deg": 60.64628350185847,
              "path_distance_deg": 67.62112344881506,
              "path_to_endpoint_ratio": 1.1150085305184916,
              "peak_velocity_deg": 15.911168864384377
            },
            {
              "start_frame": 44,
              "endpoint_distance_deg": 48.32242071776886,
              "path_distance_deg": 63.69320719217693,
              "path_to_endpoint_ratio": 1.318088089257416,
              "peak_velocity_deg": 21.463551890140174
            },
            {
              "start_frame": 114,
              "endpoint_distance_deg": 42.964897387892734,
              "path_distance_deg": 54.71353135301516,
              "path_to_endpoint_ratio": 1.2734472715960246,
              "peak_velocity_deg": 21.775852796802567
            },
            {
              "start_frame": 124,
              "endpoint_distance_deg": 49.57334521954305,
              "path_distance_deg": 49.9602224272113,
              "path_to_endpoint_ratio": 1.0078041376057012,
              "peak_velocity_deg": 11.76226841266868
            },
            {
              "start_frame": 94,
              "endpoint_distance_deg": 49.52217667336924,
              "path_distance_deg": 49.77395940026816,
              "path_to_endpoint_ratio": 1.005084241925786,
              "peak_velocity_deg": 12.603000627393827
            },
            {
              "start_frame": 164,
              "endpoint_distance_deg": 36.141525939412766,
              "path_distance_deg": 45.62184497243574,
              "path_to_endpoint_ratio": 1.2623109784826372,
              "peak_velocity_deg": 10.72632797918002
            },
            {
              "start_frame": 184,
              "endpoint_distance_deg": 30.16587171160925,
              "path_distance_deg": 35.913781816632266,
              "path_to_endpoint_ratio": 1.1905434777411372,
              "peak_velocity_deg": 8.507228018201873
            },
            {
              "start_frame": 194,
              "endpoint_distance_deg": 32.25566948523816,
              "path_distance_deg": 33.76472782078972,
              "path_to_endpoint_ratio": 1.046784281945913,
              "peak_velocity_deg": 9.419320872426301
            },
            {
              "start_frame": 134,
              "endpoint_distance_deg": 27.01342931967106,
              "path_distance_deg": 27.781392287641587,
              "path_to_endpoint_ratio": 1.028428932842351,
              "peak_velocity_deg": 6.903681150648987
            },
            {
              "start_frame": 214,
              "endpoint_distance_deg": 11.950680248642794,
              "path_distance_deg": 27.13395382540999,
              "path_to_endpoint_ratio": 2.270494504151052,
              "peak_velocity_deg": 8.632608045860545
            },
            {
              "start_frame": 154,
              "endpoint_distance_deg": 11.488489106036136,
              "path_distance_deg": 26.224387825043856,
              "path_to_endpoint_ratio": 2.2826663787551813,
              "peak_velocity_deg": 7.279820582258937
            },
            {
              "start_frame": 204,
              "endpoint_distance_deg": 13.188678837963478,
              "path_distance_deg": 21.419226579505285,
              "path_to_endpoint_ratio": 1.6240615790757038,
              "peak_velocity_deg": 7.496963018209069
            },
            {
              "start_frame": 84,
              "endpoint_distance_deg": 11.756764981887335,
              "path_distance_deg": 16.36223953885129,
              "path_to_endpoint_ratio": 1.3917297457301585,
              "peak_velocity_deg": 4.675400155050391
            },
            {
              "start_frame": 104,
              "endpoint_distance_deg": 3.1934060267243285,
              "path_distance_deg": 10.801659003053505,
              "path_to_endpoint_ratio": 3.3824884504691144,
              "peak_velocity_deg": 3.3141462457918935
            },
            {
              "start_frame": 174,
              "endpoint_distance_deg": 8.749939403838503,
              "path_distance_deg": 9.190196995785623,
              "path_to_endpoint_ratio": 1.0503155018141022,
              "peak_velocity_deg": 3.275679987652456
            },
            {
              "start_frame": 144,
              "endpoint_distance_deg": 5.009288531840821,
              "path_distance_deg": 7.334257275322148,
              "path_to_endpoint_ratio": 1.4641315285999197,
              "peak_velocity_deg": 2.6178223241075567
            },
            {
              "start_frame": 34,
              "endpoint_distance_deg": 0.3977700113079779,
              "path_distance_deg": 1.1140558272847574,
              "path_to_endpoint_ratio": 2.800753690861293,
              "peak_velocity_deg": 0.4171232824163386
            }
          ],
          "boundary_blocks_by_peak": [
            {
              "start_frame": 54,
              "end_frame": 60,
              "entry_jump_deg": 26.43953019931103,
              "path_distance_deg": 116.4476523358932,
              "endpoint_distance_deg": 31.223879775525454,
              "path_to_endpoint_ratio": 3.729442118438132,
              "peak_velocity_deg": 26.43953019931103
            },
            {
              "start_frame": 74,
              "end_frame": 80,
              "entry_jump_deg": 0.4307506098662471,
              "path_distance_deg": 81.72806960126292,
              "endpoint_distance_deg": 68.43827973515539,
              "path_to_endpoint_ratio": 1.1941864979297665,
              "peak_velocity_deg": 24.84678952615178
            },
            {
              "start_frame": 114,
              "end_frame": 120,
              "entry_jump_deg": 11.951008912788634,
              "path_distance_deg": 66.6645402658038,
              "endpoint_distance_deg": 54.86658090409103,
              "path_to_endpoint_ratio": 1.2150299721124607,
              "peak_velocity_deg": 21.775852796802567
            },
            {
              "start_frame": 44,
              "end_frame": 50,
              "entry_jump_deg": 12.141763817806057,
              "path_distance_deg": 75.83497100998301,
              "endpoint_distance_deg": 58.73715196535293,
              "path_to_endpoint_ratio": 1.2910903656805748,
              "peak_velocity_deg": 21.463551890140174
            },
            {
              "start_frame": 64,
              "end_frame": 70,
              "entry_jump_deg": 9.422414406839009,
              "path_distance_deg": 77.04353785565407,
              "endpoint_distance_deg": 69.37354265571318,
              "path_to_endpoint_ratio": 1.1105608118934551,
              "peak_velocity_deg": 15.911168864384377
            },
            {
              "start_frame": 174,
              "end_frame": 180,
              "entry_jump_deg": 15.495100451581001,
              "path_distance_deg": 24.685297447366626,
              "endpoint_distance_deg": 18.978611961965274,
              "path_to_endpoint_ratio": 1.3006903506346,
              "peak_velocity_deg": 15.495100451581001
            },
            {
              "start_frame": 124,
              "end_frame": 130,
              "entry_jump_deg": 13.677627984739402,
              "path_distance_deg": 63.6378504119507,
              "endpoint_distance_deg": 62.76374041661835,
              "path_to_endpoint_ratio": 1.0139269901623154,
              "peak_velocity_deg": 13.677627984739402
            },
            {
              "start_frame": 94,
              "end_frame": 100,
              "entry_jump_deg": 5.892194522900059,
              "path_distance_deg": 55.66615392316822,
              "endpoint_distance_deg": 55.28954591784614,
              "path_to_endpoint_ratio": 1.0068115590220559,
              "peak_velocity_deg": 12.603000627393827
            },
            {
              "start_frame": 164,
              "end_frame": 170,
              "entry_jump_deg": 1.331423919177918,
              "path_distance_deg": 46.953268891613654,
              "endpoint_distance_deg": 36.56723984171679,
              "path_to_endpoint_ratio": 1.2840255128594156,
              "peak_velocity_deg": 10.72632797918002
            },
            {
              "start_frame": 194,
              "end_frame": 200,
              "entry_jump_deg": 5.645683446113802,
              "path_distance_deg": 39.41041126690353,
              "endpoint_distance_deg": 27.252293261476087,
              "path_to_endpoint_ratio": 1.4461319232394358,
              "peak_velocity_deg": 9.419320872426301
            },
            {
              "start_frame": 214,
              "end_frame": 220,
              "entry_jump_deg": 9.077377414331131,
              "path_distance_deg": 36.211331239741114,
              "endpoint_distance_deg": 20.990137031806096,
              "path_to_endpoint_ratio": 1.7251593538846617,
              "peak_velocity_deg": 9.077377414331131
            },
            {
              "start_frame": 184,
              "end_frame": 190,
              "entry_jump_deg": 3.581036255428892,
              "path_distance_deg": 39.494818072061165,
              "endpoint_distance_deg": 32.48041035357226,
              "path_to_endpoint_ratio": 1.215958100348244,
              "peak_velocity_deg": 8.507228018201873
            },
            {
              "start_frame": 204,
              "end_frame": 210,
              "entry_jump_deg": 7.036065297267711,
              "path_distance_deg": 28.455291876772996,
              "endpoint_distance_deg": 18.642194965678964,
              "path_to_endpoint_ratio": 1.5263917113387313,
              "peak_velocity_deg": 7.496963018209069
            },
            {
              "start_frame": 154,
              "end_frame": 160,
              "entry_jump_deg": 3.9817660681925724,
              "path_distance_deg": 30.206153893236426,
              "endpoint_distance_deg": 13.684629639545683,
              "path_to_endpoint_ratio": 2.207305180254717,
              "peak_velocity_deg": 7.279820582258937
            },
            {
              "start_frame": 134,
              "end_frame": 140,
              "entry_jump_deg": 5.1507086714591335,
              "path_distance_deg": 32.93210095910072,
              "endpoint_distance_deg": 31.564825304543895,
              "path_to_endpoint_ratio": 1.043316433446568,
              "peak_velocity_deg": 6.903681150648987
            },
            {
              "start_frame": 104,
              "end_frame": 110,
              "entry_jump_deg": 5.328139605277087,
              "path_distance_deg": 16.12979860833059,
              "endpoint_distance_deg": 3.000438263250423,
              "path_to_endpoint_ratio": 5.375814195509198,
              "peak_velocity_deg": 5.328139605277087
            },
            {
              "start_frame": 84,
              "end_frame": 90,
              "entry_jump_deg": 4.914857194813273,
              "path_distance_deg": 21.27709673366456,
              "endpoint_distance_deg": 6.850909071629243,
              "path_to_endpoint_ratio": 3.1057333430064875,
              "peak_velocity_deg": 4.914857194813273
            },
            {
              "start_frame": 144,
              "end_frame": 150,
              "entry_jump_deg": 1.0268063391635873,
              "path_distance_deg": 8.361063614485735,
              "endpoint_distance_deg": 5.096710765867396,
              "path_to_endpoint_ratio": 1.6404822636747736,
              "peak_velocity_deg": 2.6178223241075567
            },
            {
              "start_frame": 34,
              "end_frame": 40,
              "entry_jump_deg": 0.13516828832040717,
              "path_distance_deg": 1.2492241156051647,
              "endpoint_distance_deg": 0.5011727557290768,
              "path_to_endpoint_ratio": 2.492601805115816,
              "peak_velocity_deg": 0.4171232824163386
            }
          ]
        },
        "ratios": {
          "excursion_p90": 0.9156630118965587,
          "velocity_rms": 1.4475448619688958,
          "velocity_p95": 1.5345483213767297
        }
      },
      "RightHand": {
        "prediction": {
          "order": "XYZ",
          "excursion_p90_deg": 19.1850055468395,
          "excursion_max_deg": 31.477410499634903,
          "velocity_rms_deg_per_frame": 5.489353285160433,
          "velocity_p95_deg_per_frame": 11.373437405940372,
          "velocity_max_deg_per_frame": 16.17982989730856,
          "euler_axis_step_p95_deg": [
            1.619709900000003,
            5.568609499999998,
            10.741361999999986
          ],
          "top_velocity_transitions": [
            {
              "from_frame": 163,
              "to_frame": 164,
              "velocity_deg": 16.17982989730856,
              "new_block_offset": 0,
              "inside_release_blend": true
            },
            {
              "from_frame": 162,
              "to_frame": 163,
              "velocity_deg": 16.17982970703438,
              "new_block_offset": 9,
              "inside_release_blend": false
            },
            {
              "from_frame": 96,
              "to_frame": 97,
              "velocity_deg": 15.382153391307028,
              "new_block_offset": 3,
              "inside_release_blend": false
            },
            {
              "from_frame": 95,
              "to_frame": 96,
              "velocity_deg": 14.840938612534298,
              "new_block_offset": 2,
              "inside_release_blend": true
            },
            {
              "from_frame": 97,
              "to_frame": 98,
              "velocity_deg": 13.319772055187295,
              "new_block_offset": 4,
              "inside_release_blend": false
            },
            {
              "from_frame": 116,
              "to_frame": 117,
              "velocity_deg": 13.253650970449204,
              "new_block_offset": 3,
              "inside_release_blend": false
            },
            {
              "from_frame": 114,
              "to_frame": 115,
              "velocity_deg": 12.794120523173191,
              "new_block_offset": 1,
              "inside_release_blend": true
            },
            {
              "from_frame": 115,
              "to_frame": 116,
              "velocity_deg": 12.794117926919343,
              "new_block_offset": 2,
              "inside_release_blend": true
            },
            {
              "from_frame": 30,
              "to_frame": 31,
              "velocity_deg": 12.27941072990518,
              "new_block_offset": null,
              "inside_release_blend": false
            },
            {
              "from_frame": 143,
              "to_frame": 144,
              "velocity_deg": 11.404963442459675,
              "new_block_offset": 0,
              "inside_release_blend": true
            },
            {
              "from_frame": 142,
              "to_frame": 143,
              "velocity_deg": 11.404961183424136,
              "new_block_offset": 9,
              "inside_release_blend": false
            },
            {
              "from_frame": 140,
              "to_frame": 141,
              "velocity_deg": 11.380074163681801,
              "new_block_offset": 7,
              "inside_release_blend": false
            }
          ],
          "release_blend_blocks_by_path": [
            {
              "start_frame": 94,
              "endpoint_distance_deg": 51.2005103724199,
              "path_distance_deg": 55.991423230244614,
              "path_to_endpoint_ratio": 1.0935715840130653,
              "peak_velocity_deg": 15.382153391307028
            },
            {
              "start_frame": 114,
              "endpoint_distance_deg": 11.699288199598461,
              "path_distance_deg": 50.686607886995795,
              "path_to_endpoint_ratio": 4.332452284467652,
              "peak_velocity_deg": 13.253650970449204
            },
            {
              "start_frame": 154,
              "endpoint_distance_deg": 11.71227459601957,
              "path_distance_deg": 44.73231560207153,
              "path_to_endpoint_ratio": 3.819268002585412,
              "peak_velocity_deg": 10.371679372883113
            },
            {
              "start_frame": 134,
              "endpoint_distance_deg": 13.610703962860303,
              "path_distance_deg": 37.85978835483547,
              "path_to_endpoint_ratio": 2.7816186773398313,
              "peak_velocity_deg": 10.502946335359622
            },
            {
              "start_frame": 54,
              "endpoint_distance_deg": 18.382759222113865,
              "path_distance_deg": 34.31968283321816,
              "path_to_endpoint_ratio": 1.8669494834014195,
              "peak_velocity_deg": 8.382579460489548
            },
            {
              "start_frame": 174,
              "endpoint_distance_deg": 9.687420521371319,
              "path_distance_deg": 32.55750053155391,
              "path_to_endpoint_ratio": 3.3608018212618256,
              "peak_velocity_deg": 8.627240178643124
            },
            {
              "start_frame": 164,
              "endpoint_distance_deg": 30.909424784101045,
              "path_distance_deg": 31.47280338636917,
              "path_to_endpoint_ratio": 1.0182267578967665,
              "peak_velocity_deg": 11.313706586267518
            },
            {
              "start_frame": 144,
              "endpoint_distance_deg": 17.135275581817613,
              "path_distance_deg": 31.141810257182755,
              "path_to_endpoint_ratio": 1.8174093616695373,
              "peak_velocity_deg": 9.933973614493025
            },
            {
              "start_frame": 124,
              "endpoint_distance_deg": 10.543654845739296,
              "path_distance_deg": 30.19893076490948,
              "path_to_endpoint_ratio": 2.864180514891656,
              "peak_velocity_deg": 8.296663321509248
            },
            {
              "start_frame": 214,
              "endpoint_distance_deg": 3.0046711326345417,
              "path_distance_deg": 29.315009114320457,
              "path_to_endpoint_ratio": 9.756478436499174,
              "peak_velocity_deg": 6.424945416340479
            },
            {
              "start_frame": 74,
              "endpoint_distance_deg": 12.594376919337838,
              "path_distance_deg": 26.038742329645657,
              "path_to_endpoint_ratio": 2.067489523016012,
              "peak_velocity_deg": 8.796106024892733
            },
            {
              "start_frame": 64,
              "endpoint_distance_deg": 13.180982055292095,
              "path_distance_deg": 24.059456316285882,
              "path_to_endpoint_ratio": 1.8253159146534257,
              "peak_velocity_deg": 7.894290831265317
            },
            {
              "start_frame": 204,
              "endpoint_distance_deg": 15.644319408723522,
              "path_distance_deg": 21.91646017522523,
              "path_to_endpoint_ratio": 1.4009212930671986,
              "peak_velocity_deg": 7.808508345502755
            },
            {
              "start_frame": 34,
              "endpoint_distance_deg": 9.430075182197916,
              "path_distance_deg": 21.81220434866664,
              "path_to_endpoint_ratio": 2.3130467071825356,
              "peak_velocity_deg": 7.822736900144161
            },
            {
              "start_frame": 44,
              "endpoint_distance_deg": 19.596493503891512,
              "path_distance_deg": 20.900236953759233,
              "path_to_endpoint_ratio": 1.0665294252570656,
              "peak_velocity_deg": 7.1726401606185
            },
            {
              "start_frame": 104,
              "endpoint_distance_deg": 8.436250043417727,
              "path_distance_deg": 20.049192528072474,
              "path_to_endpoint_ratio": 2.376552665566805,
              "peak_velocity_deg": 7.322069849184984
            },
            {
              "start_frame": 84,
              "endpoint_distance_deg": 14.315907902411404,
              "path_distance_deg": 18.11743731882212,
              "path_to_endpoint_ratio": 1.2655458139522102,
              "peak_velocity_deg": 5.4330839583621815
            },
            {
              "start_frame": 184,
              "endpoint_distance_deg": 11.960464765189753,
              "path_distance_deg": 17.983177008768802,
              "path_to_endpoint_ratio": 1.5035516898229413,
              "peak_velocity_deg": 4.925965847948041
            },
            {
              "start_frame": 194,
              "endpoint_distance_deg": 3.0512938564224297,
              "path_distance_deg": 8.866871040631715,
              "path_to_endpoint_ratio": 2.9059380898265603,
              "peak_velocity_deg": 3.5578457618802135
            }
          ],
          "boundary_blocks_by_peak": [
            {
              "start_frame": 164,
              "end_frame": 170,
              "entry_jump_deg": 16.17982989730856,
              "path_distance_deg": 47.65263328367774,
              "endpoint_distance_deg": 16.04543414984933,
              "path_to_endpoint_ratio": 2.9698562742925345,
              "peak_velocity_deg": 16.17982989730856
            },
            {
              "start_frame": 94,
              "end_frame": 100,
              "entry_jump_deg": 2.794640126204577,
              "path_distance_deg": 58.78606335644919,
              "endpoint_distance_deg": 49.64206441398824,
              "path_to_endpoint_ratio": 1.1841986035513128,
              "peak_velocity_deg": 15.382153391307028
            },
            {
              "start_frame": 114,
              "end_frame": 120,
              "entry_jump_deg": 2.7016711520700882,
              "path_distance_deg": 53.388279039065885,
              "endpoint_distance_deg": 9.026990860807468,
              "path_to_endpoint_ratio": 5.914294127721127,
              "peak_velocity_deg": 13.253650970449204
            },
            {
              "start_frame": 144,
              "end_frame": 150,
              "entry_jump_deg": 11.404963442459675,
              "path_distance_deg": 42.54677369964243,
              "endpoint_distance_deg": 27.245854789864367,
              "path_to_endpoint_ratio": 1.561587038754611,
              "peak_velocity_deg": 11.404963442459675
            },
            {
              "start_frame": 134,
              "end_frame": 140,
              "entry_jump_deg": 2.418666107708927,
              "path_distance_deg": 40.2784544625444,
              "endpoint_distance_deg": 12.112603680963057,
              "path_to_endpoint_ratio": 3.3253341332259225,
              "peak_velocity_deg": 10.502946335359622
            },
            {
              "start_frame": 154,
              "end_frame": 160,
              "entry_jump_deg": 2.7134979439445592,
              "path_distance_deg": 47.44581354601609,
              "endpoint_distance_deg": 14.39389087327115,
              "path_to_endpoint_ratio": 3.2962465787566146,
              "peak_velocity_deg": 10.371679372883113
            },
            {
              "start_frame": 184,
              "end_frame": 190,
              "entry_jump_deg": 9.269198256515763,
              "path_distance_deg": 27.252375265284556,
              "endpoint_distance_deg": 5.842354618370798,
              "path_to_endpoint_ratio": 4.664621893986326,
              "peak_velocity_deg": 9.269198256515763
            },
            {
              "start_frame": 74,
              "end_frame": 80,
              "entry_jump_deg": 0.8556269255394916,
              "path_distance_deg": 26.894369255185147,
              "endpoint_distance_deg": 11.74674074798224,
              "path_to_endpoint_ratio": 2.2895175633977316,
              "peak_velocity_deg": 8.796106024892733
            },
            {
              "start_frame": 174,
              "end_frame": 180,
              "entry_jump_deg": 0.962085774762119,
              "path_distance_deg": 33.51958630631603,
              "endpoint_distance_deg": 10.542142243240386,
              "path_to_endpoint_ratio": 3.179580158654069,
              "peak_velocity_deg": 8.627240178643124
            },
            {
              "start_frame": 54,
              "end_frame": 60,
              "entry_jump_deg": 2.345747338012162,
              "path_distance_deg": 36.66543017123032,
              "endpoint_distance_deg": 19.633416446269646,
              "path_to_endpoint_ratio": 1.867501271190973,
              "peak_velocity_deg": 8.382579460489548
            },
            {
              "start_frame": 124,
              "end_frame": 130,
              "entry_jump_deg": 5.649475725823599,
              "path_distance_deg": 35.848406490733076,
              "endpoint_distance_deg": 11.377251116219183,
              "path_to_endpoint_ratio": 3.1508847018088844,
              "peak_velocity_deg": 8.296663321509248
            },
            {
              "start_frame": 64,
              "end_frame": 70,
              "entry_jump_deg": 0.6220911184907918,
              "path_distance_deg": 24.68154743477667,
              "endpoint_distance_deg": 12.564241903734976,
              "path_to_endpoint_ratio": 1.9644279076988784,
              "peak_velocity_deg": 7.894290831265317
            },
            {
              "start_frame": 34,
              "end_frame": 40,
              "entry_jump_deg": 2.2955874830295775,
              "path_distance_deg": 24.10779183169622,
              "endpoint_distance_deg": 7.21222343080617,
              "path_to_endpoint_ratio": 3.3426296429922844,
              "peak_velocity_deg": 7.822736900144161
            },
            {
              "start_frame": 204,
              "end_frame": 210,
              "entry_jump_deg": 5.791668954309274,
              "path_distance_deg": 27.708129129534502,
              "endpoint_distance_deg": 18.282851006204368,
              "path_to_endpoint_ratio": 1.515525621257408,
              "peak_velocity_deg": 7.808508345502755
            },
            {
              "start_frame": 104,
              "end_frame": 110,
              "entry_jump_deg": 3.9787637518636525,
              "path_distance_deg": 24.027956279936127,
              "endpoint_distance_deg": 10.668887050202859,
              "path_to_endpoint_ratio": 2.2521520911105024,
              "peak_velocity_deg": 7.322069849184984
            },
            {
              "start_frame": 44,
              "end_frame": 50,
              "entry_jump_deg": 1.228283332969987,
              "path_distance_deg": 22.12852028672922,
              "endpoint_distance_deg": 19.241975923088106,
              "path_to_endpoint_ratio": 1.1500128871992612,
              "peak_velocity_deg": 7.1726401606185
            },
            {
              "start_frame": 214,
              "end_frame": 220,
              "entry_jump_deg": 4.416464344431332,
              "path_distance_deg": 33.73147345875179,
              "endpoint_distance_deg": 6.433552518994445,
              "path_to_endpoint_ratio": 5.2430555838571085,
              "peak_velocity_deg": 6.424945416340479
            },
            {
              "start_frame": 84,
              "end_frame": 90,
              "entry_jump_deg": 1.8399960353943532,
              "path_distance_deg": 19.957433354216473,
              "endpoint_distance_deg": 12.499331602075536,
              "path_to_endpoint_ratio": 1.5966800457476067,
              "peak_velocity_deg": 5.4330839583621815
            },
            {
              "start_frame": 194,
              "end_frame": 200,
              "entry_jump_deg": 2.489294900551256,
              "path_distance_deg": 11.35616594118297,
              "endpoint_distance_deg": 4.130132947227374,
              "path_to_endpoint_ratio": 2.7495884724017303,
              "peak_velocity_deg": 3.5578457618802135
            }
          ]
        },
        "ground_truth": {
          "order": "XYZ",
          "excursion_p90_deg": 24.241836361381864,
          "excursion_max_deg": 38.86125717873389,
          "velocity_rms_deg_per_frame": 5.393527066559688,
          "velocity_p95_deg_per_frame": 12.740036205770318,
          "velocity_max_deg_per_frame": 24.244167295503924,
          "euler_axis_step_p95_deg": [
            1.9756388000000018,
            5.518946699999998,
            11.258954399999988
          ],
          "top_velocity_transitions": [
            {
              "from_frame": 161,
              "to_frame": 162,
              "velocity_deg": 24.244167295503924,
              "new_block_offset": 8,
              "inside_release_blend": false
            },
            {
              "from_frame": 62,
              "to_frame": 63,
              "velocity_deg": 16.54127135822364,
              "new_block_offset": 9,
              "inside_release_blend": false
            },
            {
              "from_frame": 170,
              "to_frame": 171,
              "velocity_deg": 16.261772140235145,
              "new_block_offset": 7,
              "inside_release_blend": false
            },
            {
              "from_frame": 160,
              "to_frame": 161,
              "velocity_deg": 15.665183608898662,
              "new_block_offset": 7,
              "inside_release_blend": false
            },
            {
              "from_frame": 211,
              "to_frame": 212,
              "velocity_deg": 14.21275395556884,
              "new_block_offset": 8,
              "inside_release_blend": false
            },
            {
              "from_frame": 150,
              "to_frame": 151,
              "velocity_deg": 13.81526365100139,
              "new_block_offset": 7,
              "inside_release_blend": false
            },
            {
              "from_frame": 169,
              "to_frame": 170,
              "velocity_deg": 13.757031390490873,
              "new_block_offset": 6,
              "inside_release_blend": false
            },
            {
              "from_frame": 220,
              "to_frame": 221,
              "velocity_deg": 13.709317287887675,
              "new_block_offset": 7,
              "inside_release_blend": false
            },
            {
              "from_frame": 61,
              "to_frame": 62,
              "velocity_deg": 13.529455117364027,
              "new_block_offset": 8,
              "inside_release_blend": false
            },
            {
              "from_frame": 216,
              "to_frame": 217,
              "velocity_deg": 13.359979556729847,
              "new_block_offset": 3,
              "inside_release_blend": false
            },
            {
              "from_frame": 155,
              "to_frame": 156,
              "velocity_deg": 13.303086284438294,
              "new_block_offset": 2,
              "inside_release_blend": true
            },
            {
              "from_frame": 166,
              "to_frame": 167,
              "velocity_deg": 12.769117539221517,
              "new_block_offset": 3,
              "inside_release_blend": false
            }
          ],
          "release_blend_blocks_by_path": [
            {
              "start_frame": 214,
              "endpoint_distance_deg": 9.458093716891566,
              "path_distance_deg": 59.15522047761195,
              "path_to_endpoint_ratio": 6.254454887877079,
              "peak_velocity_deg": 13.359979556729847
            },
            {
              "start_frame": 164,
              "endpoint_distance_deg": 14.78328662330263,
              "path_distance_deg": 43.49582797479986,
              "path_to_endpoint_ratio": 2.942229903480202,
              "peak_velocity_deg": 13.757031390490873
            },
            {
              "start_frame": 154,
              "endpoint_distance_deg": 32.527085971306896,
              "path_distance_deg": 37.29686348068508,
              "path_to_endpoint_ratio": 1.1466401728573457,
              "peak_velocity_deg": 13.303086284438294
            },
            {
              "start_frame": 64,
              "endpoint_distance_deg": 17.996383456000146,
              "path_distance_deg": 33.13676732724882,
              "path_to_endpoint_ratio": 1.8413014708352828,
              "peak_velocity_deg": 12.478304204709602
            },
            {
              "start_frame": 44,
              "endpoint_distance_deg": 18.79212452558348,
              "path_distance_deg": 25.982053281726312,
              "path_to_endpoint_ratio": 1.382603294606446,
              "peak_velocity_deg": 7.74314899486171
            },
            {
              "start_frame": 74,
              "endpoint_distance_deg": 11.342464376283553,
              "path_distance_deg": 22.612021828022083,
              "path_to_endpoint_ratio": 1.9935722148092025,
              "peak_velocity_deg": 7.024631466402154
            },
            {
              "start_frame": 54,
              "endpoint_distance_deg": 5.98991250828671,
              "path_distance_deg": 22.501864133619495,
              "path_to_endpoint_ratio": 3.7566265120716573,
              "peak_velocity_deg": 7.824087496604389
            },
            {
              "start_frame": 124,
              "endpoint_distance_deg": 21.677073308619093,
              "path_distance_deg": 22.35328096434824,
              "path_to_endpoint_ratio": 1.0311946011392727,
              "peak_velocity_deg": 6.136172896328793
            },
            {
              "start_frame": 114,
              "endpoint_distance_deg": 7.488954689218846,
              "path_distance_deg": 20.704565214384736,
              "path_to_endpoint_ratio": 2.7646802622789504,
              "peak_velocity_deg": 6.3150438407475775
            },
            {
              "start_frame": 94,
              "endpoint_distance_deg": 4.743978540414722,
              "path_distance_deg": 19.01820810297379,
              "path_to_endpoint_ratio": 4.0089152893409175,
              "peak_velocity_deg": 5.851327812330936
            },
            {
              "start_frame": 194,
              "endpoint_distance_deg": 10.350402466435229,
              "path_distance_deg": 15.257200350964428,
              "path_to_endpoint_ratio": 1.474068317675684,
              "peak_velocity_deg": 6.464214256921201
            },
            {
              "start_frame": 144,
              "endpoint_distance_deg": 13.074928193895095,
              "path_distance_deg": 14.86673814209671,
              "path_to_endpoint_ratio": 1.1370416664344085,
              "peak_velocity_deg": 10.086695868415807
            },
            {
              "start_frame": 184,
              "endpoint_distance_deg": 5.411430621164255,
              "path_distance_deg": 14.8475345129915,
              "path_to_endpoint_ratio": 2.7437355391608236,
              "peak_velocity_deg": 3.4469638868418877
            },
            {
              "start_frame": 204,
              "endpoint_distance_deg": 8.35834351350073,
              "path_distance_deg": 10.980605364421784,
              "path_to_endpoint_ratio": 1.3137298493039287,
              "peak_velocity_deg": 4.041028039043798
            },
            {
              "start_frame": 134,
              "endpoint_distance_deg": 10.172834335391858,
              "path_distance_deg": 10.844612875305135,
              "path_to_endpoint_ratio": 1.0660365162515348,
              "peak_velocity_deg": 3.6750762497887877
            },
            {
              "start_frame": 84,
              "endpoint_distance_deg": 6.434433282107367,
              "path_distance_deg": 9.222325888588975,
              "path_to_endpoint_ratio": 1.4332771021550688,
              "peak_velocity_deg": 4.263901091757777
            },
            {
              "start_frame": 174,
              "endpoint_distance_deg": 3.132976896337941,
              "path_distance_deg": 8.844387647118205,
              "path_to_endpoint_ratio": 2.8229980429974413,
              "peak_velocity_deg": 2.3561223857088174
            },
            {
              "start_frame": 104,
              "endpoint_distance_deg": 2.5477689818360383,
              "path_distance_deg": 5.8844301650354405,
              "path_to_endpoint_ratio": 2.3096403979276223,
              "peak_velocity_deg": 2.1128959739796485
            },
            {
              "start_frame": 34,
              "endpoint_distance_deg": 0.2600060659853161,
              "path_distance_deg": 2.1619419932290196,
              "path_to_endpoint_ratio": 8.314967518300575,
              "peak_velocity_deg": 0.5908484913765979
            }
          ],
          "boundary_blocks_by_peak": [
            {
              "start_frame": 164,
              "end_frame": 170,
              "entry_jump_deg": 2.928536542828838,
              "path_distance_deg": 46.424364517628696,
              "endpoint_distance_deg": 17.289609142060346,
              "path_to_endpoint_ratio": 2.6851020249319792,
              "peak_velocity_deg": 13.757031390490873
            },
            {
              "start_frame": 214,
              "end_frame": 220,
              "entry_jump_deg": 3.2142965279829254,
              "path_distance_deg": 62.36951700559487,
              "endpoint_distance_deg": 12.653747588608372,
              "path_to_endpoint_ratio": 4.928936393653331,
              "peak_velocity_deg": 13.359979556729847
            },
            {
              "start_frame": 154,
              "end_frame": 160,
              "entry_jump_deg": 3.9640149413984944,
              "path_distance_deg": 41.26087842208358,
              "endpoint_distance_deg": 32.12403035620607,
              "path_to_endpoint_ratio": 1.2844240889005496,
              "peak_velocity_deg": 13.303086284438294
            },
            {
              "start_frame": 64,
              "end_frame": 70,
              "entry_jump_deg": 2.019432755992097,
              "path_distance_deg": 35.15620008324092,
              "endpoint_distance_deg": 16.695999253800487,
              "path_to_endpoint_ratio": 2.105666126885958,
              "peak_velocity_deg": 12.478304204709602
            },
            {
              "start_frame": 144,
              "end_frame": 150,
              "entry_jump_deg": 0.29279259091659554,
              "path_distance_deg": 15.159530733013304,
              "endpoint_distance_deg": 13.35852721320515,
              "path_to_endpoint_ratio": 1.1348205150959927,
              "peak_velocity_deg": 10.086695868415807
            },
            {
              "start_frame": 124,
              "end_frame": 130,
              "entry_jump_deg": 9.358529481726197,
              "path_distance_deg": 31.71181044607444,
              "endpoint_distance_deg": 15.90191855942299,
              "path_to_endpoint_ratio": 1.994212857245643,
              "peak_velocity_deg": 9.358529481726197
            },
            {
              "start_frame": 54,
              "end_frame": 60,
              "entry_jump_deg": 8.775341233467726,
              "path_distance_deg": 31.277205367087223,
              "endpoint_distance_deg": 7.757521561217324,
              "path_to_endpoint_ratio": 4.0318554218983245,
              "peak_velocity_deg": 8.775341233467726
            },
            {
              "start_frame": 174,
              "end_frame": 180,
              "entry_jump_deg": 8.226598965637777,
              "path_distance_deg": 17.070986612755984,
              "endpoint_distance_deg": 6.3706380714358435,
              "path_to_endpoint_ratio": 2.679635292624377,
              "peak_velocity_deg": 8.226598965637777
            },
            {
              "start_frame": 44,
              "end_frame": 50,
              "entry_jump_deg": 4.840564203905996,
              "path_distance_deg": 30.82261748563231,
              "endpoint_distance_deg": 23.620327312924733,
              "path_to_endpoint_ratio": 1.3049191519359928,
              "peak_velocity_deg": 7.74314899486171
            },
            {
              "start_frame": 74,
              "end_frame": 80,
              "entry_jump_deg": 0.0874690508119727,
              "path_distance_deg": 22.699490878834055,
              "endpoint_distance_deg": 11.363897091283254,
              "path_to_endpoint_ratio": 1.997509366416723,
              "peak_velocity_deg": 7.024631466402154
            },
            {
              "start_frame": 194,
              "end_frame": 200,
              "entry_jump_deg": 0.8696699040499519,
              "path_distance_deg": 16.12687025501438,
              "endpoint_distance_deg": 11.218739497797653,
              "path_to_endpoint_ratio": 1.4374939589407743,
              "peak_velocity_deg": 6.464214256921201
            },
            {
              "start_frame": 114,
              "end_frame": 120,
              "entry_jump_deg": 4.8046454818930115,
              "path_distance_deg": 25.50921069627775,
              "endpoint_distance_deg": 11.598969292271878,
              "path_to_endpoint_ratio": 2.199265301381041,
              "peak_velocity_deg": 6.3150438407475775
            },
            {
              "start_frame": 94,
              "end_frame": 100,
              "entry_jump_deg": 5.134457649664354,
              "path_distance_deg": 24.152665752638146,
              "endpoint_distance_deg": 8.667287582055849,
              "path_to_endpoint_ratio": 2.7866464016542096,
              "peak_velocity_deg": 5.851327812330936
            },
            {
              "start_frame": 134,
              "end_frame": 140,
              "entry_jump_deg": 5.562023520702118,
              "path_distance_deg": 16.406636396007254,
              "endpoint_distance_deg": 15.72062757379839,
              "path_to_endpoint_ratio": 1.0436374959580008,
              "peak_velocity_deg": 5.562023520702118
            },
            {
              "start_frame": 84,
              "end_frame": 90,
              "entry_jump_deg": 3.5612214735214103,
              "path_distance_deg": 12.783547362110385,
              "endpoint_distance_deg": 3.7773237779613655,
              "path_to_endpoint_ratio": 3.384286895578146,
              "peak_velocity_deg": 4.263901091757777
            },
            {
              "start_frame": 204,
              "end_frame": 210,
              "entry_jump_deg": 1.1244613835032817,
              "path_distance_deg": 12.105066747925065,
              "endpoint_distance_deg": 9.120608088391219,
              "path_to_endpoint_ratio": 1.3272214561365145,
              "peak_velocity_deg": 4.041028039043798
            },
            {
              "start_frame": 184,
              "end_frame": 190,
              "entry_jump_deg": 0.2890629637027273,
              "path_distance_deg": 15.136597476694229,
              "endpoint_distance_deg": 5.444790537472205,
              "path_to_endpoint_ratio": 2.7800146530010568,
              "peak_velocity_deg": 3.4469638868418877
            },
            {
              "start_frame": 104,
              "end_frame": 110,
              "entry_jump_deg": 0.9630551536044375,
              "path_distance_deg": 6.847485318639877,
              "endpoint_distance_deg": 2.095224233068728,
              "path_to_endpoint_ratio": 3.268139615114534,
              "peak_velocity_deg": 2.1128959739796485
            },
            {
              "start_frame": 34,
              "end_frame": 40,
              "entry_jump_deg": 0.10997087799886669,
              "path_distance_deg": 2.2719128712278858,
              "endpoint_distance_deg": 0.1502021559837941,
              "path_to_endpoint_ratio": 15.125700802011199,
              "peak_velocity_deg": 0.5908484913765979
            }
          ]
        },
        "ratios": {
          "excursion_p90": 0.791400670346984,
          "velocity_rms": 1.0177668930586954,
          "velocity_p95": 0.8927319532097582
        }
      },
      "LeftShoulder": {
        "prediction": {
          "order": "XYZ",
          "excursion_p90_deg": 2.766672265203511,
          "excursion_max_deg": 4.12842399672913,
          "velocity_rms_deg_per_frame": 0.7593791916390025,
          "velocity_p95_deg_per_frame": 1.4837019189399956,
          "velocity_max_deg_per_frame": 2.4339564802786327,
          "euler_axis_step_p95_deg": [
            0.013764900000003862,
            0.9798974999999945,
            1.2627914000000116
          ],
          "top_velocity_transitions": [
            {
              "from_frame": 125,
              "to_frame": 126,
              "velocity_deg": 2.4339564802786327,
              "new_block_offset": 2,
              "inside_release_blend": true
            },
            {
              "from_frame": 55,
              "to_frame": 56,
              "velocity_deg": 2.2617707087783305,
              "new_block_offset": 2,
              "inside_release_blend": true
            },
            {
              "from_frame": 54,
              "to_frame": 55,
              "velocity_deg": 2.2617704535670478,
              "new_block_offset": 1,
              "inside_release_blend": true
            },
            {
              "from_frame": 124,
              "to_frame": 125,
              "velocity_deg": 2.1743259062205786,
              "new_block_offset": 1,
              "inside_release_blend": true
            },
            {
              "from_frame": 35,
              "to_frame": 36,
              "velocity_deg": 2.0296801064054817,
              "new_block_offset": 2,
              "inside_release_blend": true
            },
            {
              "from_frame": 34,
              "to_frame": 35,
              "velocity_deg": 1.8902516445600737,
              "new_block_offset": 1,
              "inside_release_blend": true
            },
            {
              "from_frame": 135,
              "to_frame": 136,
              "velocity_deg": 1.7923503938847631,
              "new_block_offset": 2,
              "inside_release_blend": true
            },
            {
              "from_frame": 134,
              "to_frame": 135,
              "velocity_deg": 1.6181296120256559,
              "new_block_offset": 1,
              "inside_release_blend": true
            },
            {
              "from_frame": 175,
              "to_frame": 176,
              "velocity_deg": 1.581583878336842,
              "new_block_offset": 2,
              "inside_release_blend": true
            },
            {
              "from_frame": 174,
              "to_frame": 175,
              "velocity_deg": 1.555384401488028,
              "new_block_offset": 1,
              "inside_release_blend": true
            },
            {
              "from_frame": 222,
              "to_frame": 223,
              "velocity_deg": 1.5060002952134273,
              "new_block_offset": 9,
              "inside_release_blend": false
            },
            {
              "from_frame": 85,
              "to_frame": 86,
              "velocity_deg": 1.483701957345485,
              "new_block_offset": 2,
              "inside_release_blend": true
            }
          ],
          "release_blend_blocks_by_path": [
            {
              "start_frame": 54,
              "endpoint_distance_deg": 4.3665741348273075,
              "path_distance_deg": 6.745272040304538,
              "path_to_endpoint_ratio": 1.544751521909362,
              "peak_velocity_deg": 2.2617707087783305
            },
            {
              "start_frame": 124,
              "endpoint_distance_deg": 5.3233818277234155,
              "path_distance_deg": 6.3626723106498595,
              "path_to_endpoint_ratio": 1.195231248961697,
              "peak_velocity_deg": 2.4339564802786327
            },
            {
              "start_frame": 134,
              "endpoint_distance_deg": 5.559141091821865,
              "path_distance_deg": 6.166047823824526,
              "path_to_endpoint_ratio": 1.1091727520453636,
              "peak_velocity_deg": 1.7923503938847631
            },
            {
              "start_frame": 34,
              "endpoint_distance_deg": 4.410031378396543,
              "path_distance_deg": 6.111772600472896,
              "path_to_endpoint_ratio": 1.3858796176400665,
              "peak_velocity_deg": 2.0296801064054817
            },
            {
              "start_frame": 114,
              "endpoint_distance_deg": 2.982575617917214,
              "path_distance_deg": 5.270863037942859,
              "path_to_endpoint_ratio": 1.7672185765481436,
              "peak_velocity_deg": 1.3485027977011443
            },
            {
              "start_frame": 84,
              "endpoint_distance_deg": 2.6840837276906124,
              "path_distance_deg": 4.966956017187579,
              "path_to_endpoint_ratio": 1.850522010899098,
              "peak_velocity_deg": 1.483701957345485
            },
            {
              "start_frame": 164,
              "endpoint_distance_deg": 4.092164966367554,
              "path_distance_deg": 4.856605695547552,
              "path_to_endpoint_ratio": 1.1868059414668612,
              "peak_velocity_deg": 1.4544930438837371
            },
            {
              "start_frame": 44,
              "endpoint_distance_deg": 2.9562827747546874,
              "path_distance_deg": 4.73988080945953,
              "path_to_endpoint_ratio": 1.603324570279934,
              "peak_velocity_deg": 1.347431676209693
            },
            {
              "start_frame": 184,
              "endpoint_distance_deg": 3.7909490666020718,
              "path_distance_deg": 4.699691685754095,
              "path_to_endpoint_ratio": 1.2397137506166902,
              "peak_velocity_deg": 1.454915011923702
            },
            {
              "start_frame": 64,
              "endpoint_distance_deg": 3.3872596706315945,
              "path_distance_deg": 4.630976947036423,
              "path_to_endpoint_ratio": 1.3671750610643094,
              "peak_velocity_deg": 1.2232952897613971
            },
            {
              "start_frame": 94,
              "endpoint_distance_deg": 1.8788071269556081,
              "path_distance_deg": 4.416686186890966,
              "path_to_endpoint_ratio": 2.350792757555535,
              "peak_velocity_deg": 1.114432590793076
            },
            {
              "start_frame": 174,
              "endpoint_distance_deg": 3.41771510756004,
              "path_distance_deg": 4.251031583264845,
              "path_to_endpoint_ratio": 1.2438226854723775,
              "peak_velocity_deg": 1.581583878336842
            },
            {
              "start_frame": 154,
              "endpoint_distance_deg": 0.5072948037717966,
              "path_distance_deg": 3.8099996612805733,
              "path_to_endpoint_ratio": 7.510425166890686,
              "peak_velocity_deg": 0.9220549726854992
            },
            {
              "start_frame": 104,
              "endpoint_distance_deg": 1.7023571645907223,
              "path_distance_deg": 3.693288736990755,
              "path_to_endpoint_ratio": 2.169514608221882,
              "peak_velocity_deg": 1.309407507977231
            },
            {
              "start_frame": 74,
              "endpoint_distance_deg": 1.6942014928724196,
              "path_distance_deg": 3.6347534968647683,
              "path_to_endpoint_ratio": 2.1454080356771827,
              "peak_velocity_deg": 1.0439105011966037
            },
            {
              "start_frame": 214,
              "endpoint_distance_deg": 2.7157271582406506,
              "path_distance_deg": 3.536449305604072,
              "path_to_endpoint_ratio": 1.3022108258824925,
              "peak_velocity_deg": 0.7999167607219325
            },
            {
              "start_frame": 204,
              "endpoint_distance_deg": 1.8708630478875299,
              "path_distance_deg": 3.1976883506995666,
              "path_to_endpoint_ratio": 1.7092049331511523,
              "peak_velocity_deg": 0.9819994298259996
            },
            {
              "start_frame": 144,
              "endpoint_distance_deg": 2.096233051784665,
              "path_distance_deg": 2.4900501331875646,
              "path_to_endpoint_ratio": 1.187868939986237,
              "peak_velocity_deg": 0.6627341279433068
            },
            {
              "start_frame": 194,
              "endpoint_distance_deg": 1.2865569619973325,
              "path_distance_deg": 1.4635193492360856,
              "path_to_endpoint_ratio": 1.137547261773801,
              "peak_velocity_deg": 0.34329472612238593
            }
          ],
          "boundary_blocks_by_peak": [
            {
              "start_frame": 124,
              "end_frame": 130,
              "entry_jump_deg": 0.2213961340520222,
              "path_distance_deg": 6.584068444701883,
              "endpoint_distance_deg": 5.5442053429470155,
              "path_to_endpoint_ratio": 1.1875585476064148,
              "peak_velocity_deg": 2.4339564802786327
            },
            {
              "start_frame": 54,
              "end_frame": 60,
              "entry_jump_deg": 0.24151496035679845,
              "path_distance_deg": 6.986787000661337,
              "endpoint_distance_deg": 4.128938251317103,
              "path_to_endpoint_ratio": 1.692151002363041,
              "peak_velocity_deg": 2.2617707087783305
            },
            {
              "start_frame": 34,
              "end_frame": 40,
              "entry_jump_deg": 1.2920142135371402,
              "path_distance_deg": 7.403786814010036,
              "endpoint_distance_deg": 3.33198419444343,
              "path_to_endpoint_ratio": 2.222035394512654,
              "peak_velocity_deg": 2.0296801064054817
            },
            {
              "start_frame": 134,
              "end_frame": 140,
              "entry_jump_deg": 0.46093938654424454,
              "path_distance_deg": 6.62698721036877,
              "endpoint_distance_deg": 5.119031001960888,
              "path_to_endpoint_ratio": 1.2945784481145448,
              "peak_velocity_deg": 1.7923503938847631
            },
            {
              "start_frame": 174,
              "end_frame": 180,
              "entry_jump_deg": 0.5806558515641843,
              "path_distance_deg": 4.831687434829029,
              "endpoint_distance_deg": 3.2274294203310463,
              "path_to_endpoint_ratio": 1.4970698985365976,
              "peak_velocity_deg": 1.581583878336842
            },
            {
              "start_frame": 84,
              "end_frame": 90,
              "entry_jump_deg": 0.553436407679654,
              "path_distance_deg": 5.520392424867233,
              "endpoint_distance_deg": 2.3384895768217304,
              "path_to_endpoint_ratio": 2.3606658244635264,
              "peak_velocity_deg": 1.483701957345485
            },
            {
              "start_frame": 184,
              "end_frame": 190,
              "entry_jump_deg": 0.7960876538476208,
              "path_distance_deg": 5.495779339601717,
              "endpoint_distance_deg": 3.2889118102503785,
              "path_to_endpoint_ratio": 1.671002342620836,
              "peak_velocity_deg": 1.454915011923702
            },
            {
              "start_frame": 164,
              "end_frame": 170,
              "entry_jump_deg": 0.49527017225375924,
              "path_distance_deg": 5.3518758678013105,
              "endpoint_distance_deg": 3.617827440198995,
              "path_to_endpoint_ratio": 1.4793065607095224,
              "peak_velocity_deg": 1.4544930438837371
            },
            {
              "start_frame": 114,
              "end_frame": 120,
              "entry_jump_deg": 0.5102687576260185,
              "path_distance_deg": 5.781131795568878,
              "endpoint_distance_deg": 2.4855491640220375,
              "path_to_endpoint_ratio": 2.325897181697276,
              "peak_velocity_deg": 1.3485027977011443
            },
            {
              "start_frame": 44,
              "end_frame": 50,
              "entry_jump_deg": 0.09171123050552973,
              "path_distance_deg": 4.831592039965059,
              "endpoint_distance_deg": 2.8977009681279555,
              "path_to_endpoint_ratio": 1.6673880752735104,
              "peak_velocity_deg": 1.347431676209693
            },
            {
              "start_frame": 104,
              "end_frame": 110,
              "entry_jump_deg": 0.17495241831548114,
              "path_distance_deg": 3.868241155306236,
              "endpoint_distance_deg": 1.6760512483226668,
              "path_to_endpoint_ratio": 2.3079492104894976,
              "peak_velocity_deg": 1.309407507977231
            },
            {
              "start_frame": 64,
              "end_frame": 70,
              "entry_jump_deg": 1.0507753513381624,
              "path_distance_deg": 5.681752298374586,
              "endpoint_distance_deg": 2.4076548329375513,
              "path_to_endpoint_ratio": 2.3598699533862777,
              "peak_velocity_deg": 1.2232952897613971
            },
            {
              "start_frame": 94,
              "end_frame": 100,
              "entry_jump_deg": 0.7943222567280768,
              "path_distance_deg": 5.2110084436190425,
              "endpoint_distance_deg": 1.0958423843333946,
              "path_to_endpoint_ratio": 4.755253600442659,
              "peak_velocity_deg": 1.114432590793076
            },
            {
              "start_frame": 74,
              "end_frame": 80,
              "entry_jump_deg": 0.39490664836570627,
              "path_distance_deg": 4.029660145230475,
              "endpoint_distance_deg": 2.0259609949837323,
              "path_to_endpoint_ratio": 1.9890117110881653,
              "peak_velocity_deg": 1.0439105011966037
            },
            {
              "start_frame": 204,
              "end_frame": 210,
              "entry_jump_deg": 0.32726770877229244,
              "path_distance_deg": 3.524956059471859,
              "endpoint_distance_deg": 1.7258624693154845,
              "path_to_endpoint_ratio": 2.0424316086263437,
              "peak_velocity_deg": 0.9819994298259996
            },
            {
              "start_frame": 154,
              "end_frame": 160,
              "entry_jump_deg": 0.46301384507233134,
              "path_distance_deg": 4.273013506352905,
              "endpoint_distance_deg": 0.7182978088427312,
              "path_to_endpoint_ratio": 5.94880487417506,
              "peak_velocity_deg": 0.9220549726854992
            },
            {
              "start_frame": 214,
              "end_frame": 220,
              "entry_jump_deg": 0.33359149345431094,
              "path_distance_deg": 3.870040799058383,
              "endpoint_distance_deg": 2.9611168557462055,
              "path_to_endpoint_ratio": 1.3069530814187094,
              "peak_velocity_deg": 0.7999167607219325
            },
            {
              "start_frame": 144,
              "end_frame": 150,
              "entry_jump_deg": 0.41962461842025,
              "path_distance_deg": 2.909674751607815,
              "endpoint_distance_deg": 2.2173967562964196,
              "path_to_endpoint_ratio": 1.312203034186658,
              "peak_velocity_deg": 0.6627341279433068
            },
            {
              "start_frame": 194,
              "end_frame": 200,
              "entry_jump_deg": 0.24654111084397767,
              "path_distance_deg": 1.7100604600800633,
              "endpoint_distance_deg": 1.1721173371004625,
              "path_to_endpoint_ratio": 1.4589498900428717,
              "peak_velocity_deg": 0.34329472612238593
            }
          ]
        },
        "ground_truth": {
          "order": "XYZ",
          "excursion_p90_deg": 3.619539734357517,
          "excursion_max_deg": 7.405321205307789,
          "velocity_rms_deg_per_frame": 0.5954489759704725,
          "velocity_p95_deg_per_frame": 1.0428342241674629,
          "velocity_max_deg_per_frame": 2.4045502035198476,
          "euler_axis_step_p95_deg": [
            2.999999992425728e-06,
            0.7586210000000075,
            0.8724682000000115
          ],
          "top_velocity_transitions": [
            {
              "from_frame": 192,
              "to_frame": 193,
              "velocity_deg": 2.4045502035198476,
              "new_block_offset": 9,
              "inside_release_blend": false
            },
            {
              "from_frame": 191,
              "to_frame": 192,
              "velocity_deg": 2.3372990951882384,
              "new_block_offset": 8,
              "inside_release_blend": false
            },
            {
              "from_frame": 186,
              "to_frame": 187,
              "velocity_deg": 1.7939334104877085,
              "new_block_offset": 3,
              "inside_release_blend": false
            },
            {
              "from_frame": 193,
              "to_frame": 194,
              "velocity_deg": 1.476856757667957,
              "new_block_offset": 0,
              "inside_release_blend": true
            },
            {
              "from_frame": 205,
              "to_frame": 206,
              "velocity_deg": 1.4726873863627308,
              "new_block_offset": 2,
              "inside_release_blend": true
            },
            {
              "from_frame": 35,
              "to_frame": 36,
              "velocity_deg": 1.2790135260948614,
              "new_block_offset": 2,
              "inside_release_blend": true
            },
            {
              "from_frame": 174,
              "to_frame": 175,
              "velocity_deg": 1.2436169411709688,
              "new_block_offset": 1,
              "inside_release_blend": true
            },
            {
              "from_frame": 213,
              "to_frame": 214,
              "velocity_deg": 1.2116513166873562,
              "new_block_offset": 0,
              "inside_release_blend": true
            },
            {
              "from_frame": 187,
              "to_frame": 188,
              "velocity_deg": 1.1773900625734766,
              "new_block_offset": 4,
              "inside_release_blend": false
            },
            {
              "from_frame": 15,
              "to_frame": 16,
              "velocity_deg": 1.1121330584636036,
              "new_block_offset": null,
              "inside_release_blend": false
            },
            {
              "from_frame": 190,
              "to_frame": 191,
              "velocity_deg": 1.0881397840352631,
              "new_block_offset": 7,
              "inside_release_blend": false
            },
            {
              "from_frame": 68,
              "to_frame": 69,
              "velocity_deg": 1.0479169109300337,
              "new_block_offset": 5,
              "inside_release_blend": false
            }
          ],
          "release_blend_blocks_by_path": [
            {
              "start_frame": 204,
              "endpoint_distance_deg": 4.4751196935143405,
              "path_distance_deg": 5.100300955801118,
              "path_to_endpoint_ratio": 1.139701573388715,
              "peak_velocity_deg": 1.4726873863627308
            },
            {
              "start_frame": 184,
              "endpoint_distance_deg": 4.080482876743639,
              "path_distance_deg": 4.418383968234058,
              "path_to_endpoint_ratio": 1.0828090943393627,
              "peak_velocity_deg": 1.7939334104877085
            },
            {
              "start_frame": 64,
              "endpoint_distance_deg": 2.633618732013382,
              "path_distance_deg": 4.074753222408317,
              "path_to_endpoint_ratio": 1.5472069562981876,
              "peak_velocity_deg": 1.0479169109300337
            },
            {
              "start_frame": 194,
              "endpoint_distance_deg": 2.335909916251124,
              "path_distance_deg": 3.456525508145744,
              "path_to_endpoint_ratio": 1.4797340788265858,
              "peak_velocity_deg": 0.9570463343921616
            },
            {
              "start_frame": 124,
              "endpoint_distance_deg": 2.5631289536999042,
              "path_distance_deg": 3.228107954378078,
              "path_to_endpoint_ratio": 1.2594403218450128,
              "peak_velocity_deg": 0.7919847106660384
            },
            {
              "start_frame": 164,
              "endpoint_distance_deg": 0.5184113948815431,
              "path_distance_deg": 2.9097562044008023,
              "path_to_endpoint_ratio": 5.612832266284736,
              "peak_velocity_deg": 0.7913117082928008
            },
            {
              "start_frame": 54,
              "endpoint_distance_deg": 1.546069275142421,
              "path_distance_deg": 2.7755477337071373,
              "path_to_endpoint_ratio": 1.7952285698527053,
              "peak_velocity_deg": 0.9156582876300378
            },
            {
              "start_frame": 174,
              "endpoint_distance_deg": 2.1862211548199664,
              "path_distance_deg": 2.7529705219607083,
              "path_to_endpoint_ratio": 1.2592369787892814,
              "peak_velocity_deg": 1.2436169411709688
            },
            {
              "start_frame": 154,
              "endpoint_distance_deg": 2.4140433752334056,
              "path_distance_deg": 2.746788158622935,
              "path_to_endpoint_ratio": 1.1378371187540726,
              "peak_velocity_deg": 0.997090043304337
            },
            {
              "start_frame": 34,
              "endpoint_distance_deg": 1.6583812804327713,
              "path_distance_deg": 2.6360231161421894,
              "path_to_endpoint_ratio": 1.5895157206877617,
              "peak_velocity_deg": 1.2790135260948614
            },
            {
              "start_frame": 94,
              "endpoint_distance_deg": 1.945568067458039,
              "path_distance_deg": 2.566599677449508,
              "path_to_endpoint_ratio": 1.3192032293184537,
              "peak_velocity_deg": 0.6128433014262704
            },
            {
              "start_frame": 214,
              "endpoint_distance_deg": 1.6420230059216083,
              "path_distance_deg": 2.4309549038300236,
              "path_to_endpoint_ratio": 1.4804633644372212,
              "peak_velocity_deg": 0.6973604102831333
            },
            {
              "start_frame": 134,
              "endpoint_distance_deg": 1.1259457358409137,
              "path_distance_deg": 2.275471463002434,
              "path_to_endpoint_ratio": 2.0209423869819054,
              "peak_velocity_deg": 0.6959614281569242
            },
            {
              "start_frame": 84,
              "endpoint_distance_deg": 0.4337426109102752,
              "path_distance_deg": 1.8805205856761633,
              "path_to_endpoint_ratio": 4.335568003636081,
              "peak_velocity_deg": 0.631139623229017
            },
            {
              "start_frame": 74,
              "endpoint_distance_deg": 0.17870198779555133,
              "path_distance_deg": 1.8158906623429112,
              "path_to_endpoint_ratio": 10.16155827220248,
              "peak_velocity_deg": 0.5090837955572304
            },
            {
              "start_frame": 144,
              "endpoint_distance_deg": 0.9381424542775143,
              "path_distance_deg": 1.5249126468628953,
              "path_to_endpoint_ratio": 1.625459587624426,
              "peak_velocity_deg": 0.5400474073948166
            },
            {
              "start_frame": 44,
              "endpoint_distance_deg": 0.9937056666702834,
              "path_distance_deg": 1.4855971757218784,
              "path_to_endpoint_ratio": 1.4950072496817182,
              "peak_velocity_deg": 0.5367340819112851
            },
            {
              "start_frame": 114,
              "endpoint_distance_deg": 0.4132813299168891,
              "path_distance_deg": 1.4523814566587476,
              "path_to_endpoint_ratio": 3.5142682514857895,
              "peak_velocity_deg": 0.46473479763389436
            },
            {
              "start_frame": 104,
              "endpoint_distance_deg": 0.6441523391140174,
              "path_distance_deg": 1.3579214583497183,
              "path_to_endpoint_ratio": 2.1080750249505207,
              "peak_velocity_deg": 0.44348270946757284
            }
          ],
          "boundary_blocks_by_peak": [
            {
              "start_frame": 184,
              "end_frame": 190,
              "entry_jump_deg": 0.19269092871055823,
              "path_distance_deg": 4.611074896944616,
              "endpoint_distance_deg": 4.187181294753565,
              "path_to_endpoint_ratio": 1.1012360278553448,
              "peak_velocity_deg": 1.7939334104877085
            },
            {
              "start_frame": 194,
              "end_frame": 200,
              "entry_jump_deg": 1.476856757667957,
              "path_distance_deg": 4.933382265813702,
              "endpoint_distance_deg": 0.8606658639410435,
              "path_to_endpoint_ratio": 5.732052905204619,
              "peak_velocity_deg": 1.476856757667957
            },
            {
              "start_frame": 204,
              "end_frame": 210,
              "entry_jump_deg": 0.9092556239507934,
              "path_distance_deg": 6.009556579751911,
              "endpoint_distance_deg": 5.304497052705093,
              "path_to_endpoint_ratio": 1.1329173190297588,
              "peak_velocity_deg": 1.4726873863627308
            },
            {
              "start_frame": 34,
              "end_frame": 40,
              "entry_jump_deg": 0.4824269952268247,
              "path_distance_deg": 3.118450111369014,
              "endpoint_distance_deg": 2.0357340521199534,
              "path_to_endpoint_ratio": 1.531855356116656,
              "peak_velocity_deg": 1.2790135260948614
            },
            {
              "start_frame": 174,
              "end_frame": 180,
              "entry_jump_deg": 0.6490511274495138,
              "path_distance_deg": 3.402021649410222,
              "endpoint_distance_deg": 2.8150234739736844,
              "path_to_endpoint_ratio": 1.208523367873708,
              "peak_velocity_deg": 1.2436169411709688
            },
            {
              "start_frame": 214,
              "end_frame": 220,
              "entry_jump_deg": 1.2116513166873562,
              "path_distance_deg": 3.6426062205173797,
              "endpoint_distance_deg": 0.4304133937506851,
              "path_to_endpoint_ratio": 8.463041051708865,
              "peak_velocity_deg": 1.2116513166873562
            },
            {
              "start_frame": 64,
              "end_frame": 70,
              "entry_jump_deg": 0.575324121166089,
              "path_distance_deg": 4.650077343574406,
              "endpoint_distance_deg": 2.1050609519753354,
              "path_to_endpoint_ratio": 2.2089989077090104,
              "peak_velocity_deg": 1.0479169109300337
            },
            {
              "start_frame": 154,
              "end_frame": 160,
              "entry_jump_deg": 0.21462917880954396,
              "path_distance_deg": 2.9614173374324784,
              "endpoint_distance_deg": 2.3581771596095793,
              "path_to_endpoint_ratio": 1.2558078282476333,
              "peak_velocity_deg": 0.997090043304337
            },
            {
              "start_frame": 54,
              "end_frame": 60,
              "entry_jump_deg": 0.7397826624309624,
              "path_distance_deg": 3.5153303961380997,
              "endpoint_distance_deg": 1.785471542343811,
              "path_to_endpoint_ratio": 1.9688526603585523,
              "peak_velocity_deg": 0.9156582876300378
            },
            {
              "start_frame": 134,
              "end_frame": 140,
              "entry_jump_deg": 0.887405748409174,
              "path_distance_deg": 3.1628772114116077,
              "endpoint_distance_deg": 0.6083427130545382,
              "path_to_endpoint_ratio": 5.199170045993555,
              "peak_velocity_deg": 0.887405748409174
            },
            {
              "start_frame": 84,
              "end_frame": 90,
              "entry_jump_deg": 0.8392763725690754,
              "path_distance_deg": 2.7197969582452393,
              "endpoint_distance_deg": 1.2438517937466083,
              "path_to_endpoint_ratio": 2.186592463763656,
              "peak_velocity_deg": 0.8392763725690754
            },
            {
              "start_frame": 124,
              "end_frame": 130,
              "entry_jump_deg": 0.6455500281789227,
              "path_distance_deg": 3.873657982557001,
              "endpoint_distance_deg": 1.9497322744714685,
              "path_to_endpoint_ratio": 1.9867640461596545,
              "peak_velocity_deg": 0.7919847106660384
            },
            {
              "start_frame": 164,
              "end_frame": 170,
              "entry_jump_deg": 0.4037128253850275,
              "path_distance_deg": 3.31346902978583,
              "endpoint_distance_deg": 0.3698347031651447,
              "path_to_endpoint_ratio": 8.959324264132793,
              "peak_velocity_deg": 0.7913117082928008
            },
            {
              "start_frame": 94,
              "end_frame": 100,
              "entry_jump_deg": 0.6606723732351886,
              "path_distance_deg": 3.2272720506846966,
              "endpoint_distance_deg": 1.4948462622014145,
              "path_to_endpoint_ratio": 2.1589324148504687,
              "peak_velocity_deg": 0.6606723732351886
            },
            {
              "start_frame": 114,
              "end_frame": 120,
              "entry_jump_deg": 0.5437928340307252,
              "path_distance_deg": 1.996174290689473,
              "endpoint_distance_deg": 0.9205134151916584,
              "path_to_endpoint_ratio": 2.168544485876779,
              "peak_velocity_deg": 0.5437928340307252
            },
            {
              "start_frame": 144,
              "end_frame": 150,
              "entry_jump_deg": 0.17643056002722504,
              "path_distance_deg": 1.7013432068901202,
              "endpoint_distance_deg": 0.7622232573596581,
              "path_to_endpoint_ratio": 2.232079893210782,
              "peak_velocity_deg": 0.5400474073948166
            },
            {
              "start_frame": 44,
              "end_frame": 50,
              "entry_jump_deg": 0.13071470678309666,
              "path_distance_deg": 1.6163118825049752,
              "endpoint_distance_deg": 0.8729529359804462,
              "path_to_endpoint_ratio": 1.851545273388232,
              "peak_velocity_deg": 0.5367340819112851
            },
            {
              "start_frame": 74,
              "end_frame": 80,
              "entry_jump_deg": 0.3795811434803147,
              "path_distance_deg": 2.195471805823226,
              "endpoint_distance_deg": 0.5525712607210381,
              "path_to_endpoint_ratio": 3.9731921688406358,
              "peak_velocity_deg": 0.5090837955572304
            },
            {
              "start_frame": 104,
              "end_frame": 110,
              "entry_jump_deg": 0.29135466172721014,
              "path_distance_deg": 1.6492761200769286,
              "endpoint_distance_deg": 0.7746668238417075,
              "path_to_endpoint_ratio": 2.1290134924042334,
              "peak_velocity_deg": 0.44348270946757284
            }
          ]
        },
        "ratios": {
          "excursion_p90": 0.7643712925545785,
          "velocity_rms": 1.275305227288961,
          "velocity_p95": 1.422759135206265
        }
      },
      "LeftArm": {
        "prediction": {
          "order": "XYZ",
          "excursion_p90_deg": 28.49276281167379,
          "excursion_max_deg": 37.23412775877119,
          "velocity_rms_deg_per_frame": 5.472054005976167,
          "velocity_p95_deg_per_frame": 11.775235887555976,
          "velocity_max_deg_per_frame": 18.883663925851522,
          "euler_axis_step_p95_deg": [
            9.305881399999999,
            6.968796500000018,
            4.512761599999976
          ],
          "top_velocity_transitions": [
            {
              "from_frame": 74,
              "to_frame": 75,
              "velocity_deg": 18.883663925851522,
              "new_block_offset": 1,
              "inside_release_blend": true
            },
            {
              "from_frame": 75,
              "to_frame": 76,
              "velocity_deg": 16.54817936225917,
              "new_block_offset": 2,
              "inside_release_blend": true
            },
            {
              "from_frame": 145,
              "to_frame": 146,
              "velocity_deg": 16.463103847661024,
              "new_block_offset": 2,
              "inside_release_blend": true
            },
            {
              "from_frame": 144,
              "to_frame": 145,
              "velocity_deg": 15.562644805605824,
              "new_block_offset": 1,
              "inside_release_blend": true
            },
            {
              "from_frame": 104,
              "to_frame": 105,
              "velocity_deg": 14.560435912180717,
              "new_block_offset": 1,
              "inside_release_blend": true
            },
            {
              "from_frame": 55,
              "to_frame": 56,
              "velocity_deg": 14.396385610898724,
              "new_block_offset": 2,
              "inside_release_blend": true
            },
            {
              "from_frame": 54,
              "to_frame": 55,
              "velocity_deg": 13.74240127751496,
              "new_block_offset": 1,
              "inside_release_blend": true
            },
            {
              "from_frame": 175,
              "to_frame": 176,
              "velocity_deg": 13.187475093199996,
              "new_block_offset": 2,
              "inside_release_blend": true
            },
            {
              "from_frame": 138,
              "to_frame": 139,
              "velocity_deg": 13.040338249764444,
              "new_block_offset": 5,
              "inside_release_blend": false
            },
            {
              "from_frame": 137,
              "to_frame": 138,
              "velocity_deg": 12.373933066429405,
              "new_block_offset": 4,
              "inside_release_blend": false
            },
            {
              "from_frame": 105,
              "to_frame": 106,
              "velocity_deg": 12.13782669903933,
              "new_block_offset": 2,
              "inside_release_blend": true
            },
            {
              "from_frame": 217,
              "to_frame": 218,
              "velocity_deg": 11.796009671712373,
              "new_block_offset": 4,
              "inside_release_blend": false
            }
          ],
          "release_blend_blocks_by_path": [
            {
              "start_frame": 144,
              "endpoint_distance_deg": 40.62699423631726,
              "path_distance_deg": 49.57160066011103,
              "path_to_endpoint_ratio": 1.2201641197417952,
              "peak_velocity_deg": 16.463103847661024
            },
            {
              "start_frame": 134,
              "endpoint_distance_deg": 38.943723612506034,
              "path_distance_deg": 48.94161533716685,
              "path_to_endpoint_ratio": 1.2567266505930672,
              "peak_velocity_deg": 13.040338249764444
            },
            {
              "start_frame": 74,
              "endpoint_distance_deg": 31.828272968587534,
              "path_distance_deg": 48.76863654684739,
              "path_to_endpoint_ratio": 1.5322426257616588,
              "peak_velocity_deg": 18.883663925851522
            },
            {
              "start_frame": 54,
              "endpoint_distance_deg": 23.516042995977532,
              "path_distance_deg": 44.29582719999679,
              "path_to_endpoint_ratio": 1.8836428904120344,
              "peak_velocity_deg": 14.396385610898724
            },
            {
              "start_frame": 64,
              "endpoint_distance_deg": 30.963477010600062,
              "path_distance_deg": 39.478303485907716,
              "path_to_endpoint_ratio": 1.2749958111097368,
              "peak_velocity_deg": 11.574386700706453
            },
            {
              "start_frame": 94,
              "endpoint_distance_deg": 17.04181759021488,
              "path_distance_deg": 37.625600423156776,
              "path_to_endpoint_ratio": 2.2078396405768803,
              "peak_velocity_deg": 9.216972758258196
            },
            {
              "start_frame": 214,
              "endpoint_distance_deg": 6.481312262421411,
              "path_distance_deg": 36.27234413322504,
              "path_to_endpoint_ratio": 5.596450636012673,
              "peak_velocity_deg": 11.796009671712373
            },
            {
              "start_frame": 174,
              "endpoint_distance_deg": 26.669206300178402,
              "path_distance_deg": 33.938696222549154,
              "path_to_endpoint_ratio": 1.2725799125983783,
              "peak_velocity_deg": 13.187475093199996
            },
            {
              "start_frame": 104,
              "endpoint_distance_deg": 23.631770727969528,
              "path_distance_deg": 33.74725958325967,
              "path_to_endpoint_ratio": 1.4280461659742616,
              "peak_velocity_deg": 14.560435912180717
            },
            {
              "start_frame": 154,
              "endpoint_distance_deg": 18.265009855734444,
              "path_distance_deg": 32.62989979702056,
              "path_to_endpoint_ratio": 1.7864704182886684,
              "peak_velocity_deg": 7.868512173061667
            },
            {
              "start_frame": 84,
              "endpoint_distance_deg": 15.852140833408132,
              "path_distance_deg": 29.618336778370537,
              "path_to_endpoint_ratio": 1.8684124175802406,
              "peak_velocity_deg": 10.465960364455912
            },
            {
              "start_frame": 44,
              "endpoint_distance_deg": 17.065328550783732,
              "path_distance_deg": 28.25305053087538,
              "path_to_endpoint_ratio": 1.6555819858257488,
              "peak_velocity_deg": 6.150487809060735
            },
            {
              "start_frame": 124,
              "endpoint_distance_deg": 21.772904048647593,
              "path_distance_deg": 25.8849569922888,
              "path_to_endpoint_ratio": 1.1888610235204993,
              "peak_velocity_deg": 8.143934772612404
            },
            {
              "start_frame": 164,
              "endpoint_distance_deg": 22.90122554565988,
              "path_distance_deg": 25.27178392134978,
              "path_to_endpoint_ratio": 1.1035122933034103,
              "peak_velocity_deg": 6.928349676811954
            },
            {
              "start_frame": 184,
              "endpoint_distance_deg": 12.622111433915114,
              "path_distance_deg": 18.440076438023794,
              "path_to_endpoint_ratio": 1.4609343717625594,
              "peak_velocity_deg": 5.439446409210805
            },
            {
              "start_frame": 204,
              "endpoint_distance_deg": 5.709451346109308,
              "path_distance_deg": 14.439415631603802,
              "path_to_endpoint_ratio": 2.5290373376144992,
              "peak_velocity_deg": 3.86736230848206
            },
            {
              "start_frame": 34,
              "endpoint_distance_deg": 7.219594992044887,
              "path_distance_deg": 14.420369525838762,
              "path_to_endpoint_ratio": 1.9973931420984488,
              "peak_velocity_deg": 4.58263760132508
            },
            {
              "start_frame": 194,
              "endpoint_distance_deg": 12.473946753842986,
              "path_distance_deg": 13.777826855391396,
              "path_to_endpoint_ratio": 1.104528272188328,
              "peak_velocity_deg": 5.483894523386338
            },
            {
              "start_frame": 114,
              "endpoint_distance_deg": 6.633687130812398,
              "path_distance_deg": 8.266299419125914,
              "path_to_endpoint_ratio": 1.2461093289628173,
              "peak_velocity_deg": 3.0936713831151423
            }
          ],
          "boundary_blocks_by_peak": [
            {
              "start_frame": 74,
              "end_frame": 80,
              "entry_jump_deg": 6.876247063368675,
              "path_distance_deg": 55.64488361021606,
              "endpoint_distance_deg": 35.63983583093242,
              "path_to_endpoint_ratio": 1.5613114458266084,
              "peak_velocity_deg": 18.883663925851522
            },
            {
              "start_frame": 144,
              "end_frame": 150,
              "entry_jump_deg": 4.35836235081309,
              "path_distance_deg": 53.929963010924126,
              "endpoint_distance_deg": 37.863540940576776,
              "path_to_endpoint_ratio": 1.4243243413383357,
              "peak_velocity_deg": 16.463103847661024
            },
            {
              "start_frame": 104,
              "end_frame": 110,
              "entry_jump_deg": 5.25890548282933,
              "path_distance_deg": 39.006165066089004,
              "endpoint_distance_deg": 28.722702986429823,
              "path_to_endpoint_ratio": 1.3580255689904133,
              "peak_velocity_deg": 14.560435912180717
            },
            {
              "start_frame": 54,
              "end_frame": 60,
              "entry_jump_deg": 0.9565941160045195,
              "path_distance_deg": 45.25242131600131,
              "endpoint_distance_deg": 22.678197954185926,
              "path_to_endpoint_ratio": 1.9954152180618323,
              "peak_velocity_deg": 14.396385610898724
            },
            {
              "start_frame": 174,
              "end_frame": 180,
              "entry_jump_deg": 1.8757555537554773,
              "path_distance_deg": 35.81445177630463,
              "endpoint_distance_deg": 24.867578181797985,
              "path_to_endpoint_ratio": 1.4402066624452916,
              "peak_velocity_deg": 13.187475093199996
            },
            {
              "start_frame": 134,
              "end_frame": 140,
              "entry_jump_deg": 2.1825859635992746,
              "path_distance_deg": 51.12420130076612,
              "endpoint_distance_deg": 38.071333373451594,
              "path_to_endpoint_ratio": 1.3428529229400912,
              "peak_velocity_deg": 13.040338249764444
            },
            {
              "start_frame": 214,
              "end_frame": 220,
              "entry_jump_deg": 6.008841141040419,
              "path_distance_deg": 42.281185274265454,
              "endpoint_distance_deg": 10.057780122116048,
              "path_to_endpoint_ratio": 4.2038287535530205,
              "peak_velocity_deg": 11.796009671712373
            },
            {
              "start_frame": 64,
              "end_frame": 70,
              "entry_jump_deg": 2.321835364160172,
              "path_distance_deg": 41.80013885006789,
              "endpoint_distance_deg": 29.578545551167878,
              "path_to_endpoint_ratio": 1.4131911515986442,
              "peak_velocity_deg": 11.574386700706453
            },
            {
              "start_frame": 84,
              "end_frame": 90,
              "entry_jump_deg": 5.595611136703291,
              "path_distance_deg": 35.21394791507383,
              "endpoint_distance_deg": 14.168476380672432,
              "path_to_endpoint_ratio": 2.485372948294571,
              "peak_velocity_deg": 10.465960364455912
            },
            {
              "start_frame": 94,
              "end_frame": 100,
              "entry_jump_deg": 4.224762191900696,
              "path_distance_deg": 41.85036261505747,
              "endpoint_distance_deg": 15.991387694414767,
              "path_to_endpoint_ratio": 2.6170563440016115,
              "peak_velocity_deg": 9.216972758258196
            },
            {
              "start_frame": 124,
              "end_frame": 130,
              "entry_jump_deg": 1.5295528959636657,
              "path_distance_deg": 27.414509888252464,
              "endpoint_distance_deg": 22.844052424743936,
              "path_to_endpoint_ratio": 1.2000720966021754,
              "peak_velocity_deg": 8.143934772612404
            },
            {
              "start_frame": 44,
              "end_frame": 50,
              "entry_jump_deg": 8.108577422449608,
              "path_distance_deg": 36.361627953325,
              "endpoint_distance_deg": 20.616754010573693,
              "path_to_endpoint_ratio": 1.7636931562881455,
              "peak_velocity_deg": 8.108577422449608
            },
            {
              "start_frame": 154,
              "end_frame": 160,
              "entry_jump_deg": 5.336395212869674,
              "path_distance_deg": 37.96629500989024,
              "endpoint_distance_deg": 14.036324035152875,
              "path_to_endpoint_ratio": 2.7048602550644048,
              "peak_velocity_deg": 7.868512173061667
            },
            {
              "start_frame": 164,
              "end_frame": 170,
              "entry_jump_deg": 2.2434825137747954,
              "path_distance_deg": 27.515266435124573,
              "endpoint_distance_deg": 20.659906327039494,
              "path_to_endpoint_ratio": 1.3318195155179793,
              "peak_velocity_deg": 6.928349676811954
            },
            {
              "start_frame": 194,
              "end_frame": 200,
              "entry_jump_deg": 1.7790857955001478,
              "path_distance_deg": 15.556912650891544,
              "endpoint_distance_deg": 11.043243083105015,
              "path_to_endpoint_ratio": 1.4087268145615632,
              "peak_velocity_deg": 5.483894523386338
            },
            {
              "start_frame": 184,
              "end_frame": 190,
              "entry_jump_deg": 2.6950549844685074,
              "path_distance_deg": 21.135131422492304,
              "endpoint_distance_deg": 12.055868685575163,
              "path_to_endpoint_ratio": 1.7530990071068433,
              "peak_velocity_deg": 5.439446409210805
            },
            {
              "start_frame": 34,
              "end_frame": 40,
              "entry_jump_deg": 2.3686432285643555,
              "path_distance_deg": 16.789012754403117,
              "endpoint_distance_deg": 7.927783652199948,
              "path_to_endpoint_ratio": 2.1177435574625187,
              "peak_velocity_deg": 4.58263760132508
            },
            {
              "start_frame": 204,
              "end_frame": 210,
              "entry_jump_deg": 0.8098171868967806,
              "path_distance_deg": 15.249232818500584,
              "endpoint_distance_deg": 6.055026389014994,
              "path_to_endpoint_ratio": 2.518442008141481,
              "peak_velocity_deg": 3.86736230848206
            },
            {
              "start_frame": 114,
              "end_frame": 120,
              "entry_jump_deg": 1.9102582734628781,
              "path_distance_deg": 10.176557692588794,
              "endpoint_distance_deg": 7.36072589563545,
              "path_to_endpoint_ratio": 1.382548112357097,
              "peak_velocity_deg": 3.0936713831151423
            }
          ]
        },
        "ground_truth": {
          "order": "XYZ",
          "excursion_p90_deg": 40.092011743751954,
          "excursion_max_deg": 46.04694368460232,
          "velocity_rms_deg_per_frame": 5.2017454489178085,
          "velocity_p95_deg_per_frame": 11.405435007856713,
          "velocity_max_deg_per_frame": 19.573502396729637,
          "euler_axis_step_p95_deg": [
            5.990579400000002,
            6.8495198000000075,
            8.31029139999999
          ],
          "top_velocity_transitions": [
            {
              "from_frame": 212,
              "to_frame": 213,
              "velocity_deg": 19.573502396729637,
              "new_block_offset": 9,
              "inside_release_blend": false
            },
            {
              "from_frame": 191,
              "to_frame": 192,
              "velocity_deg": 17.951522129806147,
              "new_block_offset": 8,
              "inside_release_blend": false
            },
            {
              "from_frame": 125,
              "to_frame": 126,
              "velocity_deg": 17.537295301652907,
              "new_block_offset": 2,
              "inside_release_blend": true
            },
            {
              "from_frame": 216,
              "to_frame": 217,
              "velocity_deg": 16.055611933401764,
              "new_block_offset": 3,
              "inside_release_blend": false
            },
            {
              "from_frame": 192,
              "to_frame": 193,
              "velocity_deg": 16.047018409517303,
              "new_block_offset": 9,
              "inside_release_blend": false
            },
            {
              "from_frame": 126,
              "to_frame": 127,
              "velocity_deg": 13.164186510912693,
              "new_block_offset": 3,
              "inside_release_blend": false
            },
            {
              "from_frame": 190,
              "to_frame": 191,
              "velocity_deg": 12.80511287553559,
              "new_block_offset": 7,
              "inside_release_blend": false
            },
            {
              "from_frame": 215,
              "to_frame": 216,
              "velocity_deg": 12.265682749100215,
              "new_block_offset": 2,
              "inside_release_blend": true
            },
            {
              "from_frame": 202,
              "to_frame": 203,
              "velocity_deg": 11.918766367702439,
              "new_block_offset": 9,
              "inside_release_blend": false
            },
            {
              "from_frame": 60,
              "to_frame": 61,
              "velocity_deg": 11.917300459956486,
              "new_block_offset": 7,
              "inside_release_blend": false
            },
            {
              "from_frame": 203,
              "to_frame": 204,
              "velocity_deg": 11.876173864969012,
              "new_block_offset": 0,
              "inside_release_blend": true
            },
            {
              "from_frame": 217,
              "to_frame": 218,
              "velocity_deg": 11.444289701762262,
              "new_block_offset": 4,
              "inside_release_blend": false
            }
          ],
          "release_blend_blocks_by_path": [
            {
              "start_frame": 124,
              "endpoint_distance_deg": 47.76061286455258,
              "path_distance_deg": 49.44079380758237,
              "path_to_endpoint_ratio": 1.035179216560615,
              "peak_velocity_deg": 17.537295301652907
            },
            {
              "start_frame": 214,
              "endpoint_distance_deg": 40.08369011780268,
              "path_distance_deg": 48.74331049553427,
              "path_to_endpoint_ratio": 1.2160385022507076,
              "peak_velocity_deg": 16.055611933401764
            },
            {
              "start_frame": 204,
              "endpoint_distance_deg": 31.61621411492969,
              "path_distance_deg": 39.56555027840171,
              "path_to_endpoint_ratio": 1.2514322598706786,
              "peak_velocity_deg": 8.592477077865484
            },
            {
              "start_frame": 164,
              "endpoint_distance_deg": 16.32093088762901,
              "path_distance_deg": 37.69038308694,
              "path_to_endpoint_ratio": 2.30932802463545,
              "peak_velocity_deg": 11.055742762706858
            },
            {
              "start_frame": 184,
              "endpoint_distance_deg": 22.614555971857936,
              "path_distance_deg": 28.566501770848483,
              "path_to_endpoint_ratio": 1.263190920325709,
              "peak_velocity_deg": 7.124238940911877
            },
            {
              "start_frame": 174,
              "endpoint_distance_deg": 21.37577047394408,
              "path_distance_deg": 26.54601333959426,
              "path_to_endpoint_ratio": 1.2418739886804282,
              "peak_velocity_deg": 6.724963212862286
            },
            {
              "start_frame": 64,
              "endpoint_distance_deg": 14.558798926588908,
              "path_distance_deg": 24.83503536846625,
              "path_to_endpoint_ratio": 1.705843695877256,
              "peak_velocity_deg": 6.609661709951918
            },
            {
              "start_frame": 94,
              "endpoint_distance_deg": 9.082021768164486,
              "path_distance_deg": 23.859263875578712,
              "path_to_endpoint_ratio": 2.6270872812938397,
              "peak_velocity_deg": 5.281805391873085
            },
            {
              "start_frame": 54,
              "endpoint_distance_deg": 14.803801303752243,
              "path_distance_deg": 23.36977450293024,
              "path_to_endpoint_ratio": 1.5786333539215245,
              "peak_velocity_deg": 7.700801211638037
            },
            {
              "start_frame": 194,
              "endpoint_distance_deg": 15.98189523912174,
              "path_distance_deg": 22.449690329717583,
              "path_to_endpoint_ratio": 1.404695124941344,
              "peak_velocity_deg": 5.263682038852852
            },
            {
              "start_frame": 34,
              "endpoint_distance_deg": 7.729681403208579,
              "path_distance_deg": 15.425244606084583,
              "path_to_endpoint_ratio": 1.9955860793540063,
              "peak_velocity_deg": 3.605472804021388
            },
            {
              "start_frame": 154,
              "endpoint_distance_deg": 7.516904322038518,
              "path_distance_deg": 14.564535198185542,
              "path_to_endpoint_ratio": 1.9375709167249011,
              "peak_velocity_deg": 4.355583998551986
            },
            {
              "start_frame": 104,
              "endpoint_distance_deg": 13.273870311908112,
              "path_distance_deg": 13.776974424784086,
              "path_to_endpoint_ratio": 1.0379018403113849,
              "peak_velocity_deg": 3.4976405097544907
            },
            {
              "start_frame": 134,
              "endpoint_distance_deg": 11.394063158728017,
              "path_distance_deg": 13.068982446298001,
              "path_to_endpoint_ratio": 1.1469992981640595,
              "peak_velocity_deg": 4.217758768569857
            },
            {
              "start_frame": 44,
              "endpoint_distance_deg": 11.322521387929678,
              "path_distance_deg": 12.793669802687067,
              "path_to_endpoint_ratio": 1.1299311667740102,
              "peak_velocity_deg": 4.2020486154625845
            },
            {
              "start_frame": 114,
              "endpoint_distance_deg": 1.9481392925239343,
              "path_distance_deg": 12.090392783622505,
              "path_to_endpoint_ratio": 6.2061233660343955,
              "peak_velocity_deg": 2.785702401884882
            },
            {
              "start_frame": 84,
              "endpoint_distance_deg": 4.721559449729644,
              "path_distance_deg": 8.084874430967915,
              "path_to_endpoint_ratio": 1.7123313847993282,
              "peak_velocity_deg": 2.0817193190726915
            },
            {
              "start_frame": 144,
              "endpoint_distance_deg": 7.142860164395663,
              "path_distance_deg": 7.9023868358326785,
              "path_to_endpoint_ratio": 1.106333689020395,
              "peak_velocity_deg": 2.0528667906612377
            },
            {
              "start_frame": 74,
              "endpoint_distance_deg": 2.197686660463716,
              "path_distance_deg": 7.871281236414267,
              "path_to_endpoint_ratio": 3.5816212465672477,
              "peak_velocity_deg": 2.055883676155134
            }
          ],
          "boundary_blocks_by_peak": [
            {
              "start_frame": 124,
              "end_frame": 130,
              "entry_jump_deg": 5.24853368821361,
              "path_distance_deg": 54.68932749579597,
              "endpoint_distance_deg": 52.66205193132916,
              "path_to_endpoint_ratio": 1.0384959470836868,
              "peak_velocity_deg": 17.537295301652907
            },
            {
              "start_frame": 214,
              "end_frame": 220,
              "entry_jump_deg": 9.541793459357619,
              "path_distance_deg": 58.28510395489189,
              "endpoint_distance_deg": 30.958233788550718,
              "path_to_endpoint_ratio": 1.8827012016572944,
              "peak_velocity_deg": 16.055611933401764
            },
            {
              "start_frame": 204,
              "end_frame": 210,
              "entry_jump_deg": 11.876173864969012,
              "path_distance_deg": 51.44172414337072,
              "endpoint_distance_deg": 33.52028245812914,
              "path_to_endpoint_ratio": 1.5346447097403675,
              "peak_velocity_deg": 11.876173864969012
            },
            {
              "start_frame": 164,
              "end_frame": 170,
              "entry_jump_deg": 6.006173520119678,
              "path_distance_deg": 43.696556607059684,
              "endpoint_distance_deg": 17.267543030926007,
              "path_to_endpoint_ratio": 2.530560168797585,
              "peak_velocity_deg": 11.055742762706858
            },
            {
              "start_frame": 194,
              "end_frame": 200,
              "entry_jump_deg": 10.465843445115434,
              "path_distance_deg": 32.915533774833015,
              "endpoint_distance_deg": 11.068713942774322,
              "path_to_endpoint_ratio": 2.973745093152429,
              "peak_velocity_deg": 10.465843445115434
            },
            {
              "start_frame": 64,
              "end_frame": 70,
              "entry_jump_deg": 8.697871134614877,
              "path_distance_deg": 33.53290650308113,
              "endpoint_distance_deg": 9.858069338553635,
              "path_to_endpoint_ratio": 3.4015693490751038,
              "peak_velocity_deg": 8.697871134614877
            },
            {
              "start_frame": 174,
              "end_frame": 180,
              "entry_jump_deg": 8.400329133548759,
              "path_distance_deg": 34.94634247314302,
              "endpoint_distance_deg": 29.44027855641794,
              "path_to_endpoint_ratio": 1.1870248580078318,
              "peak_velocity_deg": 8.400329133548759
            },
            {
              "start_frame": 54,
              "end_frame": 60,
              "entry_jump_deg": 3.321099648242451,
              "path_distance_deg": 26.690874151172693,
              "endpoint_distance_deg": 17.551835296087376,
              "path_to_endpoint_ratio": 1.5206885035619366,
              "peak_velocity_deg": 7.700801211638037
            },
            {
              "start_frame": 184,
              "end_frame": 190,
              "entry_jump_deg": 2.6808552001268717,
              "path_distance_deg": 31.247356970975353,
              "endpoint_distance_deg": 22.136948892773113,
              "path_to_endpoint_ratio": 1.4115475950335887,
              "peak_velocity_deg": 7.124238940911877
            },
            {
              "start_frame": 94,
              "end_frame": 100,
              "entry_jump_deg": 1.7771021869333936,
              "path_distance_deg": 25.636366062512106,
              "endpoint_distance_deg": 8.762813720617679,
              "path_to_endpoint_ratio": 2.925586105087834,
              "peak_velocity_deg": 5.281805391873085
            },
            {
              "start_frame": 34,
              "end_frame": 40,
              "entry_jump_deg": 4.471385650040543,
              "path_distance_deg": 19.89663025612513,
              "endpoint_distance_deg": 3.5810882158924118,
              "path_to_endpoint_ratio": 5.556029077369953,
              "peak_velocity_deg": 4.471385650040543
            },
            {
              "start_frame": 154,
              "end_frame": 160,
              "entry_jump_deg": 1.6195930190950858,
              "path_distance_deg": 16.184128217280627,
              "endpoint_distance_deg": 7.161583774342487,
              "path_to_endpoint_ratio": 2.259853229010996,
              "peak_velocity_deg": 4.355583998551986
            },
            {
              "start_frame": 134,
              "end_frame": 140,
              "entry_jump_deg": 1.574431414240243,
              "path_distance_deg": 14.643413860538242,
              "endpoint_distance_deg": 11.450933636959878,
              "path_to_endpoint_ratio": 1.278796500337237,
              "peak_velocity_deg": 4.217758768569857
            },
            {
              "start_frame": 44,
              "end_frame": 50,
              "entry_jump_deg": 2.485058241545561,
              "path_distance_deg": 15.278728044232626,
              "endpoint_distance_deg": 13.650185615570264,
              "path_to_endpoint_ratio": 1.1193055152894582,
              "peak_velocity_deg": 4.2020486154625845
            },
            {
              "start_frame": 104,
              "end_frame": 110,
              "entry_jump_deg": 2.1565650689691807,
              "path_distance_deg": 15.933539493753266,
              "endpoint_distance_deg": 11.990359010967055,
              "path_to_endpoint_ratio": 1.3288625869483606,
              "peak_velocity_deg": 3.4976405097544907
            },
            {
              "start_frame": 114,
              "end_frame": 120,
              "entry_jump_deg": 0.9008635525091582,
              "path_distance_deg": 12.991256336131663,
              "endpoint_distance_deg": 2.793293466373793,
              "path_to_endpoint_ratio": 4.650874135683528,
              "peak_velocity_deg": 2.785702401884882
            },
            {
              "start_frame": 74,
              "end_frame": 80,
              "entry_jump_deg": 2.460858539938798,
              "path_distance_deg": 10.332139776353063,
              "endpoint_distance_deg": 4.362344071051173,
              "path_to_endpoint_ratio": 2.368483459367151,
              "peak_velocity_deg": 2.460858539938798
            },
            {
              "start_frame": 84,
              "end_frame": 90,
              "entry_jump_deg": 0.7898142272529466,
              "path_distance_deg": 8.874688658220862,
              "endpoint_distance_deg": 4.130161808248036,
              "path_to_endpoint_ratio": 2.148750840826112,
              "peak_velocity_deg": 2.0817193190726915
            },
            {
              "start_frame": 144,
              "end_frame": 150,
              "entry_jump_deg": 1.1620805099486373,
              "path_distance_deg": 9.064467345781317,
              "endpoint_distance_deg": 6.229782763113833,
              "path_to_endpoint_ratio": 1.4550214173520593,
              "peak_velocity_deg": 2.0528667906612377
            }
          ]
        },
        "ratios": {
          "excursion_p90": 0.7106842877774567,
          "velocity_rms": 1.05196497208732,
          "velocity_p95": 1.0324232157251805
        }
      },
      "LeftForeArm": {
        "prediction": {
          "order": "XYZ",
          "excursion_p90_deg": 60.05190797768963,
          "excursion_max_deg": 88.05412735364538,
          "velocity_rms_deg_per_frame": 10.79713709686855,
          "velocity_p95_deg_per_frame": 27.832760644527156,
          "velocity_max_deg_per_frame": 44.76098441688853,
          "euler_axis_step_p95_deg": [
            38.7669377,
            16.213859599999992,
            38.6645297
          ],
          "top_velocity_transitions": [
            {
              "from_frame": 105,
              "to_frame": 106,
              "velocity_deg": 44.76098441688853,
              "new_block_offset": 2,
              "inside_release_blend": true
            },
            {
              "from_frame": 104,
              "to_frame": 105,
              "velocity_deg": 43.81352779449148,
              "new_block_offset": 1,
              "inside_release_blend": true
            },
            {
              "from_frame": 55,
              "to_frame": 56,
              "velocity_deg": 36.82050993355326,
              "new_block_offset": 2,
              "inside_release_blend": true
            },
            {
              "from_frame": 74,
              "to_frame": 75,
              "velocity_deg": 31.893145654900298,
              "new_block_offset": 1,
              "inside_release_blend": true
            },
            {
              "from_frame": 54,
              "to_frame": 55,
              "velocity_deg": 31.22427077397325,
              "new_block_offset": 1,
              "inside_release_blend": true
            },
            {
              "from_frame": 125,
              "to_frame": 126,
              "velocity_deg": 30.982295377757683,
              "new_block_offset": 2,
              "inside_release_blend": true
            },
            {
              "from_frame": 75,
              "to_frame": 76,
              "velocity_deg": 30.902435512473414,
              "new_block_offset": 2,
              "inside_release_blend": true
            },
            {
              "from_frame": 124,
              "to_frame": 125,
              "velocity_deg": 30.358689662598042,
              "new_block_offset": 1,
              "inside_release_blend": true
            },
            {
              "from_frame": 95,
              "to_frame": 96,
              "velocity_deg": 30.002197221488576,
              "new_block_offset": 2,
              "inside_release_blend": true
            },
            {
              "from_frame": 94,
              "to_frame": 95,
              "velocity_deg": 30.002103699275256,
              "new_block_offset": 1,
              "inside_release_blend": true
            },
            {
              "from_frame": 145,
              "to_frame": 146,
              "velocity_deg": 29.298087493395837,
              "new_block_offset": 2,
              "inside_release_blend": true
            },
            {
              "from_frame": 35,
              "to_frame": 36,
              "velocity_deg": 27.85104347930365,
              "new_block_offset": 2,
              "inside_release_blend": true
            }
          ],
          "release_blend_blocks_by_path": [
            {
              "start_frame": 104,
              "endpoint_distance_deg": 91.56016979280635,
              "path_distance_deg": 104.62061654920315,
              "path_to_endpoint_ratio": 1.1426433217189482,
              "peak_velocity_deg": 44.76098441688853
            },
            {
              "start_frame": 54,
              "endpoint_distance_deg": 91.46234878269576,
              "path_distance_deg": 102.14858340144384,
              "path_to_endpoint_ratio": 1.116837526708803,
              "peak_velocity_deg": 36.82050993355326
            },
            {
              "start_frame": 144,
              "endpoint_distance_deg": 57.79917578458947,
              "path_distance_deg": 95.94180153078415,
              "path_to_endpoint_ratio": 1.6599164300949139,
              "peak_velocity_deg": 29.298087493395837
            },
            {
              "start_frame": 74,
              "endpoint_distance_deg": 81.98221475442519,
              "path_distance_deg": 89.08578512855843,
              "path_to_endpoint_ratio": 1.0866477003019708,
              "peak_velocity_deg": 31.893145654900298
            },
            {
              "start_frame": 94,
              "endpoint_distance_deg": 56.595962218059235,
              "path_distance_deg": 83.80298418804334,
              "path_to_endpoint_ratio": 1.4807237284023524,
              "peak_velocity_deg": 30.002197221488576
            },
            {
              "start_frame": 34,
              "endpoint_distance_deg": 68.10490401763093,
              "path_distance_deg": 75.77132544664263,
              "path_to_endpoint_ratio": 1.11256783251654,
              "peak_velocity_deg": 27.85104347930365
            },
            {
              "start_frame": 124,
              "endpoint_distance_deg": 67.81940064761437,
              "path_distance_deg": 75.76569565645592,
              "path_to_endpoint_ratio": 1.117168464081982,
              "peak_velocity_deg": 30.982295377757683
            },
            {
              "start_frame": 84,
              "endpoint_distance_deg": 65.93133127341311,
              "path_distance_deg": 67.31234541430474,
              "path_to_endpoint_ratio": 1.020946249896952,
              "peak_velocity_deg": 14.371664915183057
            },
            {
              "start_frame": 114,
              "endpoint_distance_deg": 30.44045014876881,
              "path_distance_deg": 63.04410407279677,
              "path_to_endpoint_ratio": 2.0710634620936,
              "peak_velocity_deg": 17.126366967536953
            },
            {
              "start_frame": 44,
              "endpoint_distance_deg": 47.90020936513499,
              "path_distance_deg": 57.42732277799195,
              "path_to_endpoint_ratio": 1.1988950265380558,
              "peak_velocity_deg": 15.813367682752503
            },
            {
              "start_frame": 134,
              "endpoint_distance_deg": 53.31053111594454,
              "path_distance_deg": 55.36185681318036,
              "path_to_endpoint_ratio": 1.0384788081134366,
              "peak_velocity_deg": 10.75451698559503
            },
            {
              "start_frame": 214,
              "endpoint_distance_deg": 11.251546261615816,
              "path_distance_deg": 54.766860394418536,
              "path_to_endpoint_ratio": 4.867496353034908,
              "peak_velocity_deg": 15.974433971017211
            },
            {
              "start_frame": 154,
              "endpoint_distance_deg": 11.401746558823644,
              "path_distance_deg": 47.1864631122518,
              "path_to_endpoint_ratio": 4.138529379583068,
              "peak_velocity_deg": 12.435278288957631
            },
            {
              "start_frame": 174,
              "endpoint_distance_deg": 9.656337335146999,
              "path_distance_deg": 39.752995919771784,
              "path_to_endpoint_ratio": 4.1167778775788415,
              "peak_velocity_deg": 12.486493870374215
            },
            {
              "start_frame": 64,
              "endpoint_distance_deg": 4.857766281345853,
              "path_distance_deg": 29.09108170189229,
              "path_to_endpoint_ratio": 5.988571704983829,
              "peak_velocity_deg": 6.475513862410781
            },
            {
              "start_frame": 194,
              "endpoint_distance_deg": 22.677576004539294,
              "path_distance_deg": 23.033441001092115,
              "path_to_endpoint_ratio": 1.0156923736682257,
              "peak_velocity_deg": 7.764589999860674
            },
            {
              "start_frame": 184,
              "endpoint_distance_deg": 11.238479911493299,
              "path_distance_deg": 22.139691177276923,
              "path_to_endpoint_ratio": 1.9699898341799091,
              "peak_velocity_deg": 7.641248004484279
            },
            {
              "start_frame": 204,
              "endpoint_distance_deg": 2.7495232660456557,
              "path_distance_deg": 18.949890874842232,
              "path_to_endpoint_ratio": 6.892064202131968,
              "peak_velocity_deg": 4.615825617026427
            },
            {
              "start_frame": 164,
              "endpoint_distance_deg": 3.5035294905157004,
              "path_distance_deg": 17.75746028266118,
              "path_to_endpoint_ratio": 5.068448925785232,
              "peak_velocity_deg": 4.1603091149712474
            }
          ],
          "boundary_blocks_by_peak": [
            {
              "start_frame": 104,
              "end_frame": 110,
              "entry_jump_deg": 10.071074726722829,
              "path_distance_deg": 114.69169127592598,
              "endpoint_distance_deg": 83.31286150984803,
              "path_to_endpoint_ratio": 1.3766384829114144,
              "peak_velocity_deg": 44.76098441688853
            },
            {
              "start_frame": 54,
              "end_frame": 60,
              "entry_jump_deg": 3.117041969661473,
              "path_distance_deg": 105.26562537110532,
              "endpoint_distance_deg": 88.66416885717834,
              "path_to_endpoint_ratio": 1.187239746651986,
              "peak_velocity_deg": 36.82050993355326
            },
            {
              "start_frame": 74,
              "end_frame": 80,
              "entry_jump_deg": 6.50469297071445,
              "path_distance_deg": 95.59047809927287,
              "endpoint_distance_deg": 86.58715073971868,
              "path_to_endpoint_ratio": 1.1039799471704321,
              "peak_velocity_deg": 31.893145654900298
            },
            {
              "start_frame": 124,
              "end_frame": 130,
              "entry_jump_deg": 3.663337827001744,
              "path_distance_deg": 79.42903348345766,
              "endpoint_distance_deg": 71.23507452895812,
              "path_to_endpoint_ratio": 1.1150270285906498,
              "peak_velocity_deg": 30.982295377757683
            },
            {
              "start_frame": 94,
              "end_frame": 100,
              "entry_jump_deg": 3.8294559791620055,
              "path_distance_deg": 87.63244016720535,
              "endpoint_distance_deg": 55.00390784900185,
              "path_to_endpoint_ratio": 1.5932038939447029,
              "peak_velocity_deg": 30.002197221488576
            },
            {
              "start_frame": 144,
              "end_frame": 150,
              "entry_jump_deg": 17.129174689360504,
              "path_distance_deg": 113.07097622014466,
              "endpoint_distance_deg": 59.132710181083525,
              "path_to_endpoint_ratio": 1.9121561632112698,
              "peak_velocity_deg": 29.298087493395837
            },
            {
              "start_frame": 34,
              "end_frame": 40,
              "entry_jump_deg": 1.5595098004820993,
              "path_distance_deg": 77.33083524712474,
              "endpoint_distance_deg": 66.59053223786948,
              "path_to_endpoint_ratio": 1.1612887395296614,
              "peak_velocity_deg": 27.85104347930365
            },
            {
              "start_frame": 114,
              "end_frame": 120,
              "entry_jump_deg": 10.288945649684711,
              "path_distance_deg": 73.33304972248148,
              "endpoint_distance_deg": 23.999622019887454,
              "path_to_endpoint_ratio": 3.055591861476549,
              "peak_velocity_deg": 17.126366967536953
            },
            {
              "start_frame": 214,
              "end_frame": 220,
              "entry_jump_deg": 5.658660340262448,
              "path_distance_deg": 60.42552073468099,
              "endpoint_distance_deg": 11.022480813978623,
              "path_to_endpoint_ratio": 5.482025485410673,
              "peak_velocity_deg": 15.974433971017211
            },
            {
              "start_frame": 44,
              "end_frame": 50,
              "entry_jump_deg": 7.345489002835605,
              "path_distance_deg": 64.77281178082755,
              "endpoint_distance_deg": 55.14129138615181,
              "path_to_endpoint_ratio": 1.1746698372953703,
              "peak_velocity_deg": 15.813367682752503
            },
            {
              "start_frame": 84,
              "end_frame": 90,
              "entry_jump_deg": 7.560556033474598,
              "path_distance_deg": 74.87290144777934,
              "endpoint_distance_deg": 67.4158474109572,
              "path_to_endpoint_ratio": 1.110612776123172,
              "peak_velocity_deg": 14.371664915183057
            },
            {
              "start_frame": 174,
              "end_frame": 180,
              "entry_jump_deg": 0.7855826760293034,
              "path_distance_deg": 40.53857859580109,
              "endpoint_distance_deg": 9.227321450502107,
              "path_to_endpoint_ratio": 4.393320294872265,
              "peak_velocity_deg": 12.486493870374215
            },
            {
              "start_frame": 154,
              "end_frame": 160,
              "entry_jump_deg": 2.205044286753507,
              "path_distance_deg": 49.391507399005306,
              "endpoint_distance_deg": 9.210983044625602,
              "path_to_endpoint_ratio": 5.362240616415435,
              "peak_velocity_deg": 12.435278288957631
            },
            {
              "start_frame": 134,
              "end_frame": 140,
              "entry_jump_deg": 1.902981220582188,
              "path_distance_deg": 57.26483803376255,
              "endpoint_distance_deg": 51.58367135653321,
              "path_to_endpoint_ratio": 1.110134981241691,
              "peak_velocity_deg": 10.75451698559503
            },
            {
              "start_frame": 194,
              "end_frame": 200,
              "entry_jump_deg": 0.6487137955726625,
              "path_distance_deg": 23.68215479666478,
              "endpoint_distance_deg": 23.282063723661697,
              "path_to_endpoint_ratio": 1.0171845192828188,
              "peak_velocity_deg": 7.764589999860674
            },
            {
              "start_frame": 184,
              "end_frame": 190,
              "entry_jump_deg": 6.3719095454409596,
              "path_distance_deg": 28.51160072271788,
              "endpoint_distance_deg": 6.522131008617559,
              "path_to_endpoint_ratio": 4.3715161018762245,
              "peak_velocity_deg": 7.641248004484279
            },
            {
              "start_frame": 64,
              "end_frame": 70,
              "entry_jump_deg": 2.171038968123817,
              "path_distance_deg": 31.262120670016106,
              "endpoint_distance_deg": 6.363263031689098,
              "path_to_endpoint_ratio": 4.91290718524922,
              "peak_velocity_deg": 6.475513862410781
            },
            {
              "start_frame": 204,
              "end_frame": 210,
              "entry_jump_deg": 5.0878979068664885,
              "path_distance_deg": 24.03778878170872,
              "endpoint_distance_deg": 5.12610696997726,
              "path_to_endpoint_ratio": 4.68928739148324,
              "peak_velocity_deg": 5.0878979068664885
            },
            {
              "start_frame": 164,
              "end_frame": 170,
              "entry_jump_deg": 0.7428273713275496,
              "path_distance_deg": 18.50028765398873,
              "endpoint_distance_deg": 3.6492135151977116,
              "path_to_endpoint_ratio": 5.06966434738374,
              "peak_velocity_deg": 4.1603091149712474
            }
          ]
        },
        "ground_truth": {
          "order": "XYZ",
          "excursion_p90_deg": 63.76697973534313,
          "excursion_max_deg": 71.7020804176917,
          "velocity_rms_deg_per_frame": 5.511027491747212,
          "velocity_p95_deg_per_frame": 11.666289466191602,
          "velocity_max_deg_per_frame": 28.968481868090503,
          "euler_axis_step_p95_deg": [
            23.478592599999985,
            6.032407799999983,
            21.660803000000005
          ],
          "top_velocity_transitions": [
            {
              "from_frame": 191,
              "to_frame": 192,
              "velocity_deg": 28.968481868090503,
              "new_block_offset": 8,
              "inside_release_blend": false
            },
            {
              "from_frame": 162,
              "to_frame": 163,
              "velocity_deg": 22.956965077060527,
              "new_block_offset": 9,
              "inside_release_blend": false
            },
            {
              "from_frame": 125,
              "to_frame": 126,
              "velocity_deg": 20.012153272054665,
              "new_block_offset": 2,
              "inside_release_blend": true
            },
            {
              "from_frame": 217,
              "to_frame": 218,
              "velocity_deg": 17.822928895763003,
              "new_block_offset": 4,
              "inside_release_blend": false
            },
            {
              "from_frame": 126,
              "to_frame": 127,
              "velocity_deg": 17.050417654452048,
              "new_block_offset": 3,
              "inside_release_blend": false
            },
            {
              "from_frame": 170,
              "to_frame": 171,
              "velocity_deg": 15.76711940593932,
              "new_block_offset": 7,
              "inside_release_blend": false
            },
            {
              "from_frame": 192,
              "to_frame": 193,
              "velocity_deg": 14.610968510848915,
              "new_block_offset": 9,
              "inside_release_blend": false
            },
            {
              "from_frame": 161,
              "to_frame": 162,
              "velocity_deg": 14.138932203714427,
              "new_block_offset": 8,
              "inside_release_blend": false
            },
            {
              "from_frame": 169,
              "to_frame": 170,
              "velocity_deg": 13.573960736274786,
              "new_block_offset": 6,
              "inside_release_blend": false
            },
            {
              "from_frame": 218,
              "to_frame": 219,
              "velocity_deg": 11.98310058530434,
              "new_block_offset": 5,
              "inside_release_blend": false
            },
            {
              "from_frame": 202,
              "to_frame": 203,
              "velocity_deg": 11.942125858611652,
              "new_block_offset": 9,
              "inside_release_blend": false
            },
            {
              "from_frame": 127,
              "to_frame": 128,
              "velocity_deg": 11.730328050646044,
              "new_block_offset": 4,
              "inside_release_blend": false
            }
          ],
          "release_blend_blocks_by_path": [
            {
              "start_frame": 124,
              "endpoint_distance_deg": 60.206992241049264,
              "path_distance_deg": 74.85181963353686,
              "path_to_endpoint_ratio": 1.243241305492466,
              "peak_velocity_deg": 20.012153272054665
            },
            {
              "start_frame": 214,
              "endpoint_distance_deg": 26.13617587596493,
              "path_distance_deg": 55.58020091516648,
              "path_to_endpoint_ratio": 2.126562094582419,
              "peak_velocity_deg": 17.822928895763003
            },
            {
              "start_frame": 174,
              "endpoint_distance_deg": 34.16317020150956,
              "path_distance_deg": 34.69460448580938,
              "path_to_endpoint_ratio": 1.015555766082749,
              "peak_velocity_deg": 10.199565820461277
            },
            {
              "start_frame": 194,
              "endpoint_distance_deg": 28.968646991676753,
              "path_distance_deg": 32.825167133246914,
              "path_to_endpoint_ratio": 1.1331273822584194,
              "peak_velocity_deg": 8.314048878332867
            },
            {
              "start_frame": 164,
              "endpoint_distance_deg": 14.219524218200645,
              "path_distance_deg": 27.368020169237997,
              "path_to_endpoint_ratio": 1.9246790363215949,
              "peak_velocity_deg": 13.573960736274786
            },
            {
              "start_frame": 184,
              "endpoint_distance_deg": 23.255834895538218,
              "path_distance_deg": 26.475199164501568,
              "path_to_endpoint_ratio": 1.1384325389057954,
              "peak_velocity_deg": 8.928651104461883
            },
            {
              "start_frame": 204,
              "endpoint_distance_deg": 18.036720886337324,
              "path_distance_deg": 20.205233022212177,
              "path_to_endpoint_ratio": 1.1202276261600013,
              "peak_velocity_deg": 5.383878296710036
            },
            {
              "start_frame": 104,
              "endpoint_distance_deg": 10.877993507359683,
              "path_distance_deg": 18.265872262768344,
              "path_to_endpoint_ratio": 1.6791582243922347,
              "peak_velocity_deg": 4.664282820526828
            },
            {
              "start_frame": 94,
              "endpoint_distance_deg": 2.027343976954992,
              "path_distance_deg": 17.155463752680838,
              "path_to_endpoint_ratio": 8.462038976951417,
              "peak_velocity_deg": 5.11299740393787
            },
            {
              "start_frame": 154,
              "endpoint_distance_deg": 8.372595204352075,
              "path_distance_deg": 16.288773643983046,
              "path_to_endpoint_ratio": 1.9454868229525943,
              "peak_velocity_deg": 4.434732800406237
            },
            {
              "start_frame": 44,
              "endpoint_distance_deg": 10.301229009492593,
              "path_distance_deg": 15.91417836986683,
              "path_to_endpoint_ratio": 1.5448815238649583,
              "peak_velocity_deg": 4.891755645836071
            },
            {
              "start_frame": 64,
              "endpoint_distance_deg": 4.923358534404438,
              "path_distance_deg": 15.827124529016732,
              "path_to_endpoint_ratio": 3.214700781675102,
              "peak_velocity_deg": 4.40039617149809
            },
            {
              "start_frame": 134,
              "endpoint_distance_deg": 13.992440386148356,
              "path_distance_deg": 14.853622402570156,
              "path_to_endpoint_ratio": 1.0615462344420146,
              "peak_velocity_deg": 3.312646487970797
            },
            {
              "start_frame": 54,
              "endpoint_distance_deg": 7.3205703097796615,
              "path_distance_deg": 14.205702035136735,
              "path_to_endpoint_ratio": 1.9405184888613283,
              "peak_velocity_deg": 3.925983331381035
            },
            {
              "start_frame": 74,
              "endpoint_distance_deg": 9.838019953764737,
              "path_distance_deg": 13.687234307816302,
              "path_to_endpoint_ratio": 1.3912590513275567,
              "peak_velocity_deg": 3.4945779072948557
            },
            {
              "start_frame": 34,
              "endpoint_distance_deg": 10.624518382651312,
              "path_distance_deg": 12.426629955179404,
              "path_to_endpoint_ratio": 1.1696181895144298,
              "peak_velocity_deg": 3.878359127345491
            },
            {
              "start_frame": 114,
              "endpoint_distance_deg": 0.40542270333607144,
              "path_distance_deg": 10.13081161299981,
              "path_to_endpoint_ratio": 24.988269106878228,
              "peak_velocity_deg": 2.5607491777938107
            },
            {
              "start_frame": 84,
              "endpoint_distance_deg": 3.1155932850688353,
              "path_distance_deg": 9.709709414964326,
              "path_to_endpoint_ratio": 3.1164881056513773,
              "peak_velocity_deg": 2.767094265135032
            },
            {
              "start_frame": 144,
              "endpoint_distance_deg": 3.4614039794579847,
              "path_distance_deg": 4.340699453207119,
              "path_to_endpoint_ratio": 1.2540285615222588,
              "peak_velocity_deg": 1.7502880300801023
            }
          ],
          "boundary_blocks_by_peak": [
            {
              "start_frame": 124,
              "end_frame": 130,
              "entry_jump_deg": 2.9793780219688095,
              "path_distance_deg": 77.83119765550568,
              "endpoint_distance_deg": 62.78839847214342,
              "path_to_endpoint_ratio": 1.239579278169296,
              "peak_velocity_deg": 20.012153272054665
            },
            {
              "start_frame": 214,
              "end_frame": 220,
              "entry_jump_deg": 3.561669345420958,
              "path_distance_deg": 59.14187026058743,
              "endpoint_distance_deg": 22.70134688135687,
              "path_to_endpoint_ratio": 2.6052141562206947,
              "peak_velocity_deg": 17.822928895763003
            },
            {
              "start_frame": 164,
              "end_frame": 170,
              "entry_jump_deg": 5.927833140424987,
              "path_distance_deg": 33.29585330966298,
              "endpoint_distance_deg": 8.79211462036068,
              "path_to_endpoint_ratio": 3.7870131074675504,
              "peak_velocity_deg": 13.573960736274786
            },
            {
              "start_frame": 174,
              "end_frame": 180,
              "entry_jump_deg": 9.412439049588162,
              "path_distance_deg": 44.107043535397544,
              "endpoint_distance_deg": 24.767564980599335,
              "path_to_endpoint_ratio": 1.7808389145217547,
              "peak_velocity_deg": 10.199565820461277
            },
            {
              "start_frame": 184,
              "end_frame": 190,
              "entry_jump_deg": 1.4867035763221639,
              "path_distance_deg": 27.96190274082373,
              "endpoint_distance_deg": 24.687935938044454,
              "path_to_endpoint_ratio": 1.132614035089667,
              "peak_velocity_deg": 8.928651104461883
            },
            {
              "start_frame": 74,
              "end_frame": 80,
              "entry_jump_deg": 8.377177387809011,
              "path_distance_deg": 22.064411695625317,
              "endpoint_distance_deg": 6.4630733975442745,
              "path_to_endpoint_ratio": 3.4139194062083478,
              "peak_velocity_deg": 8.377177387809011
            },
            {
              "start_frame": 194,
              "end_frame": 200,
              "entry_jump_deg": 6.939221696780483,
              "path_distance_deg": 39.7643888300274,
              "endpoint_distance_deg": 23.876521985462478,
              "path_to_endpoint_ratio": 1.6654179722757967,
              "peak_velocity_deg": 8.314048878332867
            },
            {
              "start_frame": 94,
              "end_frame": 100,
              "entry_jump_deg": 6.316424744869287,
              "path_distance_deg": 23.471888497550125,
              "endpoint_distance_deg": 5.047213079102099,
              "path_to_endpoint_ratio": 4.65046514377114,
              "peak_velocity_deg": 6.316424744869287
            },
            {
              "start_frame": 204,
              "end_frame": 210,
              "entry_jump_deg": 5.445703054058477,
              "path_distance_deg": 25.650936076270654,
              "endpoint_distance_deg": 23.04431162168236,
              "path_to_endpoint_ratio": 1.113113574290313,
              "peak_velocity_deg": 5.445703054058477
            },
            {
              "start_frame": 104,
              "end_frame": 110,
              "entry_jump_deg": 5.002752341299275,
              "path_distance_deg": 23.268624604067618,
              "endpoint_distance_deg": 7.703072444563322,
              "path_to_endpoint_ratio": 3.020693985617409,
              "peak_velocity_deg": 5.002752341299275
            },
            {
              "start_frame": 44,
              "end_frame": 50,
              "entry_jump_deg": 1.1966198593626065,
              "path_distance_deg": 17.110798229229438,
              "endpoint_distance_deg": 11.494962917797194,
              "path_to_endpoint_ratio": 1.4885474926358806,
              "peak_velocity_deg": 4.891755645836071
            },
            {
              "start_frame": 154,
              "end_frame": 160,
              "entry_jump_deg": 4.119461458150063,
              "path_distance_deg": 20.40823510213311,
              "endpoint_distance_deg": 4.364411121346289,
              "path_to_endpoint_ratio": 4.676056983338862,
              "peak_velocity_deg": 4.434732800406237
            },
            {
              "start_frame": 64,
              "end_frame": 70,
              "entry_jump_deg": 1.9692943754972638,
              "path_distance_deg": 17.796418904513992,
              "endpoint_distance_deg": 4.6550702669572575,
              "path_to_endpoint_ratio": 3.8230183185068123,
              "peak_velocity_deg": 4.40039617149809
            },
            {
              "start_frame": 134,
              "end_frame": 140,
              "entry_jump_deg": 4.185444380522999,
              "path_distance_deg": 19.039066783093162,
              "endpoint_distance_deg": 17.931149446130576,
              "path_to_endpoint_ratio": 1.0617873014940304,
              "peak_velocity_deg": 4.185444380522999
            },
            {
              "start_frame": 54,
              "end_frame": 60,
              "entry_jump_deg": 1.2259457022046256,
              "path_distance_deg": 15.431647737341361,
              "endpoint_distance_deg": 8.063000950957388,
              "path_to_endpoint_ratio": 1.9138839039215332,
              "peak_velocity_deg": 3.925983331381035
            },
            {
              "start_frame": 34,
              "end_frame": 40,
              "entry_jump_deg": 0.8336200635795267,
              "path_distance_deg": 13.260250018758931,
              "endpoint_distance_deg": 11.453508196689702,
              "path_to_endpoint_ratio": 1.157745713456722,
              "peak_velocity_deg": 3.878359127345491
            },
            {
              "start_frame": 84,
              "end_frame": 90,
              "entry_jump_deg": 2.2106880883158397,
              "path_distance_deg": 11.920397503280167,
              "endpoint_distance_deg": 3.5315564221335998,
              "path_to_endpoint_ratio": 3.375394890641001,
              "peak_velocity_deg": 2.767094265135032
            },
            {
              "start_frame": 114,
              "end_frame": 120,
              "entry_jump_deg": 1.4476675724616355,
              "path_distance_deg": 11.578479185461445,
              "endpoint_distance_deg": 1.7695053840671346,
              "path_to_endpoint_ratio": 6.543342162005064,
              "peak_velocity_deg": 2.5607491777938107
            },
            {
              "start_frame": 144,
              "end_frame": 150,
              "entry_jump_deg": 1.445428105787541,
              "path_distance_deg": 5.786127558994661,
              "endpoint_distance_deg": 3.257006969728337,
              "path_to_endpoint_ratio": 1.7765167875822123,
              "peak_velocity_deg": 1.7502880300801023
            }
          ]
        },
        "ratios": {
          "excursion_p90": 0.9417398820977183,
          "velocity_rms": 1.9591876674607975,
          "velocity_p95": 2.385742332657293
        }
      },
      "LeftHand": {
        "prediction": {
          "order": "XYZ",
          "excursion_p90_deg": 19.19779663019857,
          "excursion_max_deg": 43.84843300557688,
          "velocity_rms_deg_per_frame": 5.418775805946648,
          "velocity_p95_deg_per_frame": 12.89550040454799,
          "velocity_max_deg_per_frame": 21.25626552591476,
          "euler_axis_step_p95_deg": [
            1.3231331999999894,
            4.18773650000001,
            11.632348799999956
          ],
          "top_velocity_transitions": [
            {
              "from_frame": 104,
              "to_frame": 105,
              "velocity_deg": 21.25626552591476,
              "new_block_offset": 1,
              "inside_release_blend": true
            },
            {
              "from_frame": 74,
              "to_frame": 75,
              "velocity_deg": 20.058276747043127,
              "new_block_offset": 1,
              "inside_release_blend": true
            },
            {
              "from_frame": 105,
              "to_frame": 106,
              "velocity_deg": 19.25704007744607,
              "new_block_offset": 2,
              "inside_release_blend": true
            },
            {
              "from_frame": 97,
              "to_frame": 98,
              "velocity_deg": 18.683137580177696,
              "new_block_offset": 4,
              "inside_release_blend": false
            },
            {
              "from_frame": 101,
              "to_frame": 102,
              "velocity_deg": 17.857380216328348,
              "new_block_offset": 8,
              "inside_release_blend": false
            },
            {
              "from_frame": 75,
              "to_frame": 76,
              "velocity_deg": 17.67052178037626,
              "new_block_offset": 2,
              "inside_release_blend": true
            },
            {
              "from_frame": 100,
              "to_frame": 101,
              "velocity_deg": 15.121397780108927,
              "new_block_offset": 7,
              "inside_release_blend": false
            },
            {
              "from_frame": 57,
              "to_frame": 58,
              "velocity_deg": 14.316626825500121,
              "new_block_offset": 4,
              "inside_release_blend": false
            },
            {
              "from_frame": 218,
              "to_frame": 219,
              "velocity_deg": 13.87050524738322,
              "new_block_offset": 5,
              "inside_release_blend": false
            },
            {
              "from_frame": 95,
              "to_frame": 96,
              "velocity_deg": 13.574598316999396,
              "new_block_offset": 2,
              "inside_release_blend": true
            },
            {
              "from_frame": 96,
              "to_frame": 97,
              "velocity_deg": 13.150424169929792,
              "new_block_offset": 3,
              "inside_release_blend": false
            },
            {
              "from_frame": 112,
              "to_frame": 113,
              "velocity_deg": 12.895500446416412,
              "new_block_offset": 9,
              "inside_release_blend": false
            }
          ],
          "release_blend_blocks_by_path": [
            {
              "start_frame": 94,
              "endpoint_distance_deg": 56.244199620895415,
              "path_distance_deg": 61.944827514500304,
              "path_to_endpoint_ratio": 1.1013549473906468,
              "peak_velocity_deg": 18.683137580177696
            },
            {
              "start_frame": 74,
              "endpoint_distance_deg": 18.476480454445888,
              "path_distance_deg": 57.766233602185196,
              "path_to_endpoint_ratio": 3.126473883627834,
              "peak_velocity_deg": 20.058276747043127
            },
            {
              "start_frame": 104,
              "endpoint_distance_deg": 38.10245287375012,
              "path_distance_deg": 52.28136582987346,
              "path_to_endpoint_ratio": 1.3721259889252853,
              "peak_velocity_deg": 21.25626552591476
            },
            {
              "start_frame": 54,
              "endpoint_distance_deg": 24.409234948103233,
              "path_distance_deg": 46.11267765267772,
              "path_to_endpoint_ratio": 1.8891488303799129,
              "peak_velocity_deg": 14.316626825500121
            },
            {
              "start_frame": 214,
              "endpoint_distance_deg": 5.586266501387118,
              "path_distance_deg": 36.02199013054107,
              "path_to_endpoint_ratio": 6.448312145794781,
              "peak_velocity_deg": 13.87050524738322
            },
            {
              "start_frame": 124,
              "endpoint_distance_deg": 16.820749809228452,
              "path_distance_deg": 31.441564919486634,
              "path_to_endpoint_ratio": 1.869213041991546,
              "peak_velocity_deg": 8.306557146521833
            },
            {
              "start_frame": 44,
              "endpoint_distance_deg": 5.543700790012278,
              "path_distance_deg": 30.636192535793747,
              "path_to_endpoint_ratio": 5.526307009748607,
              "peak_velocity_deg": 8.956578236704512
            },
            {
              "start_frame": 154,
              "endpoint_distance_deg": 8.310199150618748,
              "path_distance_deg": 25.366793566506487,
              "path_to_endpoint_ratio": 3.052489249263992,
              "peak_velocity_deg": 6.465849228314719
            },
            {
              "start_frame": 144,
              "endpoint_distance_deg": 10.486813056446026,
              "path_distance_deg": 23.34445837501876,
              "path_to_endpoint_ratio": 2.2260774793414866,
              "peak_velocity_deg": 6.295221836658826
            },
            {
              "start_frame": 34,
              "endpoint_distance_deg": 22.462546690051713,
              "path_distance_deg": 23.17478789126479,
              "path_to_endpoint_ratio": 1.0317079452762368,
              "peak_velocity_deg": 6.2056670448485
            },
            {
              "start_frame": 114,
              "endpoint_distance_deg": 5.141382248271072,
              "path_distance_deg": 19.28690010819079,
              "path_to_endpoint_ratio": 3.7513063952162917,
              "peak_velocity_deg": 5.750599313715341
            },
            {
              "start_frame": 64,
              "endpoint_distance_deg": 5.379032768252976,
              "path_distance_deg": 17.739847633723805,
              "path_to_endpoint_ratio": 3.2979623657294477,
              "peak_velocity_deg": 4.940806313637754
            },
            {
              "start_frame": 84,
              "endpoint_distance_deg": 6.513895290754418,
              "path_distance_deg": 16.929937812096302,
              "path_to_endpoint_ratio": 2.5990497323661357,
              "peak_velocity_deg": 4.941409602704592
            },
            {
              "start_frame": 184,
              "endpoint_distance_deg": 7.851160110863207,
              "path_distance_deg": 14.893638673445041,
              "path_to_endpoint_ratio": 1.896998464320904,
              "peak_velocity_deg": 5.25121527087526
            },
            {
              "start_frame": 134,
              "endpoint_distance_deg": 10.793036343089355,
              "path_distance_deg": 14.71204546814318,
              "path_to_endpoint_ratio": 1.3631053394500163,
              "peak_velocity_deg": 3.807702804596544
            },
            {
              "start_frame": 174,
              "endpoint_distance_deg": 6.285401130396096,
              "path_distance_deg": 13.152519209624284,
              "path_to_endpoint_ratio": 2.0925504891038567,
              "peak_velocity_deg": 3.4320103466414267
            },
            {
              "start_frame": 204,
              "endpoint_distance_deg": 3.3926643239206493,
              "path_distance_deg": 9.969790590189053,
              "path_to_endpoint_ratio": 2.9386315999184114,
              "peak_velocity_deg": 3.204863727539885
            },
            {
              "start_frame": 164,
              "endpoint_distance_deg": 4.258122996951367,
              "path_distance_deg": 8.484298619600274,
              "path_to_endpoint_ratio": 1.9924973105931105,
              "peak_velocity_deg": 2.243048297601897
            },
            {
              "start_frame": 194,
              "endpoint_distance_deg": 2.8340983714177863,
              "path_distance_deg": 5.210945783912415,
              "path_to_endpoint_ratio": 1.8386608723484734,
              "peak_velocity_deg": 1.5882031818379003
            }
          ],
          "boundary_blocks_by_peak": [
            {
              "start_frame": 104,
              "end_frame": 110,
              "entry_jump_deg": 4.283192275404967,
              "path_distance_deg": 56.56455810527842,
              "endpoint_distance_deg": 41.96318912594606,
              "path_to_endpoint_ratio": 1.347956608719814,
              "peak_velocity_deg": 21.25626552591476
            },
            {
              "start_frame": 74,
              "end_frame": 80,
              "entry_jump_deg": 6.698768370527401,
              "path_distance_deg": 64.4650019727126,
              "endpoint_distance_deg": 24.11901778549795,
              "path_to_endpoint_ratio": 2.6727871983026397,
              "peak_velocity_deg": 20.058276747043127
            },
            {
              "start_frame": 94,
              "end_frame": 100,
              "entry_jump_deg": 4.121294846308927,
              "path_distance_deg": 66.06612236080923,
              "endpoint_distance_deg": 54.333841267741526,
              "path_to_endpoint_ratio": 1.2159295352458959,
              "peak_velocity_deg": 18.683137580177696
            },
            {
              "start_frame": 54,
              "end_frame": 60,
              "entry_jump_deg": 0.9964343119003896,
              "path_distance_deg": 47.10911196457812,
              "endpoint_distance_deg": 23.45800219280914,
              "path_to_endpoint_ratio": 2.008232055627441,
              "peak_velocity_deg": 14.316626825500121
            },
            {
              "start_frame": 214,
              "end_frame": 220,
              "entry_jump_deg": 2.6481640874523045,
              "path_distance_deg": 38.67015421799337,
              "endpoint_distance_deg": 6.928385583708807,
              "path_to_endpoint_ratio": 5.581409081636735,
              "peak_velocity_deg": 13.87050524738322
            },
            {
              "start_frame": 114,
              "end_frame": 120,
              "entry_jump_deg": 12.895500027732202,
              "path_distance_deg": 32.18240013592299,
              "endpoint_distance_deg": 8.264510473080463,
              "path_to_endpoint_ratio": 3.8940479585268792,
              "peak_velocity_deg": 12.895500027732202
            },
            {
              "start_frame": 44,
              "end_frame": 50,
              "entry_jump_deg": 3.75818283183554,
              "path_distance_deg": 34.39437536762929,
              "endpoint_distance_deg": 2.3743469429427986,
              "path_to_endpoint_ratio": 14.485825447649374,
              "peak_velocity_deg": 8.956578236704512
            },
            {
              "start_frame": 124,
              "end_frame": 130,
              "entry_jump_deg": 3.562163233923666,
              "path_distance_deg": 35.0037281534103,
              "endpoint_distance_deg": 14.854007685117976,
              "path_to_endpoint_ratio": 2.3565174392955277,
              "peak_velocity_deg": 8.306557146521833
            },
            {
              "start_frame": 154,
              "end_frame": 160,
              "entry_jump_deg": 3.5827443352257675,
              "path_distance_deg": 28.949537901732253,
              "endpoint_distance_deg": 5.931895874753528,
              "path_to_endpoint_ratio": 4.880317947748049,
              "peak_velocity_deg": 6.465849228314719
            },
            {
              "start_frame": 144,
              "end_frame": 150,
              "entry_jump_deg": 6.39483876160185,
              "path_distance_deg": 29.739297136620607,
              "endpoint_distance_deg": 5.970107456596645,
              "path_to_endpoint_ratio": 4.98136714503527,
              "peak_velocity_deg": 6.39483876160185
            },
            {
              "start_frame": 34,
              "end_frame": 40,
              "entry_jump_deg": 0.30178075435016116,
              "path_distance_deg": 23.47656864561495,
              "endpoint_distance_deg": 22.75832442206921,
              "path_to_endpoint_ratio": 1.0315596267205525,
              "peak_velocity_deg": 6.2056670448485
            },
            {
              "start_frame": 184,
              "end_frame": 190,
              "entry_jump_deg": 4.403118817805053,
              "path_distance_deg": 19.296757491250098,
              "endpoint_distance_deg": 3.488203932313177,
              "path_to_endpoint_ratio": 5.53200382365649,
              "peak_velocity_deg": 5.25121527087526
            },
            {
              "start_frame": 84,
              "end_frame": 90,
              "entry_jump_deg": 3.5029496169179617,
              "path_distance_deg": 20.432887429014265,
              "endpoint_distance_deg": 8.184923230919814,
              "path_to_endpoint_ratio": 2.496405507118976,
              "peak_velocity_deg": 4.941409602704592
            },
            {
              "start_frame": 64,
              "end_frame": 70,
              "entry_jump_deg": 0.569090435237214,
              "path_distance_deg": 18.30893806896102,
              "endpoint_distance_deg": 4.851813988395437,
              "path_to_endpoint_ratio": 3.7736273716907354,
              "peak_velocity_deg": 4.940806313637754
            },
            {
              "start_frame": 134,
              "end_frame": 140,
              "entry_jump_deg": 0.2773798137323817,
              "path_distance_deg": 14.98942528187556,
              "endpoint_distance_deg": 10.68544292925911,
              "path_to_endpoint_ratio": 1.4027893257312893,
              "peak_velocity_deg": 3.807702804596544
            },
            {
              "start_frame": 174,
              "end_frame": 180,
              "entry_jump_deg": 0.59455135783516,
              "path_distance_deg": 13.747070567459444,
              "endpoint_distance_deg": 6.860208433106223,
              "path_to_endpoint_ratio": 2.003885261141392,
              "peak_velocity_deg": 3.4320103466414267
            },
            {
              "start_frame": 204,
              "end_frame": 210,
              "entry_jump_deg": 1.752621887856445,
              "path_distance_deg": 11.722412478045497,
              "endpoint_distance_deg": 1.655213423512957,
              "path_to_endpoint_ratio": 7.082115400663154,
              "peak_velocity_deg": 3.204863727539885
            },
            {
              "start_frame": 164,
              "end_frame": 170,
              "entry_jump_deg": 1.6149375691210652,
              "path_distance_deg": 10.099236188721338,
              "endpoint_distance_deg": 3.060625440220682,
              "path_to_endpoint_ratio": 3.2997295441657006,
              "peak_velocity_deg": 2.243048297601897
            },
            {
              "start_frame": 194,
              "end_frame": 200,
              "entry_jump_deg": 1.8824920106860288,
              "path_distance_deg": 7.093437794598444,
              "endpoint_distance_deg": 2.3539045838045625,
              "path_to_endpoint_ratio": 3.013477200139303,
              "peak_velocity_deg": 1.8824920106860288
            }
          ]
        },
        "ground_truth": {
          "order": "XYZ",
          "excursion_p90_deg": 45.453010936258934,
          "excursion_max_deg": 53.94838942989068,
          "velocity_rms_deg_per_frame": 6.822500602051359,
          "velocity_p95_deg_per_frame": 15.31448242659871,
          "velocity_max_deg_per_frame": 33.92047658174786,
          "euler_axis_step_p95_deg": [
            3.286650499999998,
            2.7371688999999884,
            15.478263099999985
          ],
          "top_velocity_transitions": [
            {
              "from_frame": 156,
              "to_frame": 157,
              "velocity_deg": 33.92047658174786,
              "new_block_offset": 3,
              "inside_release_blend": false
            },
            {
              "from_frame": 172,
              "to_frame": 173,
              "velocity_deg": 32.05624238727297,
              "new_block_offset": 9,
              "inside_release_blend": false
            },
            {
              "from_frame": 151,
              "to_frame": 152,
              "velocity_deg": 28.184562353382695,
              "new_block_offset": 8,
              "inside_release_blend": false
            },
            {
              "from_frame": 157,
              "to_frame": 158,
              "velocity_deg": 27.024831960525447,
              "new_block_offset": 4,
              "inside_release_blend": false
            },
            {
              "from_frame": 161,
              "to_frame": 162,
              "velocity_deg": 25.14289651504347,
              "new_block_offset": 8,
              "inside_release_blend": false
            },
            {
              "from_frame": 160,
              "to_frame": 161,
              "velocity_deg": 24.792670541331567,
              "new_block_offset": 7,
              "inside_release_blend": false
            },
            {
              "from_frame": 212,
              "to_frame": 213,
              "velocity_deg": 21.051529428231458,
              "new_block_offset": 9,
              "inside_release_blend": false
            },
            {
              "from_frame": 213,
              "to_frame": 214,
              "velocity_deg": 20.78398656154137,
              "new_block_offset": 0,
              "inside_release_blend": true
            },
            {
              "from_frame": 152,
              "to_frame": 153,
              "velocity_deg": 17.431875525148936,
              "new_block_offset": 9,
              "inside_release_blend": false
            },
            {
              "from_frame": 132,
              "to_frame": 133,
              "velocity_deg": 15.55597315943207,
              "new_block_offset": 9,
              "inside_release_blend": false
            },
            {
              "from_frame": 162,
              "to_frame": 163,
              "velocity_deg": 15.488359789502587,
              "new_block_offset": 9,
              "inside_release_blend": false
            },
            {
              "from_frame": 211,
              "to_frame": 212,
              "velocity_deg": 15.38419091442847,
              "new_block_offset": 8,
              "inside_release_blend": false
            }
          ],
          "release_blend_blocks_by_path": [
            {
              "start_frame": 154,
              "endpoint_distance_deg": 50.24873635169881,
              "path_distance_deg": 87.31707089872293,
              "path_to_endpoint_ratio": 1.7376968504755426,
              "peak_velocity_deg": 33.92047658174786
            },
            {
              "start_frame": 214,
              "endpoint_distance_deg": 40.712093129557715,
              "path_distance_deg": 51.15676897756665,
              "path_to_endpoint_ratio": 1.2565497139823034,
              "peak_velocity_deg": 13.88215879689943
            },
            {
              "start_frame": 164,
              "endpoint_distance_deg": 9.15383120344784,
              "path_distance_deg": 35.90893181247971,
              "path_to_endpoint_ratio": 3.9228308906280045,
              "peak_velocity_deg": 10.57637291212106
            },
            {
              "start_frame": 174,
              "endpoint_distance_deg": 27.27588399877476,
              "path_distance_deg": 28.339112391949296,
              "path_to_endpoint_ratio": 1.0389805292184957,
              "peak_velocity_deg": 10.269929984947014
            },
            {
              "start_frame": 114,
              "endpoint_distance_deg": 1.835452600772497,
              "path_distance_deg": 22.142977657189682,
              "path_to_endpoint_ratio": 12.064042213822491,
              "peak_velocity_deg": 7.4108351351221735
            },
            {
              "start_frame": 124,
              "endpoint_distance_deg": 14.39205442550034,
              "path_distance_deg": 21.245701706072296,
              "path_to_endpoint_ratio": 1.4762104893397585,
              "peak_velocity_deg": 8.7816746497387
            },
            {
              "start_frame": 104,
              "endpoint_distance_deg": 9.934770766396111,
              "path_distance_deg": 19.097371082075856,
              "path_to_endpoint_ratio": 1.9222759670179612,
              "peak_velocity_deg": 7.353578998196086
            },
            {
              "start_frame": 94,
              "endpoint_distance_deg": 6.639303648215145,
              "path_distance_deg": 17.898590261687318,
              "path_to_endpoint_ratio": 2.6958535427881847,
              "peak_velocity_deg": 5.548547729918343
            },
            {
              "start_frame": 204,
              "endpoint_distance_deg": 10.782367171913835,
              "path_distance_deg": 16.292509113741467,
              "path_to_endpoint_ratio": 1.511032675290504,
              "peak_velocity_deg": 8.216860960347992
            },
            {
              "start_frame": 74,
              "endpoint_distance_deg": 8.552934615831212,
              "path_distance_deg": 13.492694393578635,
              "path_to_endpoint_ratio": 1.5775514486693354,
              "peak_velocity_deg": 3.2387978841077643
            },
            {
              "start_frame": 54,
              "endpoint_distance_deg": 6.398414292527545,
              "path_distance_deg": 13.46190046195284,
              "path_to_endpoint_ratio": 2.103943234447082,
              "peak_velocity_deg": 3.5088534545176198
            },
            {
              "start_frame": 194,
              "endpoint_distance_deg": 8.402553157177246,
              "path_distance_deg": 13.089983781867366,
              "path_to_endpoint_ratio": 1.5578578959284817,
              "peak_velocity_deg": 4.2357070921549775
            },
            {
              "start_frame": 34,
              "endpoint_distance_deg": 1.3278969934955862,
              "path_distance_deg": 11.681999824404873,
              "path_to_endpoint_ratio": 8.797368983909596,
              "peak_velocity_deg": 4.406060397178165
            },
            {
              "start_frame": 134,
              "endpoint_distance_deg": 10.737740328222095,
              "path_distance_deg": 11.448725276418484,
              "path_to_endpoint_ratio": 1.06621364704897,
              "peak_velocity_deg": 3.8968164154653677
            },
            {
              "start_frame": 84,
              "endpoint_distance_deg": 2.1394506760853633,
              "path_distance_deg": 9.20068736856701,
              "path_to_endpoint_ratio": 4.300490528438762,
              "peak_velocity_deg": 3.32496843514939
            },
            {
              "start_frame": 184,
              "endpoint_distance_deg": 0.154745577765813,
              "path_distance_deg": 8.505381505415231,
              "path_to_endpoint_ratio": 54.963648255506236,
              "peak_velocity_deg": 2.5494390009519554
            },
            {
              "start_frame": 44,
              "endpoint_distance_deg": 1.540875842799468,
              "path_distance_deg": 6.965778416519422,
              "path_to_endpoint_ratio": 4.520661706178724,
              "peak_velocity_deg": 1.7936376986916076
            },
            {
              "start_frame": 64,
              "endpoint_distance_deg": 2.787764626595208,
              "path_distance_deg": 5.304781288297212,
              "path_to_endpoint_ratio": 1.9028799051719523,
              "peak_velocity_deg": 2.116279808478766
            },
            {
              "start_frame": 144,
              "endpoint_distance_deg": 3.0155626802620974,
              "path_distance_deg": 3.7406469505293565,
              "path_to_endpoint_ratio": 1.240447421309856,
              "peak_velocity_deg": 1.5627726215836093
            }
          ],
          "boundary_blocks_by_peak": [
            {
              "start_frame": 154,
              "end_frame": 160,
              "entry_jump_deg": 7.305903991693471,
              "path_distance_deg": 94.6229748904164,
              "endpoint_distance_deg": 42.94634106547982,
              "path_to_endpoint_ratio": 2.203283738331649,
              "peak_velocity_deg": 33.92047658174786
            },
            {
              "start_frame": 214,
              "end_frame": 220,
              "entry_jump_deg": 20.78398656154137,
              "path_distance_deg": 71.94075553910803,
              "endpoint_distance_deg": 19.996259938358275,
              "path_to_endpoint_ratio": 3.59771055991856,
              "peak_velocity_deg": 20.78398656154137
            },
            {
              "start_frame": 164,
              "end_frame": 170,
              "entry_jump_deg": 6.87396050944972,
              "path_distance_deg": 42.782892321929424,
              "endpoint_distance_deg": 10.064920136121433,
              "path_to_endpoint_ratio": 4.250693671019632,
              "peak_velocity_deg": 10.57637291212106
            },
            {
              "start_frame": 174,
              "end_frame": 180,
              "entry_jump_deg": 6.244258317522378,
              "path_distance_deg": 34.58337070947167,
              "endpoint_distance_deg": 21.300412624434056,
              "path_to_endpoint_ratio": 1.6236009752130582,
              "peak_velocity_deg": 10.269929984947014
            },
            {
              "start_frame": 204,
              "end_frame": 210,
              "entry_jump_deg": 9.449562700867652,
              "path_distance_deg": 25.74207181460912,
              "endpoint_distance_deg": 2.816290934499213,
              "path_to_endpoint_ratio": 9.140416389255792,
              "peak_velocity_deg": 9.449562700867652
            },
            {
              "start_frame": 124,
              "end_frame": 130,
              "entry_jump_deg": 2.6369503638679572,
              "path_distance_deg": 23.88265206994025,
              "endpoint_distance_deg": 16.99478079363087,
              "path_to_endpoint_ratio": 1.4052933285783096,
              "peak_velocity_deg": 8.7816746497387
            },
            {
              "start_frame": 104,
              "end_frame": 110,
              "entry_jump_deg": 7.812483298748048,
              "path_distance_deg": 26.909854380823905,
              "endpoint_distance_deg": 5.047286856984562,
              "path_to_endpoint_ratio": 5.331548442424146,
              "peak_velocity_deg": 7.812483298748048
            },
            {
              "start_frame": 114,
              "end_frame": 120,
              "entry_jump_deg": 0.8606234918459823,
              "path_distance_deg": 23.003601149035664,
              "endpoint_distance_deg": 2.310965831203084,
              "path_to_endpoint_ratio": 9.954106996493339,
              "peak_velocity_deg": 7.4108351351221735
            },
            {
              "start_frame": 134,
              "end_frame": 140,
              "entry_jump_deg": 5.956741504891023,
              "path_distance_deg": 17.40546678130951,
              "endpoint_distance_deg": 16.387317332308054,
              "path_to_endpoint_ratio": 1.0621303309355061,
              "peak_velocity_deg": 5.956741504891023
            },
            {
              "start_frame": 94,
              "end_frame": 100,
              "entry_jump_deg": 1.8008343363932209,
              "path_distance_deg": 19.69942459808054,
              "endpoint_distance_deg": 5.451329195590169,
              "path_to_endpoint_ratio": 3.6136919806670837,
              "peak_velocity_deg": 5.548547729918343
            },
            {
              "start_frame": 34,
              "end_frame": 40,
              "entry_jump_deg": 0.9236845256946016,
              "path_distance_deg": 12.605684350099473,
              "endpoint_distance_deg": 2.176438034943738,
              "path_to_endpoint_ratio": 5.791887546398873,
              "peak_velocity_deg": 4.406060397178165
            },
            {
              "start_frame": 194,
              "end_frame": 200,
              "entry_jump_deg": 3.400020333545767,
              "path_distance_deg": 16.490004115413136,
              "endpoint_distance_deg": 7.610803439499296,
              "path_to_endpoint_ratio": 2.1666574687544404,
              "peak_velocity_deg": 4.2357070921549775
            },
            {
              "start_frame": 54,
              "end_frame": 60,
              "entry_jump_deg": 2.364122898188076,
              "path_distance_deg": 15.826023360140919,
              "endpoint_distance_deg": 8.762369218205942,
              "path_to_endpoint_ratio": 1.806135186275708,
              "peak_velocity_deg": 3.5088534545176198
            },
            {
              "start_frame": 84,
              "end_frame": 90,
              "entry_jump_deg": 0.5292456377716237,
              "path_distance_deg": 9.729933006338634,
              "endpoint_distance_deg": 2.4118422217188153,
              "path_to_endpoint_ratio": 4.034232802925447,
              "peak_velocity_deg": 3.32496843514939
            },
            {
              "start_frame": 74,
              "end_frame": 80,
              "entry_jump_deg": 2.292585519668062,
              "path_distance_deg": 15.785279913246697,
              "endpoint_distance_deg": 7.509297338579732,
              "path_to_endpoint_ratio": 2.102098132690567,
              "peak_velocity_deg": 3.2387978841077643
            },
            {
              "start_frame": 184,
              "end_frame": 190,
              "entry_jump_deg": 1.9283144642217274,
              "path_distance_deg": 10.43369596963696,
              "endpoint_distance_deg": 2.0801230396494317,
              "path_to_endpoint_ratio": 5.01590327627705,
              "peak_velocity_deg": 2.5494390009519554
            },
            {
              "start_frame": 64,
              "end_frame": 70,
              "entry_jump_deg": 2.269244961808421,
              "path_distance_deg": 7.574026250105633,
              "endpoint_distance_deg": 4.677015628205164,
              "path_to_endpoint_ratio": 1.6194143556907925,
              "peak_velocity_deg": 2.269244961808421
            },
            {
              "start_frame": 44,
              "end_frame": 50,
              "entry_jump_deg": 1.1156518272242404,
              "path_distance_deg": 8.081430243743663,
              "endpoint_distance_deg": 1.2049241231435772,
              "path_to_endpoint_ratio": 6.707003444050634,
              "peak_velocity_deg": 1.7936376986916076
            },
            {
              "start_frame": 144,
              "end_frame": 150,
              "entry_jump_deg": 0.26259660821424724,
              "path_distance_deg": 4.003243558743604,
              "endpoint_distance_deg": 3.152613213811684,
              "path_to_endpoint_ratio": 1.2698175409546864,
              "peak_velocity_deg": 1.5627726215836093
            }
          ]
        },
        "ratios": {
          "excursion_p90": 0.4223657846808128,
          "velocity_rms": 0.7942506893025931,
          "velocity_p95": 0.8420461133019194
        }
      }
    }
  }
}
