{
  "transition_blend": 5,
  "boundary_window": 7,
  "segments": {
    "quiet": {
      "RightShoulder": {
        "prediction": {
          "order": "XYZ",
          "excursion_p90_deg": 2.8692845211454157,
          "excursion_max_deg": 3.546757003908996,
          "velocity_rms_deg_per_frame": 0.5453823782397843,
          "velocity_p95_deg_per_frame": 1.0346420155505873,
          "velocity_max_deg_per_frame": 2.2802109321044166,
          "euler_axis_step_p95_deg": [
            0.011802899999992176,
            0.5994411999999982,
            0.8368335999999957
          ],
          "top_velocity_transitions": [
            {
              "from_frame": 136,
              "to_frame": 137,
              "velocity_deg": 2.2802109321044166,
              "new_block_offset": 3,
              "inside_release_blend": true
            },
            {
              "from_frame": 135,
              "to_frame": 136,
              "velocity_deg": 2.2802083589461866,
              "new_block_offset": 2,
              "inside_release_blend": true
            },
            {
              "from_frame": 91,
              "to_frame": 92,
              "velocity_deg": 1.9054214136504068,
              "new_block_offset": 8,
              "inside_release_blend": false
            },
            {
              "from_frame": 175,
              "to_frame": 176,
              "velocity_deg": 1.6818039308010702,
              "new_block_offset": 2,
              "inside_release_blend": true
            },
            {
              "from_frame": 176,
              "to_frame": 177,
              "velocity_deg": 1.6817985779110403,
              "new_block_offset": 3,
              "inside_release_blend": true
            },
            {
              "from_frame": 200,
              "to_frame": 201,
              "velocity_deg": 1.6032493227970677,
              "new_block_offset": 7,
              "inside_release_blend": false
            },
            {
              "from_frame": 96,
              "to_frame": 97,
              "velocity_deg": 1.4582135860851224,
              "new_block_offset": 3,
              "inside_release_blend": true
            },
            {
              "from_frame": 95,
              "to_frame": 96,
              "velocity_deg": 1.3516210437335994,
              "new_block_offset": 2,
              "inside_release_blend": true
            },
            {
              "from_frame": 90,
              "to_frame": 91,
              "velocity_deg": 1.2130474143711214,
              "new_block_offset": 7,
              "inside_release_blend": false
            },
            {
              "from_frame": 199,
              "to_frame": 200,
              "velocity_deg": 1.1901043675367629,
              "new_block_offset": 6,
              "inside_release_blend": false
            },
            {
              "from_frame": 134,
              "to_frame": 135,
              "velocity_deg": 1.0364595902989246,
              "new_block_offset": 1,
              "inside_release_blend": true
            },
            {
              "from_frame": 137,
              "to_frame": 138,
              "velocity_deg": 1.0364531200867741,
              "new_block_offset": 4,
              "inside_release_blend": true
            }
          ],
          "release_blend_blocks_by_path": [
            {
              "start_frame": 134,
              "endpoint_distance_deg": 5.650149105664124,
              "path_distance_deg": 7.77795478642059,
              "path_to_endpoint_ratio": 1.3765928369259135,
              "peak_velocity_deg": 2.2802109321044166
            },
            {
              "start_frame": 174,
              "endpoint_distance_deg": 3.4415820180465597,
              "path_distance_deg": 6.40862787393361,
              "path_to_endpoint_ratio": 1.8621168521711258,
              "peak_velocity_deg": 1.6818039308010702
            },
            {
              "start_frame": 94,
              "endpoint_distance_deg": 4.631688996190088,
              "path_distance_deg": 4.897933414342518,
              "path_to_endpoint_ratio": 1.057483224450397,
              "peak_velocity_deg": 1.4582135860851224
            },
            {
              "start_frame": 194,
              "endpoint_distance_deg": 1.0789292984830654,
              "path_distance_deg": 3.9758216789462715,
              "path_to_endpoint_ratio": 3.684969612500216,
              "peak_velocity_deg": 1.1901043675367629
            },
            {
              "start_frame": 104,
              "endpoint_distance_deg": 2.6077137426709878,
              "path_distance_deg": 3.781025100443889,
              "path_to_endpoint_ratio": 1.4499387101327772,
              "peak_velocity_deg": 1.0183420747249097
            },
            {
              "start_frame": 154,
              "endpoint_distance_deg": 2.998805864664807,
              "path_distance_deg": 3.0096776352334165,
              "path_to_endpoint_ratio": 1.0036253665823163,
              "peak_velocity_deg": 0.7250078471892283
            },
            {
              "start_frame": 54,
              "endpoint_distance_deg": 2.564643432933568,
              "path_distance_deg": 2.908997987426242,
              "path_to_endpoint_ratio": 1.1342699535033547,
              "peak_velocity_deg": 0.804853035094575
            },
            {
              "start_frame": 214,
              "endpoint_distance_deg": 1.9265004315230077,
              "path_distance_deg": 2.776268480239465,
              "path_to_endpoint_ratio": 1.441094138787536,
              "peak_velocity_deg": 0.7289895947878403
            },
            {
              "start_frame": 34,
              "endpoint_distance_deg": 2.1471502714742194,
              "path_distance_deg": 2.4689117816867667,
              "path_to_endpoint_ratio": 1.1498551426452457,
              "peak_velocity_deg": 0.660645534309056
            },
            {
              "start_frame": 84,
              "endpoint_distance_deg": 1.9405248142572007,
              "path_distance_deg": 2.1683988404859584,
              "path_to_endpoint_ratio": 1.1174290710196273,
              "peak_velocity_deg": 0.6940321926730121
            },
            {
              "start_frame": 64,
              "endpoint_distance_deg": 1.7505386350493541,
              "path_distance_deg": 2.1530492360218725,
              "path_to_endpoint_ratio": 1.2299352855820689,
              "peak_velocity_deg": 0.6641813149195561
            },
            {
              "start_frame": 164,
              "endpoint_distance_deg": 1.2409300166933181,
              "path_distance_deg": 2.0762083543616434,
              "path_to_endpoint_ratio": 1.673106723531497,
              "peak_velocity_deg": 0.5567257166997092
            },
            {
              "start_frame": 204,
              "endpoint_distance_deg": 1.505729637803637,
              "path_distance_deg": 2.069267898534173,
              "path_to_endpoint_ratio": 1.3742625811314653,
              "peak_velocity_deg": 0.5525651959907308
            },
            {
              "start_frame": 114,
              "endpoint_distance_deg": 1.6006326459919633,
              "path_distance_deg": 2.060129301558895,
              "path_to_endpoint_ratio": 1.2870719004248268,
              "peak_velocity_deg": 0.5146934036361648
            },
            {
              "start_frame": 144,
              "endpoint_distance_deg": 1.0811747885302678,
              "path_distance_deg": 1.8159694720569797,
              "path_to_endpoint_ratio": 1.6796261726797943,
              "peak_velocity_deg": 0.4812280474764302
            },
            {
              "start_frame": 74,
              "endpoint_distance_deg": 1.7775386632837509,
              "path_distance_deg": 1.8103557955691523,
              "path_to_endpoint_ratio": 1.0184621201008233,
              "peak_velocity_deg": 0.42740704027745385
            },
            {
              "start_frame": 124,
              "endpoint_distance_deg": 1.4332570189742437,
              "path_distance_deg": 1.5245057062049674,
              "path_to_endpoint_ratio": 1.0636652645148241,
              "peak_velocity_deg": 0.44589301952493343
            },
            {
              "start_frame": 184,
              "endpoint_distance_deg": 1.1173567691053976,
              "path_distance_deg": 1.2692182046656413,
              "path_to_endpoint_ratio": 1.1359113219333072,
              "peak_velocity_deg": 0.3978393953601145
            },
            {
              "start_frame": 44,
              "endpoint_distance_deg": 0.6078884105302617,
              "path_distance_deg": 0.8820425407137134,
              "path_to_endpoint_ratio": 1.4509941716840873,
              "peak_velocity_deg": 0.45017966748056776
            }
          ],
          "boundary_blocks_by_peak": [
            {
              "start_frame": 134,
              "end_frame": 140,
              "entry_jump_deg": 0.7920432492696008,
              "path_distance_deg": 8.569998035690192,
              "endpoint_distance_deg": 4.9108183696462335,
              "path_to_endpoint_ratio": 1.7451262479307617,
              "peak_velocity_deg": 2.2802109321044166
            },
            {
              "start_frame": 174,
              "end_frame": 180,
              "entry_jump_deg": 0.2502399500275069,
              "path_distance_deg": 6.658867823961117,
              "endpoint_distance_deg": 3.250781507026384,
              "path_to_endpoint_ratio": 2.0483898439708557,
              "peak_velocity_deg": 1.6818039308010702
            },
            {
              "start_frame": 94,
              "end_frame": 100,
              "entry_jump_deg": 0.4021711326578931,
              "path_distance_deg": 5.3001045470004104,
              "endpoint_distance_deg": 4.588366131355491,
              "path_to_endpoint_ratio": 1.1551180518880386,
              "peak_velocity_deg": 1.4582135860851224
            },
            {
              "start_frame": 194,
              "end_frame": 200,
              "entry_jump_deg": 0.050082068530011216,
              "path_distance_deg": 4.025903747476283,
              "endpoint_distance_deg": 1.0968220364253052,
              "path_to_endpoint_ratio": 3.670516832974345,
              "peak_velocity_deg": 1.1901043675367629
            },
            {
              "start_frame": 104,
              "end_frame": 110,
              "entry_jump_deg": 0.1147710124334165,
              "path_distance_deg": 3.8957961128773055,
              "endpoint_distance_deg": 2.631332443090667,
              "path_to_endpoint_ratio": 1.4805412075949802,
              "peak_velocity_deg": 1.0183420747249097
            },
            {
              "start_frame": 54,
              "end_frame": 60,
              "entry_jump_deg": 0.7324320641195047,
              "path_distance_deg": 3.6414300515457465,
              "endpoint_distance_deg": 2.4540372773899937,
              "path_to_endpoint_ratio": 1.483852786221166,
              "peak_velocity_deg": 0.804853035094575
            },
            {
              "start_frame": 214,
              "end_frame": 220,
              "entry_jump_deg": 0.23028778890482632,
              "path_distance_deg": 3.0065562691442915,
              "endpoint_distance_deg": 2.12382440599661,
              "path_to_endpoint_ratio": 1.4156331665910287,
              "peak_velocity_deg": 0.7289895947878403
            },
            {
              "start_frame": 154,
              "end_frame": 160,
              "entry_jump_deg": 0.0843046954542642,
              "path_distance_deg": 3.093982330687681,
              "endpoint_distance_deg": 3.0540065879301372,
              "path_to_endpoint_ratio": 1.013089605934556,
              "peak_velocity_deg": 0.7250078471892283
            },
            {
              "start_frame": 84,
              "end_frame": 90,
              "entry_jump_deg": 0.2128597107610852,
              "path_distance_deg": 2.381258551247044,
              "endpoint_distance_deg": 1.98004972356543,
              "path_to_endpoint_ratio": 1.2026256325316753,
              "peak_velocity_deg": 0.6940321926730121
            },
            {
              "start_frame": 64,
              "end_frame": 70,
              "entry_jump_deg": 0.32972850350712146,
              "path_distance_deg": 2.4827777395289936,
              "endpoint_distance_deg": 1.4547981105283385,
              "path_to_endpoint_ratio": 1.7066132555171687,
              "peak_velocity_deg": 0.6641813149195561
            },
            {
              "start_frame": 34,
              "end_frame": 40,
              "entry_jump_deg": 0.17343506582650864,
              "path_distance_deg": 2.6423468475132754,
              "endpoint_distance_deg": 2.2892219223958055,
              "path_to_endpoint_ratio": 1.154255435728094,
              "peak_velocity_deg": 0.660645534309056
            },
            {
              "start_frame": 164,
              "end_frame": 170,
              "entry_jump_deg": 0.5906049143567843,
              "path_distance_deg": 2.6668132687184274,
              "endpoint_distance_deg": 0.9041277246628255,
              "path_to_endpoint_ratio": 2.9495979339788043,
              "peak_velocity_deg": 0.5906049143567843
            },
            {
              "start_frame": 204,
              "end_frame": 210,
              "entry_jump_deg": 0.20039956888834604,
              "path_distance_deg": 2.269667467422519,
              "endpoint_distance_deg": 1.3880219088299217,
              "path_to_endpoint_ratio": 1.6351812986408905,
              "peak_velocity_deg": 0.5525651959907308
            },
            {
              "start_frame": 114,
              "end_frame": 120,
              "entry_jump_deg": 0.04432037314984199,
              "path_distance_deg": 2.104449674708737,
              "endpoint_distance_deg": 1.5620465225048255,
              "path_to_endpoint_ratio": 1.3472387949970523,
              "peak_velocity_deg": 0.5146934036361648
            },
            {
              "start_frame": 144,
              "end_frame": 150,
              "entry_jump_deg": 0.31343640878130413,
              "path_distance_deg": 2.129405880838284,
              "endpoint_distance_deg": 1.0407810455277122,
              "path_to_endpoint_ratio": 2.0459691209678024,
              "peak_velocity_deg": 0.4812280474764302
            },
            {
              "start_frame": 44,
              "end_frame": 50,
              "entry_jump_deg": 0.22930969394579712,
              "path_distance_deg": 1.1113522346595106,
              "endpoint_distance_deg": 0.7514490860291024,
              "path_to_endpoint_ratio": 1.478945487221565,
              "peak_velocity_deg": 0.45017966748056776
            },
            {
              "start_frame": 124,
              "end_frame": 130,
              "entry_jump_deg": 0.38173986581686853,
              "path_distance_deg": 1.9062455720218359,
              "endpoint_distance_deg": 1.306189814344645,
              "path_to_endpoint_ratio": 1.4593939954877515,
              "peak_velocity_deg": 0.44589301952493343
            },
            {
              "start_frame": 74,
              "end_frame": 80,
              "entry_jump_deg": 0.21930454346959796,
              "path_distance_deg": 2.02966033903875,
              "endpoint_distance_deg": 1.9169447289735573,
              "path_to_endpoint_ratio": 1.0587996139698548,
              "peak_velocity_deg": 0.42740704027745385
            },
            {
              "start_frame": 184,
              "end_frame": 190,
              "entry_jump_deg": 0.42210293478642474,
              "path_distance_deg": 1.691321139452066,
              "endpoint_distance_deg": 0.6962150494918724,
              "path_to_endpoint_ratio": 2.4293085027197625,
              "peak_velocity_deg": 0.42210293478642474
            }
          ]
        },
        "ground_truth": {
          "order": "XYZ",
          "excursion_p90_deg": 4.722799798383487,
          "excursion_max_deg": 9.321677023170455,
          "velocity_rms_deg_per_frame": 0.6447664257886089,
          "velocity_p95_deg_per_frame": 1.3673955029604634,
          "velocity_max_deg_per_frame": 4.105665276358565,
          "euler_axis_step_p95_deg": [
            9.999999974752427e-07,
            0.7778150000000124,
            1.2188071999999899
          ],
          "top_velocity_transitions": [
            {
              "from_frame": 187,
              "to_frame": 188,
              "velocity_deg": 4.105665276358565,
              "new_block_offset": 4,
              "inside_release_blend": true
            },
            {
              "from_frame": 176,
              "to_frame": 177,
              "velocity_deg": 2.2123195157852122,
              "new_block_offset": 3,
              "inside_release_blend": true
            },
            {
              "from_frame": 188,
              "to_frame": 189,
              "velocity_deg": 2.1356877679257766,
              "new_block_offset": 5,
              "inside_release_blend": false
            },
            {
              "from_frame": 172,
              "to_frame": 173,
              "velocity_deg": 1.8171545050212234,
              "new_block_offset": 9,
              "inside_release_blend": false
            },
            {
              "from_frame": 177,
              "to_frame": 178,
              "velocity_deg": 1.7615186314286337,
              "new_block_offset": 4,
              "inside_release_blend": true
            },
            {
              "from_frame": 175,
              "to_frame": 176,
              "velocity_deg": 1.5371507203063395,
              "new_block_offset": 2,
              "inside_release_blend": true
            },
            {
              "from_frame": 200,
              "to_frame": 201,
              "velocity_deg": 1.5094019855618142,
              "new_block_offset": 7,
              "inside_release_blend": false
            },
            {
              "from_frame": 186,
              "to_frame": 187,
              "velocity_deg": 1.491003425864597,
              "new_block_offset": 3,
              "inside_release_blend": true
            },
            {
              "from_frame": 87,
              "to_frame": 88,
              "velocity_deg": 1.4770386821148023,
              "new_block_offset": 4,
              "inside_release_blend": true
            },
            {
              "from_frame": 118,
              "to_frame": 119,
              "velocity_deg": 1.4681525862680365,
              "new_block_offset": 5,
              "inside_release_blend": false
            },
            {
              "from_frame": 89,
              "to_frame": 90,
              "velocity_deg": 1.4519166473235825,
              "new_block_offset": 6,
              "inside_release_blend": false
            },
            {
              "from_frame": 117,
              "to_frame": 118,
              "velocity_deg": 1.367492355997904,
              "new_block_offset": 4,
              "inside_release_blend": true
            }
          ],
          "release_blend_blocks_by_path": [
            {
              "start_frame": 184,
              "endpoint_distance_deg": 8.057046433806985,
              "path_distance_deg": 8.338734707427399,
              "path_to_endpoint_ratio": 1.0349617289579545,
              "peak_velocity_deg": 4.105665276358565
            },
            {
              "start_frame": 174,
              "endpoint_distance_deg": 5.9288763574193135,
              "path_distance_deg": 6.966343567027927,
              "path_to_endpoint_ratio": 1.1749854689262227,
              "peak_velocity_deg": 2.2123195157852122
            },
            {
              "start_frame": 84,
              "endpoint_distance_deg": 1.634266354992219,
              "path_distance_deg": 5.098281357340453,
              "path_to_endpoint_ratio": 3.1196147077045633,
              "peak_velocity_deg": 1.4770386821148023
            },
            {
              "start_frame": 114,
              "endpoint_distance_deg": 3.7770754532665545,
              "path_distance_deg": 4.883365085276882,
              "path_to_endpoint_ratio": 1.292895825274967,
              "peak_velocity_deg": 1.4681525862680365
            },
            {
              "start_frame": 204,
              "endpoint_distance_deg": 4.10048743726984,
              "path_distance_deg": 4.251086654027187,
              "path_to_endpoint_ratio": 1.0367271498965054,
              "peak_velocity_deg": 1.2450930405919303
            },
            {
              "start_frame": 54,
              "endpoint_distance_deg": 1.212196930850319,
              "path_distance_deg": 3.5871004901341035,
              "path_to_endpoint_ratio": 2.9591730508819736,
              "peak_velocity_deg": 1.0187841757935956
            },
            {
              "start_frame": 64,
              "endpoint_distance_deg": 2.234774584050885,
              "path_distance_deg": 2.954172289225877,
              "path_to_endpoint_ratio": 1.3219106348842438,
              "peak_velocity_deg": 1.3580336444091359
            },
            {
              "start_frame": 124,
              "endpoint_distance_deg": 2.1179366215686533,
              "path_distance_deg": 2.564115803649305,
              "path_to_endpoint_ratio": 1.2106669187060888,
              "peak_velocity_deg": 0.6611047544891434
            },
            {
              "start_frame": 144,
              "endpoint_distance_deg": 0.8591123939979417,
              "path_distance_deg": 2.521823233801081,
              "path_to_endpoint_ratio": 2.9353822054243617,
              "peak_velocity_deg": 0.5708151366695595
            },
            {
              "start_frame": 214,
              "endpoint_distance_deg": 1.3156687943359469,
              "path_distance_deg": 2.2932767026748198,
              "path_to_endpoint_ratio": 1.7430501601524249,
              "peak_velocity_deg": 0.8310292254748864
            },
            {
              "start_frame": 104,
              "endpoint_distance_deg": 0.5294513877331439,
              "path_distance_deg": 1.9426956192728468,
              "path_to_endpoint_ratio": 3.6692615493757317,
              "peak_velocity_deg": 0.5930753486100605
            },
            {
              "start_frame": 194,
              "endpoint_distance_deg": 0.7244820319319449,
              "path_distance_deg": 1.6727048649634715,
              "path_to_endpoint_ratio": 2.308828640653712,
              "peak_velocity_deg": 0.6231795680133528
            },
            {
              "start_frame": 154,
              "endpoint_distance_deg": 0.5773278248375443,
              "path_distance_deg": 1.3371917129926458,
              "path_to_endpoint_ratio": 2.316174027068454,
              "peak_velocity_deg": 0.3227962865215016
            },
            {
              "start_frame": 34,
              "endpoint_distance_deg": 0.7552723480669142,
              "path_distance_deg": 1.1705404909569639,
              "path_to_endpoint_ratio": 1.549825693940616,
              "peak_velocity_deg": 0.2841631502368757
            },
            {
              "start_frame": 94,
              "endpoint_distance_deg": 0.8128884779393349,
              "path_distance_deg": 1.096594066010685,
              "path_to_endpoint_ratio": 1.3490092377622835,
              "peak_velocity_deg": 0.2692868591873879
            },
            {
              "start_frame": 164,
              "endpoint_distance_deg": 0.5835117755028738,
              "path_distance_deg": 1.0834756799267913,
              "path_to_endpoint_ratio": 1.8568188773792023,
              "peak_velocity_deg": 0.3352179403211333
            },
            {
              "start_frame": 74,
              "endpoint_distance_deg": 0.5486901147646516,
              "path_distance_deg": 1.0285360413729043,
              "path_to_endpoint_ratio": 1.8745299280889578,
              "peak_velocity_deg": 0.2492885899001067
            },
            {
              "start_frame": 44,
              "endpoint_distance_deg": 0.09568747701076605,
              "path_distance_deg": 0.7966350955871345,
              "path_to_endpoint_ratio": 8.325385102352557,
              "peak_velocity_deg": 0.19608839749972498
            },
            {
              "start_frame": 134,
              "endpoint_distance_deg": 0.22767448630829185,
              "path_distance_deg": 0.6831448637283059,
              "path_to_endpoint_ratio": 3.000533238508183,
              "peak_velocity_deg": 0.17960082828482582
            }
          ],
          "boundary_blocks_by_peak": [
            {
              "start_frame": 184,
              "end_frame": 190,
              "entry_jump_deg": 0.21922146408298485,
              "path_distance_deg": 8.557956171510384,
              "endpoint_distance_deg": 7.8927819987994035,
              "path_to_endpoint_ratio": 1.084276263149313,
              "peak_velocity_deg": 4.105665276358565
            },
            {
              "start_frame": 174,
              "end_frame": 180,
              "entry_jump_deg": 0.9387120122197514,
              "path_distance_deg": 7.905055579247679,
              "endpoint_distance_deg": 6.668851033366243,
              "path_to_endpoint_ratio": 1.1853699444921377,
              "peak_velocity_deg": 2.2123195157852122
            },
            {
              "start_frame": 84,
              "end_frame": 90,
              "entry_jump_deg": 0.06419894123763953,
              "path_distance_deg": 5.162480298578092,
              "endpoint_distance_deg": 1.6978484027064324,
              "path_to_endpoint_ratio": 3.040601440239841,
              "peak_velocity_deg": 1.4770386821148023
            },
            {
              "start_frame": 114,
              "end_frame": 120,
              "entry_jump_deg": 0.039049731555344414,
              "path_distance_deg": 4.922414816832227,
              "endpoint_distance_deg": 3.7752161381911566,
              "path_to_endpoint_ratio": 1.3038762912236157,
              "peak_velocity_deg": 1.4681525862680365
            },
            {
              "start_frame": 64,
              "end_frame": 70,
              "entry_jump_deg": 0.20173673080456792,
              "path_distance_deg": 3.1559090200304443,
              "endpoint_distance_deg": 2.038875730547223,
              "path_to_endpoint_ratio": 1.5478672744725916,
              "peak_velocity_deg": 1.3580336444091359
            },
            {
              "start_frame": 204,
              "end_frame": 210,
              "entry_jump_deg": 0.0667216090638918,
              "path_distance_deg": 4.317808263091079,
              "endpoint_distance_deg": 4.165102428243511,
              "path_to_endpoint_ratio": 1.0366631643467088,
              "peak_velocity_deg": 1.2450930405919303
            },
            {
              "start_frame": 54,
              "end_frame": 60,
              "entry_jump_deg": 0.6731379349166489,
              "path_distance_deg": 4.260238425050752,
              "endpoint_distance_deg": 1.8819402862151515,
              "path_to_endpoint_ratio": 2.2637479288031477,
              "peak_velocity_deg": 1.0187841757935956
            },
            {
              "start_frame": 214,
              "end_frame": 220,
              "entry_jump_deg": 0.11589805278947547,
              "path_distance_deg": 2.4091747554642953,
              "endpoint_distance_deg": 1.3355827188382408,
              "path_to_endpoint_ratio": 1.8038379214429494,
              "peak_velocity_deg": 0.8310292254748864
            },
            {
              "start_frame": 124,
              "end_frame": 130,
              "entry_jump_deg": 0.4514833239609667,
              "path_distance_deg": 3.015599127610271,
              "endpoint_distance_deg": 2.2642238704993676,
              "path_to_endpoint_ratio": 1.331846716616935,
              "peak_velocity_deg": 0.6611047544891434
            },
            {
              "start_frame": 194,
              "end_frame": 200,
              "entry_jump_deg": 0.11033770542869734,
              "path_distance_deg": 1.783042570392169,
              "endpoint_distance_deg": 0.7771065539270517,
              "path_to_endpoint_ratio": 2.2944634315354726,
              "peak_velocity_deg": 0.6231795680133528
            },
            {
              "start_frame": 104,
              "end_frame": 110,
              "entry_jump_deg": 0.5030248742006445,
              "path_distance_deg": 2.4457204934734915,
              "endpoint_distance_deg": 0.8874051273242312,
              "path_to_endpoint_ratio": 2.7560360180113075,
              "peak_velocity_deg": 0.5930753486100605
            },
            {
              "start_frame": 144,
              "end_frame": 150,
              "entry_jump_deg": 0.17564956070517648,
              "path_distance_deg": 2.6974727945062575,
              "endpoint_distance_deg": 0.9301275923962987,
              "path_to_endpoint_ratio": 2.9001104972670753,
              "peak_velocity_deg": 0.5708151366695595
            },
            {
              "start_frame": 164,
              "end_frame": 170,
              "entry_jump_deg": 0.38233553735319475,
              "path_distance_deg": 1.4658112172799858,
              "endpoint_distance_deg": 0.7480487720124877,
              "path_to_endpoint_ratio": 1.9595128982519285,
              "peak_velocity_deg": 0.38233553735319475
            },
            {
              "start_frame": 154,
              "end_frame": 160,
              "entry_jump_deg": 0.3800128553008091,
              "path_distance_deg": 1.717204568293455,
              "endpoint_distance_deg": 0.6212006762456157,
              "path_to_endpoint_ratio": 2.764331453519686,
              "peak_velocity_deg": 0.3800128553008091
            },
            {
              "start_frame": 34,
              "end_frame": 40,
              "entry_jump_deg": 0.36694593298542255,
              "path_distance_deg": 1.5374864239423869,
              "endpoint_distance_deg": 0.9539633365892464,
              "path_to_endpoint_ratio": 1.611682928444022,
              "peak_velocity_deg": 0.36694593298542255
            },
            {
              "start_frame": 94,
              "end_frame": 100,
              "entry_jump_deg": 0.27050452560283766,
              "path_distance_deg": 1.3670985916135225,
              "endpoint_distance_deg": 0.5450617060051451,
              "path_to_endpoint_ratio": 2.5081538045173506,
              "peak_velocity_deg": 0.27050452560283766
            },
            {
              "start_frame": 74,
              "end_frame": 80,
              "entry_jump_deg": 0.26823192051112504,
              "path_distance_deg": 1.2967679618840293,
              "endpoint_distance_deg": 0.32162612733979223,
              "path_to_endpoint_ratio": 4.031911128022312,
              "peak_velocity_deg": 0.26823192051112504
            },
            {
              "start_frame": 44,
              "end_frame": 50,
              "entry_jump_deg": 0.25704075511312946,
              "path_distance_deg": 1.0536758507002641,
              "endpoint_distance_deg": 0.28019206431736726,
              "path_to_endpoint_ratio": 3.7605485125616878,
              "peak_velocity_deg": 0.25704075511312946
            },
            {
              "start_frame": 134,
              "end_frame": 140,
              "entry_jump_deg": 0.06585590275173114,
              "path_distance_deg": 0.749000766480037,
              "endpoint_distance_deg": 0.2927416408122057,
              "path_to_endpoint_ratio": 2.558572686830441,
              "peak_velocity_deg": 0.17960082828482582
            }
          ]
        },
        "ratios": {
          "excursion_p90": 0.6075388844827829,
          "velocity_rms": 0.8458603866861264,
          "velocity_p95": 0.7566516149208827
        }
      },
      "RightArm": {
        "prediction": {
          "order": "XYZ",
          "excursion_p90_deg": 27.700808139399978,
          "excursion_max_deg": 42.983048591466954,
          "velocity_rms_deg_per_frame": 5.603694630540484,
          "velocity_p95_deg_per_frame": 10.98493781119078,
          "velocity_max_deg_per_frame": 24.169271229958856,
          "euler_axis_step_p95_deg": [
            9.165710599999988,
            6.131386599999994,
            2.8377644999999916
          ],
          "top_velocity_transitions": [
            {
              "from_frame": 135,
              "to_frame": 136,
              "velocity_deg": 24.169271229958856,
              "new_block_offset": 2,
              "inside_release_blend": true
            },
            {
              "from_frame": 136,
              "to_frame": 137,
              "velocity_deg": 24.169255359636278,
              "new_block_offset": 3,
              "inside_release_blend": true
            },
            {
              "from_frame": 175,
              "to_frame": 176,
              "velocity_deg": 19.97141028605814,
              "new_block_offset": 2,
              "inside_release_blend": true
            },
            {
              "from_frame": 176,
              "to_frame": 177,
              "velocity_deg": 19.78929808316423,
              "new_block_offset": 3,
              "inside_release_blend": true
            },
            {
              "from_frame": 199,
              "to_frame": 200,
              "velocity_deg": 14.064074852038935,
              "new_block_offset": 6,
              "inside_release_blend": false
            },
            {
              "from_frame": 85,
              "to_frame": 86,
              "velocity_deg": 12.857989309776812,
              "new_block_offset": 2,
              "inside_release_blend": true
            },
            {
              "from_frame": 86,
              "to_frame": 87,
              "velocity_deg": 12.114491734390999,
              "new_block_offset": 3,
              "inside_release_blend": true
            },
            {
              "from_frame": 90,
              "to_frame": 91,
              "velocity_deg": 11.983685962705529,
              "new_block_offset": 7,
              "inside_release_blend": false
            },
            {
              "from_frame": 198,
              "to_frame": 199,
              "velocity_deg": 11.843823512947361,
              "new_block_offset": 5,
              "inside_release_blend": false
            },
            {
              "from_frame": 156,
              "to_frame": 157,
              "velocity_deg": 11.094206442119795,
              "new_block_offset": 3,
              "inside_release_blend": true
            },
            {
              "from_frame": 137,
              "to_frame": 138,
              "velocity_deg": 10.986017502398267,
              "new_block_offset": 4,
              "inside_release_blend": true
            },
            {
              "from_frame": 134,
              "to_frame": 135,
              "velocity_deg": 10.986014475890766,
              "new_block_offset": 1,
              "inside_release_blend": true
            }
          ],
          "release_blend_blocks_by_path": [
            {
              "start_frame": 134,
              "endpoint_distance_deg": 62.79490946890893,
              "path_distance_deg": 81.79591204321599,
              "path_to_endpoint_ratio": 1.3025882628864183,
              "peak_velocity_deg": 24.169271229958856
            },
            {
              "start_frame": 174,
              "endpoint_distance_deg": 48.06832300271271,
              "path_distance_deg": 71.36831556541597,
              "path_to_endpoint_ratio": 1.4847265539384085,
              "peak_velocity_deg": 19.97141028605814
            },
            {
              "start_frame": 84,
              "endpoint_distance_deg": 31.451643528304267,
              "path_distance_deg": 50.46773292007617,
              "path_to_endpoint_ratio": 1.6046135355266495,
              "peak_velocity_deg": 12.857989309776812
            },
            {
              "start_frame": 194,
              "endpoint_distance_deg": 5.381088648694296,
              "path_distance_deg": 47.54869340003667,
              "path_to_endpoint_ratio": 8.836259074002472,
              "peak_velocity_deg": 14.064074852038935
            },
            {
              "start_frame": 74,
              "endpoint_distance_deg": 34.13199198348352,
              "path_distance_deg": 36.36575143159984,
              "path_to_endpoint_ratio": 1.0654447431370906,
              "peak_velocity_deg": 8.8612742945379
            },
            {
              "start_frame": 154,
              "endpoint_distance_deg": 33.48120601599688,
              "path_distance_deg": 34.727044940580804,
              "path_to_endpoint_ratio": 1.0372100970314115,
              "peak_velocity_deg": 11.094206442119795
            },
            {
              "start_frame": 164,
              "endpoint_distance_deg": 22.89934609959918,
              "path_distance_deg": 29.97608239632162,
              "path_to_endpoint_ratio": 1.3090366103006892,
              "peak_velocity_deg": 8.300615510134328
            },
            {
              "start_frame": 94,
              "endpoint_distance_deg": 21.10106978303723,
              "path_distance_deg": 28.3226078182644,
              "path_to_endpoint_ratio": 1.3422356358933252,
              "peak_velocity_deg": 6.996518273209761
            },
            {
              "start_frame": 44,
              "endpoint_distance_deg": 16.803636416426148,
              "path_distance_deg": 26.58840671296263,
              "path_to_endpoint_ratio": 1.58230076240947,
              "peak_velocity_deg": 6.556168221031848
            },
            {
              "start_frame": 204,
              "endpoint_distance_deg": 24.949820471543614,
              "path_distance_deg": 26.06698256644224,
              "path_to_endpoint_ratio": 1.0447763580572773,
              "peak_velocity_deg": 7.222941329513763
            },
            {
              "start_frame": 124,
              "endpoint_distance_deg": 20.141644976836343,
              "path_distance_deg": 23.799288336937845,
              "path_to_endpoint_ratio": 1.181596059522841,
              "peak_velocity_deg": 7.102762500427268
            },
            {
              "start_frame": 144,
              "endpoint_distance_deg": 14.44235066901165,
              "path_distance_deg": 23.29251008823694,
              "path_to_endpoint_ratio": 1.6127921708904844,
              "peak_velocity_deg": 5.862386702194538
            },
            {
              "start_frame": 114,
              "endpoint_distance_deg": 13.704426322222501,
              "path_distance_deg": 19.352301890985377,
              "path_to_endpoint_ratio": 1.4121205394496905,
              "peak_velocity_deg": 5.290129399991413
            },
            {
              "start_frame": 104,
              "endpoint_distance_deg": 15.517195854501868,
              "path_distance_deg": 17.612126482665772,
              "path_to_endpoint_ratio": 1.1350070365681517,
              "peak_velocity_deg": 4.33235678225327
            },
            {
              "start_frame": 214,
              "endpoint_distance_deg": 12.490838840018162,
              "path_distance_deg": 14.675037383298939,
              "path_to_endpoint_ratio": 1.1748640400581456,
              "peak_velocity_deg": 4.457598780602527
            },
            {
              "start_frame": 34,
              "endpoint_distance_deg": 13.332398358367854,
              "path_distance_deg": 13.960138675995578,
              "path_to_endpoint_ratio": 1.0470838254869375,
              "peak_velocity_deg": 3.485053746162673
            },
            {
              "start_frame": 54,
              "endpoint_distance_deg": 13.58950403791044,
              "path_distance_deg": 13.802408356992888,
              "path_to_endpoint_ratio": 1.0156668203996637,
              "peak_velocity_deg": 4.020381115414248
            },
            {
              "start_frame": 184,
              "endpoint_distance_deg": 4.081799742579859,
              "path_distance_deg": 13.674588633842594,
              "path_to_endpoint_ratio": 3.350137070957752,
              "peak_velocity_deg": 3.8642219905135664
            },
            {
              "start_frame": 64,
              "endpoint_distance_deg": 6.259909485096155,
              "path_distance_deg": 7.105812284124542,
              "path_to_endpoint_ratio": 1.1351301965375613,
              "peak_velocity_deg": 1.9668149067059404
            }
          ],
          "boundary_blocks_by_peak": [
            {
              "start_frame": 134,
              "end_frame": 140,
              "entry_jump_deg": 3.37401993580874,
              "path_distance_deg": 85.16993197902472,
              "endpoint_distance_deg": 60.23171453461446,
              "path_to_endpoint_ratio": 1.4140379804409944,
              "peak_velocity_deg": 24.169271229958856
            },
            {
              "start_frame": 174,
              "end_frame": 180,
              "entry_jump_deg": 1.642233382531103,
              "path_distance_deg": 73.01054894794707,
              "endpoint_distance_deg": 48.63495314493116,
              "path_to_endpoint_ratio": 1.5011950094899267,
              "peak_velocity_deg": 19.97141028605814
            },
            {
              "start_frame": 194,
              "end_frame": 200,
              "entry_jump_deg": 2.521184797997433,
              "path_distance_deg": 50.069878198034104,
              "endpoint_distance_deg": 7.893839313206732,
              "path_to_endpoint_ratio": 6.342905677629521,
              "peak_velocity_deg": 14.064074852038935
            },
            {
              "start_frame": 84,
              "end_frame": 90,
              "entry_jump_deg": 4.561317435707645,
              "path_distance_deg": 55.02905035578382,
              "endpoint_distance_deg": 35.007998037452225,
              "path_to_endpoint_ratio": 1.5718993784481106,
              "peak_velocity_deg": 12.857989309776812
            },
            {
              "start_frame": 154,
              "end_frame": 160,
              "entry_jump_deg": 0.9877158900743679,
              "path_distance_deg": 35.71476083065517,
              "endpoint_distance_deg": 32.671011258784745,
              "path_to_endpoint_ratio": 1.0931636167537364,
              "peak_velocity_deg": 11.094206442119795
            },
            {
              "start_frame": 74,
              "end_frame": 80,
              "entry_jump_deg": 0.9397522771562573,
              "path_distance_deg": 37.3055037087561,
              "endpoint_distance_deg": 33.251929999732184,
              "path_to_endpoint_ratio": 1.1219049152652663,
              "peak_velocity_deg": 8.8612742945379
            },
            {
              "start_frame": 164,
              "end_frame": 170,
              "entry_jump_deg": 4.047647494253,
              "path_distance_deg": 34.023729890574614,
              "endpoint_distance_deg": 20.450059938236812,
              "path_to_endpoint_ratio": 1.663747196503724,
              "peak_velocity_deg": 8.300615510134328
            },
            {
              "start_frame": 184,
              "end_frame": 190,
              "entry_jump_deg": 7.630142776009241,
              "path_distance_deg": 21.304731409851833,
              "endpoint_distance_deg": 10.061236412773168,
              "path_to_endpoint_ratio": 2.117506292050207,
              "peak_velocity_deg": 7.630142776009241
            },
            {
              "start_frame": 204,
              "end_frame": 210,
              "entry_jump_deg": 7.302590845381276,
              "path_distance_deg": 33.36957341182351,
              "endpoint_distance_deg": 17.750205941068273,
              "path_to_endpoint_ratio": 1.8799541550454375,
              "peak_velocity_deg": 7.302590845381276
            },
            {
              "start_frame": 124,
              "end_frame": 130,
              "entry_jump_deg": 1.644996321824474,
              "path_distance_deg": 25.44428465876232,
              "endpoint_distance_deg": 21.429689057537313,
              "path_to_endpoint_ratio": 1.1873380239184097,
              "peak_velocity_deg": 7.102762500427268
            },
            {
              "start_frame": 94,
              "end_frame": 100,
              "entry_jump_deg": 2.3126998112735526,
              "path_distance_deg": 30.635307629537955,
              "endpoint_distance_deg": 20.210827166973566,
              "path_to_endpoint_ratio": 1.515786928285597,
              "peak_velocity_deg": 6.996518273209761
            },
            {
              "start_frame": 44,
              "end_frame": 50,
              "entry_jump_deg": 1.998270304519215,
              "path_distance_deg": 28.586677017481854,
              "endpoint_distance_deg": 14.898476853870935,
              "path_to_endpoint_ratio": 1.9187650722868652,
              "peak_velocity_deg": 6.556168221031848
            },
            {
              "start_frame": 54,
              "end_frame": 60,
              "entry_jump_deg": 6.205670864318471,
              "path_distance_deg": 20.008079221311363,
              "endpoint_distance_deg": 19.523939274530136,
              "path_to_endpoint_ratio": 1.02479724711154,
              "peak_velocity_deg": 6.205670864318471
            },
            {
              "start_frame": 144,
              "end_frame": 150,
              "entry_jump_deg": 4.6094306294964005,
              "path_distance_deg": 27.901940717733343,
              "endpoint_distance_deg": 11.67832112596177,
              "path_to_endpoint_ratio": 2.389208210391241,
              "peak_velocity_deg": 5.862386702194538
            },
            {
              "start_frame": 114,
              "end_frame": 120,
              "entry_jump_deg": 4.803083630962586,
              "path_distance_deg": 24.155385521947963,
              "endpoint_distance_deg": 11.682916717368256,
              "path_to_endpoint_ratio": 2.0675817611570984,
              "peak_velocity_deg": 5.290129399991413
            },
            {
              "start_frame": 214,
              "end_frame": 220,
              "entry_jump_deg": 2.39524682089221,
              "path_distance_deg": 17.070284204191147,
              "endpoint_distance_deg": 12.470106092878652,
              "path_to_endpoint_ratio": 1.3688964694486068,
              "peak_velocity_deg": 4.457598780602527
            },
            {
              "start_frame": 104,
              "end_frame": 110,
              "entry_jump_deg": 2.269836797041154,
              "path_distance_deg": 19.88196327970693,
              "endpoint_distance_deg": 13.882998831342686,
              "path_to_endpoint_ratio": 1.4321086907261562,
              "peak_velocity_deg": 4.33235678225327
            },
            {
              "start_frame": 64,
              "end_frame": 70,
              "entry_jump_deg": 4.011629066682035,
              "path_distance_deg": 11.117441350806578,
              "endpoint_distance_deg": 4.226872190985796,
              "path_to_endpoint_ratio": 2.6301815736268463,
              "peak_velocity_deg": 4.011629066682035
            },
            {
              "start_frame": 34,
              "end_frame": 40,
              "entry_jump_deg": 2.240528796425392,
              "path_distance_deg": 16.20066747242097,
              "endpoint_distance_deg": 11.880763425336673,
              "path_to_endpoint_ratio": 1.3636049210332528,
              "peak_velocity_deg": 3.485053746162673
            }
          ]
        },
        "ground_truth": {
          "order": "XYZ",
          "excursion_p90_deg": 44.001722687258685,
          "excursion_max_deg": 50.16767959254793,
          "velocity_rms_deg_per_frame": 4.226181582504065,
          "velocity_p95_deg_per_frame": 9.843757300376977,
          "velocity_max_deg_per_frame": 18.19860951547861,
          "euler_axis_step_p95_deg": [
            7.298069399999999,
            5.938309299999983,
            3.963589500000007
          ],
          "top_velocity_transitions": [
            {
              "from_frame": 87,
              "to_frame": 88,
              "velocity_deg": 18.19860951547861,
              "new_block_offset": 4,
              "inside_release_blend": true
            },
            {
              "from_frame": 100,
              "to_frame": 101,
              "velocity_deg": 16.025183673357358,
              "new_block_offset": 7,
              "inside_release_blend": false
            },
            {
              "from_frame": 86,
              "to_frame": 87,
              "velocity_deg": 13.81632394097606,
              "new_block_offset": 3,
              "inside_release_blend": true
            },
            {
              "from_frame": 101,
              "to_frame": 102,
              "velocity_deg": 12.822142387507025,
              "new_block_offset": 8,
              "inside_release_blend": false
            },
            {
              "from_frame": 117,
              "to_frame": 118,
              "velocity_deg": 12.405593433977177,
              "new_block_offset": 4,
              "inside_release_blend": true
            },
            {
              "from_frame": 70,
              "to_frame": 71,
              "velocity_deg": 11.21665652973969,
              "new_block_offset": 7,
              "inside_release_blend": false
            },
            {
              "from_frame": 69,
              "to_frame": 70,
              "velocity_deg": 11.095956977970523,
              "new_block_offset": 6,
              "inside_release_blend": false
            },
            {
              "from_frame": 67,
              "to_frame": 68,
              "velocity_deg": 10.841081796019001,
              "new_block_offset": 4,
              "inside_release_blend": true
            },
            {
              "from_frame": 116,
              "to_frame": 117,
              "velocity_deg": 10.43786287604209,
              "new_block_offset": 3,
              "inside_release_blend": true
            },
            {
              "from_frame": 68,
              "to_frame": 69,
              "velocity_deg": 10.311476128569062,
              "new_block_offset": 5,
              "inside_release_blend": false
            },
            {
              "from_frame": 88,
              "to_frame": 89,
              "velocity_deg": 10.053486707778973,
              "new_block_offset": 5,
              "inside_release_blend": false
            },
            {
              "from_frame": 52,
              "to_frame": 53,
              "velocity_deg": 9.857850166807262,
              "new_block_offset": 9,
              "inside_release_blend": false
            }
          ],
          "release_blend_blocks_by_path": [
            {
              "start_frame": 84,
              "endpoint_distance_deg": 38.125181271790964,
              "path_distance_deg": 50.659892128052846,
              "path_to_endpoint_ratio": 1.3287777379182295,
              "peak_velocity_deg": 18.19860951547861
            },
            {
              "start_frame": 64,
              "endpoint_distance_deg": 34.0068212252427,
              "path_distance_deg": 43.67209592817389,
              "path_to_endpoint_ratio": 1.2842157647994694,
              "peak_velocity_deg": 11.095956977970523
            },
            {
              "start_frame": 114,
              "endpoint_distance_deg": 28.065565887866413,
              "path_distance_deg": 42.06792173860903,
              "path_to_endpoint_ratio": 1.4989158567722398,
              "peak_velocity_deg": 12.405593433977177
            },
            {
              "start_frame": 104,
              "endpoint_distance_deg": 16.46144797515773,
              "path_distance_deg": 26.543307019936456,
              "path_to_endpoint_ratio": 1.6124527477773185,
              "peak_velocity_deg": 9.426088800308374
            },
            {
              "start_frame": 54,
              "endpoint_distance_deg": 13.030173278194377,
              "path_distance_deg": 25.650022413551955,
              "path_to_endpoint_ratio": 1.968509694071109,
              "peak_velocity_deg": 5.404642028620978
            },
            {
              "start_frame": 184,
              "endpoint_distance_deg": 17.663329794364657,
              "path_distance_deg": 22.708279288448153,
              "path_to_endpoint_ratio": 1.2856171261487201,
              "peak_velocity_deg": 9.716921502504432
            },
            {
              "start_frame": 124,
              "endpoint_distance_deg": 2.1740006499938658,
              "path_distance_deg": 17.135075424311445,
              "path_to_endpoint_ratio": 7.881817065859568,
              "peak_velocity_deg": 3.849775458572219
            },
            {
              "start_frame": 34,
              "endpoint_distance_deg": 14.222578704535144,
              "path_distance_deg": 16.62950092435799,
              "path_to_endpoint_ratio": 1.1692324767417426,
              "peak_velocity_deg": 3.4918145278458503
            },
            {
              "start_frame": 144,
              "endpoint_distance_deg": 4.0177346300593335,
              "path_distance_deg": 15.910705245131078,
              "path_to_endpoint_ratio": 3.960118502126187,
              "peak_velocity_deg": 4.10107251743828
            },
            {
              "start_frame": 174,
              "endpoint_distance_deg": 10.093531020996272,
              "path_distance_deg": 13.415116720566147,
              "path_to_endpoint_ratio": 1.329080645084501,
              "peak_velocity_deg": 3.233472289633297
            },
            {
              "start_frame": 94,
              "endpoint_distance_deg": 3.825306696932385,
              "path_distance_deg": 12.72493054705942,
              "path_to_endpoint_ratio": 3.326512500883623,
              "peak_velocity_deg": 4.203859706489542
            },
            {
              "start_frame": 214,
              "endpoint_distance_deg": 5.6517939301270586,
              "path_distance_deg": 11.829952895826057,
              "path_to_endpoint_ratio": 2.093132382758355,
              "peak_velocity_deg": 2.875038043745627
            },
            {
              "start_frame": 164,
              "endpoint_distance_deg": 8.032580899372734,
              "path_distance_deg": 9.16122632867791,
              "path_to_endpoint_ratio": 1.1405084422359584,
              "peak_velocity_deg": 2.5232643612984726
            },
            {
              "start_frame": 204,
              "endpoint_distance_deg": 6.6524953528895026,
              "path_distance_deg": 9.151089363606232,
              "path_to_endpoint_ratio": 1.3755874868264986,
              "peak_velocity_deg": 2.478621162948496
            },
            {
              "start_frame": 194,
              "endpoint_distance_deg": 6.243243937722845,
              "path_distance_deg": 8.932575891279871,
              "path_to_endpoint_ratio": 1.4307587498395795,
              "peak_velocity_deg": 2.7589590025046826
            },
            {
              "start_frame": 74,
              "endpoint_distance_deg": 3.7764592209373986,
              "path_distance_deg": 7.448848569296086,
              "path_to_endpoint_ratio": 1.9724424741562867,
              "peak_velocity_deg": 1.935372890054187
            },
            {
              "start_frame": 44,
              "endpoint_distance_deg": 4.192002297100295,
              "path_distance_deg": 5.80024746541285,
              "path_to_endpoint_ratio": 1.383646060839474,
              "peak_velocity_deg": 2.0697012570628477
            },
            {
              "start_frame": 134,
              "endpoint_distance_deg": 3.9606232492864333,
              "path_distance_deg": 5.2508184490992456,
              "path_to_endpoint_ratio": 1.3257555992091044,
              "peak_velocity_deg": 1.2963411820139912
            },
            {
              "start_frame": 154,
              "endpoint_distance_deg": 2.38198553412098,
              "path_distance_deg": 4.087913164034582,
              "path_to_endpoint_ratio": 1.716178837141065,
              "peak_velocity_deg": 1.0207394041107092
            }
          ],
          "boundary_blocks_by_peak": [
            {
              "start_frame": 84,
              "end_frame": 90,
              "entry_jump_deg": 0.8055970263080959,
              "path_distance_deg": 51.46548915436094,
              "endpoint_distance_deg": 38.77813782208007,
              "path_to_endpoint_ratio": 1.327177942130495,
              "peak_velocity_deg": 18.19860951547861
            },
            {
              "start_frame": 114,
              "end_frame": 120,
              "entry_jump_deg": 0.969729180737918,
              "path_distance_deg": 43.037650919346945,
              "endpoint_distance_deg": 28.762840274940416,
              "path_to_endpoint_ratio": 1.4962934991104977,
              "peak_velocity_deg": 12.405593433977177
            },
            {
              "start_frame": 64,
              "end_frame": 70,
              "entry_jump_deg": 3.953867173341735,
              "path_distance_deg": 47.62596310151562,
              "endpoint_distance_deg": 30.74110851442102,
              "path_to_endpoint_ratio": 1.5492597828465984,
              "peak_velocity_deg": 11.095956977970523
            },
            {
              "start_frame": 184,
              "end_frame": 190,
              "entry_jump_deg": 1.2724748591266422,
              "path_distance_deg": 23.980754147574796,
              "endpoint_distance_deg": 17.074521073294207,
              "path_to_endpoint_ratio": 1.4044759466244965,
              "peak_velocity_deg": 9.716921502504432
            },
            {
              "start_frame": 104,
              "end_frame": 110,
              "entry_jump_deg": 3.3603060424247153,
              "path_distance_deg": 29.903613062361167,
              "endpoint_distance_deg": 19.59300550855595,
              "path_to_endpoint_ratio": 1.5262392004791066,
              "peak_velocity_deg": 9.426088800308374
            },
            {
              "start_frame": 54,
              "end_frame": 60,
              "entry_jump_deg": 5.7752800796909485,
              "path_distance_deg": 31.425302493242906,
              "endpoint_distance_deg": 18.609814839854447,
              "path_to_endpoint_ratio": 1.6886413305920185,
              "peak_velocity_deg": 5.7752800796909485
            },
            {
              "start_frame": 124,
              "end_frame": 130,
              "entry_jump_deg": 5.026885648975245,
              "path_distance_deg": 22.16196107328669,
              "endpoint_distance_deg": 6.603234064366387,
              "path_to_endpoint_ratio": 3.356228305290771,
              "peak_velocity_deg": 5.026885648975245
            },
            {
              "start_frame": 144,
              "end_frame": 150,
              "entry_jump_deg": 4.991759659339284,
              "path_distance_deg": 20.902464904470364,
              "endpoint_distance_deg": 7.841534616819356,
              "path_to_endpoint_ratio": 2.6656089561393426,
              "peak_velocity_deg": 4.991759659339284
            },
            {
              "start_frame": 94,
              "end_frame": 100,
              "entry_jump_deg": 2.820902959068304,
              "path_distance_deg": 15.545833506127725,
              "endpoint_distance_deg": 6.3983955209174095,
              "path_to_endpoint_ratio": 2.4296455971353805,
              "peak_velocity_deg": 4.203859706489542
            },
            {
              "start_frame": 34,
              "end_frame": 40,
              "entry_jump_deg": 1.5682596358238337,
              "path_distance_deg": 18.197760560181823,
              "endpoint_distance_deg": 15.347807850367,
              "path_to_endpoint_ratio": 1.185691190403239,
              "peak_velocity_deg": 3.4918145278458503
            },
            {
              "start_frame": 174,
              "end_frame": 180,
              "entry_jump_deg": 1.2017241996890458,
              "path_distance_deg": 14.616840920255193,
              "endpoint_distance_deg": 9.572865392169527,
              "path_to_endpoint_ratio": 1.52690342143655,
              "peak_velocity_deg": 3.233472289633297
            },
            {
              "start_frame": 214,
              "end_frame": 220,
              "entry_jump_deg": 1.720361298741691,
              "path_distance_deg": 13.550314194567747,
              "endpoint_distance_deg": 4.070686259819431,
              "path_to_endpoint_ratio": 3.328754251664882,
              "peak_velocity_deg": 2.875038043745627
            },
            {
              "start_frame": 194,
              "end_frame": 200,
              "entry_jump_deg": 1.6163620444480942,
              "path_distance_deg": 10.548937935727963,
              "endpoint_distance_deg": 7.218552424487942,
              "path_to_endpoint_ratio": 1.4613647328988215,
              "peak_velocity_deg": 2.7589590025046826
            },
            {
              "start_frame": 74,
              "end_frame": 80,
              "entry_jump_deg": 2.635898262459529,
              "path_distance_deg": 10.084746831755615,
              "endpoint_distance_deg": 4.094899422757106,
              "path_to_endpoint_ratio": 2.4627581267833754,
              "peak_velocity_deg": 2.635898262459529
            },
            {
              "start_frame": 164,
              "end_frame": 170,
              "entry_jump_deg": 2.2441684889068547,
              "path_distance_deg": 11.405394817584765,
              "endpoint_distance_deg": 10.144113598031325,
              "path_to_endpoint_ratio": 1.1243362672711215,
              "peak_velocity_deg": 2.5232643612984726
            },
            {
              "start_frame": 204,
              "end_frame": 210,
              "entry_jump_deg": 1.6464762485664706,
              "path_distance_deg": 10.7975656121727,
              "endpoint_distance_deg": 7.857913083336656,
              "path_to_endpoint_ratio": 1.3741009219190548,
              "peak_velocity_deg": 2.478621162948496
            },
            {
              "start_frame": 44,
              "end_frame": 50,
              "entry_jump_deg": 2.3620304498144717,
              "path_distance_deg": 8.162277915227321,
              "endpoint_distance_deg": 3.211531982629277,
              "path_to_endpoint_ratio": 2.541552741612392,
              "peak_velocity_deg": 2.3620304498144717
            },
            {
              "start_frame": 154,
              "end_frame": 160,
              "entry_jump_deg": 2.0033665500745235,
              "path_distance_deg": 6.091279714109105,
              "endpoint_distance_deg": 1.799776660685417,
              "path_to_endpoint_ratio": 3.3844642211269345,
              "peak_velocity_deg": 2.0033665500745235
            },
            {
              "start_frame": 134,
              "end_frame": 140,
              "entry_jump_deg": 1.0052582317846284,
              "path_distance_deg": 6.256076680883874,
              "endpoint_distance_deg": 4.953031315275442,
              "path_to_endpoint_ratio": 1.2630803810163207,
              "peak_velocity_deg": 1.2963411820139912
            }
          ]
        },
        "ratios": {
          "excursion_p90": 0.6295391736428796,
          "velocity_rms": 1.3259474353253475,
          "velocity_p95": 1.11592936274141
        }
      },
      "RightForeArm": {
        "prediction": {
          "order": "XYZ",
          "excursion_p90_deg": 47.9920780407957,
          "excursion_max_deg": 59.98242878156926,
          "velocity_rms_deg_per_frame": 8.549728328693508,
          "velocity_p95_deg_per_frame": 17.715798377737325,
          "velocity_max_deg_per_frame": 30.381374687045813,
          "euler_axis_step_p95_deg": [
            26.935229499999984,
            13.621008199999999,
            26.79986569999998
          ],
          "top_velocity_transitions": [
            {
              "from_frame": 176,
              "to_frame": 177,
              "velocity_deg": 30.381374687045813,
              "new_block_offset": 3,
              "inside_release_blend": true
            },
            {
              "from_frame": 175,
              "to_frame": 176,
              "velocity_deg": 30.381330635048393,
              "new_block_offset": 2,
              "inside_release_blend": true
            },
            {
              "from_frame": 186,
              "to_frame": 187,
              "velocity_deg": 29.70608191595912,
              "new_block_offset": 3,
              "inside_release_blend": true
            },
            {
              "from_frame": 185,
              "to_frame": 186,
              "velocity_deg": 29.64092914781199,
              "new_block_offset": 2,
              "inside_release_blend": true
            },
            {
              "from_frame": 136,
              "to_frame": 137,
              "velocity_deg": 29.22383946713431,
              "new_block_offset": 3,
              "inside_release_blend": true
            },
            {
              "from_frame": 135,
              "to_frame": 136,
              "velocity_deg": 29.22381353770534,
              "new_block_offset": 2,
              "inside_release_blend": true
            },
            {
              "from_frame": 200,
              "to_frame": 201,
              "velocity_deg": 23.86860301444365,
              "new_block_offset": 7,
              "inside_release_blend": false
            },
            {
              "from_frame": 65,
              "to_frame": 66,
              "velocity_deg": 22.72250331189981,
              "new_block_offset": 2,
              "inside_release_blend": true
            },
            {
              "from_frame": 66,
              "to_frame": 67,
              "velocity_deg": 22.722491531188375,
              "new_block_offset": 3,
              "inside_release_blend": true
            },
            {
              "from_frame": 60,
              "to_frame": 61,
              "velocity_deg": 19.24821365776408,
              "new_block_offset": 7,
              "inside_release_blend": false
            },
            {
              "from_frame": 180,
              "to_frame": 181,
              "velocity_deg": 18.113215077403737,
              "new_block_offset": 7,
              "inside_release_blend": false
            },
            {
              "from_frame": 201,
              "to_frame": 202,
              "velocity_deg": 17.91067874327552,
              "new_block_offset": 8,
              "inside_release_blend": false
            }
          ],
          "release_blend_blocks_by_path": [
            {
              "start_frame": 174,
              "endpoint_distance_deg": 72.30424734571,
              "path_distance_deg": 105.57808380229936,
              "path_to_endpoint_ratio": 1.4601920036245781,
              "peak_velocity_deg": 30.381374687045813
            },
            {
              "start_frame": 134,
              "endpoint_distance_deg": 78.62237251781352,
              "path_distance_deg": 92.6121303615156,
              "path_to_endpoint_ratio": 1.1779360937058012,
              "peak_velocity_deg": 29.22383946713431
            },
            {
              "start_frame": 184,
              "endpoint_distance_deg": 90.02696869153979,
              "path_distance_deg": 91.4335131091106,
              "path_to_endpoint_ratio": 1.015623589664449,
              "peak_velocity_deg": 29.70608191595912
            },
            {
              "start_frame": 64,
              "endpoint_distance_deg": 57.58074654648151,
              "path_distance_deg": 76.2888867884702,
              "path_to_endpoint_ratio": 1.3249027038384562,
              "peak_velocity_deg": 22.72250331189981
            },
            {
              "start_frame": 54,
              "endpoint_distance_deg": 31.7335231630518,
              "path_distance_deg": 56.880930630512864,
              "path_to_endpoint_ratio": 1.7924555788605556,
              "peak_velocity_deg": 13.779227989847392
            },
            {
              "start_frame": 94,
              "endpoint_distance_deg": 35.01299044985497,
              "path_distance_deg": 56.51116735452834,
              "path_to_endpoint_ratio": 1.6140057341135345,
              "peak_velocity_deg": 14.573001300802979
            },
            {
              "start_frame": 74,
              "endpoint_distance_deg": 33.833353667783676,
              "path_distance_deg": 49.60358474703476,
              "path_to_endpoint_ratio": 1.4661149241692701,
              "peak_velocity_deg": 11.610342334806619
            },
            {
              "start_frame": 44,
              "endpoint_distance_deg": 37.686412106801306,
              "path_distance_deg": 44.068853579435746,
              "path_to_endpoint_ratio": 1.1693565695388284,
              "peak_velocity_deg": 15.200897321884986
            },
            {
              "start_frame": 154,
              "endpoint_distance_deg": 27.112168408797498,
              "path_distance_deg": 40.10410644794212,
              "path_to_endpoint_ratio": 1.479192141449259,
              "peak_velocity_deg": 11.239253462268714
            },
            {
              "start_frame": 164,
              "endpoint_distance_deg": 22.372002871248206,
              "path_distance_deg": 37.179217830517125,
              "path_to_endpoint_ratio": 1.661863626805568,
              "peak_velocity_deg": 10.493475329485587
            },
            {
              "start_frame": 104,
              "endpoint_distance_deg": 13.928087738361835,
              "path_distance_deg": 33.49113383157632,
              "path_to_endpoint_ratio": 2.4045751621259828,
              "peak_velocity_deg": 8.95519410933573
            },
            {
              "start_frame": 124,
              "endpoint_distance_deg": 11.503556749533928,
              "path_distance_deg": 27.74518804272156,
              "path_to_endpoint_ratio": 2.4118790950325573,
              "peak_velocity_deg": 6.831118084006648
            },
            {
              "start_frame": 194,
              "endpoint_distance_deg": 27.17480732455263,
              "path_distance_deg": 27.74387770283534,
              "path_to_endpoint_ratio": 1.0209411007587366,
              "peak_velocity_deg": 14.262606110084619
            },
            {
              "start_frame": 34,
              "endpoint_distance_deg": 20.08401186127298,
              "path_distance_deg": 20.872688062162986,
              "path_to_endpoint_ratio": 1.0392688575538422,
              "peak_velocity_deg": 4.777404571192887
            },
            {
              "start_frame": 114,
              "endpoint_distance_deg": 15.262451448075117,
              "path_distance_deg": 20.868983902206104,
              "path_to_endpoint_ratio": 1.3673415422945097,
              "peak_velocity_deg": 5.851752194195049
            },
            {
              "start_frame": 204,
              "endpoint_distance_deg": 17.082769673239675,
              "path_distance_deg": 17.93480799946407,
              "path_to_endpoint_ratio": 1.0498770598984966,
              "peak_velocity_deg": 4.63151939594786
            },
            {
              "start_frame": 84,
              "endpoint_distance_deg": 7.73676538059859,
              "path_distance_deg": 15.335505980409977,
              "path_to_endpoint_ratio": 1.9821598854305023,
              "peak_velocity_deg": 8.22871471793746
            },
            {
              "start_frame": 144,
              "endpoint_distance_deg": 2.572048573609384,
              "path_distance_deg": 13.387441669309318,
              "path_to_endpoint_ratio": 5.20497233476527,
              "peak_velocity_deg": 3.5793464995835795
            },
            {
              "start_frame": 214,
              "endpoint_distance_deg": 9.878677781334721,
              "path_distance_deg": 10.012165194741643,
              "path_to_endpoint_ratio": 1.0135126801745817,
              "peak_velocity_deg": 2.633181154727699
            }
          ],
          "boundary_blocks_by_peak": [
            {
              "start_frame": 174,
              "end_frame": 180,
              "entry_jump_deg": 1.147489522467987,
              "path_distance_deg": 106.72557332476735,
              "endpoint_distance_deg": 71.9957390042312,
              "path_to_endpoint_ratio": 1.4823873579309337,
              "peak_velocity_deg": 30.381374687045813
            },
            {
              "start_frame": 184,
              "end_frame": 190,
              "entry_jump_deg": 15.961835400281009,
              "path_distance_deg": 107.39534850939162,
              "endpoint_distance_deg": 74.38781625819084,
              "path_to_endpoint_ratio": 1.4437222909815737,
              "peak_velocity_deg": 29.70608191595912
            },
            {
              "start_frame": 134,
              "end_frame": 140,
              "entry_jump_deg": 2.999485044814323,
              "path_distance_deg": 95.61161540632992,
              "endpoint_distance_deg": 76.64794196443563,
              "path_to_endpoint_ratio": 1.247412689184706,
              "peak_velocity_deg": 29.22383946713431
            },
            {
              "start_frame": 64,
              "end_frame": 70,
              "entry_jump_deg": 3.436881839232879,
              "path_distance_deg": 79.72576862770308,
              "endpoint_distance_deg": 54.425572714742806,
              "path_to_endpoint_ratio": 1.4648586069192975,
              "peak_velocity_deg": 22.72250331189981
            },
            {
              "start_frame": 44,
              "end_frame": 50,
              "entry_jump_deg": 3.6062058951945737,
              "path_distance_deg": 47.675059474630324,
              "endpoint_distance_deg": 41.25064852886122,
              "path_to_endpoint_ratio": 1.1557408471111486,
              "peak_velocity_deg": 15.200897321884986
            },
            {
              "start_frame": 94,
              "end_frame": 100,
              "entry_jump_deg": 10.584735929847854,
              "path_distance_deg": 67.09590328437619,
              "endpoint_distance_deg": 25.606031148735003,
              "path_to_endpoint_ratio": 2.620316397127045,
              "peak_velocity_deg": 14.573001300802979
            },
            {
              "start_frame": 194,
              "end_frame": 200,
              "entry_jump_deg": 2.9165064621738486,
              "path_distance_deg": 30.66038416500919,
              "endpoint_distance_deg": 27.034931451739435,
              "path_to_endpoint_ratio": 1.1341025302668741,
              "peak_velocity_deg": 14.262606110084619
            },
            {
              "start_frame": 54,
              "end_frame": 60,
              "entry_jump_deg": 6.477881461030257,
              "path_distance_deg": 63.35881209154312,
              "endpoint_distance_deg": 35.108361768975406,
              "path_to_endpoint_ratio": 1.8046644417208924,
              "peak_velocity_deg": 13.779227989847392
            },
            {
              "start_frame": 74,
              "end_frame": 80,
              "entry_jump_deg": 1.5506102024750255,
              "path_distance_deg": 51.15419494950977,
              "endpoint_distance_deg": 33.83237767114306,
              "path_to_endpoint_ratio": 1.5119893566670948,
              "peak_velocity_deg": 11.610342334806619
            },
            {
              "start_frame": 154,
              "end_frame": 160,
              "entry_jump_deg": 2.3540586923442857,
              "path_distance_deg": 42.458165140286404,
              "endpoint_distance_deg": 26.63812138054318,
              "path_to_endpoint_ratio": 1.5938873666706237,
              "peak_velocity_deg": 11.239253462268714
            },
            {
              "start_frame": 164,
              "end_frame": 170,
              "entry_jump_deg": 1.167297078866423,
              "path_distance_deg": 38.34651490938355,
              "endpoint_distance_deg": 22.869676737205644,
              "path_to_endpoint_ratio": 1.6767405744305663,
              "peak_velocity_deg": 10.493475329485587
            },
            {
              "start_frame": 104,
              "end_frame": 110,
              "entry_jump_deg": 8.773603822730447,
              "path_distance_deg": 42.26473765430677,
              "endpoint_distance_deg": 16.608900354033672,
              "path_to_endpoint_ratio": 2.5447041497869103,
              "peak_velocity_deg": 8.95519410933573
            },
            {
              "start_frame": 84,
              "end_frame": 90,
              "entry_jump_deg": 3.399564597421755,
              "path_distance_deg": 18.73507057783173,
              "endpoint_distance_deg": 9.305106732716276,
              "path_to_endpoint_ratio": 2.013418127914663,
              "peak_velocity_deg": 8.22871471793746
            },
            {
              "start_frame": 124,
              "end_frame": 130,
              "entry_jump_deg": 1.24933121095059,
              "path_distance_deg": 28.994519253672145,
              "endpoint_distance_deg": 12.025767992110328,
              "path_to_endpoint_ratio": 2.41103264861707,
              "peak_velocity_deg": 6.831118084006648
            },
            {
              "start_frame": 204,
              "end_frame": 210,
              "entry_jump_deg": 6.277023865814034,
              "path_distance_deg": 24.211831865278103,
              "endpoint_distance_deg": 16.628423418321624,
              "path_to_endpoint_ratio": 1.4560509590224222,
              "peak_velocity_deg": 6.277023865814034
            },
            {
              "start_frame": 114,
              "end_frame": 120,
              "entry_jump_deg": 4.222988103838923,
              "path_distance_deg": 25.091972006045026,
              "endpoint_distance_deg": 12.757721758134101,
              "path_to_endpoint_ratio": 1.9668066510422852,
              "peak_velocity_deg": 5.851752194195049
            },
            {
              "start_frame": 34,
              "end_frame": 40,
              "entry_jump_deg": 2.8605525805928345,
              "path_distance_deg": 23.733240642755817,
              "endpoint_distance_deg": 18.216152718031026,
              "path_to_endpoint_ratio": 1.3028679002709376,
              "peak_velocity_deg": 4.777404571192887
            },
            {
              "start_frame": 214,
              "end_frame": 220,
              "entry_jump_deg": 4.002839613733017,
              "path_distance_deg": 14.015004808474659,
              "endpoint_distance_deg": 6.520212609558577,
              "path_to_endpoint_ratio": 2.149470523082143,
              "peak_velocity_deg": 4.002839613733017
            },
            {
              "start_frame": 144,
              "end_frame": 150,
              "entry_jump_deg": 2.58690605604369,
              "path_distance_deg": 15.974347725353008,
              "endpoint_distance_deg": 0.6853998304648243,
              "path_to_endpoint_ratio": 23.306611725479314,
              "peak_velocity_deg": 3.5793464995835795
            }
          ]
        },
        "ground_truth": {
          "order": "XYZ",
          "excursion_p90_deg": 61.77596914740521,
          "excursion_max_deg": 68.76024661148784,
          "velocity_rms_deg_per_frame": 9.399136184264677,
          "velocity_p95_deg_per_frame": 21.463402885865293,
          "velocity_max_deg_per_frame": 45.91108005895839,
          "euler_axis_step_p95_deg": [
            23.473730099999973,
            11.927863000000004,
            26.216088899999978
          ],
          "top_velocity_transitions": [
            {
              "from_frame": 142,
              "to_frame": 143,
              "velocity_deg": 45.91108005895839,
              "new_block_offset": 9,
              "inside_release_blend": false
            },
            {
              "from_frame": 143,
              "to_frame": 144,
              "velocity_deg": 39.76149138152878,
              "new_block_offset": 0,
              "inside_release_blend": true
            },
            {
              "from_frame": 87,
              "to_frame": 88,
              "velocity_deg": 33.60383165513175,
              "new_block_offset": 4,
              "inside_release_blend": true
            },
            {
              "from_frame": 69,
              "to_frame": 70,
              "velocity_deg": 32.82209337801137,
              "new_block_offset": 6,
              "inside_release_blend": false
            },
            {
              "from_frame": 88,
              "to_frame": 89,
              "velocity_deg": 30.551810966962357,
              "new_block_offset": 5,
              "inside_release_blend": false
            },
            {
              "from_frame": 217,
              "to_frame": 218,
              "velocity_deg": 28.012082486635084,
              "new_block_offset": 4,
              "inside_release_blend": true
            },
            {
              "from_frame": 86,
              "to_frame": 87,
              "velocity_deg": 26.450029289716298,
              "new_block_offset": 3,
              "inside_release_blend": true
            },
            {
              "from_frame": 216,
              "to_frame": 217,
              "velocity_deg": 26.2529194435873,
              "new_block_offset": 3,
              "inside_release_blend": true
            },
            {
              "from_frame": 70,
              "to_frame": 71,
              "velocity_deg": 26.23388897417388,
              "new_block_offset": 7,
              "inside_release_blend": false
            },
            {
              "from_frame": 89,
              "to_frame": 90,
              "velocity_deg": 22.932816991104872,
              "new_block_offset": 6,
              "inside_release_blend": false
            },
            {
              "from_frame": 100,
              "to_frame": 101,
              "velocity_deg": 22.915778207582637,
              "new_block_offset": 7,
              "inside_release_blend": false
            },
            {
              "from_frame": 122,
              "to_frame": 123,
              "velocity_deg": 21.536968590435162,
              "new_block_offset": 9,
              "inside_release_blend": false
            }
          ],
          "release_blend_blocks_by_path": [
            {
              "start_frame": 84,
              "endpoint_distance_deg": 54.57513684145448,
              "path_distance_deg": 118.83987549107617,
              "path_to_endpoint_ratio": 2.177546083600603,
              "peak_velocity_deg": 33.60383165513175
            },
            {
              "start_frame": 64,
              "endpoint_distance_deg": 50.928805606943094,
              "path_distance_deg": 78.68337300236671,
              "path_to_endpoint_ratio": 1.544967961935472,
              "peak_velocity_deg": 32.82209337801137
            },
            {
              "start_frame": 214,
              "endpoint_distance_deg": 72.59282440713864,
              "path_distance_deg": 74.6742108769568,
              "path_to_endpoint_ratio": 1.028672068993275,
              "peak_velocity_deg": 28.012082486635084
            },
            {
              "start_frame": 114,
              "endpoint_distance_deg": 7.382058373928919,
              "path_distance_deg": 62.32006374423578,
              "path_to_endpoint_ratio": 8.442098475451022,
              "peak_velocity_deg": 20.801311544736638
            },
            {
              "start_frame": 104,
              "endpoint_distance_deg": 20.305768386209987,
              "path_distance_deg": 48.15542900882579,
              "path_to_endpoint_ratio": 2.3715147387147884,
              "peak_velocity_deg": 14.710079341217112
            },
            {
              "start_frame": 54,
              "endpoint_distance_deg": 26.90597394314565,
              "path_distance_deg": 44.937657276916674,
              "path_to_endpoint_ratio": 1.6701739684976031,
              "peak_velocity_deg": 11.512756667183563
            },
            {
              "start_frame": 164,
              "endpoint_distance_deg": 43.86872797568816,
              "path_distance_deg": 44.50855010633506,
              "path_to_endpoint_ratio": 1.014584925530585,
              "peak_velocity_deg": 15.91888837701074
            },
            {
              "start_frame": 124,
              "endpoint_distance_deg": 29.914541463374693,
              "path_distance_deg": 42.875944855918476,
              "path_to_endpoint_ratio": 1.4332810318491036,
              "peak_velocity_deg": 16.092530877599746
            },
            {
              "start_frame": 194,
              "endpoint_distance_deg": 34.228167018357475,
              "path_distance_deg": 41.533335480841,
              "path_to_endpoint_ratio": 1.2134256403086254,
              "peak_velocity_deg": 18.206431933074455
            },
            {
              "start_frame": 184,
              "endpoint_distance_deg": 31.580030403861898,
              "path_distance_deg": 32.83941950598888,
              "path_to_endpoint_ratio": 1.0398792871957772,
              "peak_velocity_deg": 14.218509916618046
            },
            {
              "start_frame": 144,
              "endpoint_distance_deg": 9.915196557745931,
              "path_distance_deg": 23.93794495256909,
              "path_to_endpoint_ratio": 2.4142683216772274,
              "peak_velocity_deg": 6.369592204010217
            },
            {
              "start_frame": 134,
              "endpoint_distance_deg": 16.89489560681377,
              "path_distance_deg": 19.340534208844865,
              "path_to_endpoint_ratio": 1.144756064727903,
              "peak_velocity_deg": 6.232635458832872
            },
            {
              "start_frame": 34,
              "endpoint_distance_deg": 16.847754634185005,
              "path_distance_deg": 17.05719484393065,
              "path_to_endpoint_ratio": 1.0124313425909395,
              "peak_velocity_deg": 5.703427966222053
            },
            {
              "start_frame": 94,
              "endpoint_distance_deg": 8.094990732143184,
              "path_distance_deg": 15.162239958178436,
              "path_to_endpoint_ratio": 1.8730398168305458,
              "peak_velocity_deg": 7.372097535501093
            },
            {
              "start_frame": 174,
              "endpoint_distance_deg": 8.999889986897422,
              "path_distance_deg": 14.09485708998731,
              "path_to_endpoint_ratio": 1.5661143758987548,
              "peak_velocity_deg": 6.269892761196954
            },
            {
              "start_frame": 204,
              "endpoint_distance_deg": 7.786609996506004,
              "path_distance_deg": 12.733011345088382,
              "path_to_endpoint_ratio": 1.6352445224304184,
              "peak_velocity_deg": 3.7473978315690526
            },
            {
              "start_frame": 44,
              "endpoint_distance_deg": 5.93594960416254,
              "path_distance_deg": 12.160032104927627,
              "path_to_endpoint_ratio": 2.048540320558061,
              "peak_velocity_deg": 7.573659624244571
            },
            {
              "start_frame": 74,
              "endpoint_distance_deg": 2.3021994356951794,
              "path_distance_deg": 6.180686456572294,
              "path_to_endpoint_ratio": 2.684687677679825,
              "peak_velocity_deg": 1.8316367063638337
            },
            {
              "start_frame": 154,
              "endpoint_distance_deg": 4.178263004246995,
              "path_distance_deg": 4.3402043501872924,
              "path_to_endpoint_ratio": 1.0387580546690556,
              "peak_velocity_deg": 1.6260685275194837
            }
          ],
          "boundary_blocks_by_peak": [
            {
              "start_frame": 144,
              "end_frame": 150,
              "entry_jump_deg": 39.76149138152878,
              "path_distance_deg": 63.699436334097875,
              "endpoint_distance_deg": 46.95168808120521,
              "path_to_endpoint_ratio": 1.3567017276125755,
              "peak_velocity_deg": 39.76149138152878
            },
            {
              "start_frame": 84,
              "end_frame": 90,
              "entry_jump_deg": 1.2201640168004857,
              "path_distance_deg": 120.06003950787668,
              "endpoint_distance_deg": 55.50625588832327,
              "path_to_endpoint_ratio": 2.163000144514043,
              "peak_velocity_deg": 33.60383165513175
            },
            {
              "start_frame": 64,
              "end_frame": 70,
              "entry_jump_deg": 0.7030627234121157,
              "path_distance_deg": 79.38643572577882,
              "endpoint_distance_deg": 50.369848194924145,
              "path_to_endpoint_ratio": 1.576070577353432,
              "peak_velocity_deg": 32.82209337801137
            },
            {
              "start_frame": 214,
              "end_frame": 220,
              "entry_jump_deg": 0.4363660314590336,
              "path_distance_deg": 75.11057690841584,
              "endpoint_distance_deg": 72.21792428373875,
              "path_to_endpoint_ratio": 1.0400544969045644,
              "peak_velocity_deg": 28.012082486635084
            },
            {
              "start_frame": 114,
              "end_frame": 120,
              "entry_jump_deg": 1.059442116617852,
              "path_distance_deg": 63.37950586085363,
              "endpoint_distance_deg": 8.210076711554217,
              "path_to_endpoint_ratio": 7.719721518759781,
              "peak_velocity_deg": 20.801311544736638
            },
            {
              "start_frame": 194,
              "end_frame": 200,
              "entry_jump_deg": 1.184387529515934,
              "path_distance_deg": 42.717723010356934,
              "endpoint_distance_deg": 34.565387766399986,
              "path_to_endpoint_ratio": 1.2358525615003109,
              "peak_velocity_deg": 18.206431933074455
            },
            {
              "start_frame": 124,
              "end_frame": 130,
              "entry_jump_deg": 9.31041574502896,
              "path_distance_deg": 52.18636060094744,
              "endpoint_distance_deg": 20.66003144313026,
              "path_to_endpoint_ratio": 2.525957462581699,
              "peak_velocity_deg": 16.092530877599746
            },
            {
              "start_frame": 164,
              "end_frame": 170,
              "entry_jump_deg": 3.1803486415848323,
              "path_distance_deg": 47.688898747919886,
              "endpoint_distance_deg": 46.19702625322471,
              "path_to_endpoint_ratio": 1.0322936910812746,
              "peak_velocity_deg": 15.91888837701074
            },
            {
              "start_frame": 54,
              "end_frame": 60,
              "entry_jump_deg": 15.370968267518435,
              "path_distance_deg": 60.30862554443512,
              "endpoint_distance_deg": 41.7445761022341,
              "path_to_endpoint_ratio": 1.4447056641978333,
              "peak_velocity_deg": 15.370968267518435
            },
            {
              "start_frame": 104,
              "end_frame": 110,
              "entry_jump_deg": 6.373452323180968,
              "path_distance_deg": 54.52888133200675,
              "endpoint_distance_deg": 14.584133763613556,
              "path_to_endpoint_ratio": 3.7389180746581383,
              "peak_velocity_deg": 14.710079341217112
            },
            {
              "start_frame": 184,
              "end_frame": 190,
              "entry_jump_deg": 1.7425525968849194,
              "path_distance_deg": 34.5819721028738,
              "endpoint_distance_deg": 33.28121709609616,
              "path_to_endpoint_ratio": 1.0390837571541283,
              "peak_velocity_deg": 14.218509916618046
            },
            {
              "start_frame": 74,
              "end_frame": 80,
              "entry_jump_deg": 13.972181974963954,
              "path_distance_deg": 20.15286843153625,
              "endpoint_distance_deg": 11.797899863947471,
              "path_to_endpoint_ratio": 1.7081742228648888,
              "peak_velocity_deg": 13.972181974963954
            },
            {
              "start_frame": 44,
              "end_frame": 50,
              "entry_jump_deg": 3.0696440727810437,
              "path_distance_deg": 15.229676177708672,
              "endpoint_distance_deg": 8.155053951278342,
              "path_to_endpoint_ratio": 1.8675138470814594,
              "peak_velocity_deg": 7.573659624244571
            },
            {
              "start_frame": 94,
              "end_frame": 100,
              "entry_jump_deg": 2.654913615935449,
              "path_distance_deg": 17.817153574113885,
              "endpoint_distance_deg": 10.323425314215829,
              "path_to_endpoint_ratio": 1.7258955270959193,
              "peak_velocity_deg": 7.372097535501093
            },
            {
              "start_frame": 174,
              "end_frame": 180,
              "entry_jump_deg": 4.801897185819457,
              "path_distance_deg": 18.896754275806767,
              "endpoint_distance_deg": 13.040511225565751,
              "path_to_endpoint_ratio": 1.4490807874740315,
              "peak_velocity_deg": 6.269892761196954
            },
            {
              "start_frame": 134,
              "end_frame": 140,
              "entry_jump_deg": 0.832559963250911,
              "path_distance_deg": 20.173094172095773,
              "endpoint_distance_deg": 17.25516662346267,
              "path_to_endpoint_ratio": 1.1691045709558932,
              "peak_velocity_deg": 6.232635458832872
            },
            {
              "start_frame": 34,
              "end_frame": 40,
              "entry_jump_deg": 2.5338189351172424,
              "path_distance_deg": 19.59101377904789,
              "endpoint_distance_deg": 19.37464465713855,
              "path_to_endpoint_ratio": 1.0111676433678292,
              "peak_velocity_deg": 5.703427966222053
            },
            {
              "start_frame": 204,
              "end_frame": 210,
              "entry_jump_deg": 1.9584776236155632,
              "path_distance_deg": 14.691488968703947,
              "endpoint_distance_deg": 9.730282790871627,
              "path_to_endpoint_ratio": 1.5098727636658853,
              "peak_velocity_deg": 3.7473978315690526
            },
            {
              "start_frame": 154,
              "end_frame": 160,
              "entry_jump_deg": 2.175364793531977,
              "path_distance_deg": 6.5155691437192695,
              "endpoint_distance_deg": 2.628469689509125,
              "path_to_endpoint_ratio": 2.478845074654855,
              "peak_velocity_deg": 2.175364793531977
            }
          ]
        },
        "ratios": {
          "excursion_p90": 0.7768729281491412,
          "velocity_rms": 0.9096291575184129,
          "velocity_p95": 0.8253956034811261
        }
      },
      "RightHand": {
        "prediction": {
          "order": "XYZ",
          "excursion_p90_deg": 22.713245976968796,
          "excursion_max_deg": 32.006352103948885,
          "velocity_rms_deg_per_frame": 6.080008231036928,
          "velocity_p95_deg_per_frame": 13.293408865528578,
          "velocity_max_deg_per_frame": 25.80335946704203,
          "euler_axis_step_p95_deg": [
            2.460106499999988,
            7.132779599999989,
            11.15403110000001
          ],
          "top_velocity_transitions": [
            {
              "from_frame": 90,
              "to_frame": 91,
              "velocity_deg": 25.80335946704203,
              "new_block_offset": 7,
              "inside_release_blend": false
            },
            {
              "from_frame": 179,
              "to_frame": 180,
              "velocity_deg": 23.213445497835057,
              "new_block_offset": 6,
              "inside_release_blend": false
            },
            {
              "from_frame": 200,
              "to_frame": 201,
              "velocity_deg": 21.834111625928525,
              "new_block_offset": 7,
              "inside_release_blend": false
            },
            {
              "from_frame": 91,
              "to_frame": 92,
              "velocity_deg": 21.714492945897206,
              "new_block_offset": 8,
              "inside_release_blend": false
            },
            {
              "from_frame": 50,
              "to_frame": 51,
              "velocity_deg": 16.294741137361306,
              "new_block_offset": 7,
              "inside_release_blend": false
            },
            {
              "from_frame": 113,
              "to_frame": 114,
              "velocity_deg": 14.84391243104565,
              "new_block_offset": 0,
              "inside_release_blend": true
            },
            {
              "from_frame": 112,
              "to_frame": 113,
              "velocity_deg": 14.84390787953169,
              "new_block_offset": 9,
              "inside_release_blend": false
            },
            {
              "from_frame": 99,
              "to_frame": 100,
              "velocity_deg": 14.318313684070946,
              "new_block_offset": 6,
              "inside_release_blend": false
            },
            {
              "from_frame": 98,
              "to_frame": 99,
              "velocity_deg": 13.8602029504847,
              "new_block_offset": 5,
              "inside_release_blend": false
            },
            {
              "from_frame": 76,
              "to_frame": 77,
              "velocity_deg": 13.42659586097425,
              "new_block_offset": 3,
              "inside_release_blend": true
            },
            {
              "from_frame": 75,
              "to_frame": 76,
              "velocity_deg": 13.426590166276094,
              "new_block_offset": 2,
              "inside_release_blend": true
            },
            {
              "from_frame": 135,
              "to_frame": 136,
              "velocity_deg": 13.338806588827723,
              "new_block_offset": 2,
              "inside_release_blend": true
            }
          ],
          "release_blend_blocks_by_path": [
            {
              "start_frame": 74,
              "endpoint_distance_deg": 29.949041151156045,
              "path_distance_deg": 49.310626078370646,
              "path_to_endpoint_ratio": 1.6464843007659107,
              "peak_velocity_deg": 13.42659586097425
            },
            {
              "start_frame": 134,
              "endpoint_distance_deg": 33.66365625200758,
              "path_distance_deg": 49.1075354848163,
              "path_to_endpoint_ratio": 1.4587701085465934,
              "peak_velocity_deg": 13.338806588827723
            },
            {
              "start_frame": 174,
              "endpoint_distance_deg": 22.72389122285825,
              "path_distance_deg": 47.28951573581506,
              "path_to_endpoint_ratio": 2.08104832363596,
              "peak_velocity_deg": 23.213445497835057
            },
            {
              "start_frame": 104,
              "endpoint_distance_deg": 32.89370602562102,
              "path_distance_deg": 41.27863926470674,
              "path_to_endpoint_ratio": 1.2549099585359784,
              "peak_velocity_deg": 8.380924371244566
            },
            {
              "start_frame": 194,
              "endpoint_distance_deg": 15.247677685230173,
              "path_distance_deg": 39.62905350300038,
              "path_to_endpoint_ratio": 2.599022245950771,
              "peak_velocity_deg": 10.705547197978618
            },
            {
              "start_frame": 114,
              "endpoint_distance_deg": 29.155005549495478,
              "path_distance_deg": 38.10055348372172,
              "path_to_endpoint_ratio": 1.3068271730917589,
              "peak_velocity_deg": 11.136045988641525
            },
            {
              "start_frame": 124,
              "endpoint_distance_deg": 22.331604798641123,
              "path_distance_deg": 34.12051358964183,
              "path_to_endpoint_ratio": 1.5279024457623422,
              "peak_velocity_deg": 9.069116221848207
            },
            {
              "start_frame": 54,
              "endpoint_distance_deg": 2.0651028309850714,
              "path_distance_deg": 32.66431960329653,
              "path_to_endpoint_ratio": 15.817284792406864,
              "peak_velocity_deg": 11.833437397201891
            },
            {
              "start_frame": 94,
              "endpoint_distance_deg": 16.600183398667852,
              "path_distance_deg": 32.374349494659484,
              "path_to_endpoint_ratio": 1.9502404712744013,
              "peak_velocity_deg": 14.318313684070946
            },
            {
              "start_frame": 44,
              "endpoint_distance_deg": 28.484917619722424,
              "path_distance_deg": 31.281775886146747,
              "path_to_endpoint_ratio": 1.098187339130229,
              "peak_velocity_deg": 8.636440498237171
            },
            {
              "start_frame": 204,
              "endpoint_distance_deg": 25.798897446200225,
              "path_distance_deg": 26.796234842217462,
              "path_to_endpoint_ratio": 1.038658140259561,
              "peak_velocity_deg": 6.2783269268339525
            },
            {
              "start_frame": 84,
              "endpoint_distance_deg": 10.718900332575792,
              "path_distance_deg": 19.102137023749417,
              "path_to_endpoint_ratio": 1.7820985764459574,
              "peak_velocity_deg": 6.190181213672266
            },
            {
              "start_frame": 64,
              "endpoint_distance_deg": 16.7130362323583,
              "path_distance_deg": 17.196155120977732,
              "path_to_endpoint_ratio": 1.0289067098223639,
              "peak_velocity_deg": 4.750667002975086
            },
            {
              "start_frame": 154,
              "endpoint_distance_deg": 12.230355653377918,
              "path_distance_deg": 15.691799056235089,
              "path_to_endpoint_ratio": 1.283020666034446,
              "peak_velocity_deg": 3.969014838591932
            },
            {
              "start_frame": 184,
              "endpoint_distance_deg": 13.929441976021728,
              "path_distance_deg": 14.86403079796495,
              "path_to_endpoint_ratio": 1.0670944911901017,
              "peak_velocity_deg": 4.204421016493461
            },
            {
              "start_frame": 164,
              "endpoint_distance_deg": 11.284785350726699,
              "path_distance_deg": 14.795377565618189,
              "path_to_endpoint_ratio": 1.3110907390600408,
              "peak_velocity_deg": 3.649548526598483
            },
            {
              "start_frame": 34,
              "endpoint_distance_deg": 6.750836443049293,
              "path_distance_deg": 10.216583905741246,
              "path_to_endpoint_ratio": 1.5133804517305867,
              "peak_velocity_deg": 2.482332499040665
            },
            {
              "start_frame": 214,
              "endpoint_distance_deg": 4.713098547678224,
              "path_distance_deg": 8.522047973564296,
              "path_to_endpoint_ratio": 1.8081624832059675,
              "peak_velocity_deg": 2.236856918543716
            },
            {
              "start_frame": 144,
              "endpoint_distance_deg": 3.42732541871118,
              "path_distance_deg": 5.469539115906068,
              "path_to_endpoint_ratio": 1.5958622096535109,
              "peak_velocity_deg": 2.1601699873946685
            }
          ],
          "boundary_blocks_by_peak": [
            {
              "start_frame": 174,
              "end_frame": 180,
              "entry_jump_deg": 1.6725465457742124,
              "path_distance_deg": 48.96206228158927,
              "endpoint_distance_deg": 24.392528210517884,
              "path_to_endpoint_ratio": 2.0072565606576678,
              "peak_velocity_deg": 23.213445497835057
            },
            {
              "start_frame": 114,
              "end_frame": 120,
              "entry_jump_deg": 14.84391243104565,
              "path_distance_deg": 52.94446591476737,
              "endpoint_distance_deg": 17.77868685017944,
              "path_to_endpoint_ratio": 2.9779739280481787,
              "peak_velocity_deg": 14.84391243104565
            },
            {
              "start_frame": 94,
              "end_frame": 100,
              "entry_jump_deg": 7.477941904268053,
              "path_distance_deg": 39.852291398927534,
              "endpoint_distance_deg": 17.9696582072046,
              "path_to_endpoint_ratio": 2.217754558233584,
              "peak_velocity_deg": 14.318313684070946
            },
            {
              "start_frame": 74,
              "end_frame": 80,
              "entry_jump_deg": 4.9689634762826085,
              "path_distance_deg": 54.279589554653256,
              "endpoint_distance_deg": 25.81047128315128,
              "path_to_endpoint_ratio": 2.103006526273165,
              "peak_velocity_deg": 13.42659586097425
            },
            {
              "start_frame": 134,
              "end_frame": 140,
              "entry_jump_deg": 3.7254350685594164,
              "path_distance_deg": 52.832970553375716,
              "endpoint_distance_deg": 35.66855683149828,
              "path_to_endpoint_ratio": 1.4812197421657343,
              "peak_velocity_deg": 13.338806588827723
            },
            {
              "start_frame": 54,
              "end_frame": 60,
              "entry_jump_deg": 0.9426209688136262,
              "path_distance_deg": 33.606940572110155,
              "endpoint_distance_deg": 1.3679013720868824,
              "path_to_endpoint_ratio": 24.56824830933469,
              "peak_velocity_deg": 11.833437397201891
            },
            {
              "start_frame": 184,
              "end_frame": 190,
              "entry_jump_deg": 10.785127004754038,
              "path_distance_deg": 25.649157802718985,
              "endpoint_distance_deg": 9.84844820004917,
              "path_to_endpoint_ratio": 2.6043857145525657,
              "peak_velocity_deg": 10.785127004754038
            },
            {
              "start_frame": 194,
              "end_frame": 200,
              "entry_jump_deg": 2.6614458130146557,
              "path_distance_deg": 42.29049931601503,
              "endpoint_distance_deg": 16.21968492622635,
              "path_to_endpoint_ratio": 2.6073564010872734,
              "peak_velocity_deg": 10.705547197978618
            },
            {
              "start_frame": 124,
              "end_frame": 130,
              "entry_jump_deg": 3.4121930753341925,
              "path_distance_deg": 37.532706664976025,
              "endpoint_distance_deg": 24.361668175897293,
              "path_to_endpoint_ratio": 1.5406460014963081,
              "peak_velocity_deg": 9.069116221848207
            },
            {
              "start_frame": 44,
              "end_frame": 50,
              "entry_jump_deg": 1.322115251088881,
              "path_distance_deg": 32.60389113723563,
              "endpoint_distance_deg": 29.69855339836548,
              "path_to_endpoint_ratio": 1.0978275843910312,
              "peak_velocity_deg": 8.636440498237171
            },
            {
              "start_frame": 104,
              "end_frame": 110,
              "entry_jump_deg": 7.712806733227076,
              "path_distance_deg": 48.99144599793381,
              "endpoint_distance_deg": 25.327551999066884,
              "path_to_endpoint_ratio": 1.9343142992950424,
              "peak_velocity_deg": 8.380924371244566
            },
            {
              "start_frame": 204,
              "end_frame": 210,
              "entry_jump_deg": 3.8738190389614067,
              "path_distance_deg": 30.67005388117887,
              "endpoint_distance_deg": 25.966612664625544,
              "path_to_endpoint_ratio": 1.1811341847818622,
              "peak_velocity_deg": 6.2783269268339525
            },
            {
              "start_frame": 84,
              "end_frame": 90,
              "entry_jump_deg": 4.407392833189194,
              "path_distance_deg": 23.50952985693861,
              "endpoint_distance_deg": 11.340145062830027,
              "path_to_endpoint_ratio": 2.0731242613462313,
              "peak_velocity_deg": 6.190181213672266
            },
            {
              "start_frame": 64,
              "end_frame": 70,
              "entry_jump_deg": 2.929968031190928,
              "path_distance_deg": 20.12612315216866,
              "endpoint_distance_deg": 15.06747436742426,
              "path_to_endpoint_ratio": 1.3357330274064478,
              "peak_velocity_deg": 4.750667002975086
            },
            {
              "start_frame": 154,
              "end_frame": 160,
              "entry_jump_deg": 0.6363738138215604,
              "path_distance_deg": 16.328172870056648,
              "endpoint_distance_deg": 11.890195186367615,
              "path_to_endpoint_ratio": 1.3732468318751636,
              "peak_velocity_deg": 3.969014838591932
            },
            {
              "start_frame": 164,
              "end_frame": 170,
              "entry_jump_deg": 3.0337683199458336,
              "path_distance_deg": 17.82914588556402,
              "endpoint_distance_deg": 12.038730829633215,
              "path_to_endpoint_ratio": 1.4809821847397533,
              "peak_velocity_deg": 3.649548526598483
            },
            {
              "start_frame": 34,
              "end_frame": 40,
              "entry_jump_deg": 2.935002081794616,
              "path_distance_deg": 13.15158598753586,
              "endpoint_distance_deg": 3.8404456120298684,
              "path_to_endpoint_ratio": 3.4244947894430893,
              "peak_velocity_deg": 2.935002081794616
            },
            {
              "start_frame": 144,
              "end_frame": 150,
              "entry_jump_deg": 2.762653451221582,
              "path_distance_deg": 8.232192567127651,
              "endpoint_distance_deg": 1.5948661544555178,
              "path_to_endpoint_ratio": 5.161682404589052,
              "peak_velocity_deg": 2.762653451221582
            },
            {
              "start_frame": 214,
              "end_frame": 220,
              "entry_jump_deg": 0.9879046268346104,
              "path_distance_deg": 9.509952600398906,
              "endpoint_distance_deg": 3.737557206650903,
              "path_to_endpoint_ratio": 2.5444299778144264,
              "peak_velocity_deg": 2.236856918543716
            }
          ]
        },
        "ground_truth": {
          "order": "XYZ",
          "excursion_p90_deg": 33.60753393598326,
          "excursion_max_deg": 60.411532227178405,
          "velocity_rms_deg_per_frame": 7.909775788973946,
          "velocity_p95_deg_per_frame": 18.617631098872593,
          "velocity_max_deg_per_frame": 34.156606423844956,
          "euler_axis_step_p95_deg": [
            5.433383299999988,
            6.6537964999999915,
            16.403619099999975
          ],
          "top_velocity_transitions": [
            {
              "from_frame": 146,
              "to_frame": 147,
              "velocity_deg": 34.156606423844956,
              "new_block_offset": 3,
              "inside_release_blend": true
            },
            {
              "from_frame": 87,
              "to_frame": 88,
              "velocity_deg": 31.82684088693639,
              "new_block_offset": 4,
              "inside_release_blend": true
            },
            {
              "from_frame": 147,
              "to_frame": 148,
              "velocity_deg": 29.352302406678266,
              "new_block_offset": 4,
              "inside_release_blend": true
            },
            {
              "from_frame": 148,
              "to_frame": 149,
              "velocity_deg": 24.034871571741764,
              "new_block_offset": 5,
              "inside_release_blend": false
            },
            {
              "from_frame": 168,
              "to_frame": 169,
              "velocity_deg": 23.95704663235667,
              "new_block_offset": 5,
              "inside_release_blend": false
            },
            {
              "from_frame": 88,
              "to_frame": 89,
              "velocity_deg": 23.72705155250261,
              "new_block_offset": 5,
              "inside_release_blend": false
            },
            {
              "from_frame": 151,
              "to_frame": 152,
              "velocity_deg": 22.47430169238309,
              "new_block_offset": 8,
              "inside_release_blend": false
            },
            {
              "from_frame": 149,
              "to_frame": 150,
              "velocity_deg": 21.402874348811515,
              "new_block_offset": 6,
              "inside_release_blend": false
            },
            {
              "from_frame": 89,
              "to_frame": 90,
              "velocity_deg": 21.392776393329683,
              "new_block_offset": 6,
              "inside_release_blend": false
            },
            {
              "from_frame": 68,
              "to_frame": 69,
              "velocity_deg": 19.901773561843275,
              "new_block_offset": 5,
              "inside_release_blend": false
            },
            {
              "from_frame": 176,
              "to_frame": 177,
              "velocity_deg": 19.105579529907107,
              "new_block_offset": 3,
              "inside_release_blend": true
            },
            {
              "from_frame": 188,
              "to_frame": 189,
              "velocity_deg": 18.632559073933415,
              "new_block_offset": 5,
              "inside_release_blend": false
            }
          ],
          "release_blend_blocks_by_path": [
            {
              "start_frame": 144,
              "endpoint_distance_deg": 14.139086398739403,
              "path_distance_deg": 130.9035135795208,
              "path_to_endpoint_ratio": 9.258272415054465,
              "peak_velocity_deg": 34.156606423844956
            },
            {
              "start_frame": 84,
              "endpoint_distance_deg": 25.101192728239663,
              "path_distance_deg": 86.27608748927898,
              "path_to_endpoint_ratio": 3.4371309930709213,
              "peak_velocity_deg": 31.82684088693639
            },
            {
              "start_frame": 164,
              "endpoint_distance_deg": 52.48417954420724,
              "path_distance_deg": 65.88886637866881,
              "path_to_endpoint_ratio": 1.2554043323316286,
              "peak_velocity_deg": 23.95704663235667
            },
            {
              "start_frame": 184,
              "endpoint_distance_deg": 64.23445762402217,
              "path_distance_deg": 64.75119646133125,
              "path_to_endpoint_ratio": 1.0080445738381363,
              "peak_velocity_deg": 18.632559073933415
            },
            {
              "start_frame": 174,
              "endpoint_distance_deg": 56.9454161249684,
              "path_distance_deg": 60.95186403142597,
              "path_to_endpoint_ratio": 1.0703559334374746,
              "peak_velocity_deg": 19.105579529907107
            },
            {
              "start_frame": 64,
              "endpoint_distance_deg": 19.335383439799866,
              "path_distance_deg": 49.74408540357001,
              "path_to_endpoint_ratio": 2.5726971258908167,
              "peak_velocity_deg": 19.901773561843275
            },
            {
              "start_frame": 54,
              "endpoint_distance_deg": 24.179929388873727,
              "path_distance_deg": 46.630328609815685,
              "path_to_endpoint_ratio": 1.9284724888928912,
              "peak_velocity_deg": 11.54555818152946
            },
            {
              "start_frame": 214,
              "endpoint_distance_deg": 24.980032955250813,
              "path_distance_deg": 45.15231300059426,
              "path_to_endpoint_ratio": 1.8075361662444576,
              "peak_velocity_deg": 16.147457958908912
            },
            {
              "start_frame": 204,
              "endpoint_distance_deg": 20.91171961311467,
              "path_distance_deg": 38.12669435730413,
              "path_to_endpoint_ratio": 1.823221383161296,
              "peak_velocity_deg": 12.183707910157816
            },
            {
              "start_frame": 104,
              "endpoint_distance_deg": 23.08323376294921,
              "path_distance_deg": 31.560971496526328,
              "path_to_endpoint_ratio": 1.3672682008352182,
              "peak_velocity_deg": 17.572177007243877
            },
            {
              "start_frame": 114,
              "endpoint_distance_deg": 4.726060300924601,
              "path_distance_deg": 31.266188842782036,
              "path_to_endpoint_ratio": 6.615698245886781,
              "peak_velocity_deg": 9.202711484732076
            },
            {
              "start_frame": 194,
              "endpoint_distance_deg": 15.46660578669232,
              "path_distance_deg": 30.352157769775495,
              "path_to_endpoint_ratio": 1.9624317182694933,
              "peak_velocity_deg": 12.91517379885118
            },
            {
              "start_frame": 124,
              "endpoint_distance_deg": 14.305763879623886,
              "path_distance_deg": 19.259163954896547,
              "path_to_endpoint_ratio": 1.3462520503590816,
              "peak_velocity_deg": 7.271337631429688
            },
            {
              "start_frame": 34,
              "endpoint_distance_deg": 3.3208272864762725,
              "path_distance_deg": 8.159151006184956,
              "path_to_endpoint_ratio": 2.4569633715707706,
              "peak_velocity_deg": 2.147242797519241
            },
            {
              "start_frame": 44,
              "endpoint_distance_deg": 2.2680986882040575,
              "path_distance_deg": 6.375980317535874,
              "path_to_endpoint_ratio": 2.811156476874712,
              "peak_velocity_deg": 2.4707904977501567
            },
            {
              "start_frame": 74,
              "endpoint_distance_deg": 1.0871326277354596,
              "path_distance_deg": 4.173507232896332,
              "path_to_endpoint_ratio": 3.8390046682619703,
              "peak_velocity_deg": 1.489565737261695
            },
            {
              "start_frame": 94,
              "endpoint_distance_deg": 2.6142852339348512,
              "path_distance_deg": 3.158044286827871,
              "path_to_endpoint_ratio": 1.2079953043511589,
              "peak_velocity_deg": 1.9011395124818191
            },
            {
              "start_frame": 134,
              "endpoint_distance_deg": 0.5606199976656359,
              "path_distance_deg": 2.8639157558406336,
              "path_to_endpoint_ratio": 5.108479483011104,
              "peak_velocity_deg": 0.9221682285683382
            },
            {
              "start_frame": 154,
              "endpoint_distance_deg": 1.5599532487501437,
              "path_distance_deg": 2.6750240069733633,
              "path_to_endpoint_ratio": 1.7148103695521835,
              "peak_velocity_deg": 0.5583411362292064
            }
          ],
          "boundary_blocks_by_peak": [
            {
              "start_frame": 144,
              "end_frame": 150,
              "entry_jump_deg": 15.130684637204816,
              "path_distance_deg": 146.03419821672563,
              "endpoint_distance_deg": 18.77713173151287,
              "path_to_endpoint_ratio": 7.7772367103140985,
              "peak_velocity_deg": 34.156606423844956
            },
            {
              "start_frame": 84,
              "end_frame": 90,
              "entry_jump_deg": 1.3188340601328923,
              "path_distance_deg": 87.59492154941188,
              "endpoint_distance_deg": 26.41160632719687,
              "path_to_endpoint_ratio": 3.316531393973285,
              "peak_velocity_deg": 31.82684088693639
            },
            {
              "start_frame": 164,
              "end_frame": 170,
              "entry_jump_deg": 4.590303913857067,
              "path_distance_deg": 70.47917029252586,
              "endpoint_distance_deg": 50.273209080962786,
              "path_to_endpoint_ratio": 1.401923043723393,
              "peak_velocity_deg": 23.95704663235667
            },
            {
              "start_frame": 64,
              "end_frame": 70,
              "entry_jump_deg": 5.194066790212484,
              "path_distance_deg": 54.9381521937825,
              "endpoint_distance_deg": 15.403138809896125,
              "path_to_endpoint_ratio": 3.5666855224654688,
              "peak_velocity_deg": 19.901773561843275
            },
            {
              "start_frame": 174,
              "end_frame": 180,
              "entry_jump_deg": 5.070385888048154,
              "path_distance_deg": 66.02224991947412,
              "endpoint_distance_deg": 52.158748676523274,
              "path_to_endpoint_ratio": 1.2657943603848538,
              "peak_velocity_deg": 19.105579529907107
            },
            {
              "start_frame": 184,
              "end_frame": 190,
              "entry_jump_deg": 1.211849499819102,
              "path_distance_deg": 65.96304596115036,
              "endpoint_distance_deg": 65.24337126099387,
              "path_to_endpoint_ratio": 1.0110306179194446,
              "peak_velocity_deg": 18.632559073933415
            },
            {
              "start_frame": 104,
              "end_frame": 110,
              "entry_jump_deg": 2.8341439389719123,
              "path_distance_deg": 34.395115435498234,
              "endpoint_distance_deg": 25.234413068996687,
              "path_to_endpoint_ratio": 1.3630241900793998,
              "peak_velocity_deg": 17.572177007243877
            },
            {
              "start_frame": 214,
              "end_frame": 220,
              "entry_jump_deg": 2.1879929789561037,
              "path_distance_deg": 47.340305979550365,
              "endpoint_distance_deg": 26.39226703089685,
              "path_to_endpoint_ratio": 1.793718816353673,
              "peak_velocity_deg": 16.147457958908912
            },
            {
              "start_frame": 194,
              "end_frame": 200,
              "entry_jump_deg": 2.613938393410754,
              "path_distance_deg": 32.96609616318624,
              "endpoint_distance_deg": 17.778323934971947,
              "path_to_endpoint_ratio": 1.8542859430262857,
              "peak_velocity_deg": 12.91517379885118
            },
            {
              "start_frame": 204,
              "end_frame": 210,
              "entry_jump_deg": 1.1885618666506887,
              "path_distance_deg": 39.31525622395482,
              "endpoint_distance_deg": 19.878343927577884,
              "path_to_endpoint_ratio": 1.977793339686183,
              "peak_velocity_deg": 12.183707910157816
            },
            {
              "start_frame": 54,
              "end_frame": 60,
              "entry_jump_deg": 9.551513377597193,
              "path_distance_deg": 56.181841987412874,
              "endpoint_distance_deg": 16.514146413773492,
              "path_to_endpoint_ratio": 3.4020433499702327,
              "peak_velocity_deg": 11.54555818152946
            },
            {
              "start_frame": 114,
              "end_frame": 120,
              "entry_jump_deg": 1.4992163677396444,
              "path_distance_deg": 32.76540521052168,
              "endpoint_distance_deg": 6.221201372145793,
              "path_to_endpoint_ratio": 5.266732782067197,
              "peak_velocity_deg": 9.202711484732076
            },
            {
              "start_frame": 124,
              "end_frame": 130,
              "entry_jump_deg": 4.808946203902894,
              "path_distance_deg": 24.06811015879944,
              "endpoint_distance_deg": 9.781977518888402,
              "path_to_endpoint_ratio": 2.4604544543601112,
              "peak_velocity_deg": 7.271337631429688
            },
            {
              "start_frame": 154,
              "end_frame": 160,
              "entry_jump_deg": 5.7334389700503285,
              "path_distance_deg": 8.40846297702369,
              "endpoint_distance_deg": 5.850503075425492,
              "path_to_endpoint_ratio": 1.4372205037106427,
              "peak_velocity_deg": 5.7334389700503285
            },
            {
              "start_frame": 74,
              "end_frame": 80,
              "entry_jump_deg": 5.408660083306256,
              "path_distance_deg": 9.582167316202586,
              "endpoint_distance_deg": 4.708255879855344,
              "path_to_endpoint_ratio": 2.0351840598130333,
              "peak_velocity_deg": 5.408660083306256
            },
            {
              "start_frame": 44,
              "end_frame": 50,
              "entry_jump_deg": 1.1773474571554494,
              "path_distance_deg": 7.553327774691324,
              "endpoint_distance_deg": 2.287276796551727,
              "path_to_endpoint_ratio": 3.302323438107113,
              "peak_velocity_deg": 2.4707904977501567
            },
            {
              "start_frame": 34,
              "end_frame": 40,
              "entry_jump_deg": 0.6604622626118045,
              "path_distance_deg": 8.819613268796761,
              "endpoint_distance_deg": 3.168609434998468,
              "path_to_endpoint_ratio": 2.7834333797598583,
              "peak_velocity_deg": 2.147242797519241
            },
            {
              "start_frame": 94,
              "end_frame": 100,
              "entry_jump_deg": 0.38725168798455495,
              "path_distance_deg": 3.5452959748124266,
              "endpoint_distance_deg": 2.947018297674851,
              "path_to_endpoint_ratio": 1.2030111851051644,
              "peak_velocity_deg": 1.9011395124818191
            },
            {
              "start_frame": 134,
              "end_frame": 140,
              "entry_jump_deg": 0.0746139728447457,
              "path_distance_deg": 2.9385297286853787,
              "endpoint_distance_deg": 0.5310602368872214,
              "path_to_endpoint_ratio": 5.533326588165213,
              "peak_velocity_deg": 0.9221682285683382
            }
          ]
        },
        "ratios": {
          "excursion_p90": 0.6758379243247581,
          "velocity_rms": 0.7686701106638605,
          "velocity_p95": 0.714022573276445
        }
      },
      "LeftShoulder": {
        "prediction": {
          "order": "XYZ",
          "excursion_p90_deg": 3.17675599522349,
          "excursion_max_deg": 4.34193074625827,
          "velocity_rms_deg_per_frame": 0.38803527841545116,
          "velocity_p95_deg_per_frame": 0.6923452876148005,
          "velocity_max_deg_per_frame": 1.3825653927293748,
          "euler_axis_step_p95_deg": [
            0.012592299999991485,
            0.5540990999999932,
            0.5157486000000145
          ],
          "top_velocity_transitions": [
            {
              "from_frame": 95,
              "to_frame": 96,
              "velocity_deg": 1.3825653927293748,
              "new_block_offset": 2,
              "inside_release_blend": true
            },
            {
              "from_frame": 96,
              "to_frame": 97,
              "velocity_deg": 1.3825635258728448,
              "new_block_offset": 3,
              "inside_release_blend": true
            },
            {
              "from_frame": 55,
              "to_frame": 56,
              "velocity_deg": 1.3372426335558463,
              "new_block_offset": 2,
              "inside_release_blend": true
            },
            {
              "from_frame": 56,
              "to_frame": 57,
              "velocity_deg": 1.3372398896630098,
              "new_block_offset": 3,
              "inside_release_blend": true
            },
            {
              "from_frame": 165,
              "to_frame": 166,
              "velocity_deg": 1.201160824236998,
              "new_block_offset": 2,
              "inside_release_blend": true
            },
            {
              "from_frame": 166,
              "to_frame": 167,
              "velocity_deg": 1.201156481986189,
              "new_block_offset": 3,
              "inside_release_blend": true
            },
            {
              "from_frame": 85,
              "to_frame": 86,
              "velocity_deg": 0.7754808924678772,
              "new_block_offset": 2,
              "inside_release_blend": true
            },
            {
              "from_frame": 86,
              "to_frame": 87,
              "velocity_deg": 0.731238901354288,
              "new_block_offset": 3,
              "inside_release_blend": true
            },
            {
              "from_frame": 163,
              "to_frame": 164,
              "velocity_deg": 0.7180636432529504,
              "new_block_offset": 0,
              "inside_release_blend": true
            },
            {
              "from_frame": 162,
              "to_frame": 163,
              "velocity_deg": 0.7180632932451648,
              "new_block_offset": 9,
              "inside_release_blend": false
            },
            {
              "from_frame": 176,
              "to_frame": 177,
              "velocity_deg": 0.6939322134396125,
              "new_block_offset": 3,
              "inside_release_blend": true
            },
            {
              "from_frame": 175,
              "to_frame": 176,
              "velocity_deg": 0.6939276995316028,
              "new_block_offset": 2,
              "inside_release_blend": true
            }
          ],
          "release_blend_blocks_by_path": [
            {
              "start_frame": 164,
              "endpoint_distance_deg": 3.048335789668023,
              "path_distance_deg": 4.462991475880628,
              "path_to_endpoint_ratio": 1.464074755480487,
              "peak_velocity_deg": 1.201160824236998
            },
            {
              "start_frame": 94,
              "endpoint_distance_deg": 4.163274696638364,
              "path_distance_deg": 4.432795118159367,
              "path_to_endpoint_ratio": 1.0647376022866393,
              "peak_velocity_deg": 1.3825653927293748
            },
            {
              "start_frame": 54,
              "endpoint_distance_deg": 3.617082386473173,
              "path_distance_deg": 4.238389116353466,
              "path_to_endpoint_ratio": 1.1717701350137333,
              "peak_velocity_deg": 1.3372426335558463
            },
            {
              "start_frame": 194,
              "endpoint_distance_deg": 1.5814345487296237,
              "path_distance_deg": 3.057050363530585,
              "path_to_endpoint_ratio": 1.9330868710224731,
              "peak_velocity_deg": 0.6601044829126088
            },
            {
              "start_frame": 84,
              "endpoint_distance_deg": 2.8686576267291253,
              "path_distance_deg": 3.032378768552465,
              "path_to_endpoint_ratio": 1.057072388248024,
              "peak_velocity_deg": 0.7754808924678772
            },
            {
              "start_frame": 174,
              "endpoint_distance_deg": 1.5151866269725156,
              "path_distance_deg": 2.5723043146853617,
              "path_to_endpoint_ratio": 1.6976815059574977,
              "peak_velocity_deg": 0.6939322134396125
            },
            {
              "start_frame": 154,
              "endpoint_distance_deg": 2.513880436823301,
              "path_distance_deg": 2.5666353362795054,
              "path_to_endpoint_ratio": 1.020985444925483,
              "peak_velocity_deg": 0.571151509337824
            },
            {
              "start_frame": 184,
              "endpoint_distance_deg": 1.8185800948285382,
              "path_distance_deg": 2.1933662173025317,
              "path_to_endpoint_ratio": 1.2060872235101252,
              "peak_velocity_deg": 0.6508861635305172
            },
            {
              "start_frame": 134,
              "endpoint_distance_deg": 0.9563110990209979,
              "path_distance_deg": 2.00494304047375,
              "path_to_endpoint_ratio": 2.0965385035541946,
              "peak_velocity_deg": 0.4971800240734891
            },
            {
              "start_frame": 104,
              "endpoint_distance_deg": 1.2523141379606229,
              "path_distance_deg": 1.6937352442840625,
              "path_to_endpoint_ratio": 1.3524843271691305,
              "peak_velocity_deg": 0.46463113843078385
            },
            {
              "start_frame": 74,
              "endpoint_distance_deg": 1.325609626227698,
              "path_distance_deg": 1.6677040164920311,
              "path_to_endpoint_ratio": 1.2580657106706707,
              "peak_velocity_deg": 0.6163040855577453
            },
            {
              "start_frame": 144,
              "endpoint_distance_deg": 1.163546271225274,
              "path_distance_deg": 1.6521910659303882,
              "path_to_endpoint_ratio": 1.4199616352090116,
              "peak_velocity_deg": 0.42548550168812443
            },
            {
              "start_frame": 214,
              "endpoint_distance_deg": 0.2709395348288401,
              "path_distance_deg": 1.5098820900278873,
              "path_to_endpoint_ratio": 5.572764015342837,
              "peak_velocity_deg": 0.3533979606596416
            },
            {
              "start_frame": 124,
              "endpoint_distance_deg": 0.5025872857148622,
              "path_distance_deg": 1.313717326361284,
              "path_to_endpoint_ratio": 2.6139087949523026,
              "peak_velocity_deg": 0.38302363067865464
            },
            {
              "start_frame": 44,
              "endpoint_distance_deg": 0.5063732274036356,
              "path_distance_deg": 1.2774886206102953,
              "path_to_endpoint_ratio": 2.5228202272076192,
              "peak_velocity_deg": 0.36830078386724074
            },
            {
              "start_frame": 64,
              "endpoint_distance_deg": 0.49260936425252816,
              "path_distance_deg": 1.0981410785055756,
              "path_to_endpoint_ratio": 2.2292330560379514,
              "peak_velocity_deg": 0.26581901913798944
            },
            {
              "start_frame": 34,
              "endpoint_distance_deg": 1.0725667424718712,
              "path_distance_deg": 1.0980499773746675,
              "path_to_endpoint_ratio": 1.023759113436677,
              "peak_velocity_deg": 0.2239626024017407
            },
            {
              "start_frame": 204,
              "endpoint_distance_deg": 0.800736371677753,
              "path_distance_deg": 1.0451960433768488,
              "path_to_endpoint_ratio": 1.3052935776938526,
              "peak_velocity_deg": 0.44383270758354737
            },
            {
              "start_frame": 114,
              "endpoint_distance_deg": 0.29646550787448933,
              "path_distance_deg": 0.6677957264795087,
              "path_to_endpoint_ratio": 2.2525241849120086,
              "peak_velocity_deg": 0.20180672873124464
            }
          ],
          "boundary_blocks_by_peak": [
            {
              "start_frame": 94,
              "end_frame": 100,
              "entry_jump_deg": 0.16998187660580572,
              "path_distance_deg": 4.602776994765173,
              "endpoint_distance_deg": 4.027833562051355,
              "path_to_endpoint_ratio": 1.1427425994288112,
              "peak_velocity_deg": 1.3825653927293748
            },
            {
              "start_frame": 54,
              "end_frame": 60,
              "entry_jump_deg": 0.5827882759247784,
              "path_distance_deg": 4.821177392278244,
              "endpoint_distance_deg": 3.0352815696609188,
              "path_to_endpoint_ratio": 1.5883789630814493,
              "peak_velocity_deg": 1.3372426335558463
            },
            {
              "start_frame": 164,
              "end_frame": 170,
              "entry_jump_deg": 0.7180636432529504,
              "path_distance_deg": 5.181055119133578,
              "endpoint_distance_deg": 2.5181893221789298,
              "path_to_endpoint_ratio": 2.0574525805115136,
              "peak_velocity_deg": 1.201160824236998
            },
            {
              "start_frame": 84,
              "end_frame": 90,
              "entry_jump_deg": 0.4084248941534153,
              "path_distance_deg": 3.4408036627058802,
              "endpoint_distance_deg": 3.2734902424367127,
              "path_to_endpoint_ratio": 1.0511116294468081,
              "peak_velocity_deg": 0.7754808924678772
            },
            {
              "start_frame": 174,
              "end_frame": 180,
              "entry_jump_deg": 0.10393096590385606,
              "path_distance_deg": 2.676235280589218,
              "endpoint_distance_deg": 1.500510190675393,
              "path_to_endpoint_ratio": 1.7835502199319422,
              "peak_velocity_deg": 0.6939322134396125
            },
            {
              "start_frame": 194,
              "end_frame": 200,
              "entry_jump_deg": 0.3466913012500809,
              "path_distance_deg": 3.4037416647806658,
              "endpoint_distance_deg": 1.806184809477967,
              "path_to_endpoint_ratio": 1.8844924655104554,
              "peak_velocity_deg": 0.6601044829126088
            },
            {
              "start_frame": 184,
              "end_frame": 190,
              "entry_jump_deg": 0.18615737730544651,
              "path_distance_deg": 2.3795235946079782,
              "endpoint_distance_deg": 1.8117960438898493,
              "path_to_endpoint_ratio": 1.313350695644109,
              "peak_velocity_deg": 0.6508861635305172
            },
            {
              "start_frame": 74,
              "end_frame": 80,
              "entry_jump_deg": 0.15230925914908167,
              "path_distance_deg": 1.820013275641113,
              "endpoint_distance_deg": 1.1833075735699898,
              "path_to_endpoint_ratio": 1.5380728698880954,
              "peak_velocity_deg": 0.6163040855577453
            },
            {
              "start_frame": 154,
              "end_frame": 160,
              "entry_jump_deg": 0.13990718131314836,
              "path_distance_deg": 2.706542517592654,
              "endpoint_distance_deg": 2.456567612777597,
              "path_to_endpoint_ratio": 1.1017577955171423,
              "peak_velocity_deg": 0.571151509337824
            },
            {
              "start_frame": 134,
              "end_frame": 140,
              "entry_jump_deg": 0.26333110367833046,
              "path_distance_deg": 2.268274144152081,
              "endpoint_distance_deg": 0.6984582000119196,
              "path_to_endpoint_ratio": 3.247544583359994,
              "peak_velocity_deg": 0.4971800240734891
            },
            {
              "start_frame": 104,
              "end_frame": 110,
              "entry_jump_deg": 0.2000722091197845,
              "path_distance_deg": 1.8938074534038467,
              "endpoint_distance_deg": 1.2295967207116614,
              "path_to_endpoint_ratio": 1.5401858361396377,
              "peak_velocity_deg": 0.46463113843078385
            },
            {
              "start_frame": 204,
              "end_frame": 210,
              "entry_jump_deg": 0.3508550646077474,
              "path_distance_deg": 1.3960511079845963,
              "endpoint_distance_deg": 0.6825727162299399,
              "path_to_endpoint_ratio": 2.045278216942831,
              "peak_velocity_deg": 0.44383270758354737
            },
            {
              "start_frame": 144,
              "end_frame": 150,
              "entry_jump_deg": 0.23866779949798958,
              "path_distance_deg": 1.8908588654283778,
              "endpoint_distance_deg": 1.386760447906643,
              "path_to_endpoint_ratio": 1.3635079283395244,
              "peak_velocity_deg": 0.42548550168812443
            },
            {
              "start_frame": 124,
              "end_frame": 130,
              "entry_jump_deg": 0.2377241523552352,
              "path_distance_deg": 1.5514414787165194,
              "endpoint_distance_deg": 0.5685325112903089,
              "path_to_endpoint_ratio": 2.7288527004294907,
              "peak_velocity_deg": 0.38302363067865464
            },
            {
              "start_frame": 64,
              "end_frame": 70,
              "entry_jump_deg": 0.3776179576516253,
              "path_distance_deg": 1.4757590361572008,
              "endpoint_distance_deg": 0.3447096216243825,
              "path_to_endpoint_ratio": 4.281165780064247,
              "peak_velocity_deg": 0.3776179576516253
            },
            {
              "start_frame": 44,
              "end_frame": 50,
              "entry_jump_deg": 0.1370418253618614,
              "path_distance_deg": 1.4145304459721568,
              "endpoint_distance_deg": 0.4667875176966793,
              "path_to_endpoint_ratio": 3.030351910333912,
              "peak_velocity_deg": 0.36830078386724074
            },
            {
              "start_frame": 214,
              "end_frame": 220,
              "entry_jump_deg": 0.28190206250498034,
              "path_distance_deg": 1.7917841525328677,
              "endpoint_distance_deg": 0.4109825559196848,
              "path_to_endpoint_ratio": 4.359757188533867,
              "peak_velocity_deg": 0.3533979606596416
            },
            {
              "start_frame": 34,
              "end_frame": 40,
              "entry_jump_deg": 0.19135507049832842,
              "path_distance_deg": 1.2894050478729961,
              "endpoint_distance_deg": 1.053235609386902,
              "path_to_endpoint_ratio": 1.2242322955863318,
              "peak_velocity_deg": 0.2239626024017407
            },
            {
              "start_frame": 114,
              "end_frame": 120,
              "entry_jump_deg": 0.03668217194071691,
              "path_distance_deg": 0.7044778984202256,
              "endpoint_distance_deg": 0.30309259430477187,
              "path_to_endpoint_ratio": 2.324299279024431,
              "peak_velocity_deg": 0.20180672873124464
            }
          ]
        },
        "ground_truth": {
          "order": "XYZ",
          "excursion_p90_deg": 3.7702786057466824,
          "excursion_max_deg": 6.975530464435995,
          "velocity_rms_deg_per_frame": 0.46226478202854776,
          "velocity_p95_deg_per_frame": 0.9296968136626167,
          "velocity_max_deg_per_frame": 1.7996445779327166,
          "euler_axis_step_p95_deg": [
            9.999999974752427e-07,
            0.5843914000000041,
            0.7614000000000003
          ],
          "top_velocity_transitions": [
            {
              "from_frame": 125,
              "to_frame": 126,
              "velocity_deg": 1.7996445779327166,
              "new_block_offset": 2,
              "inside_release_blend": true
            },
            {
              "from_frame": 187,
              "to_frame": 188,
              "velocity_deg": 1.5404031052799787,
              "new_block_offset": 4,
              "inside_release_blend": true
            },
            {
              "from_frame": 175,
              "to_frame": 176,
              "velocity_deg": 1.3901592273947527,
              "new_block_offset": 2,
              "inside_release_blend": true
            },
            {
              "from_frame": 188,
              "to_frame": 189,
              "velocity_deg": 1.2864990855971132,
              "new_block_offset": 5,
              "inside_release_blend": false
            },
            {
              "from_frame": 205,
              "to_frame": 206,
              "velocity_deg": 1.2472512001168703,
              "new_block_offset": 2,
              "inside_release_blend": true
            },
            {
              "from_frame": 201,
              "to_frame": 202,
              "velocity_deg": 1.242230040732968,
              "new_block_offset": 8,
              "inside_release_blend": false
            },
            {
              "from_frame": 186,
              "to_frame": 187,
              "velocity_deg": 1.1176358485643623,
              "new_block_offset": 3,
              "inside_release_blend": true
            },
            {
              "from_frame": 64,
              "to_frame": 65,
              "velocity_deg": 1.085441228559927,
              "new_block_offset": 1,
              "inside_release_blend": true
            },
            {
              "from_frame": 120,
              "to_frame": 121,
              "velocity_deg": 0.9570237156921731,
              "new_block_offset": 7,
              "inside_release_blend": false
            },
            {
              "from_frame": 204,
              "to_frame": 205,
              "velocity_deg": 0.9496134688221048,
              "new_block_offset": 1,
              "inside_release_blend": true
            },
            {
              "from_frame": 123,
              "to_frame": 124,
              "velocity_deg": 0.9353351228593365,
              "new_block_offset": 0,
              "inside_release_blend": true
            },
            {
              "from_frame": 66,
              "to_frame": 67,
              "velocity_deg": 0.9298704257483213,
              "new_block_offset": 3,
              "inside_release_blend": true
            }
          ],
          "release_blend_blocks_by_path": [
            {
              "start_frame": 184,
              "endpoint_distance_deg": 4.182557542165616,
              "path_distance_deg": 4.869464924938895,
              "path_to_endpoint_ratio": 1.1642314243972403,
              "peak_velocity_deg": 1.5404031052799787
            },
            {
              "start_frame": 64,
              "endpoint_distance_deg": 2.051408860981915,
              "path_distance_deg": 4.3782372927134645,
              "path_to_endpoint_ratio": 2.134258740901511,
              "peak_velocity_deg": 1.085441228559927
            },
            {
              "start_frame": 204,
              "endpoint_distance_deg": 4.100588850212797,
              "path_distance_deg": 4.108292933578975,
              "path_to_endpoint_ratio": 1.0018787748900448,
              "peak_velocity_deg": 1.2472512001168703
            },
            {
              "start_frame": 174,
              "endpoint_distance_deg": 3.920321796009246,
              "path_distance_deg": 4.092515175014089,
              "path_to_endpoint_ratio": 1.043923276701451,
              "peak_velocity_deg": 1.3901592273947527
            },
            {
              "start_frame": 124,
              "endpoint_distance_deg": 1.575618724301301,
              "path_distance_deg": 3.622447078822162,
              "path_to_endpoint_ratio": 2.299063233352038,
              "peak_velocity_deg": 1.7996445779327166
            },
            {
              "start_frame": 144,
              "endpoint_distance_deg": 1.7162040367246805,
              "path_distance_deg": 3.253349169526911,
              "path_to_endpoint_ratio": 1.8956657250007534,
              "peak_velocity_deg": 0.8626288280064703
            },
            {
              "start_frame": 114,
              "endpoint_distance_deg": 1.840871613552013,
              "path_distance_deg": 3.056693498751997,
              "path_to_endpoint_ratio": 1.6604599018472679,
              "peak_velocity_deg": 0.8517590202743771
            },
            {
              "start_frame": 54,
              "endpoint_distance_deg": 0.878213983932781,
              "path_distance_deg": 2.6390581218447,
              "path_to_endpoint_ratio": 3.005028580877955,
              "peak_velocity_deg": 0.7053730834159498
            },
            {
              "start_frame": 84,
              "endpoint_distance_deg": 1.250808207445785,
              "path_distance_deg": 2.1995082564830066,
              "path_to_endpoint_ratio": 1.7584696385823342,
              "peak_velocity_deg": 0.7685341894094474
            },
            {
              "start_frame": 194,
              "endpoint_distance_deg": 1.7382489209479761,
              "path_distance_deg": 2.0160844056680287,
              "path_to_endpoint_ratio": 1.1598364200729845,
              "peak_velocity_deg": 0.5082297679635677
            },
            {
              "start_frame": 74,
              "endpoint_distance_deg": 0.2877275331642027,
              "path_distance_deg": 1.2798455662482615,
              "path_to_endpoint_ratio": 4.44811642519407,
              "peak_velocity_deg": 0.37253556632465834
            },
            {
              "start_frame": 34,
              "endpoint_distance_deg": 0.6519936305999471,
              "path_distance_deg": 1.1390638869608254,
              "path_to_endpoint_ratio": 1.7470475684136504,
              "peak_velocity_deg": 0.2775858060479616
            },
            {
              "start_frame": 164,
              "endpoint_distance_deg": 1.0013289589327043,
              "path_distance_deg": 1.1038616254720408,
              "path_to_endpoint_ratio": 1.1023965856821158,
              "peak_velocity_deg": 0.23178396132970022
            },
            {
              "start_frame": 44,
              "endpoint_distance_deg": 0.5014182512683127,
              "path_distance_deg": 0.9807642265134405,
              "path_to_endpoint_ratio": 1.9559803099162143,
              "peak_velocity_deg": 0.27907880616382524
            },
            {
              "start_frame": 134,
              "endpoint_distance_deg": 0.5216539728706842,
              "path_distance_deg": 0.9448453932184091,
              "path_to_endpoint_ratio": 1.811249300027151,
              "peak_velocity_deg": 0.3109235400837124
            },
            {
              "start_frame": 154,
              "endpoint_distance_deg": 0.442698317780457,
              "path_distance_deg": 0.9288991233803982,
              "path_to_endpoint_ratio": 2.098266666197403,
              "peak_velocity_deg": 0.28638271405109295
            },
            {
              "start_frame": 214,
              "endpoint_distance_deg": 0.7454668154398179,
              "path_distance_deg": 0.891947775011369,
              "path_to_endpoint_ratio": 1.1964956139397418,
              "peak_velocity_deg": 0.26268165903467794
            },
            {
              "start_frame": 104,
              "endpoint_distance_deg": 0.5734550823534947,
              "path_distance_deg": 0.8737503729726804,
              "path_to_endpoint_ratio": 1.5236596550627042,
              "peak_velocity_deg": 0.2900280106743447
            },
            {
              "start_frame": 94,
              "endpoint_distance_deg": 0.4915913854190955,
              "path_distance_deg": 0.6370476399587289,
              "path_to_endpoint_ratio": 1.2958885343680868,
              "peak_velocity_deg": 0.18914062713119084
            }
          ],
          "boundary_blocks_by_peak": [
            {
              "start_frame": 124,
              "end_frame": 130,
              "entry_jump_deg": 0.9353351228593365,
              "path_distance_deg": 4.557782201681498,
              "endpoint_distance_deg": 0.9345046450009384,
              "path_to_endpoint_ratio": 4.877217278761542,
              "peak_velocity_deg": 1.7996445779327166
            },
            {
              "start_frame": 184,
              "end_frame": 190,
              "entry_jump_deg": 0.1940524065574554,
              "path_distance_deg": 5.06351733149635,
              "endpoint_distance_deg": 4.083367166330831,
              "path_to_endpoint_ratio": 1.2400347863026602,
              "peak_velocity_deg": 1.5404031052799787
            },
            {
              "start_frame": 174,
              "end_frame": 180,
              "entry_jump_deg": 0.4000899445524079,
              "path_distance_deg": 4.492605119566496,
              "endpoint_distance_deg": 3.9923295789309776,
              "path_to_endpoint_ratio": 1.1253091786999903,
              "peak_velocity_deg": 1.3901592273947527
            },
            {
              "start_frame": 204,
              "end_frame": 210,
              "entry_jump_deg": 0.36934191880924766,
              "path_distance_deg": 4.477634852388222,
              "endpoint_distance_deg": 4.461977621618613,
              "path_to_endpoint_ratio": 1.003509033907689,
              "peak_velocity_deg": 1.2472512001168703
            },
            {
              "start_frame": 64,
              "end_frame": 70,
              "entry_jump_deg": 0.48782876247380025,
              "path_distance_deg": 4.8660660551872645,
              "endpoint_distance_deg": 2.121547605649923,
              "path_to_endpoint_ratio": 2.2936398137983685,
              "peak_velocity_deg": 1.085441228559927
            },
            {
              "start_frame": 144,
              "end_frame": 150,
              "entry_jump_deg": 0.30295651664641365,
              "path_distance_deg": 3.5563056861733244,
              "endpoint_distance_deg": 1.8011202181094306,
              "path_to_endpoint_ratio": 1.9744965663126293,
              "peak_velocity_deg": 0.8626288280064703
            },
            {
              "start_frame": 114,
              "end_frame": 120,
              "entry_jump_deg": 0.10409855848751244,
              "path_distance_deg": 3.16079205723951,
              "endpoint_distance_deg": 1.809863591674392,
              "path_to_endpoint_ratio": 1.7464255713964105,
              "peak_velocity_deg": 0.8517590202743771
            },
            {
              "start_frame": 84,
              "end_frame": 90,
              "entry_jump_deg": 0.2707322308612786,
              "path_distance_deg": 2.4702404873442854,
              "endpoint_distance_deg": 1.0093857620920126,
              "path_to_endpoint_ratio": 2.447270984112718,
              "peak_velocity_deg": 0.7685341894094474
            },
            {
              "start_frame": 54,
              "end_frame": 60,
              "entry_jump_deg": 0.6771989225330762,
              "path_distance_deg": 3.3162570443777764,
              "endpoint_distance_deg": 0.23418746235779345,
              "path_to_endpoint_ratio": 14.160694219023446,
              "peak_velocity_deg": 0.7053730834159498
            },
            {
              "start_frame": 194,
              "end_frame": 200,
              "entry_jump_deg": 0.30462372391283166,
              "path_distance_deg": 2.3207081295808605,
              "endpoint_distance_deg": 1.435413769751143,
              "path_to_endpoint_ratio": 1.6167520324005253,
              "peak_velocity_deg": 0.5082297679635677
            },
            {
              "start_frame": 164,
              "end_frame": 170,
              "entry_jump_deg": 0.5029627761231527,
              "path_distance_deg": 1.6068244015951934,
              "endpoint_distance_deg": 1.3655140120490399,
              "path_to_endpoint_ratio": 1.1767176223875229,
              "peak_velocity_deg": 0.5029627761231527
            },
            {
              "start_frame": 154,
              "end_frame": 160,
              "entry_jump_deg": 0.41364807347216886,
              "path_distance_deg": 1.3425471968525668,
              "endpoint_distance_deg": 0.7065930189619407,
              "path_to_endpoint_ratio": 1.9000289570153261,
              "peak_velocity_deg": 0.41364807347216886
            },
            {
              "start_frame": 74,
              "end_frame": 80,
              "entry_jump_deg": 0.3082216422228121,
              "path_distance_deg": 1.5880672084710734,
              "endpoint_distance_deg": 0.5587797812495722,
              "path_to_endpoint_ratio": 2.84202696976572,
              "peak_velocity_deg": 0.37253556632465834
            },
            {
              "start_frame": 104,
              "end_frame": 110,
              "entry_jump_deg": 0.3535182740921692,
              "path_distance_deg": 1.2272686470648497,
              "endpoint_distance_deg": 0.8631493458496725,
              "path_to_endpoint_ratio": 1.421849709978918,
              "peak_velocity_deg": 0.3535182740921692
            },
            {
              "start_frame": 134,
              "end_frame": 140,
              "entry_jump_deg": 0.013605005143473315,
              "path_distance_deg": 0.9584503983618824,
              "endpoint_distance_deg": 0.5085071953582339,
              "path_to_endpoint_ratio": 1.8848315365265813,
              "peak_velocity_deg": 0.3109235400837124
            },
            {
              "start_frame": 44,
              "end_frame": 50,
              "entry_jump_deg": 0.2139948883131382,
              "path_distance_deg": 1.1947591148265786,
              "endpoint_distance_deg": 0.714874484117801,
              "path_to_endpoint_ratio": 1.6712851575629877,
              "peak_velocity_deg": 0.27907880616382524
            },
            {
              "start_frame": 34,
              "end_frame": 40,
              "entry_jump_deg": 0.2468477772219273,
              "path_distance_deg": 1.3859116641827527,
              "endpoint_distance_deg": 0.7345219195276416,
              "path_to_endpoint_ratio": 1.886821383184873,
              "peak_velocity_deg": 0.2775858060479616
            },
            {
              "start_frame": 214,
              "end_frame": 220,
              "entry_jump_deg": 0.1489823251268292,
              "path_distance_deg": 1.0409301001381983,
              "endpoint_distance_deg": 0.7577500404008081,
              "path_to_endpoint_ratio": 1.3737117052314554,
              "peak_velocity_deg": 0.26268165903467794
            },
            {
              "start_frame": 94,
              "end_frame": 100,
              "entry_jump_deg": 0.13224128294967563,
              "path_distance_deg": 0.7692889229084046,
              "endpoint_distance_deg": 0.6237853617774022,
              "path_to_endpoint_ratio": 1.2332590183206724,
              "peak_velocity_deg": 0.18914062713119084
            }
          ]
        },
        "ratios": {
          "excursion_p90": 0.8425785803684265,
          "velocity_rms": 0.8394221093647742,
          "velocity_p95": 0.7447000758099295
        }
      },
      "LeftArm": {
        "prediction": {
          "order": "XYZ",
          "excursion_p90_deg": 17.316576867039842,
          "excursion_max_deg": 31.01192891289151,
          "velocity_rms_deg_per_frame": 3.6121995858588307,
          "velocity_p95_deg_per_frame": 6.577656436891491,
          "velocity_max_deg_per_frame": 11.428970239868184,
          "euler_axis_step_p95_deg": [
            4.757167599999983,
            5.679578499999994,
            1.9400228999999927
          ],
          "top_velocity_transitions": [
            {
              "from_frame": 166,
              "to_frame": 167,
              "velocity_deg": 11.428970239868184,
              "new_block_offset": 3,
              "inside_release_blend": true
            },
            {
              "from_frame": 165,
              "to_frame": 166,
              "velocity_deg": 11.42896878424033,
              "new_block_offset": 2,
              "inside_release_blend": true
            },
            {
              "from_frame": 156,
              "to_frame": 157,
              "velocity_deg": 11.103220314496436,
              "new_block_offset": 3,
              "inside_release_blend": true
            },
            {
              "from_frame": 155,
              "to_frame": 156,
              "velocity_deg": 10.51431392569658,
              "new_block_offset": 2,
              "inside_release_blend": true
            },
            {
              "from_frame": 125,
              "to_frame": 126,
              "velocity_deg": 10.283616304830208,
              "new_block_offset": 2,
              "inside_release_blend": true
            },
            {
              "from_frame": 126,
              "to_frame": 127,
              "velocity_deg": 10.283608159498126,
              "new_block_offset": 3,
              "inside_release_blend": true
            },
            {
              "from_frame": 140,
              "to_frame": 141,
              "velocity_deg": 8.47506924371006,
              "new_block_offset": 7,
              "inside_release_blend": false
            },
            {
              "from_frame": 36,
              "to_frame": 37,
              "velocity_deg": 7.764836697211569,
              "new_block_offset": 3,
              "inside_release_blend": true
            },
            {
              "from_frame": 35,
              "to_frame": 36,
              "velocity_deg": 7.643354284210655,
              "new_block_offset": 2,
              "inside_release_blend": true
            },
            {
              "from_frame": 219,
              "to_frame": 220,
              "velocity_deg": 7.327206556896325,
              "new_block_offset": 6,
              "inside_release_blend": false
            },
            {
              "from_frame": 170,
              "to_frame": 171,
              "velocity_deg": 7.045079633796696,
              "new_block_offset": 7,
              "inside_release_blend": false
            },
            {
              "from_frame": 90,
              "to_frame": 91,
              "velocity_deg": 6.593076570024031,
              "new_block_offset": 7,
              "inside_release_blend": false
            }
          ],
          "release_blend_blocks_by_path": [
            {
              "start_frame": 164,
              "endpoint_distance_deg": 29.27688137806069,
              "path_distance_deg": 44.54996952471768,
              "path_to_endpoint_ratio": 1.5216774269578532,
              "peak_velocity_deg": 11.428970239868184
            },
            {
              "start_frame": 154,
              "endpoint_distance_deg": 37.684066457506695,
              "path_distance_deg": 38.68271557025316,
              "path_to_endpoint_ratio": 1.0265005665955016,
              "peak_velocity_deg": 11.103220314496436
            },
            {
              "start_frame": 124,
              "endpoint_distance_deg": 28.822641291076113,
              "path_distance_deg": 34.32229956000768,
              "path_to_endpoint_ratio": 1.1908103498701326,
              "peak_velocity_deg": 10.283616304830208
            },
            {
              "start_frame": 34,
              "endpoint_distance_deg": 22.122225568231542,
              "path_distance_deg": 24.883665865577814,
              "path_to_endpoint_ratio": 1.1248265138979425,
              "peak_velocity_deg": 7.764836697211569
            },
            {
              "start_frame": 174,
              "endpoint_distance_deg": 16.745694401503414,
              "path_distance_deg": 21.53665252358334,
              "path_to_endpoint_ratio": 1.2861008929943087,
              "peak_velocity_deg": 6.0643514016917415
            },
            {
              "start_frame": 94,
              "endpoint_distance_deg": 20.745443131147677,
              "path_distance_deg": 21.50155568870708,
              "path_to_endpoint_ratio": 1.0364471634941437,
              "peak_velocity_deg": 5.848072319596065
            },
            {
              "start_frame": 84,
              "endpoint_distance_deg": 7.75229001851317,
              "path_distance_deg": 21.137058958377953,
              "path_to_endpoint_ratio": 2.7265567861755358,
              "peak_velocity_deg": 5.090351889805276
            },
            {
              "start_frame": 204,
              "endpoint_distance_deg": 19.715990925982645,
              "path_distance_deg": 20.423091000595296,
              "path_to_endpoint_ratio": 1.035864292962359,
              "peak_velocity_deg": 5.3530355564985435
            },
            {
              "start_frame": 74,
              "endpoint_distance_deg": 10.620682322218103,
              "path_distance_deg": 20.054542228873373,
              "path_to_endpoint_ratio": 1.8882536564454018,
              "peak_velocity_deg": 4.352316774661602
            },
            {
              "start_frame": 134,
              "endpoint_distance_deg": 6.733133750755971,
              "path_distance_deg": 17.930249914095146,
              "path_to_endpoint_ratio": 2.662987336629397,
              "peak_velocity_deg": 6.071755676976609
            },
            {
              "start_frame": 214,
              "endpoint_distance_deg": 12.659754080509371,
              "path_distance_deg": 15.73730664840259,
              "path_to_endpoint_ratio": 1.243097342043266,
              "peak_velocity_deg": 7.327206556896325
            },
            {
              "start_frame": 104,
              "endpoint_distance_deg": 12.544670119072824,
              "path_distance_deg": 15.540956013689875,
              "path_to_endpoint_ratio": 1.2388493173735609,
              "peak_velocity_deg": 3.3410483599204976
            },
            {
              "start_frame": 194,
              "endpoint_distance_deg": 13.293509042870166,
              "path_distance_deg": 13.832766407680731,
              "path_to_endpoint_ratio": 1.0405654641728919,
              "peak_velocity_deg": 6.2434232187427785
            },
            {
              "start_frame": 54,
              "endpoint_distance_deg": 9.256860661872219,
              "path_distance_deg": 13.224335514567631,
              "path_to_endpoint_ratio": 1.4285983118485206,
              "peak_velocity_deg": 3.950504018911968
            },
            {
              "start_frame": 144,
              "endpoint_distance_deg": 3.4027075662441555,
              "path_distance_deg": 12.258353493557784,
              "path_to_endpoint_ratio": 3.6025292373532776,
              "peak_velocity_deg": 2.6139646285076803
            },
            {
              "start_frame": 44,
              "endpoint_distance_deg": 7.667768097299207,
              "path_distance_deg": 11.845622105533899,
              "path_to_endpoint_ratio": 1.544859202211168,
              "peak_velocity_deg": 3.246606222326719
            },
            {
              "start_frame": 184,
              "endpoint_distance_deg": 9.118127836176326,
              "path_distance_deg": 11.792351701290277,
              "path_to_endpoint_ratio": 1.2932865071823103,
              "peak_velocity_deg": 2.9361591898095285
            },
            {
              "start_frame": 64,
              "endpoint_distance_deg": 4.852375590158562,
              "path_distance_deg": 8.454350758972602,
              "path_to_endpoint_ratio": 1.7423116990612708,
              "peak_velocity_deg": 1.8904634679778745
            },
            {
              "start_frame": 114,
              "endpoint_distance_deg": 6.539592493205892,
              "path_distance_deg": 8.043789123870232,
              "path_to_endpoint_ratio": 1.230013816950686,
              "peak_velocity_deg": 2.5417615279959462
            }
          ],
          "boundary_blocks_by_peak": [
            {
              "start_frame": 164,
              "end_frame": 170,
              "entry_jump_deg": 1.1325733492000687,
              "path_distance_deg": 45.682542873917754,
              "endpoint_distance_deg": 28.913985187616667,
              "path_to_endpoint_ratio": 1.5799462639789534,
              "peak_velocity_deg": 11.428970239868184
            },
            {
              "start_frame": 154,
              "end_frame": 160,
              "entry_jump_deg": 1.867935882378342,
              "path_distance_deg": 40.550651452631506,
              "endpoint_distance_deg": 35.98564245396318,
              "path_to_endpoint_ratio": 1.1268563984791544,
              "peak_velocity_deg": 11.103220314496436
            },
            {
              "start_frame": 124,
              "end_frame": 130,
              "entry_jump_deg": 2.0757625818531342,
              "path_distance_deg": 36.39806214186081,
              "endpoint_distance_deg": 27.66881665407882,
              "path_to_endpoint_ratio": 1.3154903802687623,
              "peak_velocity_deg": 10.283616304830208
            },
            {
              "start_frame": 34,
              "end_frame": 40,
              "entry_jump_deg": 4.231983546955901,
              "path_distance_deg": 29.115649412533717,
              "endpoint_distance_deg": 21.2681585654303,
              "path_to_endpoint_ratio": 1.3689783872431198,
              "peak_velocity_deg": 7.764836697211569
            },
            {
              "start_frame": 214,
              "end_frame": 220,
              "entry_jump_deg": 1.1890723921446043,
              "path_distance_deg": 16.926379040547193,
              "endpoint_distance_deg": 11.79199519123371,
              "path_to_endpoint_ratio": 1.4354126478215015,
              "peak_velocity_deg": 7.327206556896325
            },
            {
              "start_frame": 194,
              "end_frame": 200,
              "entry_jump_deg": 3.3728259579987308,
              "path_distance_deg": 17.205592365679465,
              "endpoint_distance_deg": 11.120618023029955,
              "path_to_endpoint_ratio": 1.5471795119702871,
              "peak_velocity_deg": 6.2434232187427785
            },
            {
              "start_frame": 134,
              "end_frame": 140,
              "entry_jump_deg": 2.878452880389256,
              "path_distance_deg": 20.808702794484404,
              "endpoint_distance_deg": 4.9422843334305755,
              "path_to_endpoint_ratio": 4.210341087365265,
              "peak_velocity_deg": 6.071755676976609
            },
            {
              "start_frame": 174,
              "end_frame": 180,
              "entry_jump_deg": 2.5094356021866417,
              "path_distance_deg": 24.04608812576998,
              "endpoint_distance_deg": 19.2449915878666,
              "path_to_endpoint_ratio": 1.2494725194335927,
              "peak_velocity_deg": 6.0643514016917415
            },
            {
              "start_frame": 94,
              "end_frame": 100,
              "entry_jump_deg": 2.3429106129279926,
              "path_distance_deg": 23.844466301635073,
              "endpoint_distance_deg": 19.633185299053448,
              "path_to_endpoint_ratio": 1.2144981030044402,
              "peak_velocity_deg": 5.848072319596065
            },
            {
              "start_frame": 144,
              "end_frame": 150,
              "entry_jump_deg": 5.388489862853387,
              "path_distance_deg": 17.64684335641117,
              "endpoint_distance_deg": 2.0463432183557857,
              "path_to_endpoint_ratio": 8.623599012188295,
              "peak_velocity_deg": 5.388489862853387
            },
            {
              "start_frame": 204,
              "end_frame": 210,
              "entry_jump_deg": 2.866299386002296,
              "path_distance_deg": 23.289390386597592,
              "endpoint_distance_deg": 17.244729510489183,
              "path_to_endpoint_ratio": 1.3505222202778953,
              "peak_velocity_deg": 5.3530355564985435
            },
            {
              "start_frame": 84,
              "end_frame": 90,
              "entry_jump_deg": 4.17963499099166,
              "path_distance_deg": 25.316693949369615,
              "endpoint_distance_deg": 5.857208650518651,
              "path_to_endpoint_ratio": 4.322313828981974,
              "peak_velocity_deg": 5.090351889805276
            },
            {
              "start_frame": 74,
              "end_frame": 80,
              "entry_jump_deg": 0.8501204235851558,
              "path_distance_deg": 20.90466265245853,
              "endpoint_distance_deg": 11.181426809814452,
              "path_to_endpoint_ratio": 1.8695881132191061,
              "peak_velocity_deg": 4.352316774661602
            },
            {
              "start_frame": 114,
              "end_frame": 120,
              "entry_jump_deg": 4.05474012367877,
              "path_distance_deg": 12.098529247549001,
              "endpoint_distance_deg": 9.418456295047449,
              "path_to_endpoint_ratio": 1.284555437594463,
              "peak_velocity_deg": 4.05474012367877
            },
            {
              "start_frame": 54,
              "end_frame": 60,
              "entry_jump_deg": 3.705452151793312,
              "path_distance_deg": 16.929787666360944,
              "endpoint_distance_deg": 6.1601466024762015,
              "path_to_endpoint_ratio": 2.7482767471078784,
              "peak_velocity_deg": 3.950504018911968
            },
            {
              "start_frame": 104,
              "end_frame": 110,
              "entry_jump_deg": 1.574790002081282,
              "path_distance_deg": 17.11574601577116,
              "endpoint_distance_deg": 12.083479731166753,
              "path_to_endpoint_ratio": 1.4164583709794085,
              "peak_velocity_deg": 3.3410483599204976
            },
            {
              "start_frame": 44,
              "end_frame": 50,
              "entry_jump_deg": 1.2062926575740545,
              "path_distance_deg": 13.051914763107952,
              "endpoint_distance_deg": 7.347379282057901,
              "path_to_endpoint_ratio": 1.776404111188376,
              "peak_velocity_deg": 3.246606222326719
            },
            {
              "start_frame": 184,
              "end_frame": 190,
              "entry_jump_deg": 1.3436428493486963,
              "path_distance_deg": 13.135994550638975,
              "endpoint_distance_deg": 8.992379169707334,
              "path_to_endpoint_ratio": 1.4607918886350184,
              "peak_velocity_deg": 2.9361591898095285
            },
            {
              "start_frame": 64,
              "end_frame": 70,
              "entry_jump_deg": 2.3475765600430507,
              "path_distance_deg": 10.801927319015652,
              "endpoint_distance_deg": 5.1605818437051125,
              "path_to_endpoint_ratio": 2.093160741591932,
              "peak_velocity_deg": 2.3475765600430507
            }
          ]
        },
        "ground_truth": {
          "order": "XYZ",
          "excursion_p90_deg": 35.6365153220722,
          "excursion_max_deg": 41.15949060801629,
          "velocity_rms_deg_per_frame": 4.272393611958533,
          "velocity_p95_deg_per_frame": 8.739054912663152,
          "velocity_max_deg_per_frame": 11.070364393659379,
          "euler_axis_step_p95_deg": [
            6.985471500000005,
            6.814715399999991,
            4.020299699999987
          ],
          "top_velocity_transitions": [
            {
              "from_frame": 188,
              "to_frame": 189,
              "velocity_deg": 11.070364393659379,
              "new_block_offset": 5,
              "inside_release_blend": false
            },
            {
              "from_frame": 65,
              "to_frame": 66,
              "velocity_deg": 10.914866255646283,
              "new_block_offset": 2,
              "inside_release_blend": true
            },
            {
              "from_frame": 189,
              "to_frame": 190,
              "velocity_deg": 10.709898659650825,
              "new_block_offset": 6,
              "inside_release_blend": false
            },
            {
              "from_frame": 29,
              "to_frame": 30,
              "velocity_deg": 10.633879426662409,
              "new_block_offset": null,
              "inside_release_blend": false
            },
            {
              "from_frame": 116,
              "to_frame": 117,
              "velocity_deg": 10.17115082345258,
              "new_block_offset": 3,
              "inside_release_blend": true
            },
            {
              "from_frame": 28,
              "to_frame": 29,
              "velocity_deg": 9.812077735723074,
              "new_block_offset": null,
              "inside_release_blend": false
            },
            {
              "from_frame": 117,
              "to_frame": 118,
              "velocity_deg": 9.541270167942765,
              "new_block_offset": 4,
              "inside_release_blend": true
            },
            {
              "from_frame": 125,
              "to_frame": 126,
              "velocity_deg": 9.410267592526198,
              "new_block_offset": 2,
              "inside_release_blend": true
            },
            {
              "from_frame": 147,
              "to_frame": 148,
              "velocity_deg": 9.307743005521273,
              "new_block_offset": 4,
              "inside_release_blend": true
            },
            {
              "from_frame": 146,
              "to_frame": 147,
              "velocity_deg": 9.115100688878332,
              "new_block_offset": 3,
              "inside_release_blend": true
            },
            {
              "from_frame": 66,
              "to_frame": 67,
              "velocity_deg": 8.916055765972315,
              "new_block_offset": 3,
              "inside_release_blend": true
            },
            {
              "from_frame": 53,
              "to_frame": 54,
              "velocity_deg": 8.756971920090027,
              "new_block_offset": 0,
              "inside_release_blend": true
            }
          ],
          "release_blend_blocks_by_path": [
            {
              "start_frame": 144,
              "endpoint_distance_deg": 33.55932749953669,
              "path_distance_deg": 42.19984123660413,
              "path_to_endpoint_ratio": 1.2574698118484862,
              "peak_velocity_deg": 9.307743005521273
            },
            {
              "start_frame": 64,
              "endpoint_distance_deg": 24.763906315415497,
              "path_distance_deg": 41.41010490326738,
              "path_to_endpoint_ratio": 1.6721959926608851,
              "peak_velocity_deg": 10.914866255646283
            },
            {
              "start_frame": 114,
              "endpoint_distance_deg": 27.08837200206477,
              "path_distance_deg": 37.40308284980511,
              "path_to_endpoint_ratio": 1.380780020554728,
              "peak_velocity_deg": 10.17115082345258
            },
            {
              "start_frame": 184,
              "endpoint_distance_deg": 33.67363141273402,
              "path_distance_deg": 33.91772469133145,
              "path_to_endpoint_ratio": 1.007248795819067,
              "peak_velocity_deg": 11.070364393659379
            },
            {
              "start_frame": 124,
              "endpoint_distance_deg": 24.364488211949066,
              "path_distance_deg": 33.03422815841536,
              "path_to_endpoint_ratio": 1.3558350937252357,
              "peak_velocity_deg": 9.410267592526198
            },
            {
              "start_frame": 164,
              "endpoint_distance_deg": 30.285251645948748,
              "path_distance_deg": 32.75731101871092,
              "path_to_endpoint_ratio": 1.0816258488343404,
              "peak_velocity_deg": 8.261555197822176
            },
            {
              "start_frame": 54,
              "endpoint_distance_deg": 20.997315685947363,
              "path_distance_deg": 31.68880970048651,
              "path_to_endpoint_ratio": 1.5091838487571305,
              "peak_velocity_deg": 8.286543866575615
            },
            {
              "start_frame": 174,
              "endpoint_distance_deg": 28.903317321879147,
              "path_distance_deg": 29.73362994199816,
              "path_to_endpoint_ratio": 1.0287272429967922,
              "peak_velocity_deg": 8.57780184582131
            },
            {
              "start_frame": 74,
              "endpoint_distance_deg": 21.091235149533304,
              "path_distance_deg": 23.34817487906947,
              "path_to_endpoint_ratio": 1.1070084190676766,
              "peak_velocity_deg": 6.724803368898382
            },
            {
              "start_frame": 84,
              "endpoint_distance_deg": 9.89741483470528,
              "path_distance_deg": 17.347286088164115,
              "path_to_endpoint_ratio": 1.7527088010230576,
              "peak_velocity_deg": 4.539982737848915
            },
            {
              "start_frame": 34,
              "endpoint_distance_deg": 15.318923943773676,
              "path_distance_deg": 16.30403192487354,
              "path_to_endpoint_ratio": 1.064306604348686,
              "peak_velocity_deg": 4.295108870873231
            },
            {
              "start_frame": 204,
              "endpoint_distance_deg": 12.392390015380293,
              "path_distance_deg": 13.72266096776523,
              "path_to_endpoint_ratio": 1.1073457945347045,
              "peak_velocity_deg": 2.9927086769894164
            },
            {
              "start_frame": 44,
              "endpoint_distance_deg": 5.33948432419633,
              "path_distance_deg": 12.204973581890663,
              "path_to_endpoint_ratio": 2.285796313060192,
              "peak_velocity_deg": 3.14508053381661
            },
            {
              "start_frame": 194,
              "endpoint_distance_deg": 7.088840320504405,
              "path_distance_deg": 11.257085273921849,
              "path_to_endpoint_ratio": 1.588000965596705,
              "peak_velocity_deg": 2.5727335273734884
            },
            {
              "start_frame": 154,
              "endpoint_distance_deg": 3.227980736688184,
              "path_distance_deg": 7.9360681111865485,
              "path_to_endpoint_ratio": 2.458523999535613,
              "peak_velocity_deg": 2.0670530508541054
            },
            {
              "start_frame": 104,
              "endpoint_distance_deg": 5.0080409836703215,
              "path_distance_deg": 7.874025098672501,
              "path_to_endpoint_ratio": 1.572276489818528,
              "peak_velocity_deg": 2.11843361373475
            },
            {
              "start_frame": 94,
              "endpoint_distance_deg": 4.345231653364951,
              "path_distance_deg": 5.946566618369625,
              "path_to_endpoint_ratio": 1.3685269492512784,
              "peak_velocity_deg": 1.6813758911506955
            },
            {
              "start_frame": 134,
              "endpoint_distance_deg": 1.433849263050112,
              "path_distance_deg": 4.501264656906638,
              "path_to_endpoint_ratio": 3.1392872130306504,
              "peak_velocity_deg": 1.2755479299423433
            },
            {
              "start_frame": 214,
              "endpoint_distance_deg": 3.1839859010455323,
              "path_distance_deg": 4.2259330961849235,
              "path_to_endpoint_ratio": 1.3272461711583725,
              "peak_velocity_deg": 1.0887629317598992
            }
          ],
          "boundary_blocks_by_peak": [
            {
              "start_frame": 184,
              "end_frame": 190,
              "entry_jump_deg": 0.14429031666978262,
              "path_distance_deg": 34.06201500800124,
              "endpoint_distance_deg": 33.52985216680318,
              "path_to_endpoint_ratio": 1.0158713148674403,
              "peak_velocity_deg": 11.070364393659379
            },
            {
              "start_frame": 64,
              "end_frame": 70,
              "entry_jump_deg": 3.144550384602437,
              "path_distance_deg": 44.55465528786982,
              "endpoint_distance_deg": 22.749307590544262,
              "path_to_endpoint_ratio": 1.958505994546794,
              "peak_velocity_deg": 10.914866255646283
            },
            {
              "start_frame": 114,
              "end_frame": 120,
              "entry_jump_deg": 0.9152961464376244,
              "path_distance_deg": 38.31837899624273,
              "endpoint_distance_deg": 27.858606036334013,
              "path_to_endpoint_ratio": 1.3754593085622007,
              "peak_velocity_deg": 10.17115082345258
            },
            {
              "start_frame": 124,
              "end_frame": 130,
              "entry_jump_deg": 2.1158092675842948,
              "path_distance_deg": 35.15003742599966,
              "endpoint_distance_deg": 23.023312323019148,
              "path_to_endpoint_ratio": 1.5267150500693154,
              "peak_velocity_deg": 9.410267592526198
            },
            {
              "start_frame": 144,
              "end_frame": 150,
              "entry_jump_deg": 3.6631923368521635,
              "path_distance_deg": 45.86303357345629,
              "endpoint_distance_deg": 36.92249521217358,
              "path_to_endpoint_ratio": 1.2421433955074348,
              "peak_velocity_deg": 9.307743005521273
            },
            {
              "start_frame": 54,
              "end_frame": 60,
              "entry_jump_deg": 8.756971920090027,
              "path_distance_deg": 40.44578162057654,
              "endpoint_distance_deg": 25.67481204224003,
              "path_to_endpoint_ratio": 1.5753097453658242,
              "peak_velocity_deg": 8.756971920090027
            },
            {
              "start_frame": 174,
              "end_frame": 180,
              "entry_jump_deg": 2.6875884902552776,
              "path_distance_deg": 32.42121843225344,
              "endpoint_distance_deg": 30.278325686976267,
              "path_to_endpoint_ratio": 1.0707731585765623,
              "peak_velocity_deg": 8.57780184582131
            },
            {
              "start_frame": 164,
              "end_frame": 170,
              "entry_jump_deg": 0.8591137577320982,
              "path_distance_deg": 33.61642477644302,
              "endpoint_distance_deg": 30.664655050361993,
              "path_to_endpoint_ratio": 1.0962596749004088,
              "peak_velocity_deg": 8.261555197822176
            },
            {
              "start_frame": 74,
              "end_frame": 80,
              "entry_jump_deg": 4.55419899052775,
              "path_distance_deg": 27.902373869597223,
              "endpoint_distance_deg": 16.66327430391338,
              "path_to_endpoint_ratio": 1.674483259454256,
              "peak_velocity_deg": 6.724803368898382
            },
            {
              "start_frame": 34,
              "end_frame": 40,
              "entry_jump_deg": 4.827757727062285,
              "path_distance_deg": 21.13178965193583,
              "endpoint_distance_deg": 19.8169722181791,
              "path_to_endpoint_ratio": 1.0663480484950463,
              "peak_velocity_deg": 4.827757727062285
            },
            {
              "start_frame": 84,
              "end_frame": 90,
              "entry_jump_deg": 3.728737714578447,
              "path_distance_deg": 21.07602380274256,
              "endpoint_distance_deg": 13.477759561703898,
              "path_to_endpoint_ratio": 1.563763154124562,
              "peak_velocity_deg": 4.539982737848915
            },
            {
              "start_frame": 44,
              "end_frame": 50,
              "entry_jump_deg": 3.953875308074867,
              "path_distance_deg": 16.15884888996553,
              "endpoint_distance_deg": 8.312152733346338,
              "path_to_endpoint_ratio": 1.9440028844922632,
              "peak_velocity_deg": 3.953875308074867
            },
            {
              "start_frame": 204,
              "end_frame": 210,
              "entry_jump_deg": 0.7835006428779854,
              "path_distance_deg": 14.506161610643215,
              "endpoint_distance_deg": 13.004253787026618,
              "path_to_endpoint_ratio": 1.1154935798865244,
              "peak_velocity_deg": 2.9927086769894164
            },
            {
              "start_frame": 194,
              "end_frame": 200,
              "entry_jump_deg": 1.457466706482086,
              "path_distance_deg": 12.714551980403934,
              "endpoint_distance_deg": 8.402388481183673,
              "path_to_endpoint_ratio": 1.5132068707459707,
              "peak_velocity_deg": 2.5727335273734884
            },
            {
              "start_frame": 154,
              "end_frame": 160,
              "entry_jump_deg": 2.351166643281465,
              "path_distance_deg": 10.287234754468015,
              "endpoint_distance_deg": 4.020245103715871,
              "path_to_endpoint_ratio": 2.5588576042191136,
              "peak_velocity_deg": 2.351166643281465
            },
            {
              "start_frame": 94,
              "end_frame": 100,
              "entry_jump_deg": 2.141204717379512,
              "path_distance_deg": 8.087771335749137,
              "endpoint_distance_deg": 2.2669280100496025,
              "path_to_endpoint_ratio": 3.5677230595303153,
              "peak_velocity_deg": 2.141204717379512
            },
            {
              "start_frame": 104,
              "end_frame": 110,
              "entry_jump_deg": 1.2616114350462917,
              "path_distance_deg": 9.135636533718792,
              "endpoint_distance_deg": 4.27451789462273,
              "path_to_endpoint_ratio": 2.137232024507668,
              "peak_velocity_deg": 2.11843361373475
            },
            {
              "start_frame": 214,
              "end_frame": 220,
              "entry_jump_deg": 1.5838421206015023,
              "path_distance_deg": 5.809775216786426,
              "endpoint_distance_deg": 3.837581095745143,
              "path_to_endpoint_ratio": 1.5139159464872083,
              "peak_velocity_deg": 1.5838421206015023
            },
            {
              "start_frame": 134,
              "end_frame": 140,
              "entry_jump_deg": 0.5316309962170822,
              "path_distance_deg": 5.032895653123721,
              "endpoint_distance_deg": 1.4436995332694273,
              "path_to_endpoint_ratio": 3.4861101892345543,
              "peak_velocity_deg": 1.2755479299423433
            }
          ]
        },
        "ratios": {
          "excursion_p90": 0.4859222825390694,
          "velocity_rms": 0.8454744375022463,
          "velocity_p95": 0.7526736589514125
        }
      },
      "LeftForeArm": {
        "prediction": {
          "order": "XYZ",
          "excursion_p90_deg": 47.71818218765071,
          "excursion_max_deg": 64.37875987676325,
          "velocity_rms_deg_per_frame": 7.9719535146516325,
          "velocity_p95_deg_per_frame": 16.78664294675378,
          "velocity_max_deg_per_frame": 45.47467642799863,
          "euler_axis_step_p95_deg": [
            25.85118719999986,
            10.596649999999984,
            25.641509699999826
          ],
          "top_velocity_transitions": [
            {
              "from_frame": 58,
              "to_frame": 59,
              "velocity_deg": 45.47467642799863,
              "new_block_offset": 5,
              "inside_release_blend": false
            },
            {
              "from_frame": 53,
              "to_frame": 54,
              "velocity_deg": 41.96056257895608,
              "new_block_offset": 0,
              "inside_release_blend": true
            },
            {
              "from_frame": 52,
              "to_frame": 53,
              "velocity_deg": 41.96054774872688,
              "new_block_offset": 9,
              "inside_release_blend": false
            },
            {
              "from_frame": 126,
              "to_frame": 127,
              "velocity_deg": 24.922228853477748,
              "new_block_offset": 3,
              "inside_release_blend": true
            },
            {
              "from_frame": 125,
              "to_frame": 126,
              "velocity_deg": 24.922163518113535,
              "new_block_offset": 2,
              "inside_release_blend": true
            },
            {
              "from_frame": 186,
              "to_frame": 187,
              "velocity_deg": 22.644944057954735,
              "new_block_offset": 3,
              "inside_release_blend": true
            },
            {
              "from_frame": 185,
              "to_frame": 186,
              "velocity_deg": 22.05842826734194,
              "new_block_offset": 2,
              "inside_release_blend": true
            },
            {
              "from_frame": 66,
              "to_frame": 67,
              "velocity_deg": 19.459920192595984,
              "new_block_offset": 3,
              "inside_release_blend": true
            },
            {
              "from_frame": 65,
              "to_frame": 66,
              "velocity_deg": 19.281496735077557,
              "new_block_offset": 2,
              "inside_release_blend": true
            },
            {
              "from_frame": 57,
              "to_frame": 58,
              "velocity_deg": 17.601843516454018,
              "new_block_offset": 4,
              "inside_release_blend": true
            },
            {
              "from_frame": 166,
              "to_frame": 167,
              "velocity_deg": 17.58573066731656,
              "new_block_offset": 3,
              "inside_release_blend": true
            },
            {
              "from_frame": 165,
              "to_frame": 166,
              "velocity_deg": 16.874385273111812,
              "new_block_offset": 2,
              "inside_release_blend": true
            }
          ],
          "release_blend_blocks_by_path": [
            {
              "start_frame": 54,
              "endpoint_distance_deg": 84.96583425396743,
              "path_distance_deg": 86.54805611047074,
              "path_to_endpoint_ratio": 1.0186218598380845,
              "peak_velocity_deg": 45.47467642799863
            },
            {
              "start_frame": 124,
              "endpoint_distance_deg": 69.19652772475675,
              "path_distance_deg": 80.40604927485862,
              "path_to_endpoint_ratio": 1.1619954341450487,
              "peak_velocity_deg": 24.922228853477748
            },
            {
              "start_frame": 184,
              "endpoint_distance_deg": 69.82690208335076,
              "path_distance_deg": 70.54360234535592,
              "path_to_endpoint_ratio": 1.0102639561633373,
              "peak_velocity_deg": 22.644944057954735
            },
            {
              "start_frame": 164,
              "endpoint_distance_deg": 56.95377648838115,
              "path_distance_deg": 67.219510080323,
              "path_to_endpoint_ratio": 1.1802467584223517,
              "peak_velocity_deg": 17.58573066731656
            },
            {
              "start_frame": 194,
              "endpoint_distance_deg": 64.37528011328274,
              "path_distance_deg": 65.72839205873012,
              "path_to_endpoint_ratio": 1.0210191232265906,
              "peak_velocity_deg": 14.320304213930891
            },
            {
              "start_frame": 64,
              "endpoint_distance_deg": 59.219465960536496,
              "path_distance_deg": 60.2556715803249,
              "path_to_endpoint_ratio": 1.017497719761251,
              "peak_velocity_deg": 19.459920192595984
            },
            {
              "start_frame": 154,
              "endpoint_distance_deg": 39.606904521996185,
              "path_distance_deg": 56.16825423269278,
              "path_to_endpoint_ratio": 1.4181429957874907,
              "peak_velocity_deg": 15.996962009531691
            },
            {
              "start_frame": 74,
              "endpoint_distance_deg": 22.883068014430272,
              "path_distance_deg": 30.497001026640184,
              "path_to_endpoint_ratio": 1.3327321759218866,
              "peak_velocity_deg": 7.109284816778845
            },
            {
              "start_frame": 104,
              "endpoint_distance_deg": 20.797741243980646,
              "path_distance_deg": 25.163196072027205,
              "path_to_endpoint_ratio": 1.2099004298993297,
              "peak_velocity_deg": 5.490696428762636
            },
            {
              "start_frame": 94,
              "endpoint_distance_deg": 16.779630734310068,
              "path_distance_deg": 21.04679837642511,
              "path_to_endpoint_ratio": 1.2543064093412837,
              "peak_velocity_deg": 5.394005725615022
            },
            {
              "start_frame": 114,
              "endpoint_distance_deg": 18.867220095522487,
              "path_distance_deg": 20.872208779846478,
              "path_to_endpoint_ratio": 1.1062683677920209,
              "peak_velocity_deg": 5.349493331850977
            },
            {
              "start_frame": 134,
              "endpoint_distance_deg": 7.1465038633418265,
              "path_distance_deg": 19.004987670847562,
              "path_to_endpoint_ratio": 2.6593405718751697,
              "peak_velocity_deg": 6.510078767848815
            },
            {
              "start_frame": 174,
              "endpoint_distance_deg": 13.77533206497828,
              "path_distance_deg": 15.217159392396193,
              "path_to_endpoint_ratio": 1.104667337282093,
              "peak_velocity_deg": 3.589043476709813
            },
            {
              "start_frame": 84,
              "endpoint_distance_deg": 9.307972984391414,
              "path_distance_deg": 14.1233080280088,
              "path_to_endpoint_ratio": 1.5173344456083238,
              "peak_velocity_deg": 3.90738475694256
            },
            {
              "start_frame": 44,
              "endpoint_distance_deg": 4.835887575913629,
              "path_distance_deg": 14.118876602947257,
              "path_to_endpoint_ratio": 2.9196039778240337,
              "peak_velocity_deg": 3.6686249765918273
            },
            {
              "start_frame": 214,
              "endpoint_distance_deg": 11.130750950190404,
              "path_distance_deg": 13.396793768673454,
              "path_to_endpoint_ratio": 1.2035840015308479,
              "peak_velocity_deg": 4.815864095595482
            },
            {
              "start_frame": 34,
              "endpoint_distance_deg": 11.41365580790849,
              "path_distance_deg": 12.169172551477763,
              "path_to_endpoint_ratio": 1.066194106102777,
              "peak_velocity_deg": 3.8483076187594154
            },
            {
              "start_frame": 144,
              "endpoint_distance_deg": 5.792203034323624,
              "path_distance_deg": 9.08489174692541,
              "path_to_endpoint_ratio": 1.5684691460381939,
              "peak_velocity_deg": 2.414297973509044
            },
            {
              "start_frame": 204,
              "endpoint_distance_deg": 6.239634922498858,
              "path_distance_deg": 6.59990800531375,
              "path_to_endpoint_ratio": 1.057739449068698,
              "peak_velocity_deg": 1.4162275001538196
            }
          ],
          "boundary_blocks_by_peak": [
            {
              "start_frame": 54,
              "end_frame": 60,
              "entry_jump_deg": 41.96056257895608,
              "path_distance_deg": 128.50861868942684,
              "endpoint_distance_deg": 43.04279533575293,
              "path_to_endpoint_ratio": 2.9856011368918427,
              "peak_velocity_deg": 45.47467642799863
            },
            {
              "start_frame": 124,
              "end_frame": 130,
              "entry_jump_deg": 0.3056482205831893,
              "path_distance_deg": 80.7116974954418,
              "endpoint_distance_deg": 68.97475629916869,
              "path_to_endpoint_ratio": 1.1701628512519233,
              "peak_velocity_deg": 24.922228853477748
            },
            {
              "start_frame": 184,
              "end_frame": 190,
              "entry_jump_deg": 2.1331438951351207,
              "path_distance_deg": 72.67674624049104,
              "endpoint_distance_deg": 68.68150499147892,
              "path_to_endpoint_ratio": 1.0581705547877525,
              "peak_velocity_deg": 22.644944057954735
            },
            {
              "start_frame": 64,
              "end_frame": 70,
              "entry_jump_deg": 2.308948436799782,
              "path_distance_deg": 62.56462001712468,
              "endpoint_distance_deg": 60.05896818682611,
              "path_to_endpoint_ratio": 1.0417198614285916,
              "peak_velocity_deg": 19.459920192595984
            },
            {
              "start_frame": 164,
              "end_frame": 170,
              "entry_jump_deg": 5.039444292429821,
              "path_distance_deg": 72.25895437275283,
              "endpoint_distance_deg": 52.29003307775507,
              "path_to_endpoint_ratio": 1.3818877158731961,
              "peak_velocity_deg": 17.58573066731656
            },
            {
              "start_frame": 154,
              "end_frame": 160,
              "entry_jump_deg": 0.819084833471791,
              "path_distance_deg": 56.98733906616457,
              "endpoint_distance_deg": 39.995933154320184,
              "path_to_endpoint_ratio": 1.4248283405786484,
              "peak_velocity_deg": 15.996962009531691
            },
            {
              "start_frame": 194,
              "end_frame": 200,
              "entry_jump_deg": 1.1890950473811541,
              "path_distance_deg": 66.91748710611128,
              "endpoint_distance_deg": 63.19858001482204,
              "path_to_endpoint_ratio": 1.0588447887660932,
              "peak_velocity_deg": 14.320304213930891
            },
            {
              "start_frame": 74,
              "end_frame": 80,
              "entry_jump_deg": 4.044136714644164,
              "path_distance_deg": 34.54113774128435,
              "endpoint_distance_deg": 21.443078026362446,
              "path_to_endpoint_ratio": 1.6108292708173217,
              "peak_velocity_deg": 7.109284816778845
            },
            {
              "start_frame": 134,
              "end_frame": 140,
              "entry_jump_deg": 3.264752108119524,
              "path_distance_deg": 22.269739778967086,
              "endpoint_distance_deg": 5.559241582199442,
              "path_to_endpoint_ratio": 4.005895309582202,
              "peak_velocity_deg": 6.510078767848815
            },
            {
              "start_frame": 104,
              "end_frame": 110,
              "entry_jump_deg": 5.266418781410463,
              "path_distance_deg": 30.42961485343767,
              "endpoint_distance_deg": 19.4498197750291,
              "path_to_endpoint_ratio": 1.5645191166503827,
              "peak_velocity_deg": 5.490696428762636
            },
            {
              "start_frame": 94,
              "end_frame": 100,
              "entry_jump_deg": 3.4316661846644774,
              "path_distance_deg": 24.478464561089588,
              "endpoint_distance_deg": 15.656507325504487,
              "path_to_endpoint_ratio": 1.563469045309621,
              "peak_velocity_deg": 5.394005725615022
            },
            {
              "start_frame": 114,
              "end_frame": 120,
              "entry_jump_deg": 2.456555763638843,
              "path_distance_deg": 23.32876454348532,
              "endpoint_distance_deg": 16.5027395091434,
              "path_to_endpoint_ratio": 1.4136298116176371,
              "peak_velocity_deg": 5.349493331850977
            },
            {
              "start_frame": 34,
              "end_frame": 40,
              "entry_jump_deg": 5.33979993875966,
              "path_distance_deg": 17.508972490237422,
              "endpoint_distance_deg": 7.745245289738833,
              "path_to_endpoint_ratio": 2.2606091653977582,
              "peak_velocity_deg": 5.33979993875966
            },
            {
              "start_frame": 214,
              "end_frame": 220,
              "entry_jump_deg": 2.8769950262088844,
              "path_distance_deg": 16.273788794882343,
              "endpoint_distance_deg": 8.686471147507206,
              "path_to_endpoint_ratio": 1.8734637482278984,
              "peak_velocity_deg": 4.815864095595482
            },
            {
              "start_frame": 84,
              "end_frame": 90,
              "entry_jump_deg": 4.317379103646936,
              "path_distance_deg": 18.440687131655736,
              "endpoint_distance_deg": 6.689111975958652,
              "path_to_endpoint_ratio": 2.75682141335553,
              "peak_velocity_deg": 4.317379103646936
            },
            {
              "start_frame": 44,
              "end_frame": 50,
              "entry_jump_deg": 1.561079691795827,
              "path_distance_deg": 15.679956294743086,
              "endpoint_distance_deg": 3.4402523434649286,
              "path_to_endpoint_ratio": 4.557792489998178,
              "peak_velocity_deg": 3.6686249765918273
            },
            {
              "start_frame": 174,
              "end_frame": 180,
              "entry_jump_deg": 1.570479173355137,
              "path_distance_deg": 16.78763856575133,
              "endpoint_distance_deg": 15.18128426063581,
              "path_to_endpoint_ratio": 1.105811489827689,
              "peak_velocity_deg": 3.589043476709813
            },
            {
              "start_frame": 144,
              "end_frame": 150,
              "entry_jump_deg": 2.921950984501478,
              "path_distance_deg": 12.006842731426888,
              "endpoint_distance_deg": 8.286597510915712,
              "path_to_endpoint_ratio": 1.448947256773434,
              "peak_velocity_deg": 2.921950984501478
            },
            {
              "start_frame": 204,
              "end_frame": 210,
              "entry_jump_deg": 1.0871715222566605,
              "path_distance_deg": 7.68707952757041,
              "endpoint_distance_deg": 6.645636869447847,
              "path_to_endpoint_ratio": 1.1567107379746273,
              "peak_velocity_deg": 1.4162275001538196
            }
          ]
        },
        "ground_truth": {
          "order": "XYZ",
          "excursion_p90_deg": 59.09739667457054,
          "excursion_max_deg": 63.949672604722046,
          "velocity_rms_deg_per_frame": 6.450972385788004,
          "velocity_p95_deg_per_frame": 14.140107169297679,
          "velocity_max_deg_per_frame": 27.011606298856556,
          "euler_axis_step_p95_deg": [
            20.606829799999954,
            7.972633500000002,
            21.582058699999955
          ],
          "top_velocity_transitions": [
            {
              "from_frame": 143,
              "to_frame": 144,
              "velocity_deg": 27.011606298856556,
              "new_block_offset": 0,
              "inside_release_blend": true
            },
            {
              "from_frame": 63,
              "to_frame": 64,
              "velocity_deg": 26.42784811912172,
              "new_block_offset": 0,
              "inside_release_blend": true
            },
            {
              "from_frame": 64,
              "to_frame": 65,
              "velocity_deg": 25.66096324145623,
              "new_block_offset": 1,
              "inside_release_blend": true
            },
            {
              "from_frame": 144,
              "to_frame": 145,
              "velocity_deg": 24.32254200134389,
              "new_block_offset": 1,
              "inside_release_blend": true
            },
            {
              "from_frame": 119,
              "to_frame": 120,
              "velocity_deg": 22.63557566961718,
              "new_block_offset": 6,
              "inside_release_blend": false
            },
            {
              "from_frame": 120,
              "to_frame": 121,
              "velocity_deg": 19.196505863402983,
              "new_block_offset": 7,
              "inside_release_blend": false
            },
            {
              "from_frame": 199,
              "to_frame": 200,
              "velocity_deg": 18.518314264475347,
              "new_block_offset": 6,
              "inside_release_blend": false
            },
            {
              "from_frame": 118,
              "to_frame": 119,
              "velocity_deg": 17.2261012765834,
              "new_block_offset": 5,
              "inside_release_blend": false
            },
            {
              "from_frame": 123,
              "to_frame": 124,
              "velocity_deg": 15.075844265737349,
              "new_block_offset": 0,
              "inside_release_blend": true
            },
            {
              "from_frame": 55,
              "to_frame": 56,
              "velocity_deg": 14.905379514190056,
              "new_block_offset": 2,
              "inside_release_blend": true
            },
            {
              "from_frame": 54,
              "to_frame": 55,
              "velocity_deg": 14.501661213333028,
              "new_block_offset": 1,
              "inside_release_blend": true
            },
            {
              "from_frame": 62,
              "to_frame": 63,
              "velocity_deg": 14.190296826684545,
              "new_block_offset": 9,
              "inside_release_blend": false
            }
          ],
          "release_blend_blocks_by_path": [
            {
              "start_frame": 114,
              "endpoint_distance_deg": 55.78948151796425,
              "path_distance_deg": 67.68278346077605,
              "path_to_endpoint_ratio": 1.2131817973426076,
              "peak_velocity_deg": 22.63557566961718
            },
            {
              "start_frame": 144,
              "endpoint_distance_deg": 39.181722740849416,
              "path_distance_deg": 61.579210354829264,
              "path_to_endpoint_ratio": 1.5716310066843757,
              "peak_velocity_deg": 24.32254200134389
            },
            {
              "start_frame": 54,
              "endpoint_distance_deg": 39.38566095023439,
              "path_distance_deg": 56.41003747848398,
              "path_to_endpoint_ratio": 1.4322480851536472,
              "peak_velocity_deg": 14.905379514190056
            },
            {
              "start_frame": 64,
              "endpoint_distance_deg": 29.174267351600346,
              "path_distance_deg": 52.31893452323268,
              "path_to_endpoint_ratio": 1.7933247095016676,
              "peak_velocity_deg": 25.66096324145623
            },
            {
              "start_frame": 194,
              "endpoint_distance_deg": 40.97320275152344,
              "path_distance_deg": 41.038280120030706,
              "path_to_endpoint_ratio": 1.0015882909837905,
              "peak_velocity_deg": 18.518314264475347
            },
            {
              "start_frame": 164,
              "endpoint_distance_deg": 30.05353344635428,
              "path_distance_deg": 30.770695415132177,
              "path_to_endpoint_ratio": 1.0238628169981423,
              "peak_velocity_deg": 8.897580431834276
            },
            {
              "start_frame": 74,
              "endpoint_distance_deg": 24.850726237036657,
              "path_distance_deg": 29.261266499194853,
              "path_to_endpoint_ratio": 1.1774813428021624,
              "peak_velocity_deg": 9.268911981059315
            },
            {
              "start_frame": 214,
              "endpoint_distance_deg": 25.023015112364376,
              "path_distance_deg": 25.264702760609243,
              "path_to_endpoint_ratio": 1.0096586141661819,
              "peak_velocity_deg": 6.695070834658927
            },
            {
              "start_frame": 124,
              "endpoint_distance_deg": 22.62807038962294,
              "path_distance_deg": 25.230211155784705,
              "path_to_endpoint_ratio": 1.1149961406941302,
              "peak_velocity_deg": 10.597889349099724
            },
            {
              "start_frame": 204,
              "endpoint_distance_deg": 11.170860082146213,
              "path_distance_deg": 21.204644068413067,
              "path_to_endpoint_ratio": 1.8982105149005772,
              "peak_velocity_deg": 5.604658465731538
            },
            {
              "start_frame": 34,
              "endpoint_distance_deg": 11.793886177918688,
              "path_distance_deg": 17.614955084896284,
              "path_to_endpoint_ratio": 1.4935666513278885,
              "peak_velocity_deg": 5.928329010737292
            },
            {
              "start_frame": 104,
              "endpoint_distance_deg": 14.229413480721288,
              "path_distance_deg": 16.141040785959884,
              "path_to_endpoint_ratio": 1.1343433661428535,
              "peak_velocity_deg": 5.970844204815928
            },
            {
              "start_frame": 84,
              "endpoint_distance_deg": 8.218859248648618,
              "path_distance_deg": 15.90148645156852,
              "path_to_endpoint_ratio": 1.9347559035255548,
              "peak_velocity_deg": 5.06878386576219
            },
            {
              "start_frame": 184,
              "endpoint_distance_deg": 10.761800100414945,
              "path_distance_deg": 13.352824123988038,
              "path_to_endpoint_ratio": 1.240761210893816,
              "peak_velocity_deg": 6.540697921198129
            },
            {
              "start_frame": 134,
              "endpoint_distance_deg": 3.6545841962686927,
              "path_distance_deg": 11.330050765933565,
              "path_to_endpoint_ratio": 3.100229781954805,
              "peak_velocity_deg": 3.433645701608372
            },
            {
              "start_frame": 94,
              "endpoint_distance_deg": 7.054547424320868,
              "path_distance_deg": 7.660620031189147,
              "path_to_endpoint_ratio": 1.0859123300778752,
              "peak_velocity_deg": 2.1756669410194736
            },
            {
              "start_frame": 44,
              "endpoint_distance_deg": 1.7180966068247494,
              "path_distance_deg": 7.3930445231508966,
              "path_to_endpoint_ratio": 4.303043550510316,
              "peak_velocity_deg": 2.410342299780035
            },
            {
              "start_frame": 174,
              "endpoint_distance_deg": 2.9611563305751485,
              "path_distance_deg": 6.78882941694325,
              "path_to_endpoint_ratio": 2.2926278315149435,
              "peak_velocity_deg": 2.4435314765922294
            },
            {
              "start_frame": 154,
              "endpoint_distance_deg": 2.8050831085070875,
              "path_distance_deg": 5.250669612297232,
              "path_to_endpoint_ratio": 1.8718410147540072,
              "peak_velocity_deg": 1.8841377182194585
            }
          ],
          "boundary_blocks_by_peak": [
            {
              "start_frame": 144,
              "end_frame": 150,
              "entry_jump_deg": 27.011606298856556,
              "path_distance_deg": 88.59081665368582,
              "endpoint_distance_deg": 63.862902880556014,
              "path_to_endpoint_ratio": 1.3872030969118156,
              "peak_velocity_deg": 27.011606298856556
            },
            {
              "start_frame": 64,
              "end_frame": 70,
              "entry_jump_deg": 26.42784811912172,
              "path_distance_deg": 78.74678264235439,
              "endpoint_distance_deg": 54.17707252637052,
              "path_to_endpoint_ratio": 1.4535075257900774,
              "peak_velocity_deg": 26.42784811912172
            },
            {
              "start_frame": 114,
              "end_frame": 120,
              "entry_jump_deg": 6.299657366557165,
              "path_distance_deg": 73.9824408273332,
              "endpoint_distance_deg": 61.47286340955336,
              "path_to_endpoint_ratio": 1.2034975552454217,
              "peak_velocity_deg": 22.63557566961718
            },
            {
              "start_frame": 194,
              "end_frame": 200,
              "entry_jump_deg": 2.948005602095377,
              "path_distance_deg": 43.986285722126084,
              "endpoint_distance_deg": 43.88822596890216,
              "path_to_endpoint_ratio": 1.0022343066063641,
              "peak_velocity_deg": 18.518314264475347
            },
            {
              "start_frame": 124,
              "end_frame": 130,
              "entry_jump_deg": 15.075844265737349,
              "path_distance_deg": 40.30605542152205,
              "endpoint_distance_deg": 7.708568234054592,
              "path_to_endpoint_ratio": 5.228734337909813,
              "peak_velocity_deg": 15.075844265737349
            },
            {
              "start_frame": 54,
              "end_frame": 60,
              "entry_jump_deg": 11.449504233949387,
              "path_distance_deg": 67.85954171243336,
              "endpoint_distance_deg": 47.24325233915939,
              "path_to_endpoint_ratio": 1.4363859038592346,
              "peak_velocity_deg": 14.905379514190056
            },
            {
              "start_frame": 164,
              "end_frame": 170,
              "entry_jump_deg": 13.688400252815997,
              "path_distance_deg": 44.459095667948176,
              "endpoint_distance_deg": 42.2514319955242,
              "path_to_endpoint_ratio": 1.052250623663071,
              "peak_velocity_deg": 13.688400252815997
            },
            {
              "start_frame": 74,
              "end_frame": 80,
              "entry_jump_deg": 5.493738355387677,
              "path_distance_deg": 34.75500485458253,
              "endpoint_distance_deg": 19.82032802453355,
              "path_to_endpoint_ratio": 1.7535030102207632,
              "peak_velocity_deg": 9.268911981059315
            },
            {
              "start_frame": 214,
              "end_frame": 220,
              "entry_jump_deg": 2.2665111291695026,
              "path_distance_deg": 27.531213889778744,
              "endpoint_distance_deg": 22.85319291463432,
              "path_to_endpoint_ratio": 1.2046987916576328,
              "peak_velocity_deg": 6.695070834658927
            },
            {
              "start_frame": 184,
              "end_frame": 190,
              "entry_jump_deg": 0.21768818105333587,
              "path_distance_deg": 13.570512305041374,
              "endpoint_distance_deg": 10.547278065484154,
              "path_to_endpoint_ratio": 1.286636440301192,
              "peak_velocity_deg": 6.540697921198129
            },
            {
              "start_frame": 104,
              "end_frame": 110,
              "entry_jump_deg": 3.1602875156416834,
              "path_distance_deg": 19.30132830160157,
              "endpoint_distance_deg": 17.27876661255855,
              "path_to_endpoint_ratio": 1.1170547490104406,
              "peak_velocity_deg": 5.970844204815928
            },
            {
              "start_frame": 34,
              "end_frame": 40,
              "entry_jump_deg": 3.9164758421523156,
              "path_distance_deg": 21.5314309270486,
              "endpoint_distance_deg": 15.655524378395638,
              "path_to_endpoint_ratio": 1.3753247995168794,
              "peak_velocity_deg": 5.928329010737292
            },
            {
              "start_frame": 204,
              "end_frame": 210,
              "entry_jump_deg": 1.8123550392922785,
              "path_distance_deg": 23.016999107705345,
              "endpoint_distance_deg": 11.858018220675627,
              "path_to_endpoint_ratio": 1.9410493962281938,
              "peak_velocity_deg": 5.604658465731538
            },
            {
              "start_frame": 84,
              "end_frame": 90,
              "entry_jump_deg": 3.812824531180056,
              "path_distance_deg": 19.71431098274858,
              "endpoint_distance_deg": 12.010542340654556,
              "path_to_endpoint_ratio": 1.6414172169409444,
              "peak_velocity_deg": 5.06878386576219
            },
            {
              "start_frame": 134,
              "end_frame": 140,
              "entry_jump_deg": 0.41776272083060584,
              "path_distance_deg": 11.747813486764171,
              "endpoint_distance_deg": 3.6626854351033873,
              "path_to_endpoint_ratio": 3.2074317314210097,
              "peak_velocity_deg": 3.433645701608372
            },
            {
              "start_frame": 44,
              "end_frame": 50,
              "entry_jump_deg": 3.391079964705547,
              "path_distance_deg": 10.784124487856445,
              "endpoint_distance_deg": 1.6808339561930508,
              "path_to_endpoint_ratio": 6.415936831905509,
              "peak_velocity_deg": 3.391079964705547
            },
            {
              "start_frame": 174,
              "end_frame": 180,
              "entry_jump_deg": 0.860963630494863,
              "path_distance_deg": 7.649793047438114,
              "endpoint_distance_deg": 2.117107350949334,
              "path_to_endpoint_ratio": 3.6133231713582514,
              "peak_velocity_deg": 2.4435314765922294
            },
            {
              "start_frame": 94,
              "end_frame": 100,
              "entry_jump_deg": 1.192238970833278,
              "path_distance_deg": 8.852859002022424,
              "endpoint_distance_deg": 5.881383339061459,
              "path_to_endpoint_ratio": 1.5052341416390564,
              "peak_velocity_deg": 2.1756669410194736
            },
            {
              "start_frame": 154,
              "end_frame": 160,
              "entry_jump_deg": 1.5249376545790647,
              "path_distance_deg": 6.775607266876298,
              "endpoint_distance_deg": 3.7164633460401864,
              "path_to_endpoint_ratio": 1.8231330800277004,
              "peak_velocity_deg": 1.8841377182194585
            }
          ]
        },
        "ratios": {
          "excursion_p90": 0.8074498179745323,
          "velocity_rms": 1.2357754828116252,
          "velocity_p95": 1.18716518522593
        }
      },
      "LeftHand": {
        "prediction": {
          "order": "XYZ",
          "excursion_p90_deg": 16.74340149901467,
          "excursion_max_deg": 24.32490084542206,
          "velocity_rms_deg_per_frame": 3.3557425664377813,
          "velocity_p95_deg_per_frame": 6.411828941273914,
          "velocity_max_deg_per_frame": 12.560479664195688,
          "euler_axis_step_p95_deg": [
            1.5969024000000043,
            4.079857699999987,
            5.696325200000012
          ],
          "top_velocity_transitions": [
            {
              "from_frame": 96,
              "to_frame": 97,
              "velocity_deg": 12.560479664195688,
              "new_block_offset": 3,
              "inside_release_blend": true
            },
            {
              "from_frame": 95,
              "to_frame": 96,
              "velocity_deg": 12.551538825958298,
              "new_block_offset": 2,
              "inside_release_blend": true
            },
            {
              "from_frame": 76,
              "to_frame": 77,
              "velocity_deg": 10.162824973398399,
              "new_block_offset": 3,
              "inside_release_blend": true
            },
            {
              "from_frame": 75,
              "to_frame": 76,
              "velocity_deg": 10.005991002809997,
              "new_block_offset": 2,
              "inside_release_blend": true
            },
            {
              "from_frame": 140,
              "to_frame": 141,
              "velocity_deg": 9.370983929106865,
              "new_block_offset": 7,
              "inside_release_blend": false
            },
            {
              "from_frame": 81,
              "to_frame": 82,
              "velocity_deg": 9.233211639688472,
              "new_block_offset": 8,
              "inside_release_blend": false
            },
            {
              "from_frame": 110,
              "to_frame": 111,
              "velocity_deg": 9.026297385846014,
              "new_block_offset": 7,
              "inside_release_blend": false
            },
            {
              "from_frame": 155,
              "to_frame": 156,
              "velocity_deg": 6.8158006168402006,
              "new_block_offset": 2,
              "inside_release_blend": true
            },
            {
              "from_frame": 156,
              "to_frame": 157,
              "velocity_deg": 6.813823286058109,
              "new_block_offset": 3,
              "inside_release_blend": true
            },
            {
              "from_frame": 166,
              "to_frame": 167,
              "velocity_deg": 6.7774731622301125,
              "new_block_offset": 3,
              "inside_release_blend": true
            },
            {
              "from_frame": 80,
              "to_frame": 81,
              "velocity_deg": 6.418540348922077,
              "new_block_offset": 7,
              "inside_release_blend": false
            },
            {
              "from_frame": 55,
              "to_frame": 56,
              "velocity_deg": 6.4118289624282045,
              "new_block_offset": 2,
              "inside_release_blend": true
            }
          ],
          "release_blend_blocks_by_path": [
            {
              "start_frame": 94,
              "endpoint_distance_deg": 33.50266888090563,
              "path_distance_deg": 41.85860740800968,
              "path_to_endpoint_ratio": 1.2494111307014828,
              "peak_velocity_deg": 12.560479664195688
            },
            {
              "start_frame": 74,
              "endpoint_distance_deg": 27.917486886775674,
              "path_distance_deg": 33.90713238836624,
              "path_to_endpoint_ratio": 1.2145481620850271,
              "peak_velocity_deg": 10.162824973398399
            },
            {
              "start_frame": 164,
              "endpoint_distance_deg": 26.98290508369833,
              "path_distance_deg": 29.057697856546945,
              "path_to_endpoint_ratio": 1.076892861106423,
              "peak_velocity_deg": 6.7774731622301125
            },
            {
              "start_frame": 194,
              "endpoint_distance_deg": 13.62838477504299,
              "path_distance_deg": 24.840254302391067,
              "path_to_endpoint_ratio": 1.8226851319812922,
              "peak_velocity_deg": 6.287182339472386
            },
            {
              "start_frame": 54,
              "endpoint_distance_deg": 19.62962213339097,
              "path_distance_deg": 22.462980042788605,
              "path_to_endpoint_ratio": 1.1443409297511618,
              "peak_velocity_deg": 6.4118289624282045
            },
            {
              "start_frame": 124,
              "endpoint_distance_deg": 14.161778934364955,
              "path_distance_deg": 22.388100907900434,
              "path_to_endpoint_ratio": 1.5808819648761425,
              "peak_velocity_deg": 5.948108473587064
            },
            {
              "start_frame": 104,
              "endpoint_distance_deg": 21.48049077405535,
              "path_distance_deg": 21.88892063284593,
              "path_to_endpoint_ratio": 1.0190139910250045,
              "peak_velocity_deg": 5.539945546014948
            },
            {
              "start_frame": 154,
              "endpoint_distance_deg": 20.699052832244163,
              "path_distance_deg": 21.826952798514462,
              "path_to_endpoint_ratio": 1.0544904143881066,
              "peak_velocity_deg": 6.8158006168402006
            },
            {
              "start_frame": 184,
              "endpoint_distance_deg": 17.47889789107501,
              "path_distance_deg": 20.842193909157782,
              "path_to_endpoint_ratio": 1.1924203710692836,
              "peak_velocity_deg": 5.329478437464283
            },
            {
              "start_frame": 114,
              "endpoint_distance_deg": 13.736657567983857,
              "path_distance_deg": 18.313989844749266,
              "path_to_endpoint_ratio": 1.3332202360080545,
              "peak_velocity_deg": 5.348796232228954
            },
            {
              "start_frame": 134,
              "endpoint_distance_deg": 10.861001848507405,
              "path_distance_deg": 17.127778438266166,
              "path_to_endpoint_ratio": 1.5769980225737634,
              "peak_velocity_deg": 4.7794765261619645
            },
            {
              "start_frame": 34,
              "endpoint_distance_deg": 10.309385570705468,
              "path_distance_deg": 12.648666670912792,
              "path_to_endpoint_ratio": 1.2269079067965492,
              "peak_velocity_deg": 3.8122267511121715
            },
            {
              "start_frame": 84,
              "endpoint_distance_deg": 8.07165646092543,
              "path_distance_deg": 10.712510560624015,
              "path_to_endpoint_ratio": 1.3271762261541797,
              "peak_velocity_deg": 3.9277411148764485
            },
            {
              "start_frame": 64,
              "endpoint_distance_deg": 6.255507569709753,
              "path_distance_deg": 8.830882791986172,
              "path_to_endpoint_ratio": 1.4116972433614867,
              "peak_velocity_deg": 2.5644254100082478
            },
            {
              "start_frame": 204,
              "endpoint_distance_deg": 6.602557698886837,
              "path_distance_deg": 8.823476579631418,
              "path_to_endpoint_ratio": 1.3363725062363359,
              "peak_velocity_deg": 2.475627046966734
            },
            {
              "start_frame": 144,
              "endpoint_distance_deg": 4.082491357138889,
              "path_distance_deg": 8.000510204455265,
              "path_to_endpoint_ratio": 1.9597127108340582,
              "peak_velocity_deg": 1.9357532486487825
            },
            {
              "start_frame": 44,
              "endpoint_distance_deg": 7.218470141645765,
              "path_distance_deg": 7.502820478430838,
              "path_to_endpoint_ratio": 1.0393920500057985,
              "peak_velocity_deg": 1.931308570466281
            },
            {
              "start_frame": 174,
              "endpoint_distance_deg": 1.5067707260898036,
              "path_distance_deg": 7.163282463277934,
              "path_to_endpoint_ratio": 4.7540626714107015,
              "peak_velocity_deg": 1.93049293266514
            },
            {
              "start_frame": 214,
              "endpoint_distance_deg": 2.35080136030129,
              "path_distance_deg": 7.09696337343013,
              "path_to_endpoint_ratio": 3.018954937358276,
              "peak_velocity_deg": 2.435551015746191
            }
          ],
          "boundary_blocks_by_peak": [
            {
              "start_frame": 94,
              "end_frame": 100,
              "entry_jump_deg": 6.047061610961997,
              "path_distance_deg": 47.905669018971686,
              "endpoint_distance_deg": 28.673866769615174,
              "path_to_endpoint_ratio": 1.670708363259045,
              "peak_velocity_deg": 12.560479664195688
            },
            {
              "start_frame": 74,
              "end_frame": 80,
              "entry_jump_deg": 3.6610930608766536,
              "path_distance_deg": 37.568225449242895,
              "endpoint_distance_deg": 24.697941370357935,
              "path_to_endpoint_ratio": 1.52110756463013,
              "peak_velocity_deg": 10.162824973398399
            },
            {
              "start_frame": 154,
              "end_frame": 160,
              "entry_jump_deg": 0.6695199048058748,
              "path_distance_deg": 22.49647270332034,
              "endpoint_distance_deg": 20.662092517135616,
              "path_to_endpoint_ratio": 1.0887799812464989,
              "peak_velocity_deg": 6.8158006168402006
            },
            {
              "start_frame": 164,
              "end_frame": 170,
              "entry_jump_deg": 1.0296836140664367,
              "path_distance_deg": 30.08738147061338,
              "endpoint_distance_deg": 26.602240383010155,
              "path_to_endpoint_ratio": 1.1310093073901044,
              "peak_velocity_deg": 6.7774731622301125
            },
            {
              "start_frame": 54,
              "end_frame": 60,
              "entry_jump_deg": 5.189308488024464,
              "path_distance_deg": 27.65228853081307,
              "endpoint_distance_deg": 14.607293546575253,
              "path_to_endpoint_ratio": 1.8930466785406854,
              "peak_velocity_deg": 6.4118289624282045
            },
            {
              "start_frame": 194,
              "end_frame": 200,
              "entry_jump_deg": 2.6292844264869393,
              "path_distance_deg": 27.469538728878007,
              "endpoint_distance_deg": 11.75456951431885,
              "path_to_endpoint_ratio": 2.336924265530604,
              "peak_velocity_deg": 6.287182339472386
            },
            {
              "start_frame": 114,
              "end_frame": 120,
              "entry_jump_deg": 6.0326604627114975,
              "path_distance_deg": 24.346650307460763,
              "endpoint_distance_deg": 13.657954523001866,
              "path_to_endpoint_ratio": 1.7825985777341453,
              "peak_velocity_deg": 6.0326604627114975
            },
            {
              "start_frame": 124,
              "end_frame": 130,
              "entry_jump_deg": 0.4613751567313724,
              "path_distance_deg": 22.849476064631805,
              "endpoint_distance_deg": 13.80859633582658,
              "path_to_endpoint_ratio": 1.6547283669483874,
              "peak_velocity_deg": 5.948108473587064
            },
            {
              "start_frame": 104,
              "end_frame": 110,
              "entry_jump_deg": 0.6409370555105717,
              "path_distance_deg": 22.529857688356504,
              "endpoint_distance_deg": 20.847202439508337,
              "path_to_endpoint_ratio": 1.0807137194417655,
              "peak_velocity_deg": 5.539945546014948
            },
            {
              "start_frame": 184,
              "end_frame": 190,
              "entry_jump_deg": 1.453222912023305,
              "path_distance_deg": 22.295416821181085,
              "endpoint_distance_deg": 18.37849239985832,
              "path_to_endpoint_ratio": 1.2131254477300304,
              "peak_velocity_deg": 5.329478437464283
            },
            {
              "start_frame": 134,
              "end_frame": 140,
              "entry_jump_deg": 0.8369607761356143,
              "path_distance_deg": 17.96473921440178,
              "endpoint_distance_deg": 11.040847220357461,
              "path_to_endpoint_ratio": 1.6271160044020743,
              "peak_velocity_deg": 4.7794765261619645
            },
            {
              "start_frame": 84,
              "end_frame": 90,
              "entry_jump_deg": 0.9307961620403727,
              "path_distance_deg": 11.643306722664388,
              "endpoint_distance_deg": 7.140969411754004,
              "path_to_endpoint_ratio": 1.6304938519271006,
              "peak_velocity_deg": 3.9277411148764485
            },
            {
              "start_frame": 34,
              "end_frame": 40,
              "entry_jump_deg": 2.6474681872475063,
              "path_distance_deg": 15.2961348581603,
              "endpoint_distance_deg": 7.686177467147974,
              "path_to_endpoint_ratio": 1.9900834873431656,
              "peak_velocity_deg": 3.8122267511121715
            },
            {
              "start_frame": 144,
              "end_frame": 150,
              "entry_jump_deg": 3.6453859103139403,
              "path_distance_deg": 11.645896114769204,
              "endpoint_distance_deg": 3.921770761589493,
              "path_to_endpoint_ratio": 2.969550446148241,
              "peak_velocity_deg": 3.6453859103139403
            },
            {
              "start_frame": 174,
              "end_frame": 180,
              "entry_jump_deg": 2.714345313411852,
              "path_distance_deg": 9.877627776689785,
              "endpoint_distance_deg": 2.9824206772848636,
              "path_to_endpoint_ratio": 3.311949870761418,
              "peak_velocity_deg": 2.714345313411852
            },
            {
              "start_frame": 64,
              "end_frame": 70,
              "entry_jump_deg": 0.6872188008861707,
              "path_distance_deg": 9.518101592872343,
              "endpoint_distance_deg": 5.630016799094096,
              "path_to_endpoint_ratio": 1.6905991460636252,
              "peak_velocity_deg": 2.5644254100082478
            },
            {
              "start_frame": 204,
              "end_frame": 210,
              "entry_jump_deg": 2.391216770850148,
              "path_distance_deg": 11.214693350481566,
              "endpoint_distance_deg": 4.581384631058977,
              "path_to_endpoint_ratio": 2.447882955395804,
              "peak_velocity_deg": 2.475627046966734
            },
            {
              "start_frame": 214,
              "end_frame": 220,
              "entry_jump_deg": 0.93073603214559,
              "path_distance_deg": 8.027699405575719,
              "endpoint_distance_deg": 1.4276405386449593,
              "path_to_endpoint_ratio": 5.623053694731298,
              "peak_velocity_deg": 2.435551015746191
            },
            {
              "start_frame": 44,
              "end_frame": 50,
              "entry_jump_deg": 0.4227222152213261,
              "path_distance_deg": 7.925542693652163,
              "endpoint_distance_deg": 7.1841678065545125,
              "path_to_endpoint_ratio": 1.103195652866189,
              "peak_velocity_deg": 1.931308570466281
            }
          ]
        },
        "ground_truth": {
          "order": "XYZ",
          "excursion_p90_deg": 30.24216631628135,
          "excursion_max_deg": 42.476048975319024,
          "velocity_rms_deg_per_frame": 4.557583467399062,
          "velocity_p95_deg_per_frame": 10.607497347842406,
          "velocity_max_deg_per_frame": 25.27434589609639,
          "euler_axis_step_p95_deg": [
            2.1500118999999893,
            5.716240799999988,
            7.151803599999994
          ],
          "top_velocity_transitions": [
            {
              "from_frame": 191,
              "to_frame": 192,
              "velocity_deg": 25.27434589609639,
              "new_block_offset": 8,
              "inside_release_blend": false
            },
            {
              "from_frame": 190,
              "to_frame": 191,
              "velocity_deg": 22.161271689623145,
              "new_block_offset": 7,
              "inside_release_blend": false
            },
            {
              "from_frame": 162,
              "to_frame": 163,
              "velocity_deg": 18.33876313802325,
              "new_block_offset": 9,
              "inside_release_blend": false
            },
            {
              "from_frame": 199,
              "to_frame": 200,
              "velocity_deg": 15.17391093725081,
              "new_block_offset": 6,
              "inside_release_blend": false
            },
            {
              "from_frame": 149,
              "to_frame": 150,
              "velocity_deg": 14.238431083256822,
              "new_block_offset": 6,
              "inside_release_blend": false
            },
            {
              "from_frame": 53,
              "to_frame": 54,
              "velocity_deg": 13.629894612171721,
              "new_block_offset": 0,
              "inside_release_blend": true
            },
            {
              "from_frame": 148,
              "to_frame": 149,
              "velocity_deg": 13.135967077020956,
              "new_block_offset": 5,
              "inside_release_blend": false
            },
            {
              "from_frame": 161,
              "to_frame": 162,
              "velocity_deg": 13.060268979007933,
              "new_block_offset": 8,
              "inside_release_blend": false
            },
            {
              "from_frame": 189,
              "to_frame": 190,
              "velocity_deg": 11.647164898405578,
              "new_block_offset": 6,
              "inside_release_blend": false
            },
            {
              "from_frame": 145,
              "to_frame": 146,
              "velocity_deg": 11.087166440900488,
              "new_block_offset": 2,
              "inside_release_blend": true
            },
            {
              "from_frame": 150,
              "to_frame": 151,
              "velocity_deg": 10.717557101503846,
              "new_block_offset": 7,
              "inside_release_blend": false
            },
            {
              "from_frame": 144,
              "to_frame": 145,
              "velocity_deg": 10.619970341801903,
              "new_block_offset": 1,
              "inside_release_blend": true
            }
          ],
          "release_blend_blocks_by_path": [
            {
              "start_frame": 144,
              "endpoint_distance_deg": 8.95109757081392,
              "path_distance_deg": 61.38937287537146,
              "path_to_endpoint_ratio": 6.858306748385645,
              "peak_velocity_deg": 14.238431083256822
            },
            {
              "start_frame": 194,
              "endpoint_distance_deg": 11.932712137533622,
              "path_distance_deg": 32.768674514934986,
              "path_to_endpoint_ratio": 2.7461212620610453,
              "peak_velocity_deg": 15.17391093725081
            },
            {
              "start_frame": 164,
              "endpoint_distance_deg": 29.140103734812122,
              "path_distance_deg": 30.533700875003756,
              "path_to_endpoint_ratio": 1.0478240281117044,
              "peak_velocity_deg": 6.845055912341967
            },
            {
              "start_frame": 64,
              "endpoint_distance_deg": 6.823025083354661,
              "path_distance_deg": 26.187377756616065,
              "path_to_endpoint_ratio": 3.8380890348039842,
              "peak_velocity_deg": 6.172014410842447
            },
            {
              "start_frame": 204,
              "endpoint_distance_deg": 23.599094247669903,
              "path_distance_deg": 25.686562369927373,
              "path_to_endpoint_ratio": 1.0884554339395285,
              "peak_velocity_deg": 8.52132952171877
            },
            {
              "start_frame": 184,
              "endpoint_distance_deg": 23.28311807018555,
              "path_distance_deg": 24.943688774985084,
              "path_to_endpoint_ratio": 1.0713208041892774,
              "peak_velocity_deg": 11.647164898405578
            },
            {
              "start_frame": 54,
              "endpoint_distance_deg": 6.979696200938495,
              "path_distance_deg": 23.411453665197882,
              "path_to_endpoint_ratio": 3.354222446250592,
              "peak_velocity_deg": 5.823793477531671
            },
            {
              "start_frame": 44,
              "endpoint_distance_deg": 9.840564496548451,
              "path_distance_deg": 13.80801072647099,
              "path_to_endpoint_ratio": 1.4031726260535267,
              "peak_velocity_deg": 5.991276303638707
            },
            {
              "start_frame": 174,
              "endpoint_distance_deg": 8.739689850386393,
              "path_distance_deg": 12.959744676934498,
              "path_to_endpoint_ratio": 1.4828609365767746,
              "peak_velocity_deg": 6.900385613596185
            },
            {
              "start_frame": 214,
              "endpoint_distance_deg": 5.3526522740371885,
              "path_distance_deg": 11.630232831487564,
              "path_to_endpoint_ratio": 2.1727981262484604,
              "peak_velocity_deg": 4.504575658870892
            },
            {
              "start_frame": 114,
              "endpoint_distance_deg": 2.4475901855085325,
              "path_distance_deg": 11.151552500690531,
              "path_to_endpoint_ratio": 4.556135486535132,
              "peak_velocity_deg": 3.1606034353212618
            },
            {
              "start_frame": 104,
              "endpoint_distance_deg": 5.8807602949516555,
              "path_distance_deg": 9.541808641501351,
              "path_to_endpoint_ratio": 1.622546773364071,
              "peak_velocity_deg": 2.174023866980107
            },
            {
              "start_frame": 154,
              "endpoint_distance_deg": 7.761465318648783,
              "path_distance_deg": 8.62161618193676,
              "path_to_endpoint_ratio": 1.110823256688561,
              "peak_velocity_deg": 3.3720203738548915
            },
            {
              "start_frame": 74,
              "endpoint_distance_deg": 4.86992428645758,
              "path_distance_deg": 8.18062171075955,
              "path_to_endpoint_ratio": 1.6798252353755168,
              "peak_velocity_deg": 2.82819338834042
            },
            {
              "start_frame": 124,
              "endpoint_distance_deg": 4.796584911721503,
              "path_distance_deg": 8.153934180250356,
              "path_to_endpoint_ratio": 1.6999457593931961,
              "peak_velocity_deg": 3.757764267101666
            },
            {
              "start_frame": 34,
              "endpoint_distance_deg": 0.3550688454726978,
              "path_distance_deg": 6.43797342340075,
              "path_to_endpoint_ratio": 18.131620122373658,
              "peak_velocity_deg": 2.0482956329317226
            },
            {
              "start_frame": 84,
              "endpoint_distance_deg": 1.903584583148994,
              "path_distance_deg": 6.127436731013498,
              "path_to_endpoint_ratio": 3.2188938622717886,
              "peak_velocity_deg": 1.5524303745504182
            },
            {
              "start_frame": 94,
              "endpoint_distance_deg": 2.3851305929301927,
              "path_distance_deg": 2.617096529303149,
              "path_to_endpoint_ratio": 1.0972550253896078,
              "peak_velocity_deg": 0.6675677354458293
            },
            {
              "start_frame": 134,
              "endpoint_distance_deg": 0.4548752063898288,
              "path_distance_deg": 2.327475013487264,
              "path_to_endpoint_ratio": 5.116733074901018,
              "peak_velocity_deg": 0.5153243070192961
            }
          ],
          "boundary_blocks_by_peak": [
            {
              "start_frame": 194,
              "end_frame": 200,
              "entry_jump_deg": 2.9272467858998485,
              "path_distance_deg": 35.695921300834826,
              "endpoint_distance_deg": 14.442634370767685,
              "path_to_endpoint_ratio": 2.4715658088724046,
              "peak_velocity_deg": 15.17391093725081
            },
            {
              "start_frame": 144,
              "end_frame": 150,
              "entry_jump_deg": 9.702405136998692,
              "path_distance_deg": 71.09177801237016,
              "endpoint_distance_deg": 18.253015100037373,
              "path_to_endpoint_ratio": 3.894796428028189,
              "peak_velocity_deg": 14.238431083256822
            },
            {
              "start_frame": 54,
              "end_frame": 60,
              "entry_jump_deg": 13.629894612171721,
              "path_distance_deg": 37.0413482773696,
              "endpoint_distance_deg": 10.66492131762175,
              "path_to_endpoint_ratio": 3.4731947076033114,
              "peak_velocity_deg": 13.629894612171721
            },
            {
              "start_frame": 184,
              "end_frame": 190,
              "entry_jump_deg": 0.208098245211957,
              "path_distance_deg": 25.15178702019704,
              "endpoint_distance_deg": 23.238488715023784,
              "path_to_endpoint_ratio": 1.0823331641156295,
              "peak_velocity_deg": 11.647164898405578
            },
            {
              "start_frame": 164,
              "end_frame": 170,
              "entry_jump_deg": 10.494782706423539,
              "path_distance_deg": 41.028483581427295,
              "endpoint_distance_deg": 37.49815263980483,
              "path_to_endpoint_ratio": 1.09414679639111,
              "peak_velocity_deg": 10.494782706423539
            },
            {
              "start_frame": 204,
              "end_frame": 210,
              "entry_jump_deg": 1.037062512080159,
              "path_distance_deg": 26.723624882007535,
              "endpoint_distance_deg": 24.08385990401602,
              "path_to_endpoint_ratio": 1.1096072219532938,
              "peak_velocity_deg": 8.52132952171877
            },
            {
              "start_frame": 174,
              "end_frame": 180,
              "entry_jump_deg": 0.5438605837688945,
              "path_distance_deg": 13.503605260703395,
              "endpoint_distance_deg": 9.282480312797736,
              "path_to_endpoint_ratio": 1.4547410611887863,
              "peak_velocity_deg": 6.900385613596185
            },
            {
              "start_frame": 64,
              "end_frame": 70,
              "entry_jump_deg": 0.6946956616395892,
              "path_distance_deg": 26.882073418255654,
              "endpoint_distance_deg": 6.946956827196399,
              "path_to_endpoint_ratio": 3.869618609549431,
              "peak_velocity_deg": 6.172014410842447
            },
            {
              "start_frame": 44,
              "end_frame": 50,
              "entry_jump_deg": 1.2730759127603548,
              "path_distance_deg": 15.081086639231344,
              "endpoint_distance_deg": 10.956447290141394,
              "path_to_endpoint_ratio": 1.376457736697305,
              "peak_velocity_deg": 5.991276303638707
            },
            {
              "start_frame": 124,
              "end_frame": 130,
              "entry_jump_deg": 4.785942625988473,
              "path_distance_deg": 12.939876806238827,
              "endpoint_distance_deg": 0.6969952088243576,
              "path_to_endpoint_ratio": 18.56523063919607,
              "peak_velocity_deg": 4.785942625988473
            },
            {
              "start_frame": 214,
              "end_frame": 220,
              "entry_jump_deg": 2.1868236825774545,
              "path_distance_deg": 13.817056514065019,
              "endpoint_distance_deg": 4.182741647585602,
              "path_to_endpoint_ratio": 3.303349257069372,
              "peak_velocity_deg": 4.504575658870892
            },
            {
              "start_frame": 154,
              "end_frame": 160,
              "entry_jump_deg": 1.3217707329263666,
              "path_distance_deg": 9.943386914863126,
              "endpoint_distance_deg": 9.059159581690148,
              "path_to_endpoint_ratio": 1.0976058899503358,
              "peak_velocity_deg": 3.3720203738548915
            },
            {
              "start_frame": 114,
              "end_frame": 120,
              "entry_jump_deg": 1.1069242644753514,
              "path_distance_deg": 12.258476765165884,
              "endpoint_distance_deg": 2.7599726162301295,
              "path_to_endpoint_ratio": 4.441521156072136,
              "peak_velocity_deg": 3.1606034353212618
            },
            {
              "start_frame": 74,
              "end_frame": 80,
              "entry_jump_deg": 1.6345198903460085,
              "path_distance_deg": 9.815141601105559,
              "endpoint_distance_deg": 3.5959740048520836,
              "path_to_endpoint_ratio": 2.729480688086702,
              "peak_velocity_deg": 2.82819338834042
            },
            {
              "start_frame": 104,
              "end_frame": 110,
              "entry_jump_deg": 1.8037571314063936,
              "path_distance_deg": 11.345565772907744,
              "endpoint_distance_deg": 7.666507834041123,
              "path_to_endpoint_ratio": 1.4798870644246558,
              "peak_velocity_deg": 2.174023866980107
            },
            {
              "start_frame": 34,
              "end_frame": 40,
              "entry_jump_deg": 1.3016139537989437,
              "path_distance_deg": 7.739587377199694,
              "endpoint_distance_deg": 1.370455361833318,
              "path_to_endpoint_ratio": 5.647456745213583,
              "peak_velocity_deg": 2.0482956329317226
            },
            {
              "start_frame": 84,
              "end_frame": 90,
              "entry_jump_deg": 0.5061331679281551,
              "path_distance_deg": 6.633569898941653,
              "endpoint_distance_deg": 2.4034502991571203,
              "path_to_endpoint_ratio": 2.760019585704775,
              "peak_velocity_deg": 1.5524303745504182
            },
            {
              "start_frame": 94,
              "end_frame": 100,
              "entry_jump_deg": 0.6627673809446855,
              "path_distance_deg": 3.279863910247834,
              "endpoint_distance_deg": 1.8586263826378502,
              "path_to_endpoint_ratio": 1.7646709101335885,
              "peak_velocity_deg": 0.6675677354458293
            },
            {
              "start_frame": 134,
              "end_frame": 140,
              "entry_jump_deg": 0.0916583455087317,
              "path_distance_deg": 2.4191333589959956,
              "endpoint_distance_deg": 0.45242655277817995,
              "path_to_endpoint_ratio": 5.347018967257812,
              "peak_velocity_deg": 0.5153243070192961
            }
          ]
        },
        "ratios": {
          "excursion_p90": 0.5536442503459349,
          "velocity_rms": 0.7362986526613957,
          "velocity_p95": 0.604461988630909
        }
      }
    },
    "typical": {
      "RightShoulder": {
        "prediction": {
          "order": "XYZ",
          "excursion_p90_deg": 3.54332201584838,
          "excursion_max_deg": 9.960143526702506,
          "velocity_rms_deg_per_frame": 0.7749926048059582,
          "velocity_p95_deg_per_frame": 1.5743728869911986,
          "velocity_max_deg_per_frame": 4.24523793659458,
          "euler_axis_step_p95_deg": [
            0.01223309999999741,
            0.7317373000000001,
            1.445043799999999
          ],
          "top_velocity_transitions": [
            {
              "from_frame": 156,
              "to_frame": 157,
              "velocity_deg": 4.24523793659458,
              "new_block_offset": 3,
              "inside_release_blend": true
            },
            {
              "from_frame": 155,
              "to_frame": 156,
              "velocity_deg": 4.180544143102768,
              "new_block_offset": 2,
              "inside_release_blend": true
            },
            {
              "from_frame": 161,
              "to_frame": 162,
              "velocity_deg": 2.1929868934818435,
              "new_block_offset": 8,
              "inside_release_blend": false
            },
            {
              "from_frame": 164,
              "to_frame": 165,
              "velocity_deg": 2.1783556714622776,
              "new_block_offset": 1,
              "inside_release_blend": true
            },
            {
              "from_frame": 165,
              "to_frame": 166,
              "velocity_deg": 2.0955154888263725,
              "new_block_offset": 2,
              "inside_release_blend": true
            },
            {
              "from_frame": 157,
              "to_frame": 158,
              "velocity_deg": 2.082573923830446,
              "new_block_offset": 4,
              "inside_release_blend": true
            },
            {
              "from_frame": 163,
              "to_frame": 164,
              "velocity_deg": 2.078464519640505,
              "new_block_offset": 0,
              "inside_release_blend": true
            },
            {
              "from_frame": 162,
              "to_frame": 163,
              "velocity_deg": 2.078464156091876,
              "new_block_offset": 9,
              "inside_release_blend": false
            },
            {
              "from_frame": 154,
              "to_frame": 155,
              "velocity_deg": 1.8884843810723566,
              "new_block_offset": 1,
              "inside_release_blend": true
            },
            {
              "from_frame": 146,
              "to_frame": 147,
              "velocity_deg": 1.7360848984893922,
              "new_block_offset": 3,
              "inside_release_blend": true
            },
            {
              "from_frame": 145,
              "to_frame": 146,
              "velocity_deg": 1.7290010255520345,
              "new_block_offset": 2,
              "inside_release_blend": true
            },
            {
              "from_frame": 166,
              "to_frame": 167,
              "velocity_deg": 1.5768852359244143,
              "new_block_offset": 3,
              "inside_release_blend": true
            }
          ],
          "release_blend_blocks_by_path": [
            {
              "start_frame": 154,
              "endpoint_distance_deg": 13.366066456707124,
              "path_distance_deg": 13.586778778072482,
              "path_to_endpoint_ratio": 1.016512885229192,
              "peak_velocity_deg": 4.24523793659458
            },
            {
              "start_frame": 164,
              "endpoint_distance_deg": 6.189655376480342,
              "path_distance_deg": 7.386399662822438,
              "path_to_endpoint_ratio": 1.1933458671850332,
              "peak_velocity_deg": 2.1783556714622776
            },
            {
              "start_frame": 144,
              "endpoint_distance_deg": 5.405219938838151,
              "path_distance_deg": 5.665837768439254,
              "path_to_endpoint_ratio": 1.0482159528289468,
              "peak_velocity_deg": 1.7360848984893922
            },
            {
              "start_frame": 124,
              "endpoint_distance_deg": 4.151103721840311,
              "path_distance_deg": 4.803474999955066,
              "path_to_endpoint_ratio": 1.1571561015646072,
              "peak_velocity_deg": 1.4534133083682983
            },
            {
              "start_frame": 54,
              "endpoint_distance_deg": 3.1748679810960962,
              "path_distance_deg": 4.614789443605907,
              "path_to_endpoint_ratio": 1.453537429298931,
              "peak_velocity_deg": 1.0693169753364011
            },
            {
              "start_frame": 44,
              "endpoint_distance_deg": 4.399422951166475,
              "path_distance_deg": 4.407093515522206,
              "path_to_endpoint_ratio": 1.0017435387415292,
              "peak_velocity_deg": 1.3476206405837237
            },
            {
              "start_frame": 34,
              "endpoint_distance_deg": 3.632377883235852,
              "path_distance_deg": 3.694856303439292,
              "path_to_endpoint_ratio": 1.0172004186270902,
              "peak_velocity_deg": 1.438512083240608
            },
            {
              "start_frame": 74,
              "endpoint_distance_deg": 2.422527124540849,
              "path_distance_deg": 3.5078048448071097,
              "path_to_endpoint_ratio": 1.447994042779586,
              "peak_velocity_deg": 0.9711044479948424
            },
            {
              "start_frame": 64,
              "endpoint_distance_deg": 1.6061687482723075,
              "path_distance_deg": 3.460171812474699,
              "path_to_endpoint_ratio": 2.1543015428463974,
              "peak_velocity_deg": 0.825260264908494
            },
            {
              "start_frame": 134,
              "endpoint_distance_deg": 1.6986884426077955,
              "path_distance_deg": 3.016810911320423,
              "path_to_endpoint_ratio": 1.7759648182977392,
              "peak_velocity_deg": 0.6818259045525299
            },
            {
              "start_frame": 204,
              "endpoint_distance_deg": 1.7378226048603564,
              "path_distance_deg": 2.8866632438985094,
              "path_to_endpoint_ratio": 1.6610805014419,
              "peak_velocity_deg": 0.8310731439958644
            },
            {
              "start_frame": 114,
              "endpoint_distance_deg": 1.487116998852566,
              "path_distance_deg": 2.33196969431545,
              "path_to_endpoint_ratio": 1.568114476611294,
              "peak_velocity_deg": 0.6061414895985703
            },
            {
              "start_frame": 184,
              "endpoint_distance_deg": 1.5450132942476011,
              "path_distance_deg": 2.2046011248391197,
              "path_to_endpoint_ratio": 1.4269140162400533,
              "peak_velocity_deg": 0.7283219905655031
            },
            {
              "start_frame": 104,
              "endpoint_distance_deg": 1.0885761858884757,
              "path_distance_deg": 1.5669535465955273,
              "path_to_endpoint_ratio": 1.4394523478543755,
              "peak_velocity_deg": 0.7036356030647405
            },
            {
              "start_frame": 174,
              "endpoint_distance_deg": 1.3874698578287434,
              "path_distance_deg": 1.4315396965295146,
              "path_to_endpoint_ratio": 1.0317627359269168,
              "peak_velocity_deg": 0.40135819734512596
            },
            {
              "start_frame": 214,
              "endpoint_distance_deg": 0.2874196529805903,
              "path_distance_deg": 1.129189136216017,
              "path_to_endpoint_ratio": 3.9287123357993616,
              "peak_velocity_deg": 0.39328118622051444
            },
            {
              "start_frame": 194,
              "endpoint_distance_deg": 1.0615078139013918,
              "path_distance_deg": 1.1047910709860984,
              "path_to_endpoint_ratio": 1.0407752599819555,
              "peak_velocity_deg": 0.20199850528359223
            },
            {
              "start_frame": 94,
              "endpoint_distance_deg": 0.9960421102535112,
              "path_distance_deg": 1.0713660935313676,
              "path_to_endpoint_ratio": 1.0756232919295803,
              "peak_velocity_deg": 0.32033723207676146
            },
            {
              "start_frame": 84,
              "endpoint_distance_deg": 0.6058801428751162,
              "path_distance_deg": 0.9789640025060387,
              "path_to_endpoint_ratio": 1.6157717232000826,
              "peak_velocity_deg": 0.3475068319373756
            }
          ],
          "boundary_blocks_by_peak": [
            {
              "start_frame": 154,
              "end_frame": 160,
              "entry_jump_deg": 0.16976066603301065,
              "path_distance_deg": 13.756539444105492,
              "endpoint_distance_deg": 13.358977201722421,
              "path_to_endpoint_ratio": 1.0297599311968144,
              "peak_velocity_deg": 4.24523793659458
            },
            {
              "start_frame": 164,
              "end_frame": 170,
              "entry_jump_deg": 2.078464519640505,
              "path_distance_deg": 9.464864182462941,
              "endpoint_distance_deg": 8.265009405164204,
              "path_to_endpoint_ratio": 1.1451728266091308,
              "peak_velocity_deg": 2.1783556714622776
            },
            {
              "start_frame": 144,
              "end_frame": 150,
              "entry_jump_deg": 0.5740573971817792,
              "path_distance_deg": 6.239895165621033,
              "endpoint_distance_deg": 4.928290880642168,
              "path_to_endpoint_ratio": 1.2661377578443505,
              "peak_velocity_deg": 1.7360848984893922
            },
            {
              "start_frame": 134,
              "end_frame": 140,
              "entry_jump_deg": 1.5517614163328086,
              "path_distance_deg": 4.568572327653232,
              "endpoint_distance_deg": 1.6984676594969634,
              "path_to_endpoint_ratio": 2.689820028134248,
              "peak_velocity_deg": 1.5517614163328086
            },
            {
              "start_frame": 124,
              "end_frame": 130,
              "entry_jump_deg": 0.3388372644830962,
              "path_distance_deg": 5.142312264438162,
              "endpoint_distance_deg": 3.91143392103202,
              "path_to_endpoint_ratio": 1.3146872395792328,
              "peak_velocity_deg": 1.4534133083682983
            },
            {
              "start_frame": 34,
              "end_frame": 40,
              "entry_jump_deg": 0.8950156067667556,
              "path_distance_deg": 4.589871910206048,
              "endpoint_distance_deg": 2.737608987380245,
              "path_to_endpoint_ratio": 1.676598787980429,
              "peak_velocity_deg": 1.438512083240608
            },
            {
              "start_frame": 44,
              "end_frame": 50,
              "entry_jump_deg": 0.3546470219073878,
              "path_distance_deg": 4.761740537429594,
              "endpoint_distance_deg": 4.057877038317064,
              "path_to_endpoint_ratio": 1.1734560935351668,
              "peak_velocity_deg": 1.3476206405837237
            },
            {
              "start_frame": 54,
              "end_frame": 60,
              "entry_jump_deg": 1.1706481620885507,
              "path_distance_deg": 5.785437605694457,
              "endpoint_distance_deg": 2.0958013108018276,
              "path_to_endpoint_ratio": 2.7604895444411284,
              "peak_velocity_deg": 1.1706481620885507
            },
            {
              "start_frame": 74,
              "end_frame": 80,
              "entry_jump_deg": 0.20144437244353003,
              "path_distance_deg": 3.7092492172506404,
              "endpoint_distance_deg": 2.606741534191854,
              "path_to_endpoint_ratio": 1.4229447640272428,
              "peak_velocity_deg": 0.9711044479948424
            },
            {
              "start_frame": 204,
              "end_frame": 210,
              "entry_jump_deg": 0.8676922133510057,
              "path_distance_deg": 3.754355457249515,
              "endpoint_distance_deg": 2.5773097109684313,
              "path_to_endpoint_ratio": 1.456695499680093,
              "peak_velocity_deg": 0.8676922133510057
            },
            {
              "start_frame": 64,
              "end_frame": 70,
              "entry_jump_deg": 0.21654628018769095,
              "path_distance_deg": 3.67671809266239,
              "endpoint_distance_deg": 1.4250843680979404,
              "path_to_endpoint_ratio": 2.5800002968032723,
              "peak_velocity_deg": 0.825260264908494
            },
            {
              "start_frame": 194,
              "end_frame": 200,
              "entry_jump_deg": 0.797858396500966,
              "path_distance_deg": 1.9026494674870644,
              "endpoint_distance_deg": 1.5563924572404955,
              "path_to_endpoint_ratio": 1.222474099405806,
              "peak_velocity_deg": 0.797858396500966
            },
            {
              "start_frame": 184,
              "end_frame": 190,
              "entry_jump_deg": 0.26570077591212443,
              "path_distance_deg": 2.470301900751244,
              "endpoint_distance_deg": 1.3099057215874303,
              "path_to_endpoint_ratio": 1.88586236401622,
              "peak_velocity_deg": 0.7283219905655031
            },
            {
              "start_frame": 104,
              "end_frame": 110,
              "entry_jump_deg": 0.2381845122500634,
              "path_distance_deg": 1.8051380588455905,
              "endpoint_distance_deg": 1.261565450158906,
              "path_to_endpoint_ratio": 1.4308715085834163,
              "peak_velocity_deg": 0.7036356030647405
            },
            {
              "start_frame": 114,
              "end_frame": 120,
              "entry_jump_deg": 0.2033392909699794,
              "path_distance_deg": 2.535308985285429,
              "endpoint_distance_deg": 1.3342096242576658,
              "path_to_endpoint_ratio": 1.9002328713496104,
              "peak_velocity_deg": 0.6061414895985703
            },
            {
              "start_frame": 214,
              "end_frame": 220,
              "entry_jump_deg": 0.42209829384295217,
              "path_distance_deg": 1.5512874300589692,
              "endpoint_distance_deg": 0.6230550417293479,
              "path_to_endpoint_ratio": 2.489808004367038,
              "peak_velocity_deg": 0.42209829384295217
            },
            {
              "start_frame": 174,
              "end_frame": 180,
              "entry_jump_deg": 0.015297301473770097,
              "path_distance_deg": 1.446836998003285,
              "endpoint_distance_deg": 1.3907173796415009,
              "path_to_endpoint_ratio": 1.0403529999576553,
              "peak_velocity_deg": 0.40135819734512596
            },
            {
              "start_frame": 94,
              "end_frame": 100,
              "entry_jump_deg": 0.3555424088422089,
              "path_distance_deg": 1.4269085023735764,
              "endpoint_distance_deg": 1.1620421573972355,
              "path_to_endpoint_ratio": 1.2279317865451573,
              "peak_velocity_deg": 0.3555424088422089
            },
            {
              "start_frame": 84,
              "end_frame": 90,
              "entry_jump_deg": 0.21833640285234185,
              "path_distance_deg": 1.1973004053583804,
              "endpoint_distance_deg": 0.823835272498931,
              "path_to_endpoint_ratio": 1.4533250096546868,
              "peak_velocity_deg": 0.3475068319373756
            }
          ]
        },
        "ground_truth": {
          "order": "XYZ",
          "excursion_p90_deg": 4.380206125086077,
          "excursion_max_deg": 6.06116139405237,
          "velocity_rms_deg_per_frame": 0.48471934153364155,
          "velocity_p95_deg_per_frame": 0.8892629133932514,
          "velocity_max_deg_per_frame": 1.645960048844323,
          "euler_axis_step_p95_deg": [
            9.999999974752427e-07,
            0.6791610999999957,
            0.7701866000000078
          ],
          "top_velocity_transitions": [
            {
              "from_frame": 215,
              "to_frame": 216,
              "velocity_deg": 1.645960048844323,
              "new_block_offset": 2,
              "inside_release_blend": true
            },
            {
              "from_frame": 52,
              "to_frame": 53,
              "velocity_deg": 1.3681277572740151,
              "new_block_offset": 9,
              "inside_release_blend": false
            },
            {
              "from_frame": 214,
              "to_frame": 215,
              "velocity_deg": 1.3133124209833136,
              "new_block_offset": 1,
              "inside_release_blend": true
            },
            {
              "from_frame": 53,
              "to_frame": 54,
              "velocity_deg": 1.2662864521527943,
              "new_block_offset": 0,
              "inside_release_blend": true
            },
            {
              "from_frame": 54,
              "to_frame": 55,
              "velocity_deg": 1.208857873414806,
              "new_block_offset": 1,
              "inside_release_blend": true
            },
            {
              "from_frame": 86,
              "to_frame": 87,
              "velocity_deg": 1.1278324251193554,
              "new_block_offset": 3,
              "inside_release_blend": true
            },
            {
              "from_frame": 83,
              "to_frame": 84,
              "velocity_deg": 1.0447925119343764,
              "new_block_offset": 0,
              "inside_release_blend": true
            },
            {
              "from_frame": 199,
              "to_frame": 200,
              "velocity_deg": 0.977966922778374,
              "new_block_offset": 6,
              "inside_release_blend": false
            },
            {
              "from_frame": 43,
              "to_frame": 44,
              "velocity_deg": 0.9761500682960631,
              "new_block_offset": 0,
              "inside_release_blend": true
            },
            {
              "from_frame": 73,
              "to_frame": 74,
              "velocity_deg": 0.9291795979438996,
              "new_block_offset": 0,
              "inside_release_blend": true
            },
            {
              "from_frame": 42,
              "to_frame": 43,
              "velocity_deg": 0.9117769354546362,
              "new_block_offset": 9,
              "inside_release_blend": false
            },
            {
              "from_frame": 44,
              "to_frame": 45,
              "velocity_deg": 0.8902633622153642,
              "new_block_offset": 1,
              "inside_release_blend": true
            }
          ],
          "release_blend_blocks_by_path": [
            {
              "start_frame": 214,
              "endpoint_distance_deg": 3.1536661128749564,
              "path_distance_deg": 4.617188476818273,
              "path_to_endpoint_ratio": 1.4640701683568955,
              "peak_velocity_deg": 1.645960048844323
            },
            {
              "start_frame": 84,
              "endpoint_distance_deg": 3.5059411526943283,
              "path_distance_deg": 4.213856803475753,
              "path_to_endpoint_ratio": 1.2019188628529573,
              "peak_velocity_deg": 1.1278324251193554
            },
            {
              "start_frame": 144,
              "endpoint_distance_deg": 2.2758260287059335,
              "path_distance_deg": 3.7771613979181695,
              "path_to_endpoint_ratio": 1.6596881089658317,
              "peak_velocity_deg": 0.7827373219790165
            },
            {
              "start_frame": 194,
              "endpoint_distance_deg": 1.3636348068410205,
              "path_distance_deg": 3.095668849984745,
              "path_to_endpoint_ratio": 2.270159748383171,
              "peak_velocity_deg": 0.977966922778374
            },
            {
              "start_frame": 54,
              "endpoint_distance_deg": 0.8996055551613928,
              "path_distance_deg": 2.9757659227523843,
              "path_to_endpoint_ratio": 3.30785632178374,
              "peak_velocity_deg": 1.208857873414806
            },
            {
              "start_frame": 44,
              "endpoint_distance_deg": 1.598020592517827,
              "path_distance_deg": 2.2802242833685704,
              "path_to_endpoint_ratio": 1.4269054441757032,
              "peak_velocity_deg": 0.8902633622153642
            },
            {
              "start_frame": 114,
              "endpoint_distance_deg": 0.5388941598375663,
              "path_distance_deg": 2.238058660832021,
              "path_to_endpoint_ratio": 4.153057924225079,
              "peak_velocity_deg": 0.850716163305523
            },
            {
              "start_frame": 134,
              "endpoint_distance_deg": 0.39412590140799214,
              "path_distance_deg": 2.1113127920706036,
              "path_to_endpoint_ratio": 5.356950112966593,
              "peak_velocity_deg": 0.8687360550238395
            },
            {
              "start_frame": 124,
              "endpoint_distance_deg": 0.9711731211299621,
              "path_distance_deg": 1.970077724964342,
              "path_to_endpoint_ratio": 2.0285546233735876,
              "peak_velocity_deg": 0.8802588739942385
            },
            {
              "start_frame": 74,
              "endpoint_distance_deg": 1.0039263849057782,
              "path_distance_deg": 1.831476495851528,
              "path_to_endpoint_ratio": 1.8243135387097311,
              "peak_velocity_deg": 0.5939364139505529
            },
            {
              "start_frame": 174,
              "endpoint_distance_deg": 0.9668015404327661,
              "path_distance_deg": 1.8263558110419558,
              "path_to_endpoint_ratio": 1.8890700259170359,
              "peak_velocity_deg": 0.5886030621531236
            },
            {
              "start_frame": 204,
              "endpoint_distance_deg": 1.7266850292803497,
              "path_distance_deg": 1.8003939896473442,
              "path_to_endpoint_ratio": 1.0426881331088595,
              "peak_velocity_deg": 0.7154878969735233
            },
            {
              "start_frame": 164,
              "endpoint_distance_deg": 1.4412770216527861,
              "path_distance_deg": 1.740677442416918,
              "path_to_endpoint_ratio": 1.2077327371949593,
              "peak_velocity_deg": 0.4965487679232839
            },
            {
              "start_frame": 184,
              "endpoint_distance_deg": 1.0632772845796865,
              "path_distance_deg": 1.6104136288512354,
              "path_to_endpoint_ratio": 1.5145754096381658,
              "peak_velocity_deg": 0.5275865538127097
            },
            {
              "start_frame": 34,
              "endpoint_distance_deg": 1.4760389846022615,
              "path_distance_deg": 1.5941301297009052,
              "path_to_endpoint_ratio": 1.0800054377496437,
              "peak_velocity_deg": 0.4727932468556319
            },
            {
              "start_frame": 104,
              "endpoint_distance_deg": 0.8937359143845546,
              "path_distance_deg": 1.585246961538228,
              "path_to_endpoint_ratio": 1.7737308482560674,
              "peak_velocity_deg": 0.42608153058321835
            },
            {
              "start_frame": 94,
              "endpoint_distance_deg": 0.15342694921256742,
              "path_distance_deg": 1.1169596775107296,
              "path_to_endpoint_ratio": 7.280074871092059,
              "peak_velocity_deg": 0.22778263185302797
            },
            {
              "start_frame": 154,
              "endpoint_distance_deg": 0.8175396752442514,
              "path_distance_deg": 1.0378565615147677,
              "path_to_endpoint_ratio": 1.2694876994253441,
              "peak_velocity_deg": 0.36561113429221326
            },
            {
              "start_frame": 64,
              "endpoint_distance_deg": 0.1850668368648023,
              "path_distance_deg": 0.3632579278800895,
              "path_to_endpoint_ratio": 1.9628472287850358,
              "peak_velocity_deg": 0.08340108250007901
            }
          ],
          "boundary_blocks_by_peak": [
            {
              "start_frame": 214,
              "end_frame": 220,
              "entry_jump_deg": 0.4134956919529549,
              "path_distance_deg": 5.030684168771227,
              "endpoint_distance_deg": 3.55454424973517,
              "path_to_endpoint_ratio": 1.4152824709232517,
              "peak_velocity_deg": 1.645960048844323
            },
            {
              "start_frame": 54,
              "end_frame": 60,
              "entry_jump_deg": 1.2662864521527943,
              "path_distance_deg": 4.242052374905179,
              "endpoint_distance_deg": 1.080813004443918,
              "path_to_endpoint_ratio": 3.924871700713603,
              "peak_velocity_deg": 1.2662864521527943
            },
            {
              "start_frame": 84,
              "end_frame": 90,
              "entry_jump_deg": 1.0447925119343764,
              "path_distance_deg": 5.25864931541013,
              "endpoint_distance_deg": 2.4613678939120875,
              "path_to_endpoint_ratio": 2.1364743273107605,
              "peak_velocity_deg": 1.1278324251193554
            },
            {
              "start_frame": 194,
              "end_frame": 200,
              "entry_jump_deg": 0.6526169781797346,
              "path_distance_deg": 3.74828582816448,
              "endpoint_distance_deg": 1.081535041892111,
              "path_to_endpoint_ratio": 3.465709092150148,
              "peak_velocity_deg": 0.977966922778374
            },
            {
              "start_frame": 44,
              "end_frame": 50,
              "entry_jump_deg": 0.9761500682960631,
              "path_distance_deg": 3.2563743516646335,
              "endpoint_distance_deg": 2.562950708590529,
              "path_to_endpoint_ratio": 1.2705567612946587,
              "peak_velocity_deg": 0.9761500682960631
            },
            {
              "start_frame": 74,
              "end_frame": 80,
              "entry_jump_deg": 0.9291795979438996,
              "path_distance_deg": 2.7606560937954274,
              "endpoint_distance_deg": 1.4651515219999471,
              "path_to_endpoint_ratio": 1.8842120097088,
              "peak_velocity_deg": 0.9291795979438996
            },
            {
              "start_frame": 124,
              "end_frame": 130,
              "entry_jump_deg": 0.7759525468695154,
              "path_distance_deg": 2.7460302718338574,
              "endpoint_distance_deg": 1.4849830262673644,
              "path_to_endpoint_ratio": 1.8491997708123615,
              "peak_velocity_deg": 0.8802588739942385
            },
            {
              "start_frame": 134,
              "end_frame": 140,
              "entry_jump_deg": 0.08662488069909008,
              "path_distance_deg": 2.1979376727696938,
              "endpoint_distance_deg": 0.3111165486105761,
              "path_to_endpoint_ratio": 7.064676188346534,
              "peak_velocity_deg": 0.8687360550238395
            },
            {
              "start_frame": 114,
              "end_frame": 120,
              "entry_jump_deg": 0.17575980756945708,
              "path_distance_deg": 2.4138184684014785,
              "endpoint_distance_deg": 0.36527062182325776,
              "path_to_endpoint_ratio": 6.60830169246254,
              "peak_velocity_deg": 0.850716163305523
            },
            {
              "start_frame": 144,
              "end_frame": 150,
              "entry_jump_deg": 0.2181597637478439,
              "path_distance_deg": 3.9953211616660136,
              "endpoint_distance_deg": 2.4282386417711375,
              "path_to_endpoint_ratio": 1.645357706173335,
              "peak_velocity_deg": 0.7827373219790165
            },
            {
              "start_frame": 204,
              "end_frame": 210,
              "entry_jump_deg": 0.4247574515269394,
              "path_distance_deg": 2.2251514411742837,
              "endpoint_distance_deg": 2.1470742449953852,
              "path_to_endpoint_ratio": 1.036364460316586,
              "peak_velocity_deg": 0.7154878969735233
            },
            {
              "start_frame": 34,
              "end_frame": 40,
              "entry_jump_deg": 0.6147070275440797,
              "path_distance_deg": 2.208837157244985,
              "endpoint_distance_deg": 1.661081811962403,
              "path_to_endpoint_ratio": 1.3297581981440538,
              "peak_velocity_deg": 0.6147070275440797
            },
            {
              "start_frame": 174,
              "end_frame": 180,
              "entry_jump_deg": 0.2336660473652985,
              "path_distance_deg": 2.060021858407254,
              "endpoint_distance_deg": 0.7745848413787514,
              "path_to_endpoint_ratio": 2.6595173935245633,
              "peak_velocity_deg": 0.5886030621531236
            },
            {
              "start_frame": 184,
              "end_frame": 190,
              "entry_jump_deg": 0.3301597201385744,
              "path_distance_deg": 1.94057334898981,
              "endpoint_distance_deg": 1.3326368430355122,
              "path_to_endpoint_ratio": 1.4561906787520038,
              "peak_velocity_deg": 0.5275865538127097
            },
            {
              "start_frame": 164,
              "end_frame": 170,
              "entry_jump_deg": 0.2622982711440907,
              "path_distance_deg": 2.0029757135610087,
              "endpoint_distance_deg": 1.6530717311146925,
              "path_to_endpoint_ratio": 1.2116689650305559,
              "peak_velocity_deg": 0.4965487679232839
            },
            {
              "start_frame": 104,
              "end_frame": 110,
              "entry_jump_deg": 0.45656444669904905,
              "path_distance_deg": 2.041811408237277,
              "endpoint_distance_deg": 0.8121952689027235,
              "path_to_endpoint_ratio": 2.5139415192552965,
              "peak_velocity_deg": 0.45656444669904905
            },
            {
              "start_frame": 154,
              "end_frame": 160,
              "entry_jump_deg": 0.42162255824498424,
              "path_distance_deg": 1.459479119759752,
              "endpoint_distance_deg": 1.2388611952929438,
              "path_to_endpoint_ratio": 1.178081229200694,
              "peak_velocity_deg": 0.42162255824498424
            },
            {
              "start_frame": 94,
              "end_frame": 100,
              "entry_jump_deg": 0.3171379340183532,
              "path_distance_deg": 1.4340976115290829,
              "endpoint_distance_deg": 0.4320677552268057,
              "path_to_endpoint_ratio": 3.319149818935877,
              "peak_velocity_deg": 0.3171379340183532
            },
            {
              "start_frame": 64,
              "end_frame": 70,
              "entry_jump_deg": 0.16580081664877333,
              "path_distance_deg": 0.5290587445288628,
              "endpoint_distance_deg": 0.1861056796360213,
              "path_to_endpoint_ratio": 2.842786665960849,
              "peak_velocity_deg": 0.16580081664877333
            }
          ]
        },
        "ratios": {
          "excursion_p90": 0.8089395600712167,
          "velocity_rms": 1.5988481135369972,
          "velocity_p95": 1.7704245429326442
        }
      },
      "RightArm": {
        "prediction": {
          "order": "XYZ",
          "excursion_p90_deg": 31.149477118987708,
          "excursion_max_deg": 66.68934359627416,
          "velocity_rms_deg_per_frame": 6.684480925799473,
          "velocity_p95_deg_per_frame": 14.141458290220902,
          "velocity_max_deg_per_frame": 23.454246657190414,
          "euler_axis_step_p95_deg": [
            11.32751619999999,
            6.931355099999994,
            3.9819418000000097
          ],
          "top_velocity_transitions": [
            {
              "from_frame": 155,
              "to_frame": 156,
              "velocity_deg": 23.454246657190414,
              "new_block_offset": 2,
              "inside_release_blend": true
            },
            {
              "from_frame": 156,
              "to_frame": 157,
              "velocity_deg": 23.058130384198154,
              "new_block_offset": 3,
              "inside_release_blend": true
            },
            {
              "from_frame": 136,
              "to_frame": 137,
              "velocity_deg": 22.247123884826067,
              "new_block_offset": 3,
              "inside_release_blend": true
            },
            {
              "from_frame": 135,
              "to_frame": 136,
              "velocity_deg": 22.24711745610473,
              "new_block_offset": 2,
              "inside_release_blend": true
            },
            {
              "from_frame": 132,
              "to_frame": 133,
              "velocity_deg": 19.557895277885905,
              "new_block_offset": 9,
              "inside_release_blend": false
            },
            {
              "from_frame": 133,
              "to_frame": 134,
              "velocity_deg": 19.557884548351097,
              "new_block_offset": 0,
              "inside_release_blend": true
            },
            {
              "from_frame": 163,
              "to_frame": 164,
              "velocity_deg": 17.695154802345535,
              "new_block_offset": 0,
              "inside_release_blend": true
            },
            {
              "from_frame": 162,
              "to_frame": 163,
              "velocity_deg": 17.69515450269715,
              "new_block_offset": 9,
              "inside_release_blend": false
            },
            {
              "from_frame": 106,
              "to_frame": 107,
              "velocity_deg": 16.08162280392981,
              "new_block_offset": 3,
              "inside_release_blend": true
            },
            {
              "from_frame": 105,
              "to_frame": 106,
              "velocity_deg": 14.563086634686911,
              "new_block_offset": 2,
              "inside_release_blend": true
            },
            {
              "from_frame": 161,
              "to_frame": 162,
              "velocity_deg": 14.31982086506703,
              "new_block_offset": 8,
              "inside_release_blend": false
            },
            {
              "from_frame": 165,
              "to_frame": 166,
              "velocity_deg": 14.22003885081363,
              "new_block_offset": 2,
              "inside_release_blend": true
            }
          ],
          "release_blend_blocks_by_path": [
            {
              "start_frame": 154,
              "endpoint_distance_deg": 56.7465418998695,
              "path_distance_deg": 85.1705945284772,
              "path_to_endpoint_ratio": 1.5008948858727384,
              "peak_velocity_deg": 23.454246657190414
            },
            {
              "start_frame": 134,
              "endpoint_distance_deg": 62.90756199277987,
              "path_distance_deg": 68.2670271143889,
              "path_to_endpoint_ratio": 1.085195880301706,
              "peak_velocity_deg": 22.247123884826067
            },
            {
              "start_frame": 104,
              "endpoint_distance_deg": 59.96820164870897,
              "path_distance_deg": 60.16210017297861,
              "path_to_endpoint_ratio": 1.0032333556608133,
              "peak_velocity_deg": 16.08162280392981
            },
            {
              "start_frame": 164,
              "endpoint_distance_deg": 32.75452423933304,
              "path_distance_deg": 56.91942539359519,
              "path_to_endpoint_ratio": 1.737757659909586,
              "peak_velocity_deg": 14.22003885081363
            },
            {
              "start_frame": 124,
              "endpoint_distance_deg": 34.75947538290706,
              "path_distance_deg": 46.61110983359776,
              "path_to_endpoint_ratio": 1.340961257905484,
              "peak_velocity_deg": 13.434233244886528
            },
            {
              "start_frame": 54,
              "endpoint_distance_deg": 27.617643894181167,
              "path_distance_deg": 45.98485293135391,
              "path_to_endpoint_ratio": 1.665053438575279,
              "peak_velocity_deg": 11.941741740170288
            },
            {
              "start_frame": 34,
              "endpoint_distance_deg": 38.83581137092688,
              "path_distance_deg": 41.98888145924479,
              "path_to_endpoint_ratio": 1.0811897570055236,
              "peak_velocity_deg": 11.175986671968662
            },
            {
              "start_frame": 184,
              "endpoint_distance_deg": 37.8196050941902,
              "path_distance_deg": 37.95172907827879,
              "path_to_endpoint_ratio": 1.0034935315627842,
              "peak_velocity_deg": 8.562557619470887
            },
            {
              "start_frame": 114,
              "endpoint_distance_deg": 32.142305845064776,
              "path_distance_deg": 33.017084833014096,
              "path_to_endpoint_ratio": 1.0272158130834175,
              "peak_velocity_deg": 9.083431042146366
            },
            {
              "start_frame": 64,
              "endpoint_distance_deg": 24.204674726806125,
              "path_distance_deg": 29.84345326766283,
              "path_to_endpoint_ratio": 1.2329623762558515,
              "peak_velocity_deg": 8.663968834200821
            },
            {
              "start_frame": 84,
              "endpoint_distance_deg": 10.021438525199995,
              "path_distance_deg": 29.248870154638116,
              "path_to_endpoint_ratio": 2.918629903390482,
              "peak_velocity_deg": 6.339005314560741
            },
            {
              "start_frame": 144,
              "endpoint_distance_deg": 26.6264585035583,
              "path_distance_deg": 28.885660123833002,
              "path_to_endpoint_ratio": 1.0848479950862706,
              "peak_velocity_deg": 8.508733733993346
            },
            {
              "start_frame": 214,
              "endpoint_distance_deg": 17.462082669783012,
              "path_distance_deg": 28.868986567559105,
              "path_to_endpoint_ratio": 1.6532384546268923,
              "peak_velocity_deg": 7.685870686331876
            },
            {
              "start_frame": 204,
              "endpoint_distance_deg": 25.37905562490655,
              "path_distance_deg": 28.84555367605708,
              "path_to_endpoint_ratio": 1.1365889299579994,
              "peak_velocity_deg": 6.563390733883097
            },
            {
              "start_frame": 44,
              "endpoint_distance_deg": 15.01173412146398,
              "path_distance_deg": 28.756374442400194,
              "path_to_endpoint_ratio": 1.9155931093453047,
              "peak_velocity_deg": 6.779179495343801
            },
            {
              "start_frame": 194,
              "endpoint_distance_deg": 25.987115695616346,
              "path_distance_deg": 27.163754934625835,
              "path_to_endpoint_ratio": 1.045277792764357,
              "peak_velocity_deg": 8.868355873478768
            },
            {
              "start_frame": 74,
              "endpoint_distance_deg": 3.9906986757506298,
              "path_distance_deg": 18.352586200897836,
              "path_to_endpoint_ratio": 4.598840376602929,
              "peak_velocity_deg": 4.485934868971975
            },
            {
              "start_frame": 174,
              "endpoint_distance_deg": 11.397822711748383,
              "path_distance_deg": 15.05678194770023,
              "path_to_endpoint_ratio": 1.321022648666078,
              "peak_velocity_deg": 3.9964348261608884
            },
            {
              "start_frame": 94,
              "endpoint_distance_deg": 8.587457389987922,
              "path_distance_deg": 10.831877561831107,
              "path_to_endpoint_ratio": 1.261360268810177,
              "peak_velocity_deg": 2.669699271776635
            }
          ],
          "boundary_blocks_by_peak": [
            {
              "start_frame": 154,
              "end_frame": 160,
              "entry_jump_deg": 1.9835638853404267,
              "path_distance_deg": 87.15415841381763,
              "endpoint_distance_deg": 58.318602507490375,
              "path_to_endpoint_ratio": 1.494448677891821,
              "peak_velocity_deg": 23.454246657190414
            },
            {
              "start_frame": 134,
              "end_frame": 140,
              "entry_jump_deg": 19.557884548351097,
              "path_distance_deg": 87.82491166273999,
              "endpoint_distance_deg": 43.68100098284908,
              "path_to_endpoint_ratio": 2.0105975066190354,
              "peak_velocity_deg": 22.247123884826067
            },
            {
              "start_frame": 164,
              "end_frame": 170,
              "entry_jump_deg": 17.695154802345535,
              "path_distance_deg": 74.61458019594073,
              "endpoint_distance_deg": 44.26605212324346,
              "path_to_endpoint_ratio": 1.685593736441694,
              "peak_velocity_deg": 17.695154802345535
            },
            {
              "start_frame": 104,
              "end_frame": 110,
              "entry_jump_deg": 1.224818167909425,
              "path_distance_deg": 61.38691834088803,
              "endpoint_distance_deg": 59.66570535535805,
              "path_to_endpoint_ratio": 1.0288476097831871,
              "peak_velocity_deg": 16.08162280392981
            },
            {
              "start_frame": 124,
              "end_frame": 130,
              "entry_jump_deg": 5.448408056579522,
              "path_distance_deg": 52.05951789017728,
              "endpoint_distance_deg": 34.54147199600002,
              "path_to_endpoint_ratio": 1.507159796091084,
              "peak_velocity_deg": 13.434233244886528
            },
            {
              "start_frame": 54,
              "end_frame": 60,
              "entry_jump_deg": 7.115822126383855,
              "path_distance_deg": 53.100675057737774,
              "endpoint_distance_deg": 21.01052584176595,
              "path_to_endpoint_ratio": 2.527336795739836,
              "peak_velocity_deg": 11.941741740170288
            },
            {
              "start_frame": 34,
              "end_frame": 40,
              "entry_jump_deg": 6.703761792325221,
              "path_distance_deg": 48.69264325157,
              "endpoint_distance_deg": 33.2934211979242,
              "path_to_endpoint_ratio": 1.4625304789826141,
              "peak_velocity_deg": 11.175986671968662
            },
            {
              "start_frame": 114,
              "end_frame": 120,
              "entry_jump_deg": 2.2069275785896822,
              "path_distance_deg": 35.22401241160377,
              "endpoint_distance_deg": 30.268799133367402,
              "path_to_endpoint_ratio": 1.1637069662527144,
              "peak_velocity_deg": 9.083431042146366
            },
            {
              "start_frame": 194,
              "end_frame": 200,
              "entry_jump_deg": 5.346100923730502,
              "path_distance_deg": 32.50985585835633,
              "endpoint_distance_deg": 20.669083316158535,
              "path_to_endpoint_ratio": 1.5728736181028888,
              "peak_velocity_deg": 8.868355873478768
            },
            {
              "start_frame": 64,
              "end_frame": 70,
              "entry_jump_deg": 0.9514457814887878,
              "path_distance_deg": 30.794899049151617,
              "endpoint_distance_deg": 24.278131377283508,
              "path_to_endpoint_ratio": 1.2684213035425658,
              "peak_velocity_deg": 8.663968834200821
            },
            {
              "start_frame": 184,
              "end_frame": 190,
              "entry_jump_deg": 1.035997852642313,
              "path_distance_deg": 38.987726930921106,
              "endpoint_distance_deg": 38.409755958660014,
              "path_to_endpoint_ratio": 1.0150475044122425,
              "peak_velocity_deg": 8.562557619470887
            },
            {
              "start_frame": 144,
              "end_frame": 150,
              "entry_jump_deg": 5.161585667724231,
              "path_distance_deg": 34.04724579155723,
              "endpoint_distance_deg": 21.57222453540186,
              "path_to_endpoint_ratio": 1.5782909053112626,
              "peak_velocity_deg": 8.508733733993346
            },
            {
              "start_frame": 214,
              "end_frame": 220,
              "entry_jump_deg": 4.261552177263182,
              "path_distance_deg": 33.13053874482229,
              "endpoint_distance_deg": 14.636529130543707,
              "path_to_endpoint_ratio": 2.263551587219202,
              "peak_velocity_deg": 7.685870686331876
            },
            {
              "start_frame": 44,
              "end_frame": 50,
              "entry_jump_deg": 4.839785429953124,
              "path_distance_deg": 33.59615987235332,
              "endpoint_distance_deg": 10.816897707380978,
              "path_to_endpoint_ratio": 3.105896050900876,
              "peak_velocity_deg": 6.779179495343801
            },
            {
              "start_frame": 204,
              "end_frame": 210,
              "entry_jump_deg": 3.793828753162015,
              "path_distance_deg": 32.63938242921909,
              "endpoint_distance_deg": 28.539020417740165,
              "path_to_endpoint_ratio": 1.1436756395790688,
              "peak_velocity_deg": 6.563390733883097
            },
            {
              "start_frame": 84,
              "end_frame": 90,
              "entry_jump_deg": 3.318025294004189,
              "path_distance_deg": 32.566895448642306,
              "endpoint_distance_deg": 12.046591628110036,
              "path_to_endpoint_ratio": 2.703411591760885,
              "peak_velocity_deg": 6.339005314560741
            },
            {
              "start_frame": 74,
              "end_frame": 80,
              "entry_jump_deg": 1.5156793247200306,
              "path_distance_deg": 19.86826552561787,
              "endpoint_distance_deg": 5.45956508010653,
              "path_to_endpoint_ratio": 3.6391663500840967,
              "peak_velocity_deg": 4.485934868971975
            },
            {
              "start_frame": 174,
              "end_frame": 180,
              "entry_jump_deg": 1.7719012297347938,
              "path_distance_deg": 16.828683177435025,
              "endpoint_distance_deg": 10.17349048646161,
              "path_to_endpoint_ratio": 1.654170041229195,
              "peak_velocity_deg": 3.9964348261608884
            },
            {
              "start_frame": 94,
              "end_frame": 100,
              "entry_jump_deg": 3.2290863097272795,
              "path_distance_deg": 14.060963871558386,
              "endpoint_distance_deg": 9.995849793708878,
              "path_to_endpoint_ratio": 1.40668018845261,
              "peak_velocity_deg": 3.2290863097272795
            }
          ]
        },
        "ground_truth": {
          "order": "XYZ",
          "excursion_p90_deg": 44.50509833270315,
          "excursion_max_deg": 51.897657258364625,
          "velocity_rms_deg_per_frame": 5.391344610463227,
          "velocity_p95_deg_per_frame": 11.12660703832051,
          "velocity_max_deg_per_frame": 18.506939925102944,
          "euler_axis_step_p95_deg": [
            9.616519599999986,
            6.9777197999999885,
            7.137368199999988
          ],
          "top_velocity_transitions": [
            {
              "from_frame": 52,
              "to_frame": 53,
              "velocity_deg": 18.506939925102944,
              "new_block_offset": 9,
              "inside_release_blend": false
            },
            {
              "from_frame": 53,
              "to_frame": 54,
              "velocity_deg": 18.06886111804565,
              "new_block_offset": 0,
              "inside_release_blend": true
            },
            {
              "from_frame": 83,
              "to_frame": 84,
              "velocity_deg": 16.767083676149394,
              "new_block_offset": 0,
              "inside_release_blend": true
            },
            {
              "from_frame": 200,
              "to_frame": 201,
              "velocity_deg": 15.324573789200395,
              "new_block_offset": 7,
              "inside_release_blend": false
            },
            {
              "from_frame": 72,
              "to_frame": 73,
              "velocity_deg": 14.572449344567012,
              "new_block_offset": 9,
              "inside_release_blend": false
            },
            {
              "from_frame": 214,
              "to_frame": 215,
              "velocity_deg": 13.305534991591566,
              "new_block_offset": 1,
              "inside_release_blend": true
            },
            {
              "from_frame": 101,
              "to_frame": 102,
              "velocity_deg": 12.982714375322423,
              "new_block_offset": 8,
              "inside_release_blend": false
            },
            {
              "from_frame": 51,
              "to_frame": 52,
              "velocity_deg": 12.233752667160987,
              "new_block_offset": 8,
              "inside_release_blend": false
            },
            {
              "from_frame": 71,
              "to_frame": 72,
              "velocity_deg": 11.840769834620898,
              "new_block_offset": 8,
              "inside_release_blend": false
            },
            {
              "from_frame": 24,
              "to_frame": 25,
              "velocity_deg": 11.830874195369196,
              "new_block_offset": null,
              "inside_release_blend": false
            },
            {
              "from_frame": 201,
              "to_frame": 202,
              "velocity_deg": 11.360530637601048,
              "new_block_offset": 8,
              "inside_release_blend": false
            },
            {
              "from_frame": 213,
              "to_frame": 214,
              "velocity_deg": 11.163426136225477,
              "new_block_offset": 0,
              "inside_release_blend": true
            }
          ],
          "release_blend_blocks_by_path": [
            {
              "start_frame": 144,
              "endpoint_distance_deg": 38.75968579508479,
              "path_distance_deg": 48.15661975629746,
              "path_to_endpoint_ratio": 1.2424409220160477,
              "peak_velocity_deg": 10.795235157175885
            },
            {
              "start_frame": 214,
              "endpoint_distance_deg": 11.415385591973436,
              "path_distance_deg": 39.49217384201166,
              "path_to_endpoint_ratio": 3.4595567117575086,
              "peak_velocity_deg": 13.305534991591566
            },
            {
              "start_frame": 194,
              "endpoint_distance_deg": 10.318298700836731,
              "path_distance_deg": 36.098852017661805,
              "path_to_endpoint_ratio": 3.498527525156301,
              "peak_velocity_deg": 8.207049666814678
            },
            {
              "start_frame": 104,
              "endpoint_distance_deg": 24.539177766323586,
              "path_distance_deg": 32.32796298334368,
              "path_to_endpoint_ratio": 1.3174020454633593,
              "peak_velocity_deg": 7.7558536335964785
            },
            {
              "start_frame": 114,
              "endpoint_distance_deg": 7.640396599775308,
              "path_distance_deg": 26.62626060793643,
              "path_to_endpoint_ratio": 3.4849317388470995,
              "peak_velocity_deg": 9.272343615913059
            },
            {
              "start_frame": 84,
              "endpoint_distance_deg": 15.533548688531779,
              "path_distance_deg": 25.884117054807135,
              "path_to_endpoint_ratio": 1.6663363648460476,
              "peak_velocity_deg": 10.230001923022778
            },
            {
              "start_frame": 74,
              "endpoint_distance_deg": 10.540760005094754,
              "path_distance_deg": 25.59426955913575,
              "path_to_endpoint_ratio": 2.428123735552755,
              "peak_velocity_deg": 9.765184891415691
            },
            {
              "start_frame": 124,
              "endpoint_distance_deg": 6.106871052467991,
              "path_distance_deg": 21.59716280439337,
              "path_to_endpoint_ratio": 3.5365349323472675,
              "peak_velocity_deg": 6.8033722577923
            },
            {
              "start_frame": 34,
              "endpoint_distance_deg": 18.48783601461019,
              "path_distance_deg": 20.89000394387895,
              "path_to_endpoint_ratio": 1.1299323472671665,
              "peak_velocity_deg": 4.4881541995990775
            },
            {
              "start_frame": 134,
              "endpoint_distance_deg": 16.989252971408295,
              "path_distance_deg": 19.361404677094626,
              "path_to_endpoint_ratio": 1.139626604517485,
              "peak_velocity_deg": 8.39018870501737
            },
            {
              "start_frame": 54,
              "endpoint_distance_deg": 4.941335940762538,
              "path_distance_deg": 18.144259759967788,
              "path_to_endpoint_ratio": 3.6719340634767286,
              "peak_velocity_deg": 6.064855663713893
            },
            {
              "start_frame": 44,
              "endpoint_distance_deg": 12.334956793760714,
              "path_distance_deg": 15.703876912229655,
              "path_to_endpoint_ratio": 1.273119734004501,
              "peak_velocity_deg": 6.365715260219608
            },
            {
              "start_frame": 154,
              "endpoint_distance_deg": 8.345930384825632,
              "path_distance_deg": 14.458233083273875,
              "path_to_endpoint_ratio": 1.7323692406494886,
              "peak_velocity_deg": 2.922005569793854
            },
            {
              "start_frame": 164,
              "endpoint_distance_deg": 8.89758394578046,
              "path_distance_deg": 12.742789423922012,
              "path_to_endpoint_ratio": 1.4321628772005104,
              "peak_velocity_deg": 2.4092972964715558
            },
            {
              "start_frame": 204,
              "endpoint_distance_deg": 6.9164044865571634,
              "path_distance_deg": 11.964137695543233,
              "path_to_endpoint_ratio": 1.7298204173565797,
              "peak_velocity_deg": 2.890416678494227
            },
            {
              "start_frame": 184,
              "endpoint_distance_deg": 3.608365724057603,
              "path_distance_deg": 10.912560501310583,
              "path_to_endpoint_ratio": 3.0242390422219794,
              "peak_velocity_deg": 2.613968424646737
            },
            {
              "start_frame": 94,
              "endpoint_distance_deg": 4.581461649570991,
              "path_distance_deg": 9.677523657981173,
              "path_to_endpoint_ratio": 2.1123223106947493,
              "peak_velocity_deg": 2.279989266345255
            },
            {
              "start_frame": 174,
              "endpoint_distance_deg": 2.532056206288718,
              "path_distance_deg": 8.55820459927556,
              "path_to_endpoint_ratio": 3.3799425850105758,
              "peak_velocity_deg": 2.021334497413995
            },
            {
              "start_frame": 64,
              "endpoint_distance_deg": 1.2950634375307364,
              "path_distance_deg": 2.128790654269824,
              "path_to_endpoint_ratio": 1.643773264365129,
              "peak_velocity_deg": 0.7746560093166265
            }
          ],
          "boundary_blocks_by_peak": [
            {
              "start_frame": 54,
              "end_frame": 60,
              "entry_jump_deg": 18.06886111804565,
              "path_distance_deg": 36.21312087801344,
              "endpoint_distance_deg": 13.59555142959793,
              "path_to_endpoint_ratio": 2.6636007421645567,
              "peak_velocity_deg": 18.06886111804565
            },
            {
              "start_frame": 84,
              "end_frame": 90,
              "entry_jump_deg": 16.767083676149394,
              "path_distance_deg": 42.65120073095653,
              "endpoint_distance_deg": 18.123610571041745,
              "path_to_endpoint_ratio": 2.3533500989645764,
              "peak_velocity_deg": 16.767083676149394
            },
            {
              "start_frame": 214,
              "end_frame": 220,
              "entry_jump_deg": 11.163426136225477,
              "path_distance_deg": 50.65559997823713,
              "endpoint_distance_deg": 19.034691484691418,
              "path_to_endpoint_ratio": 2.6612251645358533,
              "peak_velocity_deg": 13.305534991591566
            },
            {
              "start_frame": 144,
              "end_frame": 150,
              "entry_jump_deg": 9.374847900106403,
              "path_distance_deg": 57.531467656403876,
              "endpoint_distance_deg": 47.1756028687294,
              "path_to_endpoint_ratio": 1.2195173809753033,
              "peak_velocity_deg": 10.795235157175885
            },
            {
              "start_frame": 74,
              "end_frame": 80,
              "entry_jump_deg": 6.6736308496244074,
              "path_distance_deg": 32.26790040876016,
              "endpoint_distance_deg": 15.184205095671091,
              "path_to_endpoint_ratio": 2.1250964542068465,
              "peak_velocity_deg": 9.765184891415691
            },
            {
              "start_frame": 114,
              "end_frame": 120,
              "entry_jump_deg": 1.004123814033214,
              "path_distance_deg": 27.630384421969644,
              "endpoint_distance_deg": 8.402769365451991,
              "path_to_endpoint_ratio": 3.2882473884826644,
              "peak_velocity_deg": 9.272343615913059
            },
            {
              "start_frame": 134,
              "end_frame": 140,
              "entry_jump_deg": 2.1610557755006456,
              "path_distance_deg": 21.522460452595272,
              "endpoint_distance_deg": 15.026886999274893,
              "path_to_endpoint_ratio": 1.432263412484157,
              "peak_velocity_deg": 8.39018870501737
            },
            {
              "start_frame": 44,
              "end_frame": 50,
              "entry_jump_deg": 8.317639918951533,
              "path_distance_deg": 24.021516831181184,
              "endpoint_distance_deg": 19.16550037719096,
              "path_to_endpoint_ratio": 1.2533727979139755,
              "peak_velocity_deg": 8.317639918951533
            },
            {
              "start_frame": 194,
              "end_frame": 200,
              "entry_jump_deg": 6.15407599696929,
              "path_distance_deg": 42.252928014631095,
              "endpoint_distance_deg": 11.886319180797633,
              "path_to_endpoint_ratio": 3.55475293671154,
              "peak_velocity_deg": 8.207049666814678
            },
            {
              "start_frame": 124,
              "end_frame": 130,
              "entry_jump_deg": 7.934966775990748,
              "path_distance_deg": 29.532129580384126,
              "endpoint_distance_deg": 7.820116473764153,
              "path_to_endpoint_ratio": 3.776430911158675,
              "peak_velocity_deg": 7.934966775990748
            },
            {
              "start_frame": 104,
              "end_frame": 110,
              "entry_jump_deg": 4.950486487012178,
              "path_distance_deg": 37.27844947035586,
              "endpoint_distance_deg": 26.663519262024717,
              "path_to_endpoint_ratio": 1.3981068704403685,
              "peak_velocity_deg": 7.7558536335964785
            },
            {
              "start_frame": 34,
              "end_frame": 40,
              "entry_jump_deg": 4.462709002132388,
              "path_distance_deg": 25.352712946011334,
              "endpoint_distance_deg": 19.15750176757454,
              "path_to_endpoint_ratio": 1.3233830409413108,
              "peak_velocity_deg": 4.4881541995990775
            },
            {
              "start_frame": 204,
              "end_frame": 210,
              "entry_jump_deg": 4.061371159529923,
              "path_distance_deg": 16.025508855073156,
              "endpoint_distance_deg": 5.8873673747685915,
              "path_to_endpoint_ratio": 2.72201611262675,
              "peak_velocity_deg": 4.061371159529923
            },
            {
              "start_frame": 154,
              "end_frame": 160,
              "entry_jump_deg": 2.920638629265679,
              "path_distance_deg": 17.378871712539553,
              "endpoint_distance_deg": 9.353302164181708,
              "path_to_endpoint_ratio": 1.8580466457174463,
              "peak_velocity_deg": 2.922005569793854
            },
            {
              "start_frame": 184,
              "end_frame": 190,
              "entry_jump_deg": 1.4896222570688165,
              "path_distance_deg": 12.4021827583794,
              "endpoint_distance_deg": 3.8532667278689026,
              "path_to_endpoint_ratio": 3.2186151736343938,
              "peak_velocity_deg": 2.613968424646737
            },
            {
              "start_frame": 164,
              "end_frame": 170,
              "entry_jump_deg": 1.8796134900497066,
              "path_distance_deg": 14.62240291397172,
              "endpoint_distance_deg": 7.79480875588182,
              "path_to_endpoint_ratio": 1.875915544808963,
              "peak_velocity_deg": 2.4092972964715558
            },
            {
              "start_frame": 94,
              "end_frame": 100,
              "entry_jump_deg": 2.2726759451142944,
              "path_distance_deg": 11.950199603095466,
              "endpoint_distance_deg": 6.81193725945481,
              "path_to_endpoint_ratio": 1.754302652525002,
              "peak_velocity_deg": 2.279989266345255
            },
            {
              "start_frame": 174,
              "end_frame": 180,
              "entry_jump_deg": 1.087760408945048,
              "path_distance_deg": 9.64596500822061,
              "endpoint_distance_deg": 3.5363118236599553,
              "path_to_endpoint_ratio": 2.7276907380405677,
              "peak_velocity_deg": 2.021334497413995
            },
            {
              "start_frame": 64,
              "end_frame": 70,
              "entry_jump_deg": 0.39027135367295657,
              "path_distance_deg": 2.5190620079427806,
              "endpoint_distance_deg": 1.4096898410480816,
              "path_to_endpoint_ratio": 1.786961879550681,
              "peak_velocity_deg": 0.7746560093166265
            }
          ]
        },
        "ratios": {
          "excursion_p90": 0.6999080619062134,
          "velocity_rms": 1.2398541382100856,
          "velocity_p95": 1.2709587245704927
        }
      },
      "RightForeArm": {
        "prediction": {
          "order": "XYZ",
          "excursion_p90_deg": 47.14386356602925,
          "excursion_max_deg": 68.15594048201422,
          "velocity_rms_deg_per_frame": 8.10183042484266,
          "velocity_p95_deg_per_frame": 17.322181522791222,
          "velocity_max_deg_per_frame": 23.339312496460906,
          "euler_axis_step_p95_deg": [
            37.539941699999986,
            13.437463300000006,
            36.9939672
          ],
          "top_velocity_transitions": [
            {
              "from_frame": 215,
              "to_frame": 216,
              "velocity_deg": 23.339312496460906,
              "new_block_offset": 2,
              "inside_release_blend": true
            },
            {
              "from_frame": 216,
              "to_frame": 217,
              "velocity_deg": 23.339279970356763,
              "new_block_offset": 3,
              "inside_release_blend": true
            },
            {
              "from_frame": 133,
              "to_frame": 134,
              "velocity_deg": 21.95826970211776,
              "new_block_offset": 0,
              "inside_release_blend": true
            },
            {
              "from_frame": 132,
              "to_frame": 133,
              "velocity_deg": 21.958206027430187,
              "new_block_offset": 9,
              "inside_release_blend": false
            },
            {
              "from_frame": 106,
              "to_frame": 107,
              "velocity_deg": 21.81847658322217,
              "new_block_offset": 3,
              "inside_release_blend": true
            },
            {
              "from_frame": 186,
              "to_frame": 187,
              "velocity_deg": 20.78758057888718,
              "new_block_offset": 3,
              "inside_release_blend": true
            },
            {
              "from_frame": 105,
              "to_frame": 106,
              "velocity_deg": 20.156000275072397,
              "new_block_offset": 2,
              "inside_release_blend": true
            },
            {
              "from_frame": 155,
              "to_frame": 156,
              "velocity_deg": 20.026381245902037,
              "new_block_offset": 2,
              "inside_release_blend": true
            },
            {
              "from_frame": 156,
              "to_frame": 157,
              "velocity_deg": 20.026381225840026,
              "new_block_offset": 3,
              "inside_release_blend": true
            },
            {
              "from_frame": 185,
              "to_frame": 186,
              "velocity_deg": 19.751021044280115,
              "new_block_offset": 2,
              "inside_release_blend": true
            },
            {
              "from_frame": 36,
              "to_frame": 37,
              "velocity_deg": 18.108664720599545,
              "new_block_offset": 3,
              "inside_release_blend": true
            },
            {
              "from_frame": 65,
              "to_frame": 66,
              "velocity_deg": 17.372465058623714,
              "new_block_offset": 2,
              "inside_release_blend": true
            }
          ],
          "release_blend_blocks_by_path": [
            {
              "start_frame": 214,
              "endpoint_distance_deg": 49.32225210512259,
              "path_distance_deg": 87.46160376570765,
              "path_to_endpoint_ratio": 1.7732686573049636,
              "peak_velocity_deg": 23.339312496460906
            },
            {
              "start_frame": 104,
              "endpoint_distance_deg": 81.4346422132452,
              "path_distance_deg": 85.1283462498331,
              "path_to_endpoint_ratio": 1.045357896052586,
              "peak_velocity_deg": 21.81847658322217
            },
            {
              "start_frame": 184,
              "endpoint_distance_deg": 76.48449695035836,
              "path_distance_deg": 77.23312306288871,
              "path_to_endpoint_ratio": 1.0097879458240568,
              "peak_velocity_deg": 20.78758057888718
            },
            {
              "start_frame": 34,
              "endpoint_distance_deg": 62.69409291174146,
              "path_distance_deg": 73.0367772511039,
              "path_to_endpoint_ratio": 1.164970635334377,
              "peak_velocity_deg": 18.108664720599545
            },
            {
              "start_frame": 154,
              "endpoint_distance_deg": 56.32107931376296,
              "path_distance_deg": 68.95271017500866,
              "path_to_endpoint_ratio": 1.2242789203465951,
              "peak_velocity_deg": 20.026381245902037
            },
            {
              "start_frame": 64,
              "endpoint_distance_deg": 51.99210154673493,
              "path_distance_deg": 52.79077802319266,
              "path_to_endpoint_ratio": 1.015361496317663,
              "peak_velocity_deg": 17.372465058623714
            },
            {
              "start_frame": 74,
              "endpoint_distance_deg": 19.567269247019045,
              "path_distance_deg": 50.279626792467035,
              "path_to_endpoint_ratio": 2.569578113212033,
              "peak_velocity_deg": 11.970379124507613
            },
            {
              "start_frame": 204,
              "endpoint_distance_deg": 43.222238421141455,
              "path_distance_deg": 48.40184123790553,
              "path_to_endpoint_ratio": 1.1198365241127946,
              "peak_velocity_deg": 14.024954636012465
            },
            {
              "start_frame": 84,
              "endpoint_distance_deg": 33.44830004367882,
              "path_distance_deg": 48.226350212322586,
              "path_to_endpoint_ratio": 1.4418176753181984,
              "peak_velocity_deg": 12.669790382550872
            },
            {
              "start_frame": 94,
              "endpoint_distance_deg": 46.10368491460689,
              "path_distance_deg": 48.18698360110443,
              "path_to_endpoint_ratio": 1.045187248922862,
              "peak_velocity_deg": 15.57146646204879
            },
            {
              "start_frame": 134,
              "endpoint_distance_deg": 38.03068802391659,
              "path_distance_deg": 45.80682577179954,
              "path_to_endpoint_ratio": 1.2044700780325805,
              "peak_velocity_deg": 14.12296508559068
            },
            {
              "start_frame": 164,
              "endpoint_distance_deg": 34.92548027847164,
              "path_distance_deg": 38.79009371859706,
              "path_to_endpoint_ratio": 1.1106531222852676,
              "peak_velocity_deg": 9.495929980612088
            },
            {
              "start_frame": 44,
              "endpoint_distance_deg": 34.70377062839256,
              "path_distance_deg": 36.203460246057034,
              "path_to_endpoint_ratio": 1.0432140251767776,
              "peak_velocity_deg": 8.722188911082956
            },
            {
              "start_frame": 54,
              "endpoint_distance_deg": 31.252431915695393,
              "path_distance_deg": 35.13104350775214,
              "path_to_endpoint_ratio": 1.1241059128620596,
              "peak_velocity_deg": 10.249884046249553
            },
            {
              "start_frame": 144,
              "endpoint_distance_deg": 24.967733909894918,
              "path_distance_deg": 33.03423911452336,
              "path_to_endpoint_ratio": 1.3230771856885106,
              "peak_velocity_deg": 8.523281072053766
            },
            {
              "start_frame": 114,
              "endpoint_distance_deg": 25.257515343547887,
              "path_distance_deg": 27.679202026020313,
              "path_to_endpoint_ratio": 1.0958798460392127,
              "peak_velocity_deg": 6.977684462945644
            },
            {
              "start_frame": 194,
              "endpoint_distance_deg": 24.069635071853458,
              "path_distance_deg": 24.795603411033067,
              "path_to_endpoint_ratio": 1.0301611693327475,
              "peak_velocity_deg": 7.919079270180078
            },
            {
              "start_frame": 124,
              "endpoint_distance_deg": 20.965484048738464,
              "path_distance_deg": 21.77152352145517,
              "path_to_endpoint_ratio": 1.0384460225598848,
              "peak_velocity_deg": 6.355786256422511
            },
            {
              "start_frame": 174,
              "endpoint_distance_deg": 2.0766329371808823,
              "path_distance_deg": 17.68478019760808,
              "path_to_endpoint_ratio": 8.516083839841201,
              "peak_velocity_deg": 4.066754061304844
            }
          ],
          "boundary_blocks_by_peak": [
            {
              "start_frame": 214,
              "end_frame": 220,
              "entry_jump_deg": 2.2655418202387265,
              "path_distance_deg": 89.72714558594637,
              "endpoint_distance_deg": 47.255817003294865,
              "path_to_endpoint_ratio": 1.8987534503887689,
              "peak_velocity_deg": 23.339312496460906
            },
            {
              "start_frame": 134,
              "end_frame": 140,
              "entry_jump_deg": 21.95826970211776,
              "path_distance_deg": 67.7650954739173,
              "endpoint_distance_deg": 34.97965811996632,
              "path_to_endpoint_ratio": 1.9372715205365922,
              "peak_velocity_deg": 21.95826970211776
            },
            {
              "start_frame": 104,
              "end_frame": 110,
              "entry_jump_deg": 0.48344208156239554,
              "path_distance_deg": 85.61178833139549,
              "endpoint_distance_deg": 81.82194411568427,
              "path_to_endpoint_ratio": 1.046318188313308,
              "peak_velocity_deg": 21.81847658322217
            },
            {
              "start_frame": 184,
              "end_frame": 190,
              "entry_jump_deg": 2.228252557925219,
              "path_distance_deg": 79.46137562081393,
              "endpoint_distance_deg": 78.48117895028618,
              "path_to_endpoint_ratio": 1.012489576273423,
              "peak_velocity_deg": 20.78758057888718
            },
            {
              "start_frame": 154,
              "end_frame": 160,
              "entry_jump_deg": 2.5649138587608293,
              "path_distance_deg": 71.5176240337695,
              "endpoint_distance_deg": 54.783183674676195,
              "path_to_endpoint_ratio": 1.305466736991207,
              "peak_velocity_deg": 20.026381245902037
            },
            {
              "start_frame": 34,
              "end_frame": 40,
              "entry_jump_deg": 5.8812435052873395,
              "path_distance_deg": 78.91802075639123,
              "endpoint_distance_deg": 58.23470824488383,
              "path_to_endpoint_ratio": 1.355171565804565,
              "peak_velocity_deg": 18.108664720599545
            },
            {
              "start_frame": 64,
              "end_frame": 70,
              "entry_jump_deg": 2.0738654566336967,
              "path_distance_deg": 54.864643479826356,
              "endpoint_distance_deg": 54.01490060009562,
              "path_to_endpoint_ratio": 1.0157316383125812,
              "peak_velocity_deg": 17.372465058623714
            },
            {
              "start_frame": 94,
              "end_frame": 100,
              "entry_jump_deg": 6.328414799782074,
              "path_distance_deg": 54.515398400886504,
              "endpoint_distance_deg": 47.14765895351368,
              "path_to_endpoint_ratio": 1.1562694651422083,
              "peak_velocity_deg": 15.57146646204879
            },
            {
              "start_frame": 204,
              "end_frame": 210,
              "entry_jump_deg": 1.4362888395348394,
              "path_distance_deg": 49.83813007744037,
              "endpoint_distance_deg": 44.26326080420995,
              "path_to_endpoint_ratio": 1.1259480022922348,
              "peak_velocity_deg": 14.024954636012465
            },
            {
              "start_frame": 84,
              "end_frame": 90,
              "entry_jump_deg": 6.2498167517660335,
              "path_distance_deg": 54.47616696408862,
              "endpoint_distance_deg": 36.58255817254413,
              "path_to_endpoint_ratio": 1.489129511040427,
              "peak_velocity_deg": 12.669790382550872
            },
            {
              "start_frame": 54,
              "end_frame": 60,
              "entry_jump_deg": 12.507516905762294,
              "path_distance_deg": 47.63856041351443,
              "endpoint_distance_deg": 20.69111654453947,
              "path_to_endpoint_ratio": 2.3023677968739964,
              "peak_velocity_deg": 12.507516905762294
            },
            {
              "start_frame": 74,
              "end_frame": 80,
              "entry_jump_deg": 2.41477592189516,
              "path_distance_deg": 52.69440271436219,
              "endpoint_distance_deg": 20.17412861910543,
              "path_to_endpoint_ratio": 2.6119791198544853,
              "peak_velocity_deg": 11.970379124507613
            },
            {
              "start_frame": 164,
              "end_frame": 170,
              "entry_jump_deg": 6.8919991233649105,
              "path_distance_deg": 45.682092841961975,
              "endpoint_distance_deg": 38.97969107794177,
              "path_to_endpoint_ratio": 1.171945994918698,
              "peak_velocity_deg": 9.495929980612088
            },
            {
              "start_frame": 44,
              "end_frame": 50,
              "entry_jump_deg": 4.482994658296645,
              "path_distance_deg": 40.68645490435368,
              "endpoint_distance_deg": 39.131625423105426,
              "path_to_endpoint_ratio": 1.0397333222026142,
              "peak_velocity_deg": 8.722188911082956
            },
            {
              "start_frame": 144,
              "end_frame": 150,
              "entry_jump_deg": 4.824452018836908,
              "path_distance_deg": 37.85869113336027,
              "endpoint_distance_deg": 29.06337644534807,
              "path_to_endpoint_ratio": 1.3026253575372173,
              "peak_velocity_deg": 8.523281072053766
            },
            {
              "start_frame": 194,
              "end_frame": 200,
              "entry_jump_deg": 5.670429388539475,
              "path_distance_deg": 30.46603279957254,
              "endpoint_distance_deg": 18.4742030266312,
              "path_to_endpoint_ratio": 1.6491121568629892,
              "peak_velocity_deg": 7.919079270180078
            },
            {
              "start_frame": 114,
              "end_frame": 120,
              "entry_jump_deg": 1.9600644505140483,
              "path_distance_deg": 29.63926647653436,
              "endpoint_distance_deg": 23.354231460965092,
              "path_to_endpoint_ratio": 1.2691176126293964,
              "peak_velocity_deg": 6.977684462945644
            },
            {
              "start_frame": 124,
              "end_frame": 130,
              "entry_jump_deg": 3.2576681567586268,
              "path_distance_deg": 25.029191678213795,
              "endpoint_distance_deg": 23.83791348523748,
              "path_to_endpoint_ratio": 1.0499740966722637,
              "peak_velocity_deg": 6.355786256422511
            },
            {
              "start_frame": 174,
              "end_frame": 180,
              "entry_jump_deg": 3.867124316771678,
              "path_distance_deg": 21.55190451437976,
              "endpoint_distance_deg": 5.871256210907468,
              "path_to_endpoint_ratio": 3.670748429329517,
              "peak_velocity_deg": 4.066754061304844
            }
          ]
        },
        "ground_truth": {
          "order": "XYZ",
          "excursion_p90_deg": 50.2001655404577,
          "excursion_max_deg": 61.043459635323885,
          "velocity_rms_deg_per_frame": 6.703470214995805,
          "velocity_p95_deg_per_frame": 14.3425149896,
          "velocity_max_deg_per_frame": 28.1076166197482,
          "euler_axis_step_p95_deg": [
            28.437591599999987,
            10.363777300000011,
            29.078936599999988
          ],
          "top_velocity_transitions": [
            {
              "from_frame": 52,
              "to_frame": 53,
              "velocity_deg": 28.1076166197482,
              "new_block_offset": 9,
              "inside_release_blend": false
            },
            {
              "from_frame": 70,
              "to_frame": 71,
              "velocity_deg": 21.379626890797905,
              "new_block_offset": 7,
              "inside_release_blend": false
            },
            {
              "from_frame": 192,
              "to_frame": 193,
              "velocity_deg": 20.1917106239835,
              "new_block_offset": 9,
              "inside_release_blend": false
            },
            {
              "from_frame": 193,
              "to_frame": 194,
              "velocity_deg": 18.02444960742052,
              "new_block_offset": 0,
              "inside_release_blend": true
            },
            {
              "from_frame": 198,
              "to_frame": 199,
              "velocity_deg": 17.696835773177874,
              "new_block_offset": 5,
              "inside_release_blend": false
            },
            {
              "from_frame": 118,
              "to_frame": 119,
              "velocity_deg": 17.07154492304631,
              "new_block_offset": 5,
              "inside_release_blend": false
            },
            {
              "from_frame": 122,
              "to_frame": 123,
              "velocity_deg": 16.7972598625848,
              "new_block_offset": 9,
              "inside_release_blend": false
            },
            {
              "from_frame": 191,
              "to_frame": 192,
              "velocity_deg": 16.591320307346436,
              "new_block_offset": 8,
              "inside_release_blend": false
            },
            {
              "from_frame": 51,
              "to_frame": 52,
              "velocity_deg": 15.963617286481597,
              "new_block_offset": 8,
              "inside_release_blend": false
            },
            {
              "from_frame": 117,
              "to_frame": 118,
              "velocity_deg": 15.924930961040898,
              "new_block_offset": 4,
              "inside_release_blend": true
            },
            {
              "from_frame": 121,
              "to_frame": 122,
              "velocity_deg": 15.020297753157118,
              "new_block_offset": 8,
              "inside_release_blend": false
            },
            {
              "from_frame": 199,
              "to_frame": 200,
              "velocity_deg": 14.408784853722542,
              "new_block_offset": 6,
              "inside_release_blend": false
            }
          ],
          "release_blend_blocks_by_path": [
            {
              "start_frame": 194,
              "endpoint_distance_deg": 16.09258663910721,
              "path_distance_deg": 57.19547178076282,
              "path_to_endpoint_ratio": 3.5541503092964506,
              "peak_velocity_deg": 17.696835773177874
            },
            {
              "start_frame": 144,
              "endpoint_distance_deg": 46.82109206842958,
              "path_distance_deg": 48.832073125160825,
              "path_to_endpoint_ratio": 1.0429503236232118,
              "peak_velocity_deg": 13.62450711802784
            },
            {
              "start_frame": 114,
              "endpoint_distance_deg": 39.21127140749386,
              "path_distance_deg": 47.394842860585314,
              "path_to_endpoint_ratio": 1.2087045678281028,
              "peak_velocity_deg": 17.07154492304631
            },
            {
              "start_frame": 84,
              "endpoint_distance_deg": 12.316754437673035,
              "path_distance_deg": 35.117374233872454,
              "path_to_endpoint_ratio": 2.8511873327976383,
              "peak_velocity_deg": 10.455503375247218
            },
            {
              "start_frame": 154,
              "endpoint_distance_deg": 4.964397088411652,
              "path_distance_deg": 29.669823767522622,
              "path_to_endpoint_ratio": 5.976521063711972,
              "peak_velocity_deg": 7.103064097009932
            },
            {
              "start_frame": 104,
              "endpoint_distance_deg": 24.751011942964002,
              "path_distance_deg": 29.196168650044257,
              "path_to_endpoint_ratio": 1.179594948171155,
              "peak_velocity_deg": 8.011792306581372
            },
            {
              "start_frame": 124,
              "endpoint_distance_deg": 19.362699947085627,
              "path_distance_deg": 24.215324056557066,
              "path_to_endpoint_ratio": 1.2506171206873362,
              "peak_velocity_deg": 10.763480712220382
            },
            {
              "start_frame": 164,
              "endpoint_distance_deg": 20.75292321882981,
              "path_distance_deg": 22.51441936688427,
              "path_to_endpoint_ratio": 1.0848794229844303,
              "peak_velocity_deg": 5.771160274047189
            },
            {
              "start_frame": 204,
              "endpoint_distance_deg": 20.70595752810221,
              "path_distance_deg": 22.085132400863408,
              "path_to_endpoint_ratio": 1.0666076355507528,
              "peak_velocity_deg": 4.376879136962859
            },
            {
              "start_frame": 214,
              "endpoint_distance_deg": 2.905169794758469,
              "path_distance_deg": 21.87816171746133,
              "path_to_endpoint_ratio": 7.530768685855845,
              "peak_velocity_deg": 5.819462764747011
            },
            {
              "start_frame": 134,
              "endpoint_distance_deg": 6.416184488822428,
              "path_distance_deg": 21.509866418785347,
              "path_to_endpoint_ratio": 3.352438892032714,
              "peak_velocity_deg": 5.267443361512942
            },
            {
              "start_frame": 74,
              "endpoint_distance_deg": 7.109430048543402,
              "path_distance_deg": 21.059137443185154,
              "path_to_endpoint_ratio": 2.9621414514796167,
              "peak_velocity_deg": 8.182025171012896
            },
            {
              "start_frame": 184,
              "endpoint_distance_deg": 4.8111592087282,
              "path_distance_deg": 18.493718295643326,
              "path_to_endpoint_ratio": 3.8439214944483258,
              "peak_velocity_deg": 5.998404981082855
            },
            {
              "start_frame": 34,
              "endpoint_distance_deg": 3.6065683925665692,
              "path_distance_deg": 17.1527286603766,
              "path_to_endpoint_ratio": 4.755969329662448,
              "peak_velocity_deg": 4.832975664404451
            },
            {
              "start_frame": 94,
              "endpoint_distance_deg": 1.1921369399656965,
              "path_distance_deg": 11.009223638794015,
              "path_to_endpoint_ratio": 9.234864946900148,
              "peak_velocity_deg": 2.8614202883608804
            },
            {
              "start_frame": 54,
              "endpoint_distance_deg": 6.091574580667545,
              "path_distance_deg": 9.507039573817833,
              "path_to_endpoint_ratio": 1.5606867235919164,
              "peak_velocity_deg": 3.4576321596000863
            },
            {
              "start_frame": 174,
              "endpoint_distance_deg": 3.5515905296758548,
              "path_distance_deg": 9.298425702880955,
              "path_to_endpoint_ratio": 2.6181018406222636,
              "peak_velocity_deg": 2.3755777614295503
            },
            {
              "start_frame": 44,
              "endpoint_distance_deg": 5.5636577194434675,
              "path_distance_deg": 9.001368019567813,
              "path_to_endpoint_ratio": 1.6178867344967116,
              "peak_velocity_deg": 4.571566697151744
            },
            {
              "start_frame": 64,
              "endpoint_distance_deg": 5.347087403102285,
              "path_distance_deg": 5.6348025042509775,
              "path_to_endpoint_ratio": 1.0538078171270897,
              "peak_velocity_deg": 4.188041044636448
            }
          ],
          "boundary_blocks_by_peak": [
            {
              "start_frame": 194,
              "end_frame": 200,
              "entry_jump_deg": 18.02444960742052,
              "path_distance_deg": 75.21992138818334,
              "endpoint_distance_deg": 25.860929729391337,
              "path_to_endpoint_ratio": 2.9086317535867536,
              "peak_velocity_deg": 18.02444960742052
            },
            {
              "start_frame": 114,
              "end_frame": 120,
              "entry_jump_deg": 0.6700666139358673,
              "path_distance_deg": 48.06490947452118,
              "endpoint_distance_deg": 38.562372087127734,
              "path_to_endpoint_ratio": 1.2464199392590123,
              "peak_velocity_deg": 17.07154492304631
            },
            {
              "start_frame": 54,
              "end_frame": 60,
              "entry_jump_deg": 13.74608621249726,
              "path_distance_deg": 23.253125786315096,
              "endpoint_distance_deg": 8.433065349856852,
              "path_to_endpoint_ratio": 2.7573752629237966,
              "peak_velocity_deg": 13.74608621249726
            },
            {
              "start_frame": 144,
              "end_frame": 150,
              "entry_jump_deg": 3.1677257962836625,
              "path_distance_deg": 51.999798921444494,
              "endpoint_distance_deg": 49.45967768094194,
              "path_to_endpoint_ratio": 1.0513574159720278,
              "peak_velocity_deg": 13.62450711802784
            },
            {
              "start_frame": 124,
              "end_frame": 130,
              "entry_jump_deg": 12.229451802788274,
              "path_distance_deg": 36.44477585934534,
              "endpoint_distance_deg": 9.040962751672863,
              "path_to_endpoint_ratio": 4.031072448849755,
              "peak_velocity_deg": 12.229451802788274
            },
            {
              "start_frame": 84,
              "end_frame": 90,
              "entry_jump_deg": 2.1570575749073253,
              "path_distance_deg": 37.27443180877979,
              "endpoint_distance_deg": 10.722119590649104,
              "path_to_endpoint_ratio": 3.476405154190529,
              "peak_velocity_deg": 10.455503375247218
            },
            {
              "start_frame": 44,
              "end_frame": 50,
              "entry_jump_deg": 9.845446435802353,
              "path_distance_deg": 18.84681445537017,
              "endpoint_distance_deg": 12.859596827426103,
              "path_to_endpoint_ratio": 1.4655836188561466,
              "peak_velocity_deg": 9.845446435802353
            },
            {
              "start_frame": 74,
              "end_frame": 80,
              "entry_jump_deg": 7.678734084484176,
              "path_distance_deg": 28.73787152766933,
              "endpoint_distance_deg": 4.160587254570079,
              "path_to_endpoint_ratio": 6.907167130337918,
              "peak_velocity_deg": 8.182025171012896
            },
            {
              "start_frame": 104,
              "end_frame": 110,
              "entry_jump_deg": 2.525047317070215,
              "path_distance_deg": 31.721215967114475,
              "endpoint_distance_deg": 22.29308425626693,
              "path_to_endpoint_ratio": 1.4229173317818127,
              "peak_velocity_deg": 8.011792306581372
            },
            {
              "start_frame": 34,
              "end_frame": 40,
              "entry_jump_deg": 7.486290106435858,
              "path_distance_deg": 24.639018766812455,
              "endpoint_distance_deg": 8.451093791388615,
              "path_to_endpoint_ratio": 2.9154828209241743,
              "peak_velocity_deg": 7.486290106435858
            },
            {
              "start_frame": 154,
              "end_frame": 160,
              "entry_jump_deg": 6.932818202932942,
              "path_distance_deg": 36.602641970455565,
              "endpoint_distance_deg": 10.168133005704743,
              "path_to_endpoint_ratio": 3.599740675099349,
              "peak_velocity_deg": 7.103064097009932
            },
            {
              "start_frame": 134,
              "end_frame": 140,
              "entry_jump_deg": 6.365799414151186,
              "path_distance_deg": 27.875665832936534,
              "endpoint_distance_deg": 12.755340285475677,
              "path_to_endpoint_ratio": 2.185411381355161,
              "peak_velocity_deg": 6.365799414151186
            },
            {
              "start_frame": 184,
              "end_frame": 190,
              "entry_jump_deg": 2.9944807633886232,
              "path_distance_deg": 21.48819905903195,
              "endpoint_distance_deg": 2.914824455031002,
              "path_to_endpoint_ratio": 7.372038827910616,
              "peak_velocity_deg": 5.998404981082855
            },
            {
              "start_frame": 214,
              "end_frame": 220,
              "entry_jump_deg": 2.179455448796106,
              "path_distance_deg": 24.057617166257437,
              "endpoint_distance_deg": 3.168331386134712,
              "path_to_endpoint_ratio": 7.593150537074075,
              "peak_velocity_deg": 5.819462764747011
            },
            {
              "start_frame": 164,
              "end_frame": 170,
              "entry_jump_deg": 3.5792686557104383,
              "path_distance_deg": 26.093688022594705,
              "endpoint_distance_deg": 23.36197756450738,
              "path_to_endpoint_ratio": 1.1169297612132574,
              "peak_velocity_deg": 5.771160274047189
            },
            {
              "start_frame": 94,
              "end_frame": 100,
              "entry_jump_deg": 5.65898172394954,
              "path_distance_deg": 16.668205362743553,
              "endpoint_distance_deg": 6.839063553920454,
              "path_to_endpoint_ratio": 2.4372058003743216,
              "peak_velocity_deg": 5.65898172394954
            },
            {
              "start_frame": 204,
              "end_frame": 210,
              "entry_jump_deg": 5.328705677779574,
              "path_distance_deg": 27.413838078642986,
              "endpoint_distance_deg": 21.22344944392042,
              "path_to_endpoint_ratio": 1.2916768384460633,
              "peak_velocity_deg": 5.328705677779574
            },
            {
              "start_frame": 174,
              "end_frame": 180,
              "entry_jump_deg": 4.6522241225117575,
              "path_distance_deg": 13.950649825392713,
              "endpoint_distance_deg": 2.4332077937040926,
              "path_to_endpoint_ratio": 5.733439561343638,
              "peak_velocity_deg": 4.6522241225117575
            },
            {
              "start_frame": 64,
              "end_frame": 70,
              "entry_jump_deg": 0.3058118005760792,
              "path_distance_deg": 5.940614304827057,
              "endpoint_distance_deg": 5.112643199327968,
              "path_to_endpoint_ratio": 1.1619458024389266,
              "peak_velocity_deg": 4.188041044636448
            }
          ]
        },
        "ratios": {
          "excursion_p90": 0.9391176913158725,
          "velocity_rms": 1.2086024350072733,
          "velocity_p95": 1.2077506305799108
        }
      },
      "RightHand": {
        "prediction": {
          "order": "XYZ",
          "excursion_p90_deg": 27.12245017092589,
          "excursion_max_deg": 36.40459059694688,
          "velocity_rms_deg_per_frame": 5.472172425802585,
          "velocity_p95_deg_per_frame": 12.463408451200324,
          "velocity_max_deg_per_frame": 23.80789133588614,
          "euler_axis_step_p95_deg": [
            1.7237208999999911,
            6.240423100000003,
            11.015105500000013
          ],
          "top_velocity_transitions": [
            {
              "from_frame": 131,
              "to_frame": 132,
              "velocity_deg": 23.80789133588614,
              "new_block_offset": 8,
              "inside_release_blend": false
            },
            {
              "from_frame": 133,
              "to_frame": 134,
              "velocity_deg": 17.78354243808456,
              "new_block_offset": 0,
              "inside_release_blend": true
            },
            {
              "from_frame": 132,
              "to_frame": 133,
              "velocity_deg": 17.783538170854783,
              "new_block_offset": 9,
              "inside_release_blend": false
            },
            {
              "from_frame": 109,
              "to_frame": 110,
              "velocity_deg": 16.979126560993006,
              "new_block_offset": 6,
              "inside_release_blend": false
            },
            {
              "from_frame": 53,
              "to_frame": 54,
              "velocity_deg": 16.14144594503148,
              "new_block_offset": 0,
              "inside_release_blend": true
            },
            {
              "from_frame": 52,
              "to_frame": 53,
              "velocity_deg": 16.141444144394477,
              "new_block_offset": 9,
              "inside_release_blend": false
            },
            {
              "from_frame": 40,
              "to_frame": 41,
              "velocity_deg": 14.771342414642762,
              "new_block_offset": 7,
              "inside_release_blend": false
            },
            {
              "from_frame": 46,
              "to_frame": 47,
              "velocity_deg": 12.960752560615855,
              "new_block_offset": 3,
              "inside_release_blend": true
            },
            {
              "from_frame": 185,
              "to_frame": 186,
              "velocity_deg": 12.795663392919888,
              "new_block_offset": 2,
              "inside_release_blend": true
            },
            {
              "from_frame": 186,
              "to_frame": 187,
              "velocity_deg": 12.583089220243204,
              "new_block_offset": 3,
              "inside_release_blend": true
            },
            {
              "from_frame": 136,
              "to_frame": 137,
              "velocity_deg": 12.514372185638974,
              "new_block_offset": 3,
              "inside_release_blend": true
            },
            {
              "from_frame": 135,
              "to_frame": 136,
              "velocity_deg": 12.514371908167163,
              "new_block_offset": 2,
              "inside_release_blend": true
            }
          ],
          "release_blend_blocks_by_path": [
            {
              "start_frame": 44,
              "endpoint_distance_deg": 53.32311745821606,
              "path_distance_deg": 55.84204862744927,
              "path_to_endpoint_ratio": 1.047239007944482,
              "peak_velocity_deg": 12.960752560615855
            },
            {
              "start_frame": 204,
              "endpoint_distance_deg": 48.95995558268551,
              "path_distance_deg": 50.283551725102235,
              "path_to_endpoint_ratio": 1.0270342594609054,
              "peak_velocity_deg": 11.516763324404979
            },
            {
              "start_frame": 184,
              "endpoint_distance_deg": 40.06531493907401,
              "path_distance_deg": 41.526150268560784,
              "path_to_endpoint_ratio": 1.0364613464715857,
              "peak_velocity_deg": 12.795663392919888
            },
            {
              "start_frame": 134,
              "endpoint_distance_deg": 37.92098322866906,
              "path_distance_deg": 39.946220524061815,
              "path_to_endpoint_ratio": 1.0534067717384932,
              "peak_velocity_deg": 12.514372185638974
            },
            {
              "start_frame": 124,
              "endpoint_distance_deg": 19.8527751393149,
              "path_distance_deg": 35.10514751384948,
              "path_to_endpoint_ratio": 1.7682740708793887,
              "peak_velocity_deg": 8.912518157135432
            },
            {
              "start_frame": 54,
              "endpoint_distance_deg": 27.869346368956982,
              "path_distance_deg": 33.00807851575306,
              "path_to_endpoint_ratio": 1.1843865327433727,
              "peak_velocity_deg": 9.149315865659549
            },
            {
              "start_frame": 104,
              "endpoint_distance_deg": 17.071097555144462,
              "path_distance_deg": 32.4051738651658,
              "path_to_endpoint_ratio": 1.8982478285586468,
              "peak_velocity_deg": 16.979126560993006
            },
            {
              "start_frame": 154,
              "endpoint_distance_deg": 30.36924588453702,
              "path_distance_deg": 31.538618492130453,
              "path_to_endpoint_ratio": 1.0385051578837141,
              "peak_velocity_deg": 9.241782329977948
            },
            {
              "start_frame": 94,
              "endpoint_distance_deg": 22.776715532887543,
              "path_distance_deg": 28.71119594971144,
              "path_to_endpoint_ratio": 1.2605503154418833,
              "peak_velocity_deg": 8.790810320781839
            },
            {
              "start_frame": 74,
              "endpoint_distance_deg": 4.5743300417708985,
              "path_distance_deg": 22.221211748462647,
              "path_to_endpoint_ratio": 4.857806836312135,
              "peak_velocity_deg": 5.155507030940566
            },
            {
              "start_frame": 64,
              "endpoint_distance_deg": 12.253590501222982,
              "path_distance_deg": 21.415362126803387,
              "path_to_endpoint_ratio": 1.747680577759311,
              "peak_velocity_deg": 5.461717979417643
            },
            {
              "start_frame": 144,
              "endpoint_distance_deg": 15.508806623045878,
              "path_distance_deg": 21.36846870267268,
              "path_to_endpoint_ratio": 1.3778280445459563,
              "peak_velocity_deg": 5.58043309212681
            },
            {
              "start_frame": 84,
              "endpoint_distance_deg": 8.211656018930597,
              "path_distance_deg": 19.641788586011288,
              "path_to_endpoint_ratio": 2.3919400107274873,
              "peak_velocity_deg": 6.3528203901082945
            },
            {
              "start_frame": 214,
              "endpoint_distance_deg": 12.544630612646506,
              "path_distance_deg": 18.014008234231003,
              "path_to_endpoint_ratio": 1.4359935171044975,
              "peak_velocity_deg": 5.614690438327523
            },
            {
              "start_frame": 34,
              "endpoint_distance_deg": 11.845566680955551,
              "path_distance_deg": 15.714077495583773,
              "path_to_endpoint_ratio": 1.3265787884042504,
              "peak_velocity_deg": 6.529284797296694
            },
            {
              "start_frame": 114,
              "endpoint_distance_deg": 11.831167452288486,
              "path_distance_deg": 13.835717433109078,
              "path_to_endpoint_ratio": 1.169429601001282,
              "peak_velocity_deg": 3.5305178315234054
            },
            {
              "start_frame": 174,
              "endpoint_distance_deg": 12.249038961664317,
              "path_distance_deg": 12.667885367728156,
              "path_to_endpoint_ratio": 1.0341942259612935,
              "peak_velocity_deg": 3.693122125849633
            },
            {
              "start_frame": 164,
              "endpoint_distance_deg": 3.806664195484465,
              "path_distance_deg": 9.892583803752913,
              "path_to_endpoint_ratio": 2.598753999758549,
              "peak_velocity_deg": 2.0740581671964278
            },
            {
              "start_frame": 194,
              "endpoint_distance_deg": 7.7781065686784085,
              "path_distance_deg": 8.944237688784302,
              "path_to_endpoint_ratio": 1.1499248062249208,
              "peak_velocity_deg": 2.87110910859727
            }
          ],
          "boundary_blocks_by_peak": [
            {
              "start_frame": 134,
              "end_frame": 140,
              "entry_jump_deg": 17.78354243808456,
              "path_distance_deg": 57.72976296214638,
              "endpoint_distance_deg": 20.775195116836365,
              "path_to_endpoint_ratio": 2.7787831901208846,
              "peak_velocity_deg": 17.78354243808456
            },
            {
              "start_frame": 104,
              "end_frame": 110,
              "entry_jump_deg": 0.9973256779322501,
              "path_distance_deg": 33.40249954309805,
              "endpoint_distance_deg": 17.953565087060294,
              "path_to_endpoint_ratio": 1.8604939676951568,
              "peak_velocity_deg": 16.979126560993006
            },
            {
              "start_frame": 54,
              "end_frame": 60,
              "entry_jump_deg": 16.14144594503148,
              "path_distance_deg": 49.14952446078454,
              "endpoint_distance_deg": 21.710473240454434,
              "path_to_endpoint_ratio": 2.2638624186782472,
              "peak_velocity_deg": 16.14144594503148
            },
            {
              "start_frame": 44,
              "end_frame": 50,
              "entry_jump_deg": 2.984442797594078,
              "path_distance_deg": 58.82649142504336,
              "endpoint_distance_deg": 50.84856414512365,
              "path_to_endpoint_ratio": 1.1568958222133945,
              "peak_velocity_deg": 12.960752560615855
            },
            {
              "start_frame": 184,
              "end_frame": 190,
              "entry_jump_deg": 1.5438195446294842,
              "path_distance_deg": 43.06996981319027,
              "endpoint_distance_deg": 41.56947660707187,
              "path_to_endpoint_ratio": 1.0360960331615803,
              "peak_velocity_deg": 12.795663392919888
            },
            {
              "start_frame": 204,
              "end_frame": 210,
              "entry_jump_deg": 0.6250704898959656,
              "path_distance_deg": 50.9086222149982,
              "endpoint_distance_deg": 49.17480262477461,
              "path_to_endpoint_ratio": 1.0352582928182428,
              "peak_velocity_deg": 11.516763324404979
            },
            {
              "start_frame": 154,
              "end_frame": 160,
              "entry_jump_deg": 3.151384514989047,
              "path_distance_deg": 34.6900030071195,
              "endpoint_distance_deg": 30.099593426989998,
              "path_to_endpoint_ratio": 1.1525073616447368,
              "peak_velocity_deg": 9.241782329977948
            },
            {
              "start_frame": 124,
              "end_frame": 130,
              "entry_jump_deg": 4.618695464145715,
              "path_distance_deg": 39.723842977995204,
              "endpoint_distance_deg": 23.557834844528504,
              "path_to_endpoint_ratio": 1.686226397296498,
              "peak_velocity_deg": 8.912518157135432
            },
            {
              "start_frame": 94,
              "end_frame": 100,
              "entry_jump_deg": 1.4549036946039156,
              "path_distance_deg": 30.166099644315352,
              "endpoint_distance_deg": 21.33140257691521,
              "path_to_endpoint_ratio": 1.4141639086105398,
              "peak_velocity_deg": 8.790810320781839
            },
            {
              "start_frame": 34,
              "end_frame": 40,
              "entry_jump_deg": 3.4267912161269574,
              "path_distance_deg": 19.140868711710727,
              "endpoint_distance_deg": 10.018860717938708,
              "path_to_endpoint_ratio": 1.910483562012108,
              "peak_velocity_deg": 6.529284797296694
            },
            {
              "start_frame": 84,
              "end_frame": 90,
              "entry_jump_deg": 2.8419006062984167,
              "path_distance_deg": 22.483689192309704,
              "endpoint_distance_deg": 8.273038001306348,
              "path_to_endpoint_ratio": 2.7177065050057103,
              "peak_velocity_deg": 6.3528203901082945
            },
            {
              "start_frame": 214,
              "end_frame": 220,
              "entry_jump_deg": 3.312691116296555,
              "path_distance_deg": 21.32669935052756,
              "endpoint_distance_deg": 15.328592187244457,
              "path_to_endpoint_ratio": 1.3913018945258633,
              "peak_velocity_deg": 5.614690438327523
            },
            {
              "start_frame": 144,
              "end_frame": 150,
              "entry_jump_deg": 2.0278348955771626,
              "path_distance_deg": 23.39630359824984,
              "endpoint_distance_deg": 16.083361035119164,
              "path_to_endpoint_ratio": 1.454689946160031,
              "peak_velocity_deg": 5.58043309212681
            },
            {
              "start_frame": 164,
              "end_frame": 170,
              "entry_jump_deg": 5.482987123926848,
              "path_distance_deg": 15.37557092767976,
              "endpoint_distance_deg": 6.777900895173408,
              "path_to_endpoint_ratio": 2.2684856514542453,
              "peak_velocity_deg": 5.482987123926848
            },
            {
              "start_frame": 64,
              "end_frame": 70,
              "entry_jump_deg": 2.0824646067960133,
              "path_distance_deg": 23.497826733599396,
              "endpoint_distance_deg": 10.875277148372735,
              "path_to_endpoint_ratio": 2.1606646353022247,
              "peak_velocity_deg": 5.461717979417643
            },
            {
              "start_frame": 74,
              "end_frame": 80,
              "entry_jump_deg": 0.7798020502545276,
              "path_distance_deg": 23.00101379871717,
              "endpoint_distance_deg": 5.256101424901849,
              "path_to_endpoint_ratio": 4.376059733121814,
              "peak_velocity_deg": 5.155507030940566
            },
            {
              "start_frame": 194,
              "end_frame": 200,
              "entry_jump_deg": 3.7363675690797233,
              "path_distance_deg": 12.680605257864025,
              "endpoint_distance_deg": 4.720340346953643,
              "path_to_endpoint_ratio": 2.6863752030185033,
              "peak_velocity_deg": 3.7363675690797233
            },
            {
              "start_frame": 174,
              "end_frame": 180,
              "entry_jump_deg": 0.7706270030407087,
              "path_distance_deg": 13.438512370768864,
              "endpoint_distance_deg": 12.727494853496117,
              "path_to_endpoint_ratio": 1.0558646870776331,
              "peak_velocity_deg": 3.693122125849633
            },
            {
              "start_frame": 114,
              "end_frame": 120,
              "entry_jump_deg": 1.3288577649724749,
              "path_distance_deg": 15.164575198081554,
              "endpoint_distance_deg": 12.816905514339217,
              "path_to_endpoint_ratio": 1.1831697737894553,
              "peak_velocity_deg": 3.5305178315234054
            }
          ]
        },
        "ground_truth": {
          "order": "XYZ",
          "excursion_p90_deg": 34.14473085389689,
          "excursion_max_deg": 44.85875726077824,
          "velocity_rms_deg_per_frame": 7.514645793951631,
          "velocity_p95_deg_per_frame": 18.037243374818512,
          "velocity_max_deg_per_frame": 38.866036874698665,
          "euler_axis_step_p95_deg": [
            4.205839199999993,
            11.18093879999998,
            14.7562479
          ],
          "top_velocity_transitions": [
            {
              "from_frame": 117,
              "to_frame": 118,
              "velocity_deg": 38.866036874698665,
              "new_block_offset": 4,
              "inside_release_blend": true
            },
            {
              "from_frame": 70,
              "to_frame": 71,
              "velocity_deg": 25.223830414929832,
              "new_block_offset": 7,
              "inside_release_blend": false
            },
            {
              "from_frame": 101,
              "to_frame": 102,
              "velocity_deg": 24.34568497646372,
              "new_block_offset": 8,
              "inside_release_blend": false
            },
            {
              "from_frame": 29,
              "to_frame": 30,
              "velocity_deg": 22.971315033227032,
              "new_block_offset": null,
              "inside_release_blend": false
            },
            {
              "from_frame": 138,
              "to_frame": 139,
              "velocity_deg": 20.737352179848763,
              "new_block_offset": 5,
              "inside_release_blend": false
            },
            {
              "from_frame": 74,
              "to_frame": 75,
              "velocity_deg": 20.726496319613457,
              "new_block_offset": 1,
              "inside_release_blend": true
            },
            {
              "from_frame": 52,
              "to_frame": 53,
              "velocity_deg": 20.204773126557786,
              "new_block_offset": 9,
              "inside_release_blend": false
            },
            {
              "from_frame": 191,
              "to_frame": 192,
              "velocity_deg": 19.397091627579332,
              "new_block_offset": 8,
              "inside_release_blend": false
            },
            {
              "from_frame": 82,
              "to_frame": 83,
              "velocity_deg": 19.295208808994772,
              "new_block_offset": 9,
              "inside_release_blend": false
            },
            {
              "from_frame": 80,
              "to_frame": 81,
              "velocity_deg": 19.291927278671213,
              "new_block_offset": 7,
              "inside_release_blend": false
            },
            {
              "from_frame": 85,
              "to_frame": 86,
              "velocity_deg": 19.127124581534183,
              "new_block_offset": 2,
              "inside_release_blend": true
            },
            {
              "from_frame": 84,
              "to_frame": 85,
              "velocity_deg": 18.049155439745935,
              "new_block_offset": 1,
              "inside_release_blend": true
            }
          ],
          "release_blend_blocks_by_path": [
            {
              "start_frame": 114,
              "endpoint_distance_deg": 19.84538377082302,
              "path_distance_deg": 61.1569882825879,
              "path_to_endpoint_ratio": 3.0816732489951555,
              "peak_velocity_deg": 38.866036874698665
            },
            {
              "start_frame": 84,
              "endpoint_distance_deg": 26.983216498719692,
              "path_distance_deg": 57.00506238942055,
              "path_to_endpoint_ratio": 2.1126118301028103,
              "peak_velocity_deg": 19.127124581534183
            },
            {
              "start_frame": 74,
              "endpoint_distance_deg": 15.247063225136372,
              "path_distance_deg": 52.92208513876034,
              "path_to_endpoint_ratio": 3.470969088100374,
              "peak_velocity_deg": 20.726496319613457
            },
            {
              "start_frame": 104,
              "endpoint_distance_deg": 45.254285291754165,
              "path_distance_deg": 49.29985797261288,
              "path_to_endpoint_ratio": 1.0893964550489954,
              "peak_velocity_deg": 16.297172647782293
            },
            {
              "start_frame": 214,
              "endpoint_distance_deg": 34.005204411462174,
              "path_distance_deg": 39.50731356934985,
              "path_to_endpoint_ratio": 1.1618019727601776,
              "peak_velocity_deg": 12.74103238936273
            },
            {
              "start_frame": 134,
              "endpoint_distance_deg": 15.962321383232837,
              "path_distance_deg": 35.082558622417864,
              "path_to_endpoint_ratio": 2.197835626794818,
              "peak_velocity_deg": 20.737352179848763
            },
            {
              "start_frame": 124,
              "endpoint_distance_deg": 18.996140461354408,
              "path_distance_deg": 32.847101542329845,
              "path_to_endpoint_ratio": 1.7291460657049635,
              "peak_velocity_deg": 9.38064335756292
            },
            {
              "start_frame": 34,
              "endpoint_distance_deg": 12.348216009325116,
              "path_distance_deg": 28.422669101490797,
              "path_to_endpoint_ratio": 2.301763192353178,
              "peak_velocity_deg": 15.078365161502138
            },
            {
              "start_frame": 194,
              "endpoint_distance_deg": 5.369385146050889,
              "path_distance_deg": 27.686673015080324,
              "path_to_endpoint_ratio": 5.1563954274063395,
              "peak_velocity_deg": 12.982186622989744
            },
            {
              "start_frame": 94,
              "endpoint_distance_deg": 11.250193582838858,
              "path_distance_deg": 16.08250443730532,
              "path_to_endpoint_ratio": 1.4295313515171608,
              "peak_velocity_deg": 6.34396505597935
            },
            {
              "start_frame": 144,
              "endpoint_distance_deg": 7.6110524612874055,
              "path_distance_deg": 14.664635621344,
              "path_to_endpoint_ratio": 1.926755293822201,
              "peak_velocity_deg": 5.034065192562141
            },
            {
              "start_frame": 54,
              "endpoint_distance_deg": 4.0690811271098335,
              "path_distance_deg": 8.367040748342122,
              "path_to_endpoint_ratio": 2.0562482012456265,
              "peak_velocity_deg": 3.1381922147032233
            },
            {
              "start_frame": 64,
              "endpoint_distance_deg": 6.922753175367614,
              "path_distance_deg": 7.919320596347966,
              "path_to_endpoint_ratio": 1.1439553593397371,
              "peak_velocity_deg": 6.701816494225333
            },
            {
              "start_frame": 44,
              "endpoint_distance_deg": 4.109620466372045,
              "path_distance_deg": 7.0949393099376685,
              "path_to_endpoint_ratio": 1.72642203045116,
              "peak_velocity_deg": 1.687140226492928
            },
            {
              "start_frame": 164,
              "endpoint_distance_deg": 3.99416679674704,
              "path_distance_deg": 7.021098375729803,
              "path_to_endpoint_ratio": 1.7578380505911722,
              "peak_velocity_deg": 1.9540971716449367
            },
            {
              "start_frame": 154,
              "endpoint_distance_deg": 4.861462377063988,
              "path_distance_deg": 6.921142355427508,
              "path_to_endpoint_ratio": 1.4236749806150788,
              "peak_velocity_deg": 1.5553335974177842
            },
            {
              "start_frame": 184,
              "endpoint_distance_deg": 0.8085461142881334,
              "path_distance_deg": 6.584373287583952,
              "path_to_endpoint_ratio": 8.143472797938085,
              "peak_velocity_deg": 1.5227900501843206
            },
            {
              "start_frame": 204,
              "endpoint_distance_deg": 1.9008471596471075,
              "path_distance_deg": 6.2260881777789105,
              "path_to_endpoint_ratio": 3.275428088039853,
              "peak_velocity_deg": 1.6438900914180843
            },
            {
              "start_frame": 174,
              "endpoint_distance_deg": 2.039350345805757,
              "path_distance_deg": 6.028685231196238,
              "path_to_endpoint_ratio": 2.9561792771875472,
              "peak_velocity_deg": 1.902398960831807
            }
          ],
          "boundary_blocks_by_peak": [
            {
              "start_frame": 114,
              "end_frame": 120,
              "entry_jump_deg": 1.2212030022800182,
              "path_distance_deg": 62.378191284867924,
              "endpoint_distance_deg": 21.061705850046557,
              "path_to_endpoint_ratio": 2.9616875161481775,
              "peak_velocity_deg": 38.866036874698665
            },
            {
              "start_frame": 134,
              "end_frame": 140,
              "entry_jump_deg": 1.367159750613884,
              "path_distance_deg": 36.44971837303175,
              "endpoint_distance_deg": 14.6669406375232,
              "path_to_endpoint_ratio": 2.4851616484886105,
              "peak_velocity_deg": 20.737352179848763
            },
            {
              "start_frame": 74,
              "end_frame": 80,
              "entry_jump_deg": 11.20366347835497,
              "path_distance_deg": 64.12574861711532,
              "endpoint_distance_deg": 14.126714297568492,
              "path_to_endpoint_ratio": 4.539325087656988,
              "peak_velocity_deg": 20.726496319613457
            },
            {
              "start_frame": 84,
              "end_frame": 90,
              "entry_jump_deg": 15.87111389279275,
              "path_distance_deg": 72.8761762822133,
              "endpoint_distance_deg": 37.03323541344,
              "path_to_endpoint_ratio": 1.9678587481925833,
              "peak_velocity_deg": 19.127124581534183
            },
            {
              "start_frame": 104,
              "end_frame": 110,
              "entry_jump_deg": 5.737408379384761,
              "path_distance_deg": 55.03726635199764,
              "endpoint_distance_deg": 40.752157067238606,
              "path_to_endpoint_ratio": 1.3505362737287614,
              "peak_velocity_deg": 16.297172647782293
            },
            {
              "start_frame": 34,
              "end_frame": 40,
              "entry_jump_deg": 2.770199932559184,
              "path_distance_deg": 31.192869034049984,
              "endpoint_distance_deg": 9.986759191126467,
              "path_to_endpoint_ratio": 3.1234225675297926,
              "peak_velocity_deg": 15.078365161502138
            },
            {
              "start_frame": 194,
              "end_frame": 200,
              "entry_jump_deg": 5.441156206905311,
              "path_distance_deg": 33.127829221985635,
              "endpoint_distance_deg": 5.427409911392389,
              "path_to_endpoint_ratio": 6.103800848439467,
              "peak_velocity_deg": 12.982186622989744
            },
            {
              "start_frame": 214,
              "end_frame": 220,
              "entry_jump_deg": 1.1144854712125238,
              "path_distance_deg": 40.621799040562365,
              "endpoint_distance_deg": 33.485222882003676,
              "path_to_endpoint_ratio": 1.2131261357795584,
              "peak_velocity_deg": 12.74103238936273
            },
            {
              "start_frame": 124,
              "end_frame": 130,
              "entry_jump_deg": 4.0175473748155515,
              "path_distance_deg": 36.864648917145395,
              "endpoint_distance_deg": 15.308788030967547,
              "path_to_endpoint_ratio": 2.408071027084139,
              "peak_velocity_deg": 9.38064335756292
            },
            {
              "start_frame": 64,
              "end_frame": 70,
              "entry_jump_deg": 0.26033903555578386,
              "path_distance_deg": 8.17965963190375,
              "endpoint_distance_deg": 7.180461567842672,
              "path_to_endpoint_ratio": 1.1391551301570828,
              "peak_velocity_deg": 6.701816494225333
            },
            {
              "start_frame": 94,
              "end_frame": 100,
              "entry_jump_deg": 0.6379261652364352,
              "path_distance_deg": 16.720430602541754,
              "endpoint_distance_deg": 10.615632738485532,
              "path_to_endpoint_ratio": 1.5750762120776944,
              "peak_velocity_deg": 6.34396505597935
            },
            {
              "start_frame": 44,
              "end_frame": 50,
              "entry_jump_deg": 5.830436144491452,
              "path_distance_deg": 12.925375454429124,
              "endpoint_distance_deg": 2.10923330310418,
              "path_to_endpoint_ratio": 6.127997047745604,
              "peak_velocity_deg": 5.830436144491452
            },
            {
              "start_frame": 144,
              "end_frame": 150,
              "entry_jump_deg": 1.3172075921220725,
              "path_distance_deg": 15.981843213466073,
              "endpoint_distance_deg": 6.776983424021989,
              "path_to_endpoint_ratio": 2.3582532542157533,
              "peak_velocity_deg": 5.034065192562141
            },
            {
              "start_frame": 54,
              "end_frame": 60,
              "entry_jump_deg": 2.9388756061013526,
              "path_distance_deg": 11.305916354443474,
              "endpoint_distance_deg": 3.8178810862836015,
              "path_to_endpoint_ratio": 2.961306572659357,
              "peak_velocity_deg": 3.1381922147032233
            },
            {
              "start_frame": 164,
              "end_frame": 170,
              "entry_jump_deg": 2.1649423133562897,
              "path_distance_deg": 9.186040689086092,
              "endpoint_distance_deg": 3.344518704288068,
              "path_to_endpoint_ratio": 2.7465956991983633,
              "peak_velocity_deg": 2.1649423133562897
            },
            {
              "start_frame": 174,
              "end_frame": 180,
              "entry_jump_deg": 1.1532131857842698,
              "path_distance_deg": 7.181898416980507,
              "endpoint_distance_deg": 1.4966892087189685,
              "path_to_endpoint_ratio": 4.798523551277267,
              "peak_velocity_deg": 1.902398960831807
            },
            {
              "start_frame": 204,
              "end_frame": 210,
              "entry_jump_deg": 1.2478279528687575,
              "path_distance_deg": 7.473916130647668,
              "endpoint_distance_deg": 3.0288565187907377,
              "path_to_endpoint_ratio": 2.467570214792349,
              "peak_velocity_deg": 1.6438900914180843
            },
            {
              "start_frame": 154,
              "end_frame": 160,
              "entry_jump_deg": 1.0326149534267368,
              "path_distance_deg": 7.953757308854246,
              "endpoint_distance_deg": 4.578538362465592,
              "path_to_endpoint_ratio": 1.7371826288621643,
              "peak_velocity_deg": 1.5553335974177842
            },
            {
              "start_frame": 184,
              "end_frame": 190,
              "entry_jump_deg": 0.3981631420506388,
              "path_distance_deg": 6.982536429634591,
              "endpoint_distance_deg": 0.7958020148261635,
              "path_to_endpoint_ratio": 8.774213057452322,
              "peak_velocity_deg": 1.5227900501843206
            }
          ]
        },
        "ratios": {
          "excursion_p90": 0.7943377936402871,
          "velocity_rms": 0.7282009792406999,
          "velocity_p95": 0.6909818863230662
        }
      },
      "LeftShoulder": {
        "prediction": {
          "order": "XYZ",
          "excursion_p90_deg": 3.3002988744378268,
          "excursion_max_deg": 8.200547822163621,
          "velocity_rms_deg_per_frame": 0.7835283397149946,
          "velocity_p95_deg_per_frame": 1.6085926612026287,
          "velocity_max_deg_per_frame": 3.187684023390818,
          "euler_axis_step_p95_deg": [
            0.017130999999992007,
            0.8909103999999973,
            1.5924684999999967
          ],
          "top_velocity_transitions": [
            {
              "from_frame": 156,
              "to_frame": 157,
              "velocity_deg": 3.187684023390818,
              "new_block_offset": 3,
              "inside_release_blend": true
            },
            {
              "from_frame": 155,
              "to_frame": 156,
              "velocity_deg": 3.108111420204479,
              "new_block_offset": 2,
              "inside_release_blend": true
            },
            {
              "from_frame": 45,
              "to_frame": 46,
              "velocity_deg": 2.6123669985281044,
              "new_block_offset": 2,
              "inside_release_blend": true
            },
            {
              "from_frame": 46,
              "to_frame": 47,
              "velocity_deg": 2.612366556856817,
              "new_block_offset": 3,
              "inside_release_blend": true
            },
            {
              "from_frame": 165,
              "to_frame": 166,
              "velocity_deg": 2.39524787130678,
              "new_block_offset": 2,
              "inside_release_blend": true
            },
            {
              "from_frame": 166,
              "to_frame": 167,
              "velocity_deg": 2.1750450212921524,
              "new_block_offset": 3,
              "inside_release_blend": true
            },
            {
              "from_frame": 32,
              "to_frame": 33,
              "velocity_deg": 2.1019114048173093,
              "new_block_offset": null,
              "inside_release_blend": false
            },
            {
              "from_frame": 33,
              "to_frame": 34,
              "velocity_deg": 2.1019109582082054,
              "new_block_offset": 0,
              "inside_release_blend": true
            },
            {
              "from_frame": 66,
              "to_frame": 67,
              "velocity_deg": 1.812799704154277,
              "new_block_offset": 3,
              "inside_release_blend": true
            },
            {
              "from_frame": 65,
              "to_frame": 66,
              "velocity_deg": 1.812799387715563,
              "new_block_offset": 2,
              "inside_release_blend": true
            },
            {
              "from_frame": 157,
              "to_frame": 158,
              "velocity_deg": 1.6412592623333655,
              "new_block_offset": 4,
              "inside_release_blend": true
            },
            {
              "from_frame": 164,
              "to_frame": 165,
              "velocity_deg": 1.609234248704382,
              "new_block_offset": 1,
              "inside_release_blend": true
            }
          ],
          "release_blend_blocks_by_path": [
            {
              "start_frame": 154,
              "endpoint_distance_deg": 10.054845814351292,
              "path_distance_deg": 10.692135335758051,
              "path_to_endpoint_ratio": 1.0633813320635066,
              "peak_velocity_deg": 3.187684023390818
            },
            {
              "start_frame": 164,
              "endpoint_distance_deg": 6.757937721250597,
              "path_distance_deg": 8.024069486789333,
              "path_to_endpoint_ratio": 1.1873547549213623,
              "peak_velocity_deg": 2.39524787130678
            },
            {
              "start_frame": 44,
              "endpoint_distance_deg": 7.509970991555545,
              "path_distance_deg": 7.862303178118265,
              "path_to_endpoint_ratio": 1.0469152526632783,
              "peak_velocity_deg": 2.6123669985281044
            },
            {
              "start_frame": 34,
              "endpoint_distance_deg": 6.7806025855942345,
              "path_distance_deg": 7.119242390733629,
              "path_to_endpoint_ratio": 1.0499424351839841,
              "peak_velocity_deg": 1.5499372637590139
            },
            {
              "start_frame": 64,
              "endpoint_distance_deg": 4.355507157524346,
              "path_distance_deg": 6.232804590316979,
              "path_to_endpoint_ratio": 1.4310169550633185,
              "peak_velocity_deg": 1.812799704154277
            },
            {
              "start_frame": 84,
              "endpoint_distance_deg": 2.8016692960235567,
              "path_distance_deg": 3.830351435920586,
              "path_to_endpoint_ratio": 1.3671675816118092,
              "peak_velocity_deg": 1.076531818073173
            },
            {
              "start_frame": 194,
              "endpoint_distance_deg": 3.5418867798620783,
              "path_distance_deg": 3.7280440605547724,
              "path_to_endpoint_ratio": 1.052558789216843,
              "peak_velocity_deg": 1.1392718169167193
            },
            {
              "start_frame": 54,
              "endpoint_distance_deg": 3.2324230544113908,
              "path_distance_deg": 3.6919247528587373,
              "path_to_endpoint_ratio": 1.142153947893748,
              "peak_velocity_deg": 0.825262798101991
            },
            {
              "start_frame": 214,
              "endpoint_distance_deg": 2.823608562683555,
              "path_distance_deg": 3.688670276070831,
              "path_to_endpoint_ratio": 1.3063674352103263,
              "peak_velocity_deg": 0.9836657061459952
            },
            {
              "start_frame": 184,
              "endpoint_distance_deg": 1.247999196752402,
              "path_distance_deg": 3.5310622550361144,
              "path_to_endpoint_ratio": 2.82937862798694,
              "peak_velocity_deg": 0.8014959390169115
            },
            {
              "start_frame": 144,
              "endpoint_distance_deg": 2.93039104258549,
              "path_distance_deg": 3.2918320911660635,
              "path_to_endpoint_ratio": 1.123342258192843,
              "peak_velocity_deg": 0.9334823456524816
            },
            {
              "start_frame": 104,
              "endpoint_distance_deg": 1.3159370791241118,
              "path_distance_deg": 2.5723351895745252,
              "path_to_endpoint_ratio": 1.9547554593466372,
              "peak_velocity_deg": 0.6265478056514516
            },
            {
              "start_frame": 94,
              "endpoint_distance_deg": 1.7892172964321138,
              "path_distance_deg": 2.046614174258436,
              "path_to_endpoint_ratio": 1.143860043349457,
              "peak_velocity_deg": 0.584849479224879
            },
            {
              "start_frame": 204,
              "endpoint_distance_deg": 1.1281050686351826,
              "path_distance_deg": 1.8018695316335451,
              "path_to_endpoint_ratio": 1.5972532893709133,
              "peak_velocity_deg": 0.44928080819022564
            },
            {
              "start_frame": 134,
              "endpoint_distance_deg": 0.3416956262612353,
              "path_distance_deg": 1.6626179690703986,
              "path_to_endpoint_ratio": 4.8657865108266956,
              "peak_velocity_deg": 0.6081336929469389
            },
            {
              "start_frame": 74,
              "endpoint_distance_deg": 1.3122934755946067,
              "path_distance_deg": 1.5609440591365786,
              "path_to_endpoint_ratio": 1.1894778783604842,
              "peak_velocity_deg": 0.3748373467751197
            },
            {
              "start_frame": 124,
              "endpoint_distance_deg": 1.4372383146235927,
              "path_distance_deg": 1.5527184838340442,
              "path_to_endpoint_ratio": 1.0803486575854995,
              "peak_velocity_deg": 0.39285741592667944
            },
            {
              "start_frame": 174,
              "endpoint_distance_deg": 1.273513167267872,
              "path_distance_deg": 1.452566477456165,
              "path_to_endpoint_ratio": 1.1405979261073718,
              "peak_velocity_deg": 0.6421335875567656
            },
            {
              "start_frame": 114,
              "endpoint_distance_deg": 0.2973781819433187,
              "path_distance_deg": 0.8758029610244104,
              "path_to_endpoint_ratio": 2.945081428977669,
              "peak_velocity_deg": 0.351994373373501
            }
          ],
          "boundary_blocks_by_peak": [
            {
              "start_frame": 154,
              "end_frame": 160,
              "entry_jump_deg": 0.19077694439686854,
              "path_distance_deg": 10.882912280154917,
              "endpoint_distance_deg": 10.042071312078066,
              "path_to_endpoint_ratio": 1.0837318260293105,
              "peak_velocity_deg": 3.187684023390818
            },
            {
              "start_frame": 44,
              "end_frame": 50,
              "entry_jump_deg": 1.2560581693163533,
              "path_distance_deg": 9.118361347434618,
              "endpoint_distance_deg": 6.320041173106608,
              "path_to_endpoint_ratio": 1.44276929495896,
              "peak_velocity_deg": 2.6123669985281044
            },
            {
              "start_frame": 164,
              "end_frame": 170,
              "entry_jump_deg": 1.1275655130697675,
              "path_distance_deg": 9.151634999859102,
              "endpoint_distance_deg": 7.593375558220007,
              "path_to_endpoint_ratio": 1.2052130083243733,
              "peak_velocity_deg": 2.39524787130678
            },
            {
              "start_frame": 34,
              "end_frame": 40,
              "entry_jump_deg": 2.1019109582082054,
              "path_distance_deg": 9.221153348941833,
              "endpoint_distance_deg": 4.696819435655443,
              "path_to_endpoint_ratio": 1.9632761010441138,
              "peak_velocity_deg": 2.1019109582082054
            },
            {
              "start_frame": 64,
              "end_frame": 70,
              "entry_jump_deg": 0.16075122375285744,
              "path_distance_deg": 6.3935558140698365,
              "endpoint_distance_deg": 4.196304629831123,
              "path_to_endpoint_ratio": 1.5236157472025906,
              "peak_velocity_deg": 1.812799704154277
            },
            {
              "start_frame": 194,
              "end_frame": 200,
              "entry_jump_deg": 1.406437156729865,
              "path_distance_deg": 5.1344812172846375,
              "endpoint_distance_deg": 2.4800461802027476,
              "path_to_endpoint_ratio": 2.070316778079062,
              "peak_velocity_deg": 1.406437156729865
            },
            {
              "start_frame": 84,
              "end_frame": 90,
              "entry_jump_deg": 0.5757008581637874,
              "path_distance_deg": 4.406052294084374,
              "endpoint_distance_deg": 2.312634005461434,
              "path_to_endpoint_ratio": 1.905209507288744,
              "peak_velocity_deg": 1.076531818073173
            },
            {
              "start_frame": 214,
              "end_frame": 220,
              "entry_jump_deg": 0.32541750600412744,
              "path_distance_deg": 4.014087782074959,
              "endpoint_distance_deg": 2.616457364974424,
              "path_to_endpoint_ratio": 1.5341690011120044,
              "peak_velocity_deg": 0.9836657061459952
            },
            {
              "start_frame": 144,
              "end_frame": 150,
              "entry_jump_deg": 0.20822704101889514,
              "path_distance_deg": 3.500059132184959,
              "endpoint_distance_deg": 2.9700025834129336,
              "path_to_endpoint_ratio": 1.1784700632020726,
              "peak_velocity_deg": 0.9334823456524816
            },
            {
              "start_frame": 54,
              "end_frame": 60,
              "entry_jump_deg": 0.4487508890322582,
              "path_distance_deg": 4.140675641890995,
              "endpoint_distance_deg": 3.581445003366158,
              "path_to_endpoint_ratio": 1.1561466497459052,
              "peak_velocity_deg": 0.825262798101991
            },
            {
              "start_frame": 184,
              "end_frame": 190,
              "entry_jump_deg": 0.26087666679459404,
              "path_distance_deg": 3.7919389218307087,
              "endpoint_distance_deg": 0.9885806860381864,
              "path_to_endpoint_ratio": 3.8357404462626086,
              "peak_velocity_deg": 0.8014959390169115
            },
            {
              "start_frame": 204,
              "end_frame": 210,
              "entry_jump_deg": 0.6805855758293784,
              "path_distance_deg": 2.4824551074629237,
              "endpoint_distance_deg": 0.4588374832810153,
              "path_to_endpoint_ratio": 5.410314540371895,
              "peak_velocity_deg": 0.6805855758293784
            },
            {
              "start_frame": 174,
              "end_frame": 180,
              "entry_jump_deg": 0.4988504813119064,
              "path_distance_deg": 1.9514169587680714,
              "endpoint_distance_deg": 1.722938365222684,
              "path_to_endpoint_ratio": 1.13260984731503,
              "peak_velocity_deg": 0.6421335875567656
            },
            {
              "start_frame": 104,
              "end_frame": 110,
              "entry_jump_deg": 0.10727759104716192,
              "path_distance_deg": 2.679612780621687,
              "endpoint_distance_deg": 1.4086009359765683,
              "path_to_endpoint_ratio": 1.9023221639164534,
              "peak_velocity_deg": 0.6265478056514516
            },
            {
              "start_frame": 134,
              "end_frame": 140,
              "entry_jump_deg": 0.06040984516186788,
              "path_distance_deg": 1.7230278142322666,
              "endpoint_distance_deg": 0.40181431746971696,
              "path_to_endpoint_ratio": 4.288119510231549,
              "peak_velocity_deg": 0.6081336929469389
            },
            {
              "start_frame": 94,
              "end_frame": 100,
              "entry_jump_deg": 0.201224848395809,
              "path_distance_deg": 2.2478390226542455,
              "endpoint_distance_deg": 1.8526188409649564,
              "path_to_endpoint_ratio": 1.2133305421224339,
              "peak_velocity_deg": 0.584849479224879
            },
            {
              "start_frame": 124,
              "end_frame": 130,
              "entry_jump_deg": 0.41670098879761475,
              "path_distance_deg": 1.9694194726316592,
              "endpoint_distance_deg": 1.635862318633788,
              "path_to_endpoint_ratio": 1.2039029508769699,
              "peak_velocity_deg": 0.41670098879761475
            },
            {
              "start_frame": 74,
              "end_frame": 80,
              "entry_jump_deg": 0.22204545925087404,
              "path_distance_deg": 1.7829895183874527,
              "endpoint_distance_deg": 1.2954749398824317,
              "path_to_endpoint_ratio": 1.376321118607871,
              "peak_velocity_deg": 0.3748373467751197
            },
            {
              "start_frame": 114,
              "end_frame": 120,
              "entry_jump_deg": 0.15757151758293303,
              "path_distance_deg": 1.0333744786073435,
              "endpoint_distance_deg": 0.4547478845884864,
              "path_to_endpoint_ratio": 2.272411843196306,
              "peak_velocity_deg": 0.351994373373501
            }
          ]
        },
        "ground_truth": {
          "order": "XYZ",
          "excursion_p90_deg": 2.439307047064614,
          "excursion_max_deg": 4.279850351723788,
          "velocity_rms_deg_per_frame": 0.3542412311368025,
          "velocity_p95_deg_per_frame": 0.7203303533187654,
          "velocity_max_deg_per_frame": 1.1993709264836134,
          "euler_axis_step_p95_deg": [
            9.999999974752427e-07,
            0.44150689999999027,
            0.5858209000000096
          ],
          "top_velocity_transitions": [
            {
              "from_frame": 202,
              "to_frame": 203,
              "velocity_deg": 1.1993709264836134,
              "new_block_offset": 9,
              "inside_release_blend": false
            },
            {
              "from_frame": 214,
              "to_frame": 215,
              "velocity_deg": 1.1628182418037223,
              "new_block_offset": 1,
              "inside_release_blend": true
            },
            {
              "from_frame": 183,
              "to_frame": 184,
              "velocity_deg": 1.1381883189703488,
              "new_block_offset": 0,
              "inside_release_blend": true
            },
            {
              "from_frame": 139,
              "to_frame": 140,
              "velocity_deg": 1.0037229535667898,
              "new_block_offset": 6,
              "inside_release_blend": false
            },
            {
              "from_frame": 207,
              "to_frame": 208,
              "velocity_deg": 0.9745557963308855,
              "new_block_offset": 4,
              "inside_release_blend": true
            },
            {
              "from_frame": 160,
              "to_frame": 161,
              "velocity_deg": 0.9090303630736569,
              "new_block_offset": 7,
              "inside_release_blend": false
            },
            {
              "from_frame": 88,
              "to_frame": 89,
              "velocity_deg": 0.8821791432145895,
              "new_block_offset": 5,
              "inside_release_blend": false
            },
            {
              "from_frame": 182,
              "to_frame": 183,
              "velocity_deg": 0.7747026167025981,
              "new_block_offset": 9,
              "inside_release_blend": false
            },
            {
              "from_frame": 203,
              "to_frame": 204,
              "velocity_deg": 0.7696975287544675,
              "new_block_offset": 0,
              "inside_release_blend": true
            },
            {
              "from_frame": 178,
              "to_frame": 179,
              "velocity_deg": 0.7652490674469324,
              "new_block_offset": 5,
              "inside_release_blend": false
            },
            {
              "from_frame": 159,
              "to_frame": 160,
              "velocity_deg": 0.7324933107728653,
              "new_block_offset": 6,
              "inside_release_blend": false
            },
            {
              "from_frame": 217,
              "to_frame": 218,
              "velocity_deg": 0.7237990290800362,
              "new_block_offset": 4,
              "inside_release_blend": true
            }
          ],
          "release_blend_blocks_by_path": [
            {
              "start_frame": 214,
              "endpoint_distance_deg": 3.546869843445285,
              "path_distance_deg": 3.781141300338198,
              "path_to_endpoint_ratio": 1.0660501984096917,
              "peak_velocity_deg": 1.1628182418037223
            },
            {
              "start_frame": 204,
              "endpoint_distance_deg": 1.6045448431713434,
              "path_distance_deg": 2.4494699431186553,
              "path_to_endpoint_ratio": 1.5265824159063939,
              "peak_velocity_deg": 0.9745557963308855
            },
            {
              "start_frame": 174,
              "endpoint_distance_deg": 1.2950968107569205,
              "path_distance_deg": 2.38664585727847,
              "path_to_endpoint_ratio": 1.8428320087388623,
              "peak_velocity_deg": 0.7652490674469324
            },
            {
              "start_frame": 84,
              "endpoint_distance_deg": 0.44902161423752396,
              "path_distance_deg": 2.3229792180515005,
              "path_to_endpoint_ratio": 5.173424049967199,
              "peak_velocity_deg": 0.8821791432145895
            },
            {
              "start_frame": 144,
              "endpoint_distance_deg": 1.6286554031499765,
              "path_distance_deg": 2.243296027973928,
              "path_to_endpoint_ratio": 1.3773914504168145,
              "peak_velocity_deg": 0.6628129692258068
            },
            {
              "start_frame": 34,
              "endpoint_distance_deg": 0.9609319885231352,
              "path_distance_deg": 2.1943456051499335,
              "path_to_endpoint_ratio": 2.2835597434137274,
              "peak_velocity_deg": 0.5043978957721492
            },
            {
              "start_frame": 154,
              "endpoint_distance_deg": 0.3438195941658743,
              "path_distance_deg": 2.061572761694796,
              "path_to_endpoint_ratio": 5.996088636822132,
              "peak_velocity_deg": 0.7324933107728653
            },
            {
              "start_frame": 134,
              "endpoint_distance_deg": 1.4722331445936907,
              "path_distance_deg": 2.0203724550643045,
              "path_to_endpoint_ratio": 1.3723182788564987,
              "peak_velocity_deg": 1.0037229535667898
            },
            {
              "start_frame": 194,
              "endpoint_distance_deg": 1.121743403980081,
              "path_distance_deg": 1.9716104655614122,
              "path_to_endpoint_ratio": 1.7576305406083959,
              "peak_velocity_deg": 0.572502213586036
            },
            {
              "start_frame": 164,
              "endpoint_distance_deg": 1.2683770185816428,
              "path_distance_deg": 1.4038686315568578,
              "path_to_endpoint_ratio": 1.106822822386618,
              "peak_velocity_deg": 0.41383021222503175
            },
            {
              "start_frame": 44,
              "endpoint_distance_deg": 0.392198409922708,
              "path_distance_deg": 1.1935998029134975,
              "path_to_endpoint_ratio": 3.0433570680429956,
              "peak_velocity_deg": 0.28482101786318725
            },
            {
              "start_frame": 124,
              "endpoint_distance_deg": 0.4732771603621471,
              "path_distance_deg": 1.143205638469791,
              "path_to_endpoint_ratio": 2.4155098411996496,
              "peak_velocity_deg": 0.3071307478471742
            },
            {
              "start_frame": 184,
              "endpoint_distance_deg": 0.5108732342594831,
              "path_distance_deg": 1.1354489953757014,
              "path_to_endpoint_ratio": 2.2225650498631984,
              "peak_velocity_deg": 0.27384254492590243
            },
            {
              "start_frame": 74,
              "endpoint_distance_deg": 0.2143111609618486,
              "path_distance_deg": 1.1038784042674499,
              "path_to_endpoint_ratio": 5.150820887317021,
              "peak_velocity_deg": 0.28763525978846943
            },
            {
              "start_frame": 54,
              "endpoint_distance_deg": 0.3272417878819732,
              "path_distance_deg": 1.0423328651385602,
              "path_to_endpoint_ratio": 3.1852070968225483,
              "peak_velocity_deg": 0.26801956909034197
            },
            {
              "start_frame": 104,
              "endpoint_distance_deg": 0.3922356515216355,
              "path_distance_deg": 1.0238656747282664,
              "path_to_endpoint_ratio": 2.610333024946333,
              "peak_velocity_deg": 0.3302694459833216
            },
            {
              "start_frame": 94,
              "endpoint_distance_deg": 0.3376707794888715,
              "path_distance_deg": 0.8398105048518542,
              "path_to_endpoint_ratio": 2.487068931824856,
              "peak_velocity_deg": 0.2828404240596019
            },
            {
              "start_frame": 64,
              "endpoint_distance_deg": 0.4843712741152861,
              "path_distance_deg": 0.6331631551793303,
              "path_to_endpoint_ratio": 1.3071856012432108,
              "peak_velocity_deg": 0.20072456090303342
            },
            {
              "start_frame": 114,
              "endpoint_distance_deg": 0.10631461086817687,
              "path_distance_deg": 0.6146984890972114,
              "path_to_endpoint_ratio": 5.781881569029088,
              "peak_velocity_deg": 0.21098608563594884
            }
          ],
          "boundary_blocks_by_peak": [
            {
              "start_frame": 214,
              "end_frame": 220,
              "entry_jump_deg": 0.6320264284344059,
              "path_distance_deg": 4.4131677287726045,
              "endpoint_distance_deg": 4.128427936303881,
              "path_to_endpoint_ratio": 1.0689705129559914,
              "peak_velocity_deg": 1.1628182418037223
            },
            {
              "start_frame": 184,
              "end_frame": 190,
              "entry_jump_deg": 1.1381883189703488,
              "path_distance_deg": 2.2736373143460504,
              "endpoint_distance_deg": 1.3529393656555322,
              "path_to_endpoint_ratio": 1.680516785942153,
              "peak_velocity_deg": 1.1381883189703488
            },
            {
              "start_frame": 134,
              "end_frame": 140,
              "entry_jump_deg": 0.04244661921518619,
              "path_distance_deg": 2.0628190742794907,
              "endpoint_distance_deg": 1.4644730957523742,
              "path_to_endpoint_ratio": 1.4085742375620194,
              "peak_velocity_deg": 1.0037229535667898
            },
            {
              "start_frame": 204,
              "end_frame": 210,
              "entry_jump_deg": 0.7696975287544675,
              "path_distance_deg": 3.219167471873123,
              "endpoint_distance_deg": 2.3683106246487364,
              "path_to_endpoint_ratio": 1.3592674197248025,
              "peak_velocity_deg": 0.9745557963308855
            },
            {
              "start_frame": 84,
              "end_frame": 90,
              "entry_jump_deg": 0.18008528414621186,
              "path_distance_deg": 2.5030645021977125,
              "endpoint_distance_deg": 0.4810168586248615,
              "path_to_endpoint_ratio": 5.203693919072841,
              "peak_velocity_deg": 0.8821791432145895
            },
            {
              "start_frame": 174,
              "end_frame": 180,
              "entry_jump_deg": 0.2232375079154428,
              "path_distance_deg": 2.609883365193913,
              "endpoint_distance_deg": 1.460194523718013,
              "path_to_endpoint_ratio": 1.787353207262078,
              "peak_velocity_deg": 0.7652490674469324
            },
            {
              "start_frame": 154,
              "end_frame": 160,
              "entry_jump_deg": 0.4248452119388037,
              "path_distance_deg": 2.4864179736336,
              "endpoint_distance_deg": 0.37592026718664323,
              "path_to_endpoint_ratio": 6.614216339655614,
              "peak_velocity_deg": 0.7324933107728653
            },
            {
              "start_frame": 144,
              "end_frame": 150,
              "entry_jump_deg": 0.16399124986149022,
              "path_distance_deg": 2.407287277835418,
              "endpoint_distance_deg": 1.707164499933682,
              "path_to_endpoint_ratio": 1.4101085618456415,
              "peak_velocity_deg": 0.6628129692258068
            },
            {
              "start_frame": 194,
              "end_frame": 200,
              "entry_jump_deg": 0.39120334406092316,
              "path_distance_deg": 2.3628138096223354,
              "endpoint_distance_deg": 0.732448836131138,
              "path_to_endpoint_ratio": 3.225909705997944,
              "peak_velocity_deg": 0.572502213586036
            },
            {
              "start_frame": 34,
              "end_frame": 40,
              "entry_jump_deg": 0.24737151381077938,
              "path_distance_deg": 2.441717118960713,
              "endpoint_distance_deg": 1.1924866981174207,
              "path_to_endpoint_ratio": 2.0475843653564043,
              "peak_velocity_deg": 0.5043978957721492
            },
            {
              "start_frame": 164,
              "end_frame": 170,
              "entry_jump_deg": 0.16887988124762918,
              "path_distance_deg": 1.572748512804487,
              "endpoint_distance_deg": 1.1409346244121805,
              "path_to_endpoint_ratio": 1.3784738223846793,
              "peak_velocity_deg": 0.41383021222503175
            },
            {
              "start_frame": 54,
              "end_frame": 60,
              "entry_jump_deg": 0.3857170508946514,
              "path_distance_deg": 1.4280499160332116,
              "endpoint_distance_deg": 0.7126274239692071,
              "path_to_endpoint_ratio": 2.0039222011401545,
              "peak_velocity_deg": 0.3857170508946514
            },
            {
              "start_frame": 104,
              "end_frame": 110,
              "entry_jump_deg": 0.2655023703724595,
              "path_distance_deg": 1.289368045100726,
              "endpoint_distance_deg": 0.5278261206531717,
              "path_to_endpoint_ratio": 2.4427893858401037,
              "peak_velocity_deg": 0.3302694459833216
            },
            {
              "start_frame": 74,
              "end_frame": 80,
              "entry_jump_deg": 0.3193202369346684,
              "path_distance_deg": 1.4231986412021185,
              "endpoint_distance_deg": 0.29074620180741445,
              "path_to_endpoint_ratio": 4.894986185046785,
              "peak_velocity_deg": 0.3193202369346684
            },
            {
              "start_frame": 124,
              "end_frame": 130,
              "entry_jump_deg": 0.11106196394268317,
              "path_distance_deg": 1.2542676024124741,
              "endpoint_distance_deg": 0.5826440810966635,
              "path_to_endpoint_ratio": 2.152716629424379,
              "peak_velocity_deg": 0.3071307478471742
            },
            {
              "start_frame": 44,
              "end_frame": 50,
              "entry_jump_deg": 0.18297452792201238,
              "path_distance_deg": 1.37657433083551,
              "endpoint_distance_deg": 0.24614691179045634,
              "path_to_endpoint_ratio": 5.592490764244815,
              "peak_velocity_deg": 0.28482101786318725
            },
            {
              "start_frame": 94,
              "end_frame": 100,
              "entry_jump_deg": 0.13482132173455091,
              "path_distance_deg": 0.974631826586405,
              "endpoint_distance_deg": 0.4468411065536907,
              "path_to_endpoint_ratio": 2.1811597283503215,
              "peak_velocity_deg": 0.2828404240596019
            },
            {
              "start_frame": 114,
              "end_frame": 120,
              "entry_jump_deg": 0.07935862400479267,
              "path_distance_deg": 0.6940571131020041,
              "endpoint_distance_deg": 0.15905492403866836,
              "path_to_endpoint_ratio": 4.363631728454189,
              "peak_velocity_deg": 0.21098608563594884
            },
            {
              "start_frame": 64,
              "end_frame": 70,
              "entry_jump_deg": 0.15083357907668318,
              "path_distance_deg": 0.7839967342560135,
              "endpoint_distance_deg": 0.3927782136546022,
              "path_to_endpoint_ratio": 1.9960290744268152,
              "peak_velocity_deg": 0.20072456090303342
            }
          ]
        },
        "ratios": {
          "excursion_p90": 1.352965744271228,
          "velocity_rms": 2.2118496404288073,
          "velocity_p95": 2.2331318592801037
        }
      },
      "LeftArm": {
        "prediction": {
          "order": "XYZ",
          "excursion_p90_deg": 27.407939866474727,
          "excursion_max_deg": 49.47294780120525,
          "velocity_rms_deg_per_frame": 6.267911508215921,
          "velocity_p95_deg_per_frame": 11.88231752989387,
          "velocity_max_deg_per_frame": 24.904613303053626,
          "euler_axis_step_p95_deg": [
            9.354501399999997,
            7.060336600000001,
            5.413866900000005
          ],
          "top_velocity_transitions": [
            {
              "from_frame": 156,
              "to_frame": 157,
              "velocity_deg": 24.904613303053626,
              "new_block_offset": 3,
              "inside_release_blend": true
            },
            {
              "from_frame": 155,
              "to_frame": 156,
              "velocity_deg": 24.83700916754985,
              "new_block_offset": 2,
              "inside_release_blend": true
            },
            {
              "from_frame": 165,
              "to_frame": 166,
              "velocity_deg": 17.28955753255045,
              "new_block_offset": 2,
              "inside_release_blend": true
            },
            {
              "from_frame": 166,
              "to_frame": 167,
              "velocity_deg": 16.03389588081674,
              "new_block_offset": 3,
              "inside_release_blend": true
            },
            {
              "from_frame": 145,
              "to_frame": 146,
              "velocity_deg": 15.056568470615435,
              "new_block_offset": 2,
              "inside_release_blend": true
            },
            {
              "from_frame": 146,
              "to_frame": 147,
              "velocity_deg": 15.056568022966498,
              "new_block_offset": 3,
              "inside_release_blend": true
            },
            {
              "from_frame": 96,
              "to_frame": 97,
              "velocity_deg": 14.144659518899624,
              "new_block_offset": 3,
              "inside_release_blend": true
            },
            {
              "from_frame": 95,
              "to_frame": 96,
              "velocity_deg": 14.144655892434264,
              "new_block_offset": 2,
              "inside_release_blend": true
            },
            {
              "from_frame": 105,
              "to_frame": 106,
              "velocity_deg": 13.546016723125103,
              "new_block_offset": 2,
              "inside_release_blend": true
            },
            {
              "from_frame": 106,
              "to_frame": 107,
              "velocity_deg": 13.350689999952552,
              "new_block_offset": 3,
              "inside_release_blend": true
            },
            {
              "from_frame": 46,
              "to_frame": 47,
              "velocity_deg": 11.906134550581296,
              "new_block_offset": 3,
              "inside_release_blend": true
            },
            {
              "from_frame": 45,
              "to_frame": 46,
              "velocity_deg": 11.906132750772427,
              "new_block_offset": 2,
              "inside_release_blend": true
            }
          ],
          "release_blend_blocks_by_path": [
            {
              "start_frame": 154,
              "endpoint_distance_deg": 71.44143356616638,
              "path_distance_deg": 77.66223272484022,
              "path_to_endpoint_ratio": 1.0870755085410257,
              "peak_velocity_deg": 24.904613303053626
            },
            {
              "start_frame": 164,
              "endpoint_distance_deg": 38.63813997463174,
              "path_distance_deg": 69.4969557445981,
              "path_to_endpoint_ratio": 1.7986620419675228,
              "peak_velocity_deg": 17.28955753255045
            },
            {
              "start_frame": 94,
              "endpoint_distance_deg": 32.09966075285738,
              "path_distance_deg": 54.01628553344392,
              "path_to_endpoint_ratio": 1.6827681123899607,
              "peak_velocity_deg": 14.144659518899624
            },
            {
              "start_frame": 144,
              "endpoint_distance_deg": 40.95649581810701,
              "path_distance_deg": 49.00820875337888,
              "path_to_endpoint_ratio": 1.1965918415244934,
              "peak_velocity_deg": 15.056568470615435
            },
            {
              "start_frame": 64,
              "endpoint_distance_deg": 33.633728208125426,
              "path_distance_deg": 44.605175697384475,
              "path_to_endpoint_ratio": 1.3262037268472813,
              "peak_velocity_deg": 11.45736834233945
            },
            {
              "start_frame": 44,
              "endpoint_distance_deg": 27.49220060016877,
              "path_distance_deg": 44.296334262909625,
              "path_to_endpoint_ratio": 1.6112327604156103,
              "peak_velocity_deg": 11.906134550581296
            },
            {
              "start_frame": 174,
              "endpoint_distance_deg": 40.44255813278639,
              "path_distance_deg": 43.18250814689575,
              "path_to_endpoint_ratio": 1.0677491766251084,
              "peak_velocity_deg": 11.667980541986918
            },
            {
              "start_frame": 104,
              "endpoint_distance_deg": 38.15507439377773,
              "path_distance_deg": 42.593079508044625,
              "path_to_endpoint_ratio": 1.11631493804637,
              "peak_velocity_deg": 13.546016723125103
            },
            {
              "start_frame": 84,
              "endpoint_distance_deg": 26.75785188245767,
              "path_distance_deg": 41.21324136683435,
              "path_to_endpoint_ratio": 1.5402298191901411,
              "peak_velocity_deg": 11.55543279934044
            },
            {
              "start_frame": 194,
              "endpoint_distance_deg": 30.516646432902935,
              "path_distance_deg": 31.53444007006423,
              "path_to_endpoint_ratio": 1.0333520801310565,
              "peak_velocity_deg": 9.676897536958677
            },
            {
              "start_frame": 54,
              "endpoint_distance_deg": 17.684584975078856,
              "path_distance_deg": 27.92981574884023,
              "path_to_endpoint_ratio": 1.579331139984284,
              "peak_velocity_deg": 6.2411430256297376
            },
            {
              "start_frame": 214,
              "endpoint_distance_deg": 11.054635547563342,
              "path_distance_deg": 26.809639127056414,
              "path_to_endpoint_ratio": 2.425194300771479,
              "peak_velocity_deg": 5.569535982745252
            },
            {
              "start_frame": 204,
              "endpoint_distance_deg": 17.807849928965407,
              "path_distance_deg": 26.451539537391845,
              "path_to_endpoint_ratio": 1.4853864808444406,
              "peak_velocity_deg": 5.859286853899004
            },
            {
              "start_frame": 134,
              "endpoint_distance_deg": 13.040448885094921,
              "path_distance_deg": 25.077855005267224,
              "path_to_endpoint_ratio": 1.9230821903631643,
              "peak_velocity_deg": 6.197324332403524
            },
            {
              "start_frame": 34,
              "endpoint_distance_deg": 18.160138371982978,
              "path_distance_deg": 24.97172888916097,
              "path_to_endpoint_ratio": 1.3750847255484986,
              "peak_velocity_deg": 9.175102574562404
            },
            {
              "start_frame": 184,
              "endpoint_distance_deg": 6.520673117506974,
              "path_distance_deg": 23.54552950412576,
              "path_to_endpoint_ratio": 3.610904745540724,
              "peak_velocity_deg": 5.235811500892888
            },
            {
              "start_frame": 114,
              "endpoint_distance_deg": 19.655475009598312,
              "path_distance_deg": 23.234044481966404,
              "path_to_endpoint_ratio": 1.1820647667187172,
              "peak_velocity_deg": 6.723066223972773
            },
            {
              "start_frame": 124,
              "endpoint_distance_deg": 12.013090997673727,
              "path_distance_deg": 18.94697606786457,
              "path_to_endpoint_ratio": 1.5771940853135593,
              "peak_velocity_deg": 4.587862265367891
            },
            {
              "start_frame": 74,
              "endpoint_distance_deg": 11.839589798700219,
              "path_distance_deg": 17.909078510016922,
              "path_to_endpoint_ratio": 1.5126434964818651,
              "peak_velocity_deg": 4.828714189829619
            }
          ],
          "boundary_blocks_by_peak": [
            {
              "start_frame": 154,
              "end_frame": 160,
              "entry_jump_deg": 2.817394997269628,
              "path_distance_deg": 80.47962772210985,
              "endpoint_distance_deg": 70.67822553619851,
              "path_to_endpoint_ratio": 1.138676404388385,
              "peak_velocity_deg": 24.904613303053626
            },
            {
              "start_frame": 164,
              "end_frame": 170,
              "entry_jump_deg": 5.812546371666472,
              "path_distance_deg": 75.30950211626457,
              "endpoint_distance_deg": 43.65812757247156,
              "path_to_endpoint_ratio": 1.7249824100049276,
              "peak_velocity_deg": 17.28955753255045
            },
            {
              "start_frame": 144,
              "end_frame": 150,
              "entry_jump_deg": 7.247592911814936,
              "path_distance_deg": 56.255801665193815,
              "endpoint_distance_deg": 35.770050212383,
              "path_to_endpoint_ratio": 1.5727068128553812,
              "peak_velocity_deg": 15.056568470615435
            },
            {
              "start_frame": 94,
              "end_frame": 100,
              "entry_jump_deg": 3.7448458277108663,
              "path_distance_deg": 57.76113136115479,
              "endpoint_distance_deg": 30.72809256783975,
              "path_to_endpoint_ratio": 1.8797499790666479,
              "peak_velocity_deg": 14.144659518899624
            },
            {
              "start_frame": 104,
              "end_frame": 110,
              "entry_jump_deg": 2.4770364335534247,
              "path_distance_deg": 45.07011594159805,
              "endpoint_distance_deg": 39.127312456010024,
              "path_to_endpoint_ratio": 1.151883763861098,
              "peak_velocity_deg": 13.546016723125103
            },
            {
              "start_frame": 44,
              "end_frame": 50,
              "entry_jump_deg": 4.89453377627857,
              "path_distance_deg": 49.1908680391882,
              "endpoint_distance_deg": 25.12664140066603,
              "path_to_endpoint_ratio": 1.9577175976206793,
              "peak_velocity_deg": 11.906134550581296
            },
            {
              "start_frame": 174,
              "end_frame": 180,
              "entry_jump_deg": 5.2176202810119,
              "path_distance_deg": 48.400128427907646,
              "endpoint_distance_deg": 35.41876187049757,
              "path_to_endpoint_ratio": 1.3665110204832722,
              "peak_velocity_deg": 11.667980541986918
            },
            {
              "start_frame": 84,
              "end_frame": 90,
              "entry_jump_deg": 2.24845616412202,
              "path_distance_deg": 43.46169753095637,
              "endpoint_distance_deg": 26.999945059444407,
              "path_to_endpoint_ratio": 1.6096957766124693,
              "peak_velocity_deg": 11.55543279934044
            },
            {
              "start_frame": 64,
              "end_frame": 70,
              "entry_jump_deg": 1.499654489261983,
              "path_distance_deg": 46.10483018664646,
              "endpoint_distance_deg": 33.494091807944976,
              "path_to_endpoint_ratio": 1.3765063537477422,
              "peak_velocity_deg": 11.45736834233945
            },
            {
              "start_frame": 194,
              "end_frame": 200,
              "entry_jump_deg": 3.5521395789551278,
              "path_distance_deg": 35.08657964901936,
              "endpoint_distance_deg": 27.166007371326227,
              "path_to_endpoint_ratio": 1.2915618835491194,
              "peak_velocity_deg": 9.676897536958677
            },
            {
              "start_frame": 34,
              "end_frame": 40,
              "entry_jump_deg": 9.190297490085607,
              "path_distance_deg": 34.162026379246576,
              "endpoint_distance_deg": 12.998442811855323,
              "path_to_endpoint_ratio": 2.628162994115638,
              "peak_velocity_deg": 9.190297490085607
            },
            {
              "start_frame": 54,
              "end_frame": 60,
              "entry_jump_deg": 7.49759983270664,
              "path_distance_deg": 35.427415581546875,
              "endpoint_distance_deg": 13.331408375696743,
              "path_to_endpoint_ratio": 2.657439828047824,
              "peak_velocity_deg": 7.49759983270664
            },
            {
              "start_frame": 114,
              "end_frame": 120,
              "entry_jump_deg": 0.5781015004746389,
              "path_distance_deg": 23.81214598244104,
              "endpoint_distance_deg": 19.386024463823038,
              "path_to_endpoint_ratio": 1.2283150692849765,
              "peak_velocity_deg": 6.723066223972773
            },
            {
              "start_frame": 134,
              "end_frame": 140,
              "entry_jump_deg": 5.205333534162358,
              "path_distance_deg": 30.28318853942958,
              "endpoint_distance_deg": 15.266057493661995,
              "path_to_endpoint_ratio": 1.983694123515665,
              "peak_velocity_deg": 6.197324332403524
            },
            {
              "start_frame": 204,
              "end_frame": 210,
              "entry_jump_deg": 4.703457036605615,
              "path_distance_deg": 31.154996573997458,
              "endpoint_distance_deg": 21.047151290849186,
              "path_to_endpoint_ratio": 1.4802476659890276,
              "peak_velocity_deg": 5.859286853899004
            },
            {
              "start_frame": 214,
              "end_frame": 220,
              "entry_jump_deg": 4.976075123228278,
              "path_distance_deg": 31.78571425028469,
              "endpoint_distance_deg": 13.985258550785515,
              "path_to_endpoint_ratio": 2.2728013311201436,
              "peak_velocity_deg": 5.569535982745252
            },
            {
              "start_frame": 184,
              "end_frame": 190,
              "entry_jump_deg": 1.086736322754067,
              "path_distance_deg": 24.63226582687983,
              "endpoint_distance_deg": 6.511092456259526,
              "path_to_endpoint_ratio": 3.7831233379583287,
              "peak_velocity_deg": 5.235811500892888
            },
            {
              "start_frame": 74,
              "end_frame": 80,
              "entry_jump_deg": 2.424018747615666,
              "path_distance_deg": 20.333097257632588,
              "endpoint_distance_deg": 11.182583369940726,
              "path_to_endpoint_ratio": 1.8182826440882027,
              "peak_velocity_deg": 4.828714189829619
            },
            {
              "start_frame": 124,
              "end_frame": 130,
              "entry_jump_deg": 1.9865858762638664,
              "path_distance_deg": 20.933561944128435,
              "endpoint_distance_deg": 11.971927221093294,
              "path_to_endpoint_ratio": 1.7485540596375888,
              "peak_velocity_deg": 4.587862265367891
            }
          ]
        },
        "ground_truth": {
          "order": "XYZ",
          "excursion_p90_deg": 42.071252832352876,
          "excursion_max_deg": 60.89553452645308,
          "velocity_rms_deg_per_frame": 5.451303815083178,
          "velocity_p95_deg_per_frame": 10.590679219672138,
          "velocity_max_deg_per_frame": 28.752882816234536,
          "euler_axis_step_p95_deg": [
            8.057360799999984,
            7.5531961000000045,
            3.3486897999999945
          ],
          "top_velocity_transitions": [
            {
              "from_frame": 183,
              "to_frame": 184,
              "velocity_deg": 28.752882816234536,
              "new_block_offset": 0,
              "inside_release_blend": true
            },
            {
              "from_frame": 182,
              "to_frame": 183,
              "velocity_deg": 23.09912620498383,
              "new_block_offset": 9,
              "inside_release_blend": false
            },
            {
              "from_frame": 158,
              "to_frame": 159,
              "velocity_deg": 21.365005271234534,
              "new_block_offset": 5,
              "inside_release_blend": false
            },
            {
              "from_frame": 201,
              "to_frame": 202,
              "velocity_deg": 15.486897516214173,
              "new_block_offset": 8,
              "inside_release_blend": false
            },
            {
              "from_frame": 197,
              "to_frame": 198,
              "velocity_deg": 15.093930234628017,
              "new_block_offset": 4,
              "inside_release_blend": true
            },
            {
              "from_frame": 200,
              "to_frame": 201,
              "velocity_deg": 13.929931381224357,
              "new_block_offset": 7,
              "inside_release_blend": false
            },
            {
              "from_frame": 181,
              "to_frame": 182,
              "velocity_deg": 13.744611866073315,
              "new_block_offset": 8,
              "inside_release_blend": false
            },
            {
              "from_frame": 34,
              "to_frame": 35,
              "velocity_deg": 12.95666113026505,
              "new_block_offset": 1,
              "inside_release_blend": true
            },
            {
              "from_frame": 35,
              "to_frame": 36,
              "velocity_deg": 11.746107218566646,
              "new_block_offset": 2,
              "inside_release_blend": true
            },
            {
              "from_frame": 213,
              "to_frame": 214,
              "velocity_deg": 11.533120366716796,
              "new_block_offset": 0,
              "inside_release_blend": true
            },
            {
              "from_frame": 157,
              "to_frame": 158,
              "velocity_deg": 10.850132882316336,
              "new_block_offset": 4,
              "inside_release_blend": true
            },
            {
              "from_frame": 196,
              "to_frame": 197,
              "velocity_deg": 10.635457599392725,
              "new_block_offset": 3,
              "inside_release_blend": true
            }
          ],
          "release_blend_blocks_by_path": [
            {
              "start_frame": 154,
              "endpoint_distance_deg": 46.227712805016836,
              "path_distance_deg": 55.15037760321405,
              "path_to_endpoint_ratio": 1.1930154934515576,
              "peak_velocity_deg": 21.365005271234534
            },
            {
              "start_frame": 194,
              "endpoint_distance_deg": 36.569182190825785,
              "path_distance_deg": 51.2605250520351,
              "path_to_endpoint_ratio": 1.4017410830941408,
              "peak_velocity_deg": 15.093930234628017
            },
            {
              "start_frame": 34,
              "endpoint_distance_deg": 13.214790479446448,
              "path_distance_deg": 45.22210858274389,
              "path_to_endpoint_ratio": 3.422082904233696,
              "peak_velocity_deg": 12.95666113026505
            },
            {
              "start_frame": 174,
              "endpoint_distance_deg": 28.89708930582963,
              "path_distance_deg": 31.843621916368008,
              "path_to_endpoint_ratio": 1.101966415349104,
              "peak_velocity_deg": 9.813187624939976
            },
            {
              "start_frame": 144,
              "endpoint_distance_deg": 22.53044125151249,
              "path_distance_deg": 28.4253638438967,
              "path_to_endpoint_ratio": 1.2616425717800126,
              "peak_velocity_deg": 6.65679071559387
            },
            {
              "start_frame": 214,
              "endpoint_distance_deg": 13.576164004356121,
              "path_distance_deg": 27.734577276517733,
              "path_to_endpoint_ratio": 2.042887612997211,
              "peak_velocity_deg": 10.18767380218697
            },
            {
              "start_frame": 134,
              "endpoint_distance_deg": 20.01532858501834,
              "path_distance_deg": 22.012161689980097,
              "path_to_endpoint_ratio": 1.099765192286496,
              "peak_velocity_deg": 6.233065902007456
            },
            {
              "start_frame": 184,
              "endpoint_distance_deg": 8.178758898956332,
              "path_distance_deg": 21.088601688208804,
              "path_to_endpoint_ratio": 2.5784598798846927,
              "peak_velocity_deg": 8.070660791734301
            },
            {
              "start_frame": 44,
              "endpoint_distance_deg": 18.226659764049167,
              "path_distance_deg": 19.248778334838235,
              "path_to_endpoint_ratio": 1.0560782164159956,
              "peak_velocity_deg": 4.377665118209559
            },
            {
              "start_frame": 54,
              "endpoint_distance_deg": 9.717542816841608,
              "path_distance_deg": 17.878020640824552,
              "path_to_endpoint_ratio": 1.8397676221029773,
              "peak_velocity_deg": 4.644966725318677
            },
            {
              "start_frame": 164,
              "endpoint_distance_deg": 14.629802039833587,
              "path_distance_deg": 16.535299662695458,
              "path_to_endpoint_ratio": 1.1302476696317312,
              "peak_velocity_deg": 4.6006477532307475
            },
            {
              "start_frame": 84,
              "endpoint_distance_deg": 10.916546570541705,
              "path_distance_deg": 15.52845350125847,
              "path_to_endpoint_ratio": 1.4224694046707036,
              "peak_velocity_deg": 3.723379706579719
            },
            {
              "start_frame": 204,
              "endpoint_distance_deg": 7.234974835981004,
              "path_distance_deg": 13.159459977005541,
              "path_to_endpoint_ratio": 1.818867414930162,
              "peak_velocity_deg": 3.0076899383744657
            },
            {
              "start_frame": 74,
              "endpoint_distance_deg": 2.422883263282947,
              "path_distance_deg": 11.515669914934088,
              "path_to_endpoint_ratio": 4.752878559791048,
              "peak_velocity_deg": 2.838656288067068
            },
            {
              "start_frame": 104,
              "endpoint_distance_deg": 7.964462502694245,
              "path_distance_deg": 10.739515821865236,
              "path_to_endpoint_ratio": 1.348429453743079,
              "peak_velocity_deg": 3.9697414573166547
            },
            {
              "start_frame": 94,
              "endpoint_distance_deg": 6.652693247979083,
              "path_distance_deg": 10.416596640100027,
              "path_to_endpoint_ratio": 1.5657713728593035,
              "peak_velocity_deg": 2.6032974628209984
            },
            {
              "start_frame": 124,
              "endpoint_distance_deg": 5.767768307201718,
              "path_distance_deg": 9.65371174912259,
              "path_to_endpoint_ratio": 1.6737343171480774,
              "peak_velocity_deg": 2.6222467256591777
            },
            {
              "start_frame": 64,
              "endpoint_distance_deg": 9.341620835721505,
              "path_distance_deg": 9.432567993883218,
              "path_to_endpoint_ratio": 1.0097356935976185,
              "peak_velocity_deg": 2.1516025294870036
            },
            {
              "start_frame": 114,
              "endpoint_distance_deg": 3.4476185414302383,
              "path_distance_deg": 4.2812136434026895,
              "path_to_endpoint_ratio": 1.2417886700500909,
              "peak_velocity_deg": 1.4469191583945429
            }
          ],
          "boundary_blocks_by_peak": [
            {
              "start_frame": 184,
              "end_frame": 190,
              "entry_jump_deg": 28.752882816234536,
              "path_distance_deg": 49.84148450444334,
              "endpoint_distance_deg": 26.32274394297646,
              "path_to_endpoint_ratio": 1.8934760225763716,
              "peak_velocity_deg": 28.752882816234536
            },
            {
              "start_frame": 154,
              "end_frame": 160,
              "entry_jump_deg": 1.0815809288299794,
              "path_distance_deg": 56.231958532044025,
              "endpoint_distance_deg": 45.392298064338945,
              "path_to_endpoint_ratio": 1.2387995525659654,
              "peak_velocity_deg": 21.365005271234534
            },
            {
              "start_frame": 194,
              "end_frame": 200,
              "entry_jump_deg": 3.9232843812106553,
              "path_distance_deg": 55.18380943324575,
              "endpoint_distance_deg": 38.582244723531986,
              "path_to_endpoint_ratio": 1.430290275453781,
              "peak_velocity_deg": 15.093930234628017
            },
            {
              "start_frame": 34,
              "end_frame": 40,
              "entry_jump_deg": 8.57861749868097,
              "path_distance_deg": 53.80072608142487,
              "endpoint_distance_deg": 21.37342423863379,
              "path_to_endpoint_ratio": 2.517178599027512,
              "peak_velocity_deg": 12.95666113026505
            },
            {
              "start_frame": 214,
              "end_frame": 220,
              "entry_jump_deg": 11.533120366716796,
              "path_distance_deg": 39.26769764323453,
              "endpoint_distance_deg": 24.686008711475512,
              "path_to_endpoint_ratio": 1.5906863722761544,
              "peak_velocity_deg": 11.533120366716796
            },
            {
              "start_frame": 174,
              "end_frame": 180,
              "entry_jump_deg": 7.240836769330965,
              "path_distance_deg": 39.08445868569897,
              "endpoint_distance_deg": 35.91773325623278,
              "path_to_endpoint_ratio": 1.0881660712516337,
              "peak_velocity_deg": 9.813187624939976
            },
            {
              "start_frame": 204,
              "end_frame": 210,
              "entry_jump_deg": 9.611584167608314,
              "path_distance_deg": 22.771044144613853,
              "endpoint_distance_deg": 3.13773492435873,
              "path_to_endpoint_ratio": 7.257159923815952,
              "peak_velocity_deg": 9.611584167608314
            },
            {
              "start_frame": 144,
              "end_frame": 150,
              "entry_jump_deg": 6.424518731544535,
              "path_distance_deg": 34.849882575441235,
              "endpoint_distance_deg": 27.817774163912055,
              "path_to_endpoint_ratio": 1.2527919153449711,
              "peak_velocity_deg": 6.65679071559387
            },
            {
              "start_frame": 134,
              "end_frame": 140,
              "entry_jump_deg": 0.6830237005707682,
              "path_distance_deg": 22.695185390550865,
              "endpoint_distance_deg": 20.28822636317311,
              "path_to_endpoint_ratio": 1.1186382182597703,
              "peak_velocity_deg": 6.233065902007456
            },
            {
              "start_frame": 54,
              "end_frame": 60,
              "entry_jump_deg": 3.550595513605223,
              "path_distance_deg": 21.428616154429776,
              "endpoint_distance_deg": 12.214103483823461,
              "path_to_endpoint_ratio": 1.7544158016026432,
              "peak_velocity_deg": 4.644966725318677
            },
            {
              "start_frame": 164,
              "end_frame": 170,
              "entry_jump_deg": 3.6467509509775295,
              "path_distance_deg": 20.182050613672985,
              "endpoint_distance_deg": 18.274508663380495,
              "path_to_endpoint_ratio": 1.10438266688477,
              "peak_velocity_deg": 4.6006477532307475
            },
            {
              "start_frame": 44,
              "end_frame": 50,
              "entry_jump_deg": 2.13761583839759,
              "path_distance_deg": 21.386394173235825,
              "endpoint_distance_deg": 16.911936535988275,
              "path_to_endpoint_ratio": 1.264573937332723,
              "peak_velocity_deg": 4.377665118209559
            },
            {
              "start_frame": 104,
              "end_frame": 110,
              "entry_jump_deg": 3.431497078017741,
              "path_distance_deg": 14.171012899882978,
              "endpoint_distance_deg": 11.269715228255842,
              "path_to_endpoint_ratio": 1.2574419683962286,
              "peak_velocity_deg": 3.9697414573166547
            },
            {
              "start_frame": 84,
              "end_frame": 90,
              "entry_jump_deg": 2.266789070481195,
              "path_distance_deg": 17.795242571739664,
              "endpoint_distance_deg": 12.034357000129374,
              "path_to_endpoint_ratio": 1.4787032303884917,
              "peak_velocity_deg": 3.723379706579719
            },
            {
              "start_frame": 74,
              "end_frame": 80,
              "entry_jump_deg": 2.1295207423743037,
              "path_distance_deg": 13.64519065730839,
              "endpoint_distance_deg": 1.3570741456740347,
              "path_to_endpoint_ratio": 10.054860083220483,
              "peak_velocity_deg": 2.838656288067068
            },
            {
              "start_frame": 124,
              "end_frame": 130,
              "entry_jump_deg": 2.182020380865598,
              "path_distance_deg": 11.835732129988187,
              "endpoint_distance_deg": 3.966462978044991,
              "path_to_endpoint_ratio": 2.9839512420765963,
              "peak_velocity_deg": 2.6222467256591777
            },
            {
              "start_frame": 94,
              "end_frame": 100,
              "entry_jump_deg": 2.0759751746556683,
              "path_distance_deg": 12.492571814755694,
              "endpoint_distance_deg": 5.2116979266051136,
              "path_to_endpoint_ratio": 2.3970253055117725,
              "peak_velocity_deg": 2.6032974628209984
            },
            {
              "start_frame": 64,
              "end_frame": 70,
              "entry_jump_deg": 0.23192872744275833,
              "path_distance_deg": 9.664496721325976,
              "endpoint_distance_deg": 9.243858717089758,
              "path_to_endpoint_ratio": 1.0455045903566826,
              "peak_velocity_deg": 2.1516025294870036
            },
            {
              "start_frame": 114,
              "end_frame": 120,
              "entry_jump_deg": 1.1790268214570474,
              "path_distance_deg": 5.460240464859736,
              "endpoint_distance_deg": 2.4553527227557637,
              "path_to_endpoint_ratio": 2.2238110289634636,
              "peak_velocity_deg": 1.4469191583945429
            }
          ]
        },
        "ratios": {
          "excursion_p90": 0.6514647894059853,
          "velocity_rms": 1.149800436892414,
          "velocity_p95": 1.1219599124315387
        }
      },
      "LeftForeArm": {
        "prediction": {
          "order": "XYZ",
          "excursion_p90_deg": 52.493821943302514,
          "excursion_max_deg": 65.66259827725128,
          "velocity_rms_deg_per_frame": 8.28251550763644,
          "velocity_p95_deg_per_frame": 16.670929754466894,
          "velocity_max_deg_per_frame": 30.2515598191631,
          "euler_axis_step_p95_deg": [
            37.55003699999997,
            10.4077701,
            37.81824579999999
          ],
          "top_velocity_transitions": [
            {
              "from_frame": 138,
              "to_frame": 139,
              "velocity_deg": 30.2515598191631,
              "new_block_offset": 5,
              "inside_release_blend": false
            },
            {
              "from_frame": 176,
              "to_frame": 177,
              "velocity_deg": 27.58120768712668,
              "new_block_offset": 3,
              "inside_release_blend": true
            },
            {
              "from_frame": 175,
              "to_frame": 176,
              "velocity_deg": 26.09259481821396,
              "new_block_offset": 2,
              "inside_release_blend": true
            },
            {
              "from_frame": 66,
              "to_frame": 67,
              "velocity_deg": 21.483161718687956,
              "new_block_offset": 3,
              "inside_release_blend": true
            },
            {
              "from_frame": 65,
              "to_frame": 66,
              "velocity_deg": 20.87060848860468,
              "new_block_offset": 2,
              "inside_release_blend": true
            },
            {
              "from_frame": 206,
              "to_frame": 207,
              "velocity_deg": 19.03645010175045,
              "new_block_offset": 3,
              "inside_release_blend": true
            },
            {
              "from_frame": 116,
              "to_frame": 117,
              "velocity_deg": 18.14772537348239,
              "new_block_offset": 3,
              "inside_release_blend": true
            },
            {
              "from_frame": 115,
              "to_frame": 116,
              "velocity_deg": 18.147719131982537,
              "new_block_offset": 2,
              "inside_release_blend": true
            },
            {
              "from_frame": 80,
              "to_frame": 81,
              "velocity_deg": 17.510760971704332,
              "new_block_offset": 7,
              "inside_release_blend": false
            },
            {
              "from_frame": 205,
              "to_frame": 206,
              "velocity_deg": 17.354387157739044,
              "new_block_offset": 2,
              "inside_release_blend": true
            },
            {
              "from_frame": 156,
              "to_frame": 157,
              "velocity_deg": 16.743001088986524,
              "new_block_offset": 3,
              "inside_release_blend": true
            },
            {
              "from_frame": 36,
              "to_frame": 37,
              "velocity_deg": 16.67093235571493,
              "new_block_offset": 3,
              "inside_release_blend": true
            }
          ],
          "release_blend_blocks_by_path": [
            {
              "start_frame": 174,
              "endpoint_distance_deg": 84.75562870407727,
              "path_distance_deg": 91.0663066184121,
              "path_to_endpoint_ratio": 1.0744573311628476,
              "peak_velocity_deg": 27.58120768712668
            },
            {
              "start_frame": 204,
              "endpoint_distance_deg": 72.45682769565212,
              "path_distance_deg": 72.94813189168562,
              "path_to_endpoint_ratio": 1.0067806473407472,
              "peak_velocity_deg": 19.03645010175045
            },
            {
              "start_frame": 64,
              "endpoint_distance_deg": 68.15014710469494,
              "path_distance_deg": 70.93896640653665,
              "path_to_endpoint_ratio": 1.0409216915930852,
              "peak_velocity_deg": 21.483161718687956
            },
            {
              "start_frame": 34,
              "endpoint_distance_deg": 27.70263570443538,
              "path_distance_deg": 70.84713103054413,
              "path_to_endpoint_ratio": 2.557414817363426,
              "peak_velocity_deg": 16.67093235571493
            },
            {
              "start_frame": 164,
              "endpoint_distance_deg": 54.37747968134177,
              "path_distance_deg": 60.37348048116251,
              "path_to_endpoint_ratio": 1.110266250568397,
              "peak_velocity_deg": 15.275088982429795
            },
            {
              "start_frame": 184,
              "endpoint_distance_deg": 58.72880015665615,
              "path_distance_deg": 59.99544316270382,
              "path_to_endpoint_ratio": 1.0215676636108513,
              "peak_velocity_deg": 13.141717624028907
            },
            {
              "start_frame": 134,
              "endpoint_distance_deg": 46.22166515238052,
              "path_distance_deg": 58.375650975671434,
              "path_to_endpoint_ratio": 1.262949977747934,
              "peak_velocity_deg": 30.2515598191631
            },
            {
              "start_frame": 114,
              "endpoint_distance_deg": 48.83760272768606,
              "path_distance_deg": 57.41639178637832,
              "path_to_endpoint_ratio": 1.1756595037337683,
              "peak_velocity_deg": 18.14772537348239
            },
            {
              "start_frame": 154,
              "endpoint_distance_deg": 54.67214075811606,
              "path_distance_deg": 57.01743909981372,
              "path_to_endpoint_ratio": 1.0428975033568537,
              "peak_velocity_deg": 16.743001088986524
            },
            {
              "start_frame": 44,
              "endpoint_distance_deg": 40.79663254459746,
              "path_distance_deg": 48.37787699512425,
              "path_to_endpoint_ratio": 1.1858301525803443,
              "peak_velocity_deg": 12.875135512043776
            },
            {
              "start_frame": 144,
              "endpoint_distance_deg": 34.78984334249939,
              "path_distance_deg": 43.11940696041596,
              "path_to_endpoint_ratio": 1.2394251545174724,
              "peak_velocity_deg": 13.372221895045413
            },
            {
              "start_frame": 94,
              "endpoint_distance_deg": 20.039031891457995,
              "path_distance_deg": 40.552429161505366,
              "path_to_endpoint_ratio": 2.023672070644869,
              "peak_velocity_deg": 10.382143566145581
            },
            {
              "start_frame": 214,
              "endpoint_distance_deg": 31.145656947856956,
              "path_distance_deg": 38.09531156712552,
              "path_to_endpoint_ratio": 1.2231339872170124,
              "peak_velocity_deg": 11.891668335501922
            },
            {
              "start_frame": 54,
              "endpoint_distance_deg": 31.634690650069295,
              "path_distance_deg": 35.98840712833759,
              "path_to_endpoint_ratio": 1.1376247527256524,
              "peak_velocity_deg": 10.896826494588163
            },
            {
              "start_frame": 84,
              "endpoint_distance_deg": 23.49104054208511,
              "path_distance_deg": 31.209379891650897,
              "path_to_endpoint_ratio": 1.3285652389785836,
              "peak_velocity_deg": 7.786223299346843
            },
            {
              "start_frame": 74,
              "endpoint_distance_deg": 5.259783894726162,
              "path_distance_deg": 27.426223045781335,
              "path_to_endpoint_ratio": 5.214325073940935,
              "peak_velocity_deg": 9.254000462104129
            },
            {
              "start_frame": 104,
              "endpoint_distance_deg": 17.74367528486656,
              "path_distance_deg": 21.1351161832539,
              "path_to_endpoint_ratio": 1.1911351985391592,
              "peak_velocity_deg": 5.651790765686433
            },
            {
              "start_frame": 124,
              "endpoint_distance_deg": 18.25696757656289,
              "path_distance_deg": 18.588757065714,
              "path_to_endpoint_ratio": 1.018173307684297,
              "peak_velocity_deg": 4.120223467295033
            },
            {
              "start_frame": 194,
              "endpoint_distance_deg": 2.8877976882012897,
              "path_distance_deg": 7.334723170357817,
              "path_to_endpoint_ratio": 2.5399020161022308,
              "peak_velocity_deg": 1.5677572969409987
            }
          ],
          "boundary_blocks_by_peak": [
            {
              "start_frame": 134,
              "end_frame": 140,
              "entry_jump_deg": 10.74902621708404,
              "path_distance_deg": 69.12467719275547,
              "endpoint_distance_deg": 52.20182171661424,
              "path_to_endpoint_ratio": 1.3241813201081296,
              "peak_velocity_deg": 30.2515598191631
            },
            {
              "start_frame": 174,
              "end_frame": 180,
              "entry_jump_deg": 1.9798309261923916,
              "path_distance_deg": 93.04613754460449,
              "endpoint_distance_deg": 84.27716291899618,
              "path_to_endpoint_ratio": 1.1040492385112286,
              "peak_velocity_deg": 27.58120768712668
            },
            {
              "start_frame": 64,
              "end_frame": 70,
              "entry_jump_deg": 3.092610469705404,
              "path_distance_deg": 74.03157687624206,
              "endpoint_distance_deg": 65.52996886772422,
              "path_to_endpoint_ratio": 1.1297361826262848,
              "peak_velocity_deg": 21.483161718687956
            },
            {
              "start_frame": 204,
              "end_frame": 210,
              "entry_jump_deg": 3.35746849715649,
              "path_distance_deg": 76.30560038884212,
              "endpoint_distance_deg": 69.09938852645219,
              "path_to_endpoint_ratio": 1.104287635767302,
              "peak_velocity_deg": 19.03645010175045
            },
            {
              "start_frame": 114,
              "end_frame": 120,
              "entry_jump_deg": 1.5755885097808044,
              "path_distance_deg": 58.99198029615912,
              "endpoint_distance_deg": 47.3551636588709,
              "path_to_endpoint_ratio": 1.2457349048799735,
              "peak_velocity_deg": 18.14772537348239
            },
            {
              "start_frame": 154,
              "end_frame": 160,
              "entry_jump_deg": 2.2867992303899367,
              "path_distance_deg": 59.30423833020366,
              "endpoint_distance_deg": 54.030170599172884,
              "path_to_endpoint_ratio": 1.0976133829033572,
              "peak_velocity_deg": 16.743001088986524
            },
            {
              "start_frame": 34,
              "end_frame": 40,
              "entry_jump_deg": 2.7956130685998706,
              "path_distance_deg": 73.642744099144,
              "endpoint_distance_deg": 25.956094682990816,
              "path_to_endpoint_ratio": 2.837204325171557,
              "peak_velocity_deg": 16.67093235571493
            },
            {
              "start_frame": 164,
              "end_frame": 170,
              "entry_jump_deg": 3.2263602449361097,
              "path_distance_deg": 63.59984072609862,
              "endpoint_distance_deg": 52.08065073581156,
              "path_to_endpoint_ratio": 1.2211798398741256,
              "peak_velocity_deg": 15.275088982429795
            },
            {
              "start_frame": 84,
              "end_frame": 90,
              "entry_jump_deg": 13.959062478994255,
              "path_distance_deg": 45.16844237064515,
              "endpoint_distance_deg": 9.875411631508218,
              "path_to_endpoint_ratio": 4.573828824160803,
              "peak_velocity_deg": 13.959062478994255
            },
            {
              "start_frame": 144,
              "end_frame": 150,
              "entry_jump_deg": 12.652945296134709,
              "path_distance_deg": 55.77235225655066,
              "endpoint_distance_deg": 35.088380942755585,
              "path_to_endpoint_ratio": 1.5894820666573255,
              "peak_velocity_deg": 13.372221895045413
            },
            {
              "start_frame": 184,
              "end_frame": 190,
              "entry_jump_deg": 2.944851719260895,
              "path_distance_deg": 62.94029488196472,
              "endpoint_distance_deg": 61.52723502923156,
              "path_to_endpoint_ratio": 1.0229664123873243,
              "peak_velocity_deg": 13.141717624028907
            },
            {
              "start_frame": 44,
              "end_frame": 50,
              "entry_jump_deg": 11.212631664282547,
              "path_distance_deg": 59.590508659406794,
              "endpoint_distance_deg": 50.999720595602625,
              "path_to_endpoint_ratio": 1.1684477476244233,
              "peak_velocity_deg": 12.875135512043776
            },
            {
              "start_frame": 214,
              "end_frame": 220,
              "entry_jump_deg": 8.263902275433994,
              "path_distance_deg": 46.35921384255952,
              "endpoint_distance_deg": 23.576843084568846,
              "path_to_endpoint_ratio": 1.9663028538753706,
              "peak_velocity_deg": 11.891668335501922
            },
            {
              "start_frame": 54,
              "end_frame": 60,
              "entry_jump_deg": 9.364264350434171,
              "path_distance_deg": 45.35267147877176,
              "endpoint_distance_deg": 22.275449160988163,
              "path_to_endpoint_ratio": 2.035993579792753,
              "peak_velocity_deg": 10.896826494588163
            },
            {
              "start_frame": 94,
              "end_frame": 100,
              "entry_jump_deg": 8.157136448765808,
              "path_distance_deg": 48.70956561027117,
              "endpoint_distance_deg": 15.324071180756995,
              "path_to_endpoint_ratio": 3.1786308635421623,
              "peak_velocity_deg": 10.382143566145581
            },
            {
              "start_frame": 74,
              "end_frame": 80,
              "entry_jump_deg": 1.9694731898432842,
              "path_distance_deg": 29.39569623562462,
              "endpoint_distance_deg": 5.708250260509363,
              "path_to_endpoint_ratio": 5.149685962262201,
              "peak_velocity_deg": 9.254000462104129
            },
            {
              "start_frame": 104,
              "end_frame": 110,
              "entry_jump_deg": 2.1120963221057205,
              "path_distance_deg": 23.24721250535962,
              "endpoint_distance_deg": 19.709060757020037,
              "path_to_endpoint_ratio": 1.1795190441573606,
              "peak_velocity_deg": 5.651790765686433
            },
            {
              "start_frame": 124,
              "end_frame": 130,
              "entry_jump_deg": 2.619991307749628,
              "path_distance_deg": 21.208748373463628,
              "endpoint_distance_deg": 16.68055509121148,
              "path_to_endpoint_ratio": 1.2714653833455414,
              "peak_velocity_deg": 4.120223467295033
            },
            {
              "start_frame": 194,
              "end_frame": 200,
              "entry_jump_deg": 1.0710589717674497,
              "path_distance_deg": 8.405782142125267,
              "endpoint_distance_deg": 3.3810343964188556,
              "path_to_endpoint_ratio": 2.486156943871542,
              "peak_velocity_deg": 1.5677572969409987
            }
          ]
        },
        "ground_truth": {
          "order": "XYZ",
          "excursion_p90_deg": 45.410730356799334,
          "excursion_max_deg": 65.7540071055711,
          "velocity_rms_deg_per_frame": 6.99635432817123,
          "velocity_p95_deg_per_frame": 16.28621943046176,
          "velocity_max_deg_per_frame": 26.911439386595433,
          "euler_axis_step_p95_deg": [
            26.14702439999997,
            11.156182100000004,
            27.589587399999964
          ],
          "top_velocity_transitions": [
            {
              "from_frame": 157,
              "to_frame": 158,
              "velocity_deg": 26.911439386595433,
              "new_block_offset": 4,
              "inside_release_blend": true
            },
            {
              "from_frame": 200,
              "to_frame": 201,
              "velocity_deg": 24.053387879279818,
              "new_block_offset": 7,
              "inside_release_blend": false
            },
            {
              "from_frame": 158,
              "to_frame": 159,
              "velocity_deg": 23.748718417949796,
              "new_block_offset": 5,
              "inside_release_blend": false
            },
            {
              "from_frame": 156,
              "to_frame": 157,
              "velocity_deg": 22.21372394465522,
              "new_block_offset": 3,
              "inside_release_blend": true
            },
            {
              "from_frame": 192,
              "to_frame": 193,
              "velocity_deg": 20.14945270903409,
              "new_block_offset": 9,
              "inside_release_blend": false
            },
            {
              "from_frame": 193,
              "to_frame": 194,
              "velocity_deg": 17.94923395186073,
              "new_block_offset": 0,
              "inside_release_blend": true
            },
            {
              "from_frame": 139,
              "to_frame": 140,
              "velocity_deg": 17.662990989986405,
              "new_block_offset": 6,
              "inside_release_blend": false
            },
            {
              "from_frame": 201,
              "to_frame": 202,
              "velocity_deg": 17.63436996451799,
              "new_block_offset": 8,
              "inside_release_blend": false
            },
            {
              "from_frame": 191,
              "to_frame": 192,
              "velocity_deg": 17.446034886659287,
              "new_block_offset": 8,
              "inside_release_blend": false
            },
            {
              "from_frame": 199,
              "to_frame": 200,
              "velocity_deg": 16.913637576723612,
              "new_block_offset": 6,
              "inside_release_blend": false
            },
            {
              "from_frame": 155,
              "to_frame": 156,
              "velocity_deg": 16.40106607748057,
              "new_block_offset": 2,
              "inside_release_blend": true
            },
            {
              "from_frame": 138,
              "to_frame": 139,
              "velocity_deg": 16.309324127343693,
              "new_block_offset": 5,
              "inside_release_blend": false
            }
          ],
          "release_blend_blocks_by_path": [
            {
              "start_frame": 154,
              "endpoint_distance_deg": 90.99350268456135,
              "path_distance_deg": 109.34132983717713,
              "path_to_endpoint_ratio": 1.2016388710325887,
              "peak_velocity_deg": 26.911439386595433
            },
            {
              "start_frame": 194,
              "endpoint_distance_deg": 22.58651189651624,
              "path_distance_deg": 59.11392547420495,
              "path_to_endpoint_ratio": 2.617222426598891,
              "peak_velocity_deg": 16.913637576723612
            },
            {
              "start_frame": 174,
              "endpoint_distance_deg": 9.636055133435521,
              "path_distance_deg": 52.47904289613096,
              "path_to_endpoint_ratio": 5.446112768080513,
              "peak_velocity_deg": 13.251365958587101
            },
            {
              "start_frame": 34,
              "endpoint_distance_deg": 7.9151387146965115,
              "path_distance_deg": 43.55131116763873,
              "path_to_endpoint_ratio": 5.502280217373121,
              "peak_velocity_deg": 13.22077889907408
            },
            {
              "start_frame": 134,
              "endpoint_distance_deg": 24.83678002913152,
              "path_distance_deg": 42.83245991015626,
              "path_to_endpoint_ratio": 1.7245576866211028,
              "peak_velocity_deg": 17.662990989986405
            },
            {
              "start_frame": 204,
              "endpoint_distance_deg": 23.38262511332334,
              "path_distance_deg": 24.188483299760676,
              "path_to_endpoint_ratio": 1.0344639741060624,
              "peak_velocity_deg": 5.0306845902387405
            },
            {
              "start_frame": 54,
              "endpoint_distance_deg": 3.6656259011328736,
              "path_distance_deg": 23.812489355308884,
              "path_to_endpoint_ratio": 6.496159181969321,
              "peak_velocity_deg": 6.365437739538342
            },
            {
              "start_frame": 44,
              "endpoint_distance_deg": 20.213294048917287,
              "path_distance_deg": 22.41490662855332,
              "path_to_endpoint_ratio": 1.1089190398313116,
              "peak_velocity_deg": 7.645064815064133
            },
            {
              "start_frame": 214,
              "endpoint_distance_deg": 13.374190502968558,
              "path_distance_deg": 21.724839430257365,
              "path_to_endpoint_ratio": 1.6243853731136313,
              "peak_velocity_deg": 4.979587103411748
            },
            {
              "start_frame": 184,
              "endpoint_distance_deg": 18.42349751677576,
              "path_distance_deg": 19.32575434363143,
              "path_to_endpoint_ratio": 1.0489731564831328,
              "peak_velocity_deg": 5.242362471299336
            },
            {
              "start_frame": 144,
              "endpoint_distance_deg": 16.14461711191669,
              "path_distance_deg": 17.62193630241334,
              "path_to_endpoint_ratio": 1.091505371744382,
              "peak_velocity_deg": 6.312919775589014
            },
            {
              "start_frame": 84,
              "endpoint_distance_deg": 13.608058263078252,
              "path_distance_deg": 15.335932153214817,
              "path_to_endpoint_ratio": 1.1269743160069117,
              "peak_velocity_deg": 5.456029507547753
            },
            {
              "start_frame": 94,
              "endpoint_distance_deg": 9.631871285639686,
              "path_distance_deg": 13.920597221230693,
              "path_to_endpoint_ratio": 1.4452640414729314,
              "peak_velocity_deg": 3.9688813194042214
            },
            {
              "start_frame": 74,
              "endpoint_distance_deg": 2.7217356111727065,
              "path_distance_deg": 12.03165774878892,
              "path_to_endpoint_ratio": 4.4205828440496004,
              "peak_velocity_deg": 3.863511091740615
            },
            {
              "start_frame": 104,
              "endpoint_distance_deg": 5.853080006741252,
              "path_distance_deg": 11.129616909897202,
              "path_to_endpoint_ratio": 1.9014974845856758,
              "peak_velocity_deg": 4.075692673001168
            },
            {
              "start_frame": 64,
              "endpoint_distance_deg": 9.66717648261755,
              "path_distance_deg": 9.754441547553553,
              "path_to_endpoint_ratio": 1.0090269444333526,
              "peak_velocity_deg": 2.7271539990557585
            },
            {
              "start_frame": 164,
              "endpoint_distance_deg": 5.528558442575208,
              "path_distance_deg": 9.599483238945734,
              "path_to_endpoint_ratio": 1.7363447160150278,
              "peak_velocity_deg": 4.564315385558155
            },
            {
              "start_frame": 124,
              "endpoint_distance_deg": 6.3832350840456344,
              "path_distance_deg": 8.086281705106977,
              "path_to_endpoint_ratio": 1.2667999217697568,
              "peak_velocity_deg": 3.8989471745969895
            },
            {
              "start_frame": 114,
              "endpoint_distance_deg": 4.415136483436414,
              "path_distance_deg": 4.521363213824406,
              "path_to_endpoint_ratio": 1.0240596708134633,
              "peak_velocity_deg": 1.7380804077469398
            }
          ],
          "boundary_blocks_by_peak": [
            {
              "start_frame": 154,
              "end_frame": 160,
              "entry_jump_deg": 6.838976101940588,
              "path_distance_deg": 116.1803059391177,
              "endpoint_distance_deg": 95.06572676565698,
              "path_to_endpoint_ratio": 1.2221050623797312,
              "peak_velocity_deg": 26.911439386595433
            },
            {
              "start_frame": 194,
              "end_frame": 200,
              "entry_jump_deg": 17.94923395186073,
              "path_distance_deg": 77.06315942606567,
              "endpoint_distance_deg": 30.2032598357753,
              "path_to_endpoint_ratio": 2.551484834586813,
              "peak_velocity_deg": 17.94923395186073
            },
            {
              "start_frame": 134,
              "end_frame": 140,
              "entry_jump_deg": 1.1549150837452178,
              "path_distance_deg": 43.987374993901476,
              "endpoint_distance_deg": 23.756253641896567,
              "path_to_endpoint_ratio": 1.8516124493773407,
              "peak_velocity_deg": 17.662990989986405
            },
            {
              "start_frame": 174,
              "end_frame": 180,
              "entry_jump_deg": 14.744596710271956,
              "path_distance_deg": 67.22363960640291,
              "endpoint_distance_deg": 22.998418474943726,
              "path_to_endpoint_ratio": 2.9229679284095815,
              "peak_velocity_deg": 14.744596710271956
            },
            {
              "start_frame": 34,
              "end_frame": 40,
              "entry_jump_deg": 12.818662926357513,
              "path_distance_deg": 56.369974093996234,
              "endpoint_distance_deg": 20.723066816783213,
              "path_to_endpoint_ratio": 2.720155978474348,
              "peak_velocity_deg": 13.22077889907408
            },
            {
              "start_frame": 184,
              "end_frame": 190,
              "entry_jump_deg": 12.788929853084225,
              "path_distance_deg": 32.11468419671566,
              "endpoint_distance_deg": 9.895739499038356,
              "path_to_endpoint_ratio": 3.245304123035624,
              "peak_velocity_deg": 12.788929853084225
            },
            {
              "start_frame": 144,
              "end_frame": 150,
              "entry_jump_deg": 8.983950114315546,
              "path_distance_deg": 26.60588641672888,
              "endpoint_distance_deg": 25.11680994234108,
              "path_to_endpoint_ratio": 1.0592860509677051,
              "peak_velocity_deg": 8.983950114315546
            },
            {
              "start_frame": 44,
              "end_frame": 50,
              "entry_jump_deg": 2.3647893332070025,
              "path_distance_deg": 24.779695961760325,
              "endpoint_distance_deg": 17.890776790253536,
              "path_to_endpoint_ratio": 1.38505422387583,
              "peak_velocity_deg": 7.645064815064133
            },
            {
              "start_frame": 204,
              "end_frame": 210,
              "entry_jump_deg": 7.225011528749202,
              "path_distance_deg": 31.413494828509876,
              "endpoint_distance_deg": 16.9926017779999,
              "path_to_endpoint_ratio": 1.848657153207728,
              "peak_velocity_deg": 7.225011528749202
            },
            {
              "start_frame": 54,
              "end_frame": 60,
              "entry_jump_deg": 3.213210482102974,
              "path_distance_deg": 27.025699837411857,
              "endpoint_distance_deg": 6.878025870677474,
              "path_to_endpoint_ratio": 3.92928150396007,
              "peak_velocity_deg": 6.365437739538342
            },
            {
              "start_frame": 84,
              "end_frame": 90,
              "entry_jump_deg": 1.6799170305352584,
              "path_distance_deg": 17.015849183750074,
              "endpoint_distance_deg": 12.02784757341644,
              "path_to_endpoint_ratio": 1.414704424868,
              "peak_velocity_deg": 5.456029507547753
            },
            {
              "start_frame": 214,
              "end_frame": 220,
              "entry_jump_deg": 2.7321228347268285,
              "path_distance_deg": 24.456962264984192,
              "endpoint_distance_deg": 16.101840607130562,
              "path_to_endpoint_ratio": 1.5188923342188367,
              "peak_velocity_deg": 4.979587103411748
            },
            {
              "start_frame": 164,
              "end_frame": 170,
              "entry_jump_deg": 2.062083523050709,
              "path_distance_deg": 11.661566761996443,
              "endpoint_distance_deg": 7.5372287215014016,
              "path_to_endpoint_ratio": 1.5471955532846668,
              "peak_velocity_deg": 4.564315385558155
            },
            {
              "start_frame": 104,
              "end_frame": 110,
              "entry_jump_deg": 2.5010368924440027,
              "path_distance_deg": 13.630653802341204,
              "endpoint_distance_deg": 8.352105162477788,
              "path_to_endpoint_ratio": 1.6320021763587864,
              "peak_velocity_deg": 4.075692673001168
            },
            {
              "start_frame": 94,
              "end_frame": 100,
              "entry_jump_deg": 2.208251164542414,
              "path_distance_deg": 16.128848385773107,
              "endpoint_distance_deg": 7.550972429843572,
              "path_to_endpoint_ratio": 2.1359961959372744,
              "peak_velocity_deg": 3.9688813194042214
            },
            {
              "start_frame": 124,
              "end_frame": 130,
              "entry_jump_deg": 2.6646702434576093,
              "path_distance_deg": 10.750951948564586,
              "endpoint_distance_deg": 3.7283569100608736,
              "path_to_endpoint_ratio": 2.88356297637531,
              "peak_velocity_deg": 3.8989471745969895
            },
            {
              "start_frame": 74,
              "end_frame": 80,
              "entry_jump_deg": 2.1975355494823123,
              "path_distance_deg": 14.229193298271234,
              "endpoint_distance_deg": 0.5255070174057976,
              "path_to_endpoint_ratio": 27.077075713497887,
              "peak_velocity_deg": 3.863511091740615
            },
            {
              "start_frame": 64,
              "end_frame": 70,
              "entry_jump_deg": 0.2783596812230511,
              "path_distance_deg": 10.032801228776604,
              "endpoint_distance_deg": 9.89414349863552,
              "path_to_endpoint_ratio": 1.0140141216023606,
              "peak_velocity_deg": 2.7271539990557585
            },
            {
              "start_frame": 114,
              "end_frame": 120,
              "entry_jump_deg": 0.5949857744978744,
              "path_distance_deg": 5.11634898832228,
              "endpoint_distance_deg": 3.829437788791017,
              "path_to_endpoint_ratio": 1.3360574764520594,
              "peak_velocity_deg": 1.7380804077469398
            }
          ]
        },
        "ratios": {
          "excursion_p90": 1.1559783674662398,
          "velocity_rms": 1.1838330534927892,
          "velocity_p95": 1.0236218310607783
        }
      },
      "LeftHand": {
        "prediction": {
          "order": "XYZ",
          "excursion_p90_deg": 26.549243009951986,
          "excursion_max_deg": 39.454271120540675,
          "velocity_rms_deg_per_frame": 5.157003998928505,
          "velocity_p95_deg_per_frame": 9.887554506884237,
          "velocity_max_deg_per_frame": 19.24859557793433,
          "euler_axis_step_p95_deg": [
            1.6769195000000023,
            5.926031999999989,
            8.542613499999996
          ],
          "top_velocity_transitions": [
            {
              "from_frame": 52,
              "to_frame": 53,
              "velocity_deg": 19.24859557793433,
              "new_block_offset": 9,
              "inside_release_blend": false
            },
            {
              "from_frame": 53,
              "to_frame": 54,
              "velocity_deg": 19.2485897723271,
              "new_block_offset": 0,
              "inside_release_blend": true
            },
            {
              "from_frame": 186,
              "to_frame": 187,
              "velocity_deg": 19.04070250120776,
              "new_block_offset": 3,
              "inside_release_blend": true
            },
            {
              "from_frame": 185,
              "to_frame": 186,
              "velocity_deg": 19.040702230111574,
              "new_block_offset": 2,
              "inside_release_blend": true
            },
            {
              "from_frame": 45,
              "to_frame": 46,
              "velocity_deg": 12.907450822439094,
              "new_block_offset": 2,
              "inside_release_blend": true
            },
            {
              "from_frame": 40,
              "to_frame": 41,
              "velocity_deg": 12.196595588430302,
              "new_block_offset": 7,
              "inside_release_blend": false
            },
            {
              "from_frame": 56,
              "to_frame": 57,
              "velocity_deg": 12.164400351180301,
              "new_block_offset": 3,
              "inside_release_blend": true
            },
            {
              "from_frame": 55,
              "to_frame": 56,
              "velocity_deg": 12.164398609385184,
              "new_block_offset": 2,
              "inside_release_blend": true
            },
            {
              "from_frame": 46,
              "to_frame": 47,
              "velocity_deg": 11.89240065711446,
              "new_block_offset": 3,
              "inside_release_blend": true
            },
            {
              "from_frame": 49,
              "to_frame": 50,
              "velocity_deg": 10.8865501909668,
              "new_block_offset": 6,
              "inside_release_blend": false
            },
            {
              "from_frame": 146,
              "to_frame": 147,
              "velocity_deg": 10.321607081927565,
              "new_block_offset": 3,
              "inside_release_blend": true
            },
            {
              "from_frame": 79,
              "to_frame": 80,
              "velocity_deg": 9.895115082763366,
              "new_block_offset": 6,
              "inside_release_blend": false
            }
          ],
          "release_blend_blocks_by_path": [
            {
              "start_frame": 184,
              "endpoint_distance_deg": 55.23593740699572,
              "path_distance_deg": 60.265319744473004,
              "path_to_endpoint_ratio": 1.091052719906231,
              "peak_velocity_deg": 19.04070250120776
            },
            {
              "start_frame": 44,
              "endpoint_distance_deg": 21.297259437369835,
              "path_distance_deg": 55.65208558055253,
              "path_to_endpoint_ratio": 2.613110186510713,
              "peak_velocity_deg": 12.907450822439094
            },
            {
              "start_frame": 174,
              "endpoint_distance_deg": 20.59247580344474,
              "path_distance_deg": 38.53242444194676,
              "path_to_endpoint_ratio": 1.8711894970638256,
              "peak_velocity_deg": 9.033611938107484
            },
            {
              "start_frame": 54,
              "endpoint_distance_deg": 34.74900175467077,
              "path_distance_deg": 37.91399595624509,
              "path_to_endpoint_ratio": 1.0910815862832346,
              "peak_velocity_deg": 12.164400351180301
            },
            {
              "start_frame": 144,
              "endpoint_distance_deg": 34.34309384790225,
              "path_distance_deg": 37.17865590299367,
              "path_to_endpoint_ratio": 1.0825657137254283,
              "peak_velocity_deg": 10.321607081927565
            },
            {
              "start_frame": 204,
              "endpoint_distance_deg": 33.48896305455639,
              "path_distance_deg": 34.434572078331364,
              "path_to_endpoint_ratio": 1.0282364378447457,
              "peak_velocity_deg": 8.354911899209617
            },
            {
              "start_frame": 164,
              "endpoint_distance_deg": 18.674598042104723,
              "path_distance_deg": 31.197440710373513,
              "path_to_endpoint_ratio": 1.6705816446508854,
              "peak_velocity_deg": 8.755506285413619
            },
            {
              "start_frame": 84,
              "endpoint_distance_deg": 28.335236259457307,
              "path_distance_deg": 28.72710396895494,
              "path_to_endpoint_ratio": 1.013829696209674,
              "peak_velocity_deg": 7.448724857640415
            },
            {
              "start_frame": 34,
              "endpoint_distance_deg": 16.666825491915016,
              "path_distance_deg": 27.899869297063944,
              "path_to_endpoint_ratio": 1.673976205642641,
              "peak_velocity_deg": 6.276218906696316
            },
            {
              "start_frame": 104,
              "endpoint_distance_deg": 19.924563237535956,
              "path_distance_deg": 23.83515700372356,
              "path_to_endpoint_ratio": 1.1962699869285176,
              "peak_velocity_deg": 7.417667210447704
            },
            {
              "start_frame": 154,
              "endpoint_distance_deg": 15.474008329211538,
              "path_distance_deg": 21.57531661516912,
              "path_to_endpoint_ratio": 1.3942939771099676,
              "peak_velocity_deg": 5.754141612016164
            },
            {
              "start_frame": 134,
              "endpoint_distance_deg": 5.792923890293164,
              "path_distance_deg": 20.81813252425478,
              "path_to_endpoint_ratio": 3.59371759728078,
              "peak_velocity_deg": 6.815047879491176
            },
            {
              "start_frame": 64,
              "endpoint_distance_deg": 17.989800790845806,
              "path_distance_deg": 19.024833361962063,
              "path_to_endpoint_ratio": 1.05753440981086,
              "peak_velocity_deg": 4.570774020332989
            },
            {
              "start_frame": 214,
              "endpoint_distance_deg": 15.224383275554365,
              "path_distance_deg": 16.48600802658003,
              "path_to_endpoint_ratio": 1.0828686934761715,
              "peak_velocity_deg": 5.209578165100988
            },
            {
              "start_frame": 94,
              "endpoint_distance_deg": 13.84220223699043,
              "path_distance_deg": 16.463649360638453,
              "path_to_endpoint_ratio": 1.1893807848467022,
              "peak_velocity_deg": 5.4383788309020975
            },
            {
              "start_frame": 74,
              "endpoint_distance_deg": 12.590472189981504,
              "path_distance_deg": 16.280364603408174,
              "path_to_endpoint_ratio": 1.293070216728074,
              "peak_velocity_deg": 9.895115082763366
            },
            {
              "start_frame": 194,
              "endpoint_distance_deg": 10.357647412256936,
              "path_distance_deg": 12.547956491280656,
              "path_to_endpoint_ratio": 1.2114678161791617,
              "peak_velocity_deg": 3.799248820140956
            },
            {
              "start_frame": 124,
              "endpoint_distance_deg": 4.928196692656222,
              "path_distance_deg": 9.66167869853257,
              "path_to_endpoint_ratio": 1.9604896681437192,
              "peak_velocity_deg": 2.3688701363124336
            },
            {
              "start_frame": 114,
              "endpoint_distance_deg": 5.636440165870001,
              "path_distance_deg": 6.1704807541576905,
              "path_to_endpoint_ratio": 1.0947478501628445,
              "peak_velocity_deg": 1.4557736704163682
            }
          ],
          "boundary_blocks_by_peak": [
            {
              "start_frame": 54,
              "end_frame": 60,
              "entry_jump_deg": 19.2485897723271,
              "path_distance_deg": 57.162585728572196,
              "endpoint_distance_deg": 16.779005134496238,
              "path_to_endpoint_ratio": 3.4067923139883116,
              "peak_velocity_deg": 19.2485897723271
            },
            {
              "start_frame": 184,
              "end_frame": 190,
              "entry_jump_deg": 1.7318966497697403,
              "path_distance_deg": 61.99721639424274,
              "endpoint_distance_deg": 53.6420639511215,
              "path_to_endpoint_ratio": 1.1557574751548418,
              "peak_velocity_deg": 19.04070250120776
            },
            {
              "start_frame": 44,
              "end_frame": 50,
              "entry_jump_deg": 7.7803459792209715,
              "path_distance_deg": 63.432431559773505,
              "endpoint_distance_deg": 25.97597485361031,
              "path_to_endpoint_ratio": 2.4419653898362643,
              "peak_velocity_deg": 12.907450822439094
            },
            {
              "start_frame": 144,
              "end_frame": 150,
              "entry_jump_deg": 8.992436845703716,
              "path_distance_deg": 46.17109274869739,
              "endpoint_distance_deg": 25.88962604055945,
              "path_to_endpoint_ratio": 1.783381987687439,
              "peak_velocity_deg": 10.321607081927565
            },
            {
              "start_frame": 74,
              "end_frame": 80,
              "entry_jump_deg": 0.6501322361766773,
              "path_distance_deg": 16.930496839584848,
              "endpoint_distance_deg": 12.400634555878831,
              "path_to_endpoint_ratio": 1.3652927810503472,
              "peak_velocity_deg": 9.895115082763366
            },
            {
              "start_frame": 174,
              "end_frame": 180,
              "entry_jump_deg": 3.1207309184140524,
              "path_distance_deg": 41.65315536036081,
              "endpoint_distance_deg": 21.2764786869615,
              "path_to_endpoint_ratio": 1.9577090726900408,
              "peak_velocity_deg": 9.033611938107484
            },
            {
              "start_frame": 164,
              "end_frame": 170,
              "entry_jump_deg": 0.5148198919114835,
              "path_distance_deg": 31.712260602285,
              "endpoint_distance_deg": 18.828965667966965,
              "path_to_endpoint_ratio": 1.6842274377416235,
              "peak_velocity_deg": 8.755506285413619
            },
            {
              "start_frame": 204,
              "end_frame": 210,
              "entry_jump_deg": 1.5205805133524861,
              "path_distance_deg": 35.95515259168385,
              "endpoint_distance_deg": 32.86198684860749,
              "path_to_endpoint_ratio": 1.094125950367101,
              "peak_velocity_deg": 8.354911899209617
            },
            {
              "start_frame": 84,
              "end_frame": 90,
              "entry_jump_deg": 7.387300557850139,
              "path_distance_deg": 36.114404526805075,
              "endpoint_distance_deg": 21.201457607160663,
              "path_to_endpoint_ratio": 1.7033925306441033,
              "peak_velocity_deg": 7.448724857640415
            },
            {
              "start_frame": 104,
              "end_frame": 110,
              "entry_jump_deg": 1.2855665815200248,
              "path_distance_deg": 25.12072358524358,
              "endpoint_distance_deg": 18.6678845641307,
              "path_to_endpoint_ratio": 1.3456652519435253,
              "peak_velocity_deg": 7.417667210447704
            },
            {
              "start_frame": 134,
              "end_frame": 140,
              "entry_jump_deg": 7.201364263851283,
              "path_distance_deg": 28.01949678810606,
              "endpoint_distance_deg": 4.4485269327089245,
              "path_to_endpoint_ratio": 6.298601135150063,
              "peak_velocity_deg": 7.201364263851283
            },
            {
              "start_frame": 34,
              "end_frame": 40,
              "entry_jump_deg": 3.1569116482417887,
              "path_distance_deg": 31.05678094530574,
              "endpoint_distance_deg": 14.462221533868648,
              "path_to_endpoint_ratio": 2.1474419315576645,
              "peak_velocity_deg": 6.276218906696316
            },
            {
              "start_frame": 154,
              "end_frame": 160,
              "entry_jump_deg": 0.6797144051751611,
              "path_distance_deg": 22.25503102034428,
              "endpoint_distance_deg": 15.783333200018903,
              "path_to_endpoint_ratio": 1.410033656282288,
              "peak_velocity_deg": 5.754141612016164
            },
            {
              "start_frame": 94,
              "end_frame": 100,
              "entry_jump_deg": 1.0833642993614412,
              "path_distance_deg": 17.547013659999894,
              "endpoint_distance_deg": 14.708163617479297,
              "path_to_endpoint_ratio": 1.193011861735539,
              "peak_velocity_deg": 5.4383788309020975
            },
            {
              "start_frame": 214,
              "end_frame": 220,
              "entry_jump_deg": 4.170949453712195,
              "path_distance_deg": 20.656957480292224,
              "endpoint_distance_deg": 11.054465344501631,
              "path_to_endpoint_ratio": 1.868652787497024,
              "peak_velocity_deg": 5.209578165100988
            },
            {
              "start_frame": 64,
              "end_frame": 70,
              "entry_jump_deg": 0.8850772707974592,
              "path_distance_deg": 19.909910632759523,
              "endpoint_distance_deg": 17.85280985358878,
              "path_to_endpoint_ratio": 1.1152256029185916,
              "peak_velocity_deg": 4.570774020332989
            },
            {
              "start_frame": 194,
              "end_frame": 200,
              "entry_jump_deg": 3.260191660385803,
              "path_distance_deg": 15.80814815166646,
              "endpoint_distance_deg": 7.629917348306632,
              "path_to_endpoint_ratio": 2.0718636166058713,
              "peak_velocity_deg": 3.799248820140956
            },
            {
              "start_frame": 124,
              "end_frame": 130,
              "entry_jump_deg": 2.2587608322244463,
              "path_distance_deg": 11.920439530757017,
              "endpoint_distance_deg": 4.98265560272466,
              "path_to_endpoint_ratio": 2.3923868075968517,
              "peak_velocity_deg": 2.3688701363124336
            },
            {
              "start_frame": 114,
              "end_frame": 120,
              "entry_jump_deg": 0.07545095326675086,
              "path_distance_deg": 6.245931707424441,
              "endpoint_distance_deg": 5.566623936388262,
              "path_to_endpoint_ratio": 1.122032272845959,
              "peak_velocity_deg": 1.4557736704163682
            }
          ]
        },
        "ground_truth": {
          "order": "XYZ",
          "excursion_p90_deg": 25.0916436348067,
          "excursion_max_deg": 29.93609911916353,
          "velocity_rms_deg_per_frame": 3.253390336110928,
          "velocity_p95_deg_per_frame": 7.690566014034925,
          "velocity_max_deg_per_frame": 17.325939080855115,
          "euler_axis_step_p95_deg": [
            1.3935239999999898,
            5.380456199999997,
            3.566599399999985
          ],
          "top_velocity_transitions": [
            {
              "from_frame": 158,
              "to_frame": 159,
              "velocity_deg": 17.325939080855115,
              "new_block_offset": 5,
              "inside_release_blend": false
            },
            {
              "from_frame": 138,
              "to_frame": 139,
              "velocity_deg": 14.413812932632158,
              "new_block_offset": 5,
              "inside_release_blend": false
            },
            {
              "from_frame": 183,
              "to_frame": 184,
              "velocity_deg": 13.882486117783307,
              "new_block_offset": 0,
              "inside_release_blend": true
            },
            {
              "from_frame": 157,
              "to_frame": 158,
              "velocity_deg": 10.933214751086467,
              "new_block_offset": 4,
              "inside_release_blend": true
            },
            {
              "from_frame": 200,
              "to_frame": 201,
              "velocity_deg": 10.61973284045564,
              "new_block_offset": 7,
              "inside_release_blend": false
            },
            {
              "from_frame": 139,
              "to_frame": 140,
              "velocity_deg": 10.355717631713276,
              "new_block_offset": 6,
              "inside_release_blend": false
            },
            {
              "from_frame": 182,
              "to_frame": 183,
              "velocity_deg": 9.918933375051015,
              "new_block_offset": 9,
              "inside_release_blend": false
            },
            {
              "from_frame": 173,
              "to_frame": 174,
              "velocity_deg": 8.388668914597707,
              "new_block_offset": 0,
              "inside_release_blend": true
            },
            {
              "from_frame": 172,
              "to_frame": 173,
              "velocity_deg": 8.167307931496477,
              "new_block_offset": 9,
              "inside_release_blend": false
            },
            {
              "from_frame": 24,
              "to_frame": 25,
              "velocity_deg": 8.166908683017143,
              "new_block_offset": null,
              "inside_release_blend": false
            },
            {
              "from_frame": 156,
              "to_frame": 157,
              "velocity_deg": 8.08657434783838,
              "new_block_offset": 3,
              "inside_release_blend": true
            },
            {
              "from_frame": 191,
              "to_frame": 192,
              "velocity_deg": 7.754347627382885,
              "new_block_offset": 8,
              "inside_release_blend": false
            }
          ],
          "release_blend_blocks_by_path": [
            {
              "start_frame": 154,
              "endpoint_distance_deg": 43.69285272784064,
              "path_distance_deg": 51.67114115468997,
              "path_to_endpoint_ratio": 1.1825993939225132,
              "peak_velocity_deg": 17.325939080855115
            },
            {
              "start_frame": 134,
              "endpoint_distance_deg": 23.786703051283776,
              "path_distance_deg": 30.36572525488532,
              "path_to_endpoint_ratio": 1.27658403055763,
              "peak_velocity_deg": 14.413812932632158
            },
            {
              "start_frame": 34,
              "endpoint_distance_deg": 6.051332374452494,
              "path_distance_deg": 19.64242141431034,
              "path_to_endpoint_ratio": 3.2459663754773556,
              "peak_velocity_deg": 7.116531493903426
            },
            {
              "start_frame": 214,
              "endpoint_distance_deg": 14.295382633686918,
              "path_distance_deg": 17.60775773061215,
              "path_to_endpoint_ratio": 1.2317094394605188,
              "peak_velocity_deg": 4.997425960784078
            },
            {
              "start_frame": 174,
              "endpoint_distance_deg": 2.304363563032468,
              "path_distance_deg": 17.266502691820676,
              "path_to_endpoint_ratio": 7.492959430888812,
              "peak_velocity_deg": 4.676821098099523
            },
            {
              "start_frame": 194,
              "endpoint_distance_deg": 8.616278198959478,
              "path_distance_deg": 16.17394498005233,
              "path_to_endpoint_ratio": 1.8771382035930007,
              "peak_velocity_deg": 4.078213996843599
            },
            {
              "start_frame": 184,
              "endpoint_distance_deg": 8.057834886608827,
              "path_distance_deg": 11.607244572589051,
              "path_to_endpoint_ratio": 1.440491737039552,
              "peak_velocity_deg": 2.951134798077818
            },
            {
              "start_frame": 164,
              "endpoint_distance_deg": 8.534615769470147,
              "path_distance_deg": 10.81531512788909,
              "path_to_endpoint_ratio": 1.2672292953805153,
              "peak_velocity_deg": 2.827418150270304
            },
            {
              "start_frame": 144,
              "endpoint_distance_deg": 5.009128469603327,
              "path_distance_deg": 8.41385503034564,
              "path_to_endpoint_ratio": 1.6797043799940579,
              "peak_velocity_deg": 3.2737908132251423
            },
            {
              "start_frame": 94,
              "endpoint_distance_deg": 3.647813714012486,
              "path_distance_deg": 7.558638258480077,
              "path_to_endpoint_ratio": 2.0721009489724738,
              "peak_velocity_deg": 2.6861854997325714
            },
            {
              "start_frame": 84,
              "endpoint_distance_deg": 2.9223878672293706,
              "path_distance_deg": 6.171603494890768,
              "path_to_endpoint_ratio": 2.1118358600160363,
              "peak_velocity_deg": 1.8109190134023734
            },
            {
              "start_frame": 44,
              "endpoint_distance_deg": 4.023807509640437,
              "path_distance_deg": 5.6755197230839,
              "path_to_endpoint_ratio": 1.410484897571817,
              "peak_velocity_deg": 1.824131725100474
            },
            {
              "start_frame": 54,
              "endpoint_distance_deg": 3.2772143485119942,
              "path_distance_deg": 4.844309246111408,
              "path_to_endpoint_ratio": 1.4781789443558815,
              "peak_velocity_deg": 1.3980225312938401
            },
            {
              "start_frame": 204,
              "endpoint_distance_deg": 4.16770356660836,
              "path_distance_deg": 4.79256528963273,
              "path_to_endpoint_ratio": 1.14992950267163,
              "peak_velocity_deg": 1.3774899084799648
            },
            {
              "start_frame": 104,
              "endpoint_distance_deg": 1.976109877620042,
              "path_distance_deg": 3.764483118054725,
              "path_to_endpoint_ratio": 1.9049968631240977,
              "peak_velocity_deg": 1.3392144674788748
            },
            {
              "start_frame": 74,
              "endpoint_distance_deg": 0.476193808230904,
              "path_distance_deg": 3.3617073772645956,
              "path_to_endpoint_ratio": 7.059536094670346,
              "peak_velocity_deg": 0.8947980313327076
            },
            {
              "start_frame": 124,
              "endpoint_distance_deg": 2.12106983644642,
              "path_distance_deg": 3.0632616876778274,
              "path_to_endpoint_ratio": 1.4442059544865948,
              "peak_velocity_deg": 0.7830620173166889
            },
            {
              "start_frame": 64,
              "endpoint_distance_deg": 1.2476943390529827,
              "path_distance_deg": 2.003026211665425,
              "path_to_endpoint_ratio": 1.6053821428618082,
              "peak_velocity_deg": 0.5852463958820886
            },
            {
              "start_frame": 114,
              "endpoint_distance_deg": 0.6185521273588355,
              "path_distance_deg": 1.164731477655364,
              "path_to_endpoint_ratio": 1.8829964786131566,
              "peak_velocity_deg": 0.37086065957364134
            }
          ],
          "boundary_blocks_by_peak": [
            {
              "start_frame": 154,
              "end_frame": 160,
              "entry_jump_deg": 0.6678418685018502,
              "path_distance_deg": 52.33898302319182,
              "endpoint_distance_deg": 43.06026190144135,
              "path_to_endpoint_ratio": 1.215482226814786,
              "peak_velocity_deg": 17.325939080855115
            },
            {
              "start_frame": 134,
              "end_frame": 140,
              "entry_jump_deg": 0.36152908659435107,
              "path_distance_deg": 30.727254341479668,
              "endpoint_distance_deg": 23.451435397044207,
              "path_to_endpoint_ratio": 1.3102504738516985,
              "peak_velocity_deg": 14.413812932632158
            },
            {
              "start_frame": 184,
              "end_frame": 190,
              "entry_jump_deg": 13.882486117783307,
              "path_distance_deg": 25.48973069037236,
              "endpoint_distance_deg": 6.029134311203369,
              "path_to_endpoint_ratio": 4.22775963756641,
              "peak_velocity_deg": 13.882486117783307
            },
            {
              "start_frame": 174,
              "end_frame": 180,
              "entry_jump_deg": 8.388668914597707,
              "path_distance_deg": 25.655171606418378,
              "endpoint_distance_deg": 8.799595238561542,
              "path_to_endpoint_ratio": 2.915494509792043,
              "peak_velocity_deg": 8.388668914597707
            },
            {
              "start_frame": 34,
              "end_frame": 40,
              "entry_jump_deg": 2.7742305127478186,
              "path_distance_deg": 22.41665192705816,
              "endpoint_distance_deg": 8.632065616604036,
              "path_to_endpoint_ratio": 2.5969047181405878,
              "peak_velocity_deg": 7.116531493903426
            },
            {
              "start_frame": 214,
              "end_frame": 220,
              "entry_jump_deg": 1.4685745933035717,
              "path_distance_deg": 19.07633232391572,
              "endpoint_distance_deg": 15.760458520352575,
              "path_to_endpoint_ratio": 1.2103919628531827,
              "peak_velocity_deg": 4.997425960784078
            },
            {
              "start_frame": 194,
              "end_frame": 200,
              "entry_jump_deg": 4.578246801502562,
              "path_distance_deg": 20.75219178155489,
              "endpoint_distance_deg": 12.297362094393232,
              "path_to_endpoint_ratio": 1.6875319781806288,
              "peak_velocity_deg": 4.578246801502562
            },
            {
              "start_frame": 144,
              "end_frame": 150,
              "entry_jump_deg": 2.4111571154535483,
              "path_distance_deg": 10.825012145799189,
              "endpoint_distance_deg": 7.402955264092693,
              "path_to_endpoint_ratio": 1.4622555127821515,
              "peak_velocity_deg": 3.2737908132251423
            },
            {
              "start_frame": 204,
              "end_frame": 210,
              "entry_jump_deg": 2.8613938018724028,
              "path_distance_deg": 7.6539590915051345,
              "endpoint_distance_deg": 4.351129282943878,
              "path_to_endpoint_ratio": 1.7590741607030886,
              "peak_velocity_deg": 2.8613938018724028
            },
            {
              "start_frame": 164,
              "end_frame": 170,
              "entry_jump_deg": 2.0908289353722087,
              "path_distance_deg": 12.906144063261298,
              "endpoint_distance_deg": 10.2217697717309,
              "path_to_endpoint_ratio": 1.2626134565223963,
              "peak_velocity_deg": 2.827418150270304
            },
            {
              "start_frame": 94,
              "end_frame": 100,
              "entry_jump_deg": 1.0332865971645164,
              "path_distance_deg": 8.591924855644594,
              "endpoint_distance_deg": 3.825913159658263,
              "path_to_endpoint_ratio": 2.2457187335668745,
              "peak_velocity_deg": 2.6861854997325714
            },
            {
              "start_frame": 44,
              "end_frame": 50,
              "entry_jump_deg": 0.9323697658895241,
              "path_distance_deg": 6.607889488973424,
              "endpoint_distance_deg": 3.5024484865257053,
              "path_to_endpoint_ratio": 1.8866485872368095,
              "peak_velocity_deg": 1.824131725100474
            },
            {
              "start_frame": 84,
              "end_frame": 90,
              "entry_jump_deg": 0.7696169841399835,
              "path_distance_deg": 6.941220479030751,
              "endpoint_distance_deg": 2.3186304903674175,
              "path_to_endpoint_ratio": 2.993672561396716,
              "peak_velocity_deg": 1.8109190134023734
            },
            {
              "start_frame": 54,
              "end_frame": 60,
              "entry_jump_deg": 1.0531640329551248,
              "path_distance_deg": 5.897473279066532,
              "endpoint_distance_deg": 2.543534743553037,
              "path_to_endpoint_ratio": 2.318613218873674,
              "peak_velocity_deg": 1.3980225312938401
            },
            {
              "start_frame": 104,
              "end_frame": 110,
              "entry_jump_deg": 1.0356293128871183,
              "path_distance_deg": 4.8001124309418435,
              "endpoint_distance_deg": 2.3207741818264984,
              "path_to_endpoint_ratio": 2.068323781146192,
              "peak_velocity_deg": 1.3392144674788748
            },
            {
              "start_frame": 74,
              "end_frame": 80,
              "entry_jump_deg": 0.9748523319219048,
              "path_distance_deg": 4.3365597091865,
              "endpoint_distance_deg": 1.4373192924245441,
              "path_to_endpoint_ratio": 3.017116469557274,
              "peak_velocity_deg": 0.9748523319219048
            },
            {
              "start_frame": 124,
              "end_frame": 130,
              "entry_jump_deg": 0.4120167144474012,
              "path_distance_deg": 3.4752784021252285,
              "endpoint_distance_deg": 1.8041239849271773,
              "path_to_endpoint_ratio": 1.9262968793497341,
              "peak_velocity_deg": 0.7830620173166889
            },
            {
              "start_frame": 64,
              "end_frame": 70,
              "entry_jump_deg": 0.08315600548490087,
              "path_distance_deg": 2.0861822171503257,
              "endpoint_distance_deg": 1.1653059181965157,
              "path_to_endpoint_ratio": 1.790244247947357,
              "peak_velocity_deg": 0.5852463958820886
            },
            {
              "start_frame": 114,
              "end_frame": 120,
              "entry_jump_deg": 0.04836494919095422,
              "path_distance_deg": 1.213096426846318,
              "endpoint_distance_deg": 0.6182096726472346,
              "path_to_endpoint_ratio": 1.962273449478265,
              "peak_velocity_deg": 0.37086065957364134
            }
          ]
        },
        "ratios": {
          "excursion_p90": 1.0580910280872684,
          "velocity_rms": 1.585116898420845,
          "velocity_p95": 1.2856731856718882
        }
      }
    },
    "energetic": {
      "RightShoulder": {
        "prediction": {
          "order": "XYZ",
          "excursion_p90_deg": 3.554462834268793,
          "excursion_max_deg": 5.62746862444939,
          "velocity_rms_deg_per_frame": 0.7679428175964226,
          "velocity_p95_deg_per_frame": 1.5102676929481877,
          "velocity_max_deg_per_frame": 2.4214062006934,
          "euler_axis_step_p95_deg": [
            0.011201399999998772,
            0.941491100000007,
            1.221915000000001
          ],
          "top_velocity_transitions": [
            {
              "from_frame": 35,
              "to_frame": 36,
              "velocity_deg": 2.4214062006934,
              "new_block_offset": 2,
              "inside_release_blend": true
            },
            {
              "from_frame": 36,
              "to_frame": 37,
              "velocity_deg": 2.4214057096262485,
              "new_block_offset": 3,
              "inside_release_blend": true
            },
            {
              "from_frame": 126,
              "to_frame": 127,
              "velocity_deg": 1.7980830329040138,
              "new_block_offset": 3,
              "inside_release_blend": true
            },
            {
              "from_frame": 125,
              "to_frame": 126,
              "velocity_deg": 1.7122606891861947,
              "new_block_offset": 2,
              "inside_release_blend": true
            },
            {
              "from_frame": 128,
              "to_frame": 129,
              "velocity_deg": 1.6583124843785428,
              "new_block_offset": 5,
              "inside_release_blend": false
            },
            {
              "from_frame": 139,
              "to_frame": 140,
              "velocity_deg": 1.6083714286293675,
              "new_block_offset": 6,
              "inside_release_blend": false
            },
            {
              "from_frame": 166,
              "to_frame": 167,
              "velocity_deg": 1.5698685682383446,
              "new_block_offset": 3,
              "inside_release_blend": true
            },
            {
              "from_frame": 55,
              "to_frame": 56,
              "velocity_deg": 1.5555233454567692,
              "new_block_offset": 2,
              "inside_release_blend": true
            },
            {
              "from_frame": 160,
              "to_frame": 161,
              "velocity_deg": 1.5523451888064357,
              "new_block_offset": 7,
              "inside_release_blend": false
            },
            {
              "from_frame": 186,
              "to_frame": 187,
              "velocity_deg": 1.5448816790848525,
              "new_block_offset": 3,
              "inside_release_blend": true
            },
            {
              "from_frame": 31,
              "to_frame": 32,
              "velocity_deg": 1.5268432762291726,
              "new_block_offset": null,
              "inside_release_blend": false
            },
            {
              "from_frame": 56,
              "to_frame": 57,
              "velocity_deg": 1.5135020442308287,
              "new_block_offset": 3,
              "inside_release_blend": true
            }
          ],
          "release_blend_blocks_by_path": [
            {
              "start_frame": 124,
              "endpoint_distance_deg": 7.129614252683084,
              "path_distance_deg": 8.351432313657078,
              "path_to_endpoint_ratio": 1.171372253486812,
              "peak_velocity_deg": 1.7980830329040138
            },
            {
              "start_frame": 34,
              "endpoint_distance_deg": 6.433743611729736,
              "path_distance_deg": 7.763510783795873,
              "path_to_endpoint_ratio": 1.2066863792398814,
              "peak_velocity_deg": 2.4214062006934
            },
            {
              "start_frame": 204,
              "endpoint_distance_deg": 5.688293736661261,
              "path_distance_deg": 6.442544785343962,
              "path_to_endpoint_ratio": 1.1325970640055956,
              "peak_velocity_deg": 1.3942420290245285
            },
            {
              "start_frame": 184,
              "endpoint_distance_deg": 5.267385575259265,
              "path_distance_deg": 5.500048259811287,
              "path_to_endpoint_ratio": 1.04417042975643,
              "peak_velocity_deg": 1.5448816790848525
            },
            {
              "start_frame": 54,
              "endpoint_distance_deg": 4.329157638751569,
              "path_distance_deg": 5.415865283052663,
              "path_to_endpoint_ratio": 1.2510205760524062,
              "peak_velocity_deg": 1.5555233454567692
            },
            {
              "start_frame": 94,
              "endpoint_distance_deg": 2.9630262962057183,
              "path_distance_deg": 5.379358796848625,
              "path_to_endpoint_ratio": 1.8154947877908219,
              "peak_velocity_deg": 1.3997832322728636
            },
            {
              "start_frame": 164,
              "endpoint_distance_deg": 4.965844479441394,
              "path_distance_deg": 5.290576880787762,
              "path_to_endpoint_ratio": 1.0653931879443186,
              "peak_velocity_deg": 1.5698685682383446
            },
            {
              "start_frame": 144,
              "endpoint_distance_deg": 2.5728516821559695,
              "path_distance_deg": 5.217108391287005,
              "path_to_endpoint_ratio": 2.0277532620594867,
              "peak_velocity_deg": 1.1243394199625263
            },
            {
              "start_frame": 214,
              "endpoint_distance_deg": 2.190116110631348,
              "path_distance_deg": 4.5820038782650485,
              "path_to_endpoint_ratio": 2.0921282922046482,
              "peak_velocity_deg": 1.1293914996679046
            },
            {
              "start_frame": 44,
              "endpoint_distance_deg": 3.9276214053492766,
              "path_distance_deg": 4.081856567275274,
              "path_to_endpoint_ratio": 1.0392693556756603,
              "peak_velocity_deg": 1.0005308696644917
            },
            {
              "start_frame": 114,
              "endpoint_distance_deg": 3.65866063470922,
              "path_distance_deg": 3.890120481889159,
              "path_to_endpoint_ratio": 1.0632635464968,
              "peak_velocity_deg": 1.131856054796425
            },
            {
              "start_frame": 134,
              "endpoint_distance_deg": 3.6138109300321166,
              "path_distance_deg": 3.6514033878207286,
              "path_to_endpoint_ratio": 1.0104024417758561,
              "peak_velocity_deg": 1.6083714286293675
            },
            {
              "start_frame": 194,
              "endpoint_distance_deg": 3.142622965323265,
              "path_distance_deg": 3.5234619540291363,
              "path_to_endpoint_ratio": 1.121185071485881,
              "peak_velocity_deg": 0.9436514169867423
            },
            {
              "start_frame": 174,
              "endpoint_distance_deg": 2.3079456842554764,
              "path_distance_deg": 3.474387324877248,
              "path_to_endpoint_ratio": 1.5054025528326311,
              "peak_velocity_deg": 0.8814402108554279
            },
            {
              "start_frame": 64,
              "endpoint_distance_deg": 1.5049149694235433,
              "path_distance_deg": 2.9296252326064445,
              "path_to_endpoint_ratio": 1.9467048252757002,
              "peak_velocity_deg": 0.9310462061580517
            },
            {
              "start_frame": 84,
              "endpoint_distance_deg": 1.3815813948781877,
              "path_distance_deg": 2.2421874772134682,
              "path_to_endpoint_ratio": 1.6229137751316918,
              "peak_velocity_deg": 0.5250104722749462
            },
            {
              "start_frame": 154,
              "endpoint_distance_deg": 1.8050443296839502,
              "path_distance_deg": 2.085454087426449,
              "path_to_endpoint_ratio": 1.1553478510921649,
              "peak_velocity_deg": 0.6311755693594243
            },
            {
              "start_frame": 74,
              "endpoint_distance_deg": 1.5593036771951974,
              "path_distance_deg": 1.7811763273323726,
              "path_to_endpoint_ratio": 1.1422895702627145,
              "peak_velocity_deg": 0.4289385587633151
            },
            {
              "start_frame": 104,
              "endpoint_distance_deg": 0.5928392981604912,
              "path_distance_deg": 1.7331891536386723,
              "path_to_endpoint_ratio": 2.9235395814962826,
              "peak_velocity_deg": 0.6235853019260056
            }
          ],
          "boundary_blocks_by_peak": [
            {
              "start_frame": 34,
              "end_frame": 40,
              "entry_jump_deg": 1.2262454649288705,
              "path_distance_deg": 8.989756248724742,
              "endpoint_distance_deg": 5.220712595024009,
              "path_to_endpoint_ratio": 1.721940460253089,
              "peak_velocity_deg": 2.4214062006934
            },
            {
              "start_frame": 124,
              "end_frame": 130,
              "entry_jump_deg": 0.267476378050892,
              "path_distance_deg": 8.618908691707968,
              "endpoint_distance_deg": 7.364468276211355,
              "path_to_endpoint_ratio": 1.1703368618680452,
              "peak_velocity_deg": 1.7980830329040138
            },
            {
              "start_frame": 134,
              "end_frame": 140,
              "entry_jump_deg": 0.8040299096574901,
              "path_distance_deg": 4.455433297478219,
              "endpoint_distance_deg": 3.9723267903624633,
              "path_to_endpoint_ratio": 1.1216180169989673,
              "peak_velocity_deg": 1.6083714286293675
            },
            {
              "start_frame": 164,
              "end_frame": 170,
              "entry_jump_deg": 0.8388778960697648,
              "path_distance_deg": 6.129454776857527,
              "endpoint_distance_deg": 4.15784500805138,
              "path_to_endpoint_ratio": 1.474190299298858,
              "peak_velocity_deg": 1.5698685682383446
            },
            {
              "start_frame": 54,
              "end_frame": 60,
              "entry_jump_deg": 0.19933036142394428,
              "path_distance_deg": 5.615195644476607,
              "endpoint_distance_deg": 4.476681538804475,
              "path_to_endpoint_ratio": 1.2543209955417511,
              "peak_velocity_deg": 1.5555233454567692
            },
            {
              "start_frame": 184,
              "end_frame": 190,
              "entry_jump_deg": 1.3084943265313018,
              "path_distance_deg": 6.80854258634259,
              "endpoint_distance_deg": 4.699259860645979,
              "path_to_endpoint_ratio": 1.4488542426352775,
              "peak_velocity_deg": 1.5448816790848525
            },
            {
              "start_frame": 94,
              "end_frame": 100,
              "entry_jump_deg": 0.7346023968640772,
              "path_distance_deg": 6.1139611937127025,
              "endpoint_distance_deg": 2.26686359436977,
              "path_to_endpoint_ratio": 2.697101496930827,
              "peak_velocity_deg": 1.3997832322728636
            },
            {
              "start_frame": 204,
              "end_frame": 210,
              "entry_jump_deg": 0.155666770182022,
              "path_distance_deg": 6.5982115555259835,
              "endpoint_distance_deg": 5.589533690080702,
              "path_to_endpoint_ratio": 1.180458321100256,
              "peak_velocity_deg": 1.3942420290245285
            },
            {
              "start_frame": 114,
              "end_frame": 120,
              "entry_jump_deg": 0.16420766244102541,
              "path_distance_deg": 4.054328144330184,
              "endpoint_distance_deg": 3.7512070889894025,
              "path_to_endpoint_ratio": 1.080806270661651,
              "peak_velocity_deg": 1.131856054796425
            },
            {
              "start_frame": 214,
              "end_frame": 220,
              "entry_jump_deg": 0.1881524647079233,
              "path_distance_deg": 4.770156342972971,
              "endpoint_distance_deg": 2.0527440069099954,
              "path_to_endpoint_ratio": 2.3237950406458663,
              "peak_velocity_deg": 1.1293914996679046
            },
            {
              "start_frame": 144,
              "end_frame": 150,
              "entry_jump_deg": 0.2204163567968823,
              "path_distance_deg": 5.437524748083887,
              "endpoint_distance_deg": 2.576606607343496,
              "path_to_endpoint_ratio": 2.110343399953485,
              "peak_velocity_deg": 1.1243394199625263
            },
            {
              "start_frame": 44,
              "end_frame": 50,
              "entry_jump_deg": 0.019657365968457734,
              "path_distance_deg": 4.101513933243732,
              "endpoint_distance_deg": 3.917710300278548,
              "path_to_endpoint_ratio": 1.0469160858964266,
              "peak_velocity_deg": 1.0005308696644917
            },
            {
              "start_frame": 194,
              "end_frame": 200,
              "entry_jump_deg": 0.15233842119157537,
              "path_distance_deg": 3.675800375220712,
              "endpoint_distance_deg": 3.055678607488081,
              "path_to_endpoint_ratio": 1.2029407694294139,
              "peak_velocity_deg": 0.9436514169867423
            },
            {
              "start_frame": 64,
              "end_frame": 70,
              "entry_jump_deg": 0.514115165092944,
              "path_distance_deg": 3.443740397699388,
              "endpoint_distance_deg": 1.010086371868551,
              "path_to_endpoint_ratio": 3.4093524015464527,
              "peak_velocity_deg": 0.9310462061580517
            },
            {
              "start_frame": 174,
              "end_frame": 180,
              "entry_jump_deg": 0.3252892053504001,
              "path_distance_deg": 3.7996765302276483,
              "endpoint_distance_deg": 2.302317283782695,
              "path_to_endpoint_ratio": 1.6503705014909154,
              "peak_velocity_deg": 0.8814402108554279
            },
            {
              "start_frame": 104,
              "end_frame": 110,
              "entry_jump_deg": 0.8477981039618804,
              "path_distance_deg": 2.580987257600553,
              "endpoint_distance_deg": 0.5169701767932193,
              "path_to_endpoint_ratio": 4.992526403767602,
              "peak_velocity_deg": 0.8477981039618804
            },
            {
              "start_frame": 154,
              "end_frame": 160,
              "entry_jump_deg": 0.19959444019768913,
              "path_distance_deg": 2.2850485276241383,
              "endpoint_distance_deg": 1.9690663946132496,
              "path_to_endpoint_ratio": 1.1604730718452752,
              "peak_velocity_deg": 0.6311755693594243
            },
            {
              "start_frame": 84,
              "end_frame": 90,
              "entry_jump_deg": 0.22027469082158574,
              "path_distance_deg": 2.462462168035054,
              "endpoint_distance_deg": 1.181282385666809,
              "path_to_endpoint_ratio": 2.0845669061974927,
              "peak_velocity_deg": 0.5250104722749462
            },
            {
              "start_frame": 74,
              "end_frame": 80,
              "entry_jump_deg": 0.24760868350807516,
              "path_distance_deg": 2.0287850108404477,
              "endpoint_distance_deg": 1.7112823519190064,
              "path_to_endpoint_ratio": 1.1855349344106767,
              "peak_velocity_deg": 0.4289385587633151
            }
          ]
        },
        "ground_truth": {
          "order": "XYZ",
          "excursion_p90_deg": 3.2285192200329402,
          "excursion_max_deg": 7.713683316687331,
          "velocity_rms_deg_per_frame": 0.6681879610280684,
          "velocity_p95_deg_per_frame": 1.3391563408887324,
          "velocity_max_deg_per_frame": 2.0340784954547244,
          "euler_axis_step_p95_deg": [
            3.999999989900971e-06,
            0.9227706000000034,
            1.1131035000000107
          ],
          "top_velocity_transitions": [
            {
              "from_frame": 60,
              "to_frame": 61,
              "velocity_deg": 2.0340784954547244,
              "new_block_offset": 7,
              "inside_release_blend": false
            },
            {
              "from_frame": 192,
              "to_frame": 193,
              "velocity_deg": 1.8600746717148724,
              "new_block_offset": 9,
              "inside_release_blend": false
            },
            {
              "from_frame": 53,
              "to_frame": 54,
              "velocity_deg": 1.7637680558992965,
              "new_block_offset": 0,
              "inside_release_blend": true
            },
            {
              "from_frame": 188,
              "to_frame": 189,
              "velocity_deg": 1.5811684838286,
              "new_block_offset": 5,
              "inside_release_blend": false
            },
            {
              "from_frame": 70,
              "to_frame": 71,
              "velocity_deg": 1.5141538960277432,
              "new_block_offset": 7,
              "inside_release_blend": false
            },
            {
              "from_frame": 57,
              "to_frame": 58,
              "velocity_deg": 1.4994553738059375,
              "new_block_offset": 4,
              "inside_release_blend": true
            },
            {
              "from_frame": 204,
              "to_frame": 205,
              "velocity_deg": 1.473884982783785,
              "new_block_offset": 1,
              "inside_release_blend": true
            },
            {
              "from_frame": 189,
              "to_frame": 190,
              "velocity_deg": 1.421402289940983,
              "new_block_offset": 6,
              "inside_release_blend": false
            },
            {
              "from_frame": 54,
              "to_frame": 55,
              "velocity_deg": 1.402994494984586,
              "new_block_offset": 1,
              "inside_release_blend": true
            },
            {
              "from_frame": 78,
              "to_frame": 79,
              "velocity_deg": 1.3579621494408456,
              "new_block_offset": 5,
              "inside_release_blend": false
            },
            {
              "from_frame": 191,
              "to_frame": 192,
              "velocity_deg": 1.3525946080438451,
              "new_block_offset": 8,
              "inside_release_blend": false
            },
            {
              "from_frame": 66,
              "to_frame": 67,
              "velocity_deg": 1.3404393981888572,
              "new_block_offset": 3,
              "inside_release_blend": true
            }
          ],
          "release_blend_blocks_by_path": [
            {
              "start_frame": 54,
              "endpoint_distance_deg": 2.626730166087088,
              "path_distance_deg": 7.020667938130874,
              "path_to_endpoint_ratio": 2.6727785094839875,
              "peak_velocity_deg": 1.4994553738059375
            },
            {
              "start_frame": 64,
              "endpoint_distance_deg": 5.027061633302261,
              "path_distance_deg": 6.447379484658903,
              "path_to_endpoint_ratio": 1.282534401795993,
              "peak_velocity_deg": 1.3404393981888572
            },
            {
              "start_frame": 184,
              "endpoint_distance_deg": 2.6578373386930947,
              "path_distance_deg": 5.199913651704041,
              "path_to_endpoint_ratio": 1.9564454061966525,
              "peak_velocity_deg": 1.5811684838286
            },
            {
              "start_frame": 194,
              "endpoint_distance_deg": 3.7090622250623304,
              "path_distance_deg": 4.077407221569236,
              "path_to_endpoint_ratio": 1.0993094680423474,
              "peak_velocity_deg": 1.1129770029110864
            },
            {
              "start_frame": 204,
              "endpoint_distance_deg": 3.519528671270556,
              "path_distance_deg": 3.9388194387332476,
              "path_to_endpoint_ratio": 1.1191326471880472,
              "peak_velocity_deg": 1.473884982783785
            },
            {
              "start_frame": 44,
              "endpoint_distance_deg": 1.6361276404824634,
              "path_distance_deg": 3.5878446944454145,
              "path_to_endpoint_ratio": 2.192888015379672,
              "peak_velocity_deg": 0.8968354275289057
            },
            {
              "start_frame": 74,
              "endpoint_distance_deg": 2.2383618065925104,
              "path_distance_deg": 3.4790749295318326,
              "path_to_endpoint_ratio": 1.5542951632238924,
              "peak_velocity_deg": 1.3579621494408456
            },
            {
              "start_frame": 104,
              "endpoint_distance_deg": 1.9255795901187707,
              "path_distance_deg": 3.0612460940109067,
              "path_to_endpoint_ratio": 1.5897790513151875,
              "peak_velocity_deg": 0.6990058947003357
            },
            {
              "start_frame": 94,
              "endpoint_distance_deg": 2.4307058214434494,
              "path_distance_deg": 2.939736097904375,
              "path_to_endpoint_ratio": 1.2094166525501813,
              "peak_velocity_deg": 0.8430002826528623
            },
            {
              "start_frame": 164,
              "endpoint_distance_deg": 1.8048266757649472,
              "path_distance_deg": 2.6190474320852073,
              "path_to_endpoint_ratio": 1.451135151786897,
              "peak_velocity_deg": 0.7400005153649761
            },
            {
              "start_frame": 174,
              "endpoint_distance_deg": 1.5384170259007994,
              "path_distance_deg": 2.218007504256137,
              "path_to_endpoint_ratio": 1.441746592057776,
              "peak_velocity_deg": 0.744625681800294
            },
            {
              "start_frame": 134,
              "endpoint_distance_deg": 0.6594148459379425,
              "path_distance_deg": 2.1895045163671445,
              "path_to_endpoint_ratio": 3.3203749200593498,
              "peak_velocity_deg": 0.47975572376204645
            },
            {
              "start_frame": 154,
              "endpoint_distance_deg": 0.9263212720646933,
              "path_distance_deg": 2.1816968722570045,
              "path_to_endpoint_ratio": 2.35522700174442,
              "peak_velocity_deg": 0.48130156364265325
            },
            {
              "start_frame": 84,
              "endpoint_distance_deg": 0.9476304056900648,
              "path_distance_deg": 2.0933143020794605,
              "path_to_endpoint_ratio": 2.20899866605178,
              "peak_velocity_deg": 0.6200874204621699
            },
            {
              "start_frame": 124,
              "endpoint_distance_deg": 1.5662725810054072,
              "path_distance_deg": 1.9279284112988786,
              "path_to_endpoint_ratio": 1.2309022290751719,
              "peak_velocity_deg": 0.55513465248387
            },
            {
              "start_frame": 34,
              "endpoint_distance_deg": 0.6810962067397793,
              "path_distance_deg": 1.7564475846824783,
              "path_to_endpoint_ratio": 2.578853864258195,
              "peak_velocity_deg": 0.5475802129039049
            },
            {
              "start_frame": 214,
              "endpoint_distance_deg": 0.0824677153763647,
              "path_distance_deg": 1.508905579244318,
              "path_to_endpoint_ratio": 18.29692470996682,
              "peak_velocity_deg": 0.32094623216223256
            },
            {
              "start_frame": 114,
              "endpoint_distance_deg": 1.1878549127217666,
              "path_distance_deg": 1.4932713381992861,
              "path_to_endpoint_ratio": 1.2571159341149754,
              "peak_velocity_deg": 0.48726755952201845
            },
            {
              "start_frame": 144,
              "endpoint_distance_deg": 0.47185141808082764,
              "path_distance_deg": 0.9886655457737608,
              "path_to_endpoint_ratio": 2.095289974532626,
              "peak_velocity_deg": 0.3715599079262828
            }
          ],
          "boundary_blocks_by_peak": [
            {
              "start_frame": 54,
              "end_frame": 60,
              "entry_jump_deg": 1.7637680558992965,
              "path_distance_deg": 8.78443599403017,
              "endpoint_distance_deg": 2.0978781392855903,
              "path_to_endpoint_ratio": 4.18729564388407,
              "peak_velocity_deg": 1.7637680558992965
            },
            {
              "start_frame": 184,
              "end_frame": 190,
              "entry_jump_deg": 0.591286989437195,
              "path_distance_deg": 5.791200641141237,
              "endpoint_distance_deg": 2.1048396767894726,
              "path_to_endpoint_ratio": 2.7513737530711118,
              "peak_velocity_deg": 1.5811684838286
            },
            {
              "start_frame": 204,
              "end_frame": 210,
              "entry_jump_deg": 1.1981348619871484,
              "path_distance_deg": 5.136954300720396,
              "endpoint_distance_deg": 4.686069065933415,
              "path_to_endpoint_ratio": 1.096218222233387,
              "peak_velocity_deg": 1.473884982783785
            },
            {
              "start_frame": 74,
              "end_frame": 80,
              "entry_jump_deg": 0.37162514757788945,
              "path_distance_deg": 3.850700077109723,
              "endpoint_distance_deg": 2.607698428409917,
              "path_to_endpoint_ratio": 1.476666180091133,
              "peak_velocity_deg": 1.3579621494408456
            },
            {
              "start_frame": 64,
              "end_frame": 70,
              "entry_jump_deg": 0.881941680247508,
              "path_distance_deg": 7.3293211649064105,
              "endpoint_distance_deg": 4.719472832198648,
              "path_to_endpoint_ratio": 1.5529957318330232,
              "peak_velocity_deg": 1.3404393981888572
            },
            {
              "start_frame": 194,
              "end_frame": 200,
              "entry_jump_deg": 0.908924983738539,
              "path_distance_deg": 4.986332205307775,
              "endpoint_distance_deg": 3.171019590939736,
              "path_to_endpoint_ratio": 1.5724696938343634,
              "peak_velocity_deg": 1.1129770029110864
            },
            {
              "start_frame": 84,
              "end_frame": 90,
              "entry_jump_deg": 1.0749051132812912,
              "path_distance_deg": 3.1682194153607517,
              "endpoint_distance_deg": 0.23942660837927301,
              "path_to_endpoint_ratio": 13.232528484645327,
              "peak_velocity_deg": 1.0749051132812912
            },
            {
              "start_frame": 44,
              "end_frame": 50,
              "entry_jump_deg": 0.1262833519776156,
              "path_distance_deg": 3.7141280464230295,
              "endpoint_distance_deg": 1.724428876725493,
              "path_to_endpoint_ratio": 2.1538308112050197,
              "peak_velocity_deg": 0.8968354275289057
            },
            {
              "start_frame": 94,
              "end_frame": 100,
              "entry_jump_deg": 0.8427843134427396,
              "path_distance_deg": 3.7825204113471145,
              "endpoint_distance_deg": 2.9799914283586166,
              "path_to_endpoint_ratio": 1.2693058024769326,
              "peak_velocity_deg": 0.8430002826528623
            },
            {
              "start_frame": 174,
              "end_frame": 180,
              "entry_jump_deg": 0.8168144185524476,
              "path_distance_deg": 3.0348219228085846,
              "endpoint_distance_deg": 1.9063926594825453,
              "path_to_endpoint_ratio": 1.5919185943741152,
              "peak_velocity_deg": 0.8168144185524476
            },
            {
              "start_frame": 164,
              "end_frame": 170,
              "entry_jump_deg": 0.2969679506460272,
              "path_distance_deg": 2.9160153827312345,
              "endpoint_distance_deg": 2.0217418975481127,
              "path_to_endpoint_ratio": 1.4423282152225567,
              "peak_velocity_deg": 0.7400005153649761
            },
            {
              "start_frame": 104,
              "end_frame": 110,
              "entry_jump_deg": 0.31435988495780776,
              "path_distance_deg": 3.375605978968714,
              "endpoint_distance_deg": 1.626753629312405,
              "path_to_endpoint_ratio": 2.075056676157847,
              "peak_velocity_deg": 0.6990058947003357
            },
            {
              "start_frame": 124,
              "end_frame": 130,
              "entry_jump_deg": 0.6212177896882501,
              "path_distance_deg": 2.5491462009871286,
              "endpoint_distance_deg": 1.208125827448972,
              "path_to_endpoint_ratio": 2.110000583606262,
              "peak_velocity_deg": 0.6212177896882501
            },
            {
              "start_frame": 34,
              "end_frame": 40,
              "entry_jump_deg": 0.3366465629993557,
              "path_distance_deg": 2.093094147681834,
              "endpoint_distance_deg": 0.5975779839239874,
              "path_to_endpoint_ratio": 3.5026292868715827,
              "peak_velocity_deg": 0.5475802129039049
            },
            {
              "start_frame": 114,
              "end_frame": 120,
              "entry_jump_deg": 0.23113696716569665,
              "path_distance_deg": 1.7244083053649828,
              "endpoint_distance_deg": 1.3957058317874844,
              "path_to_endpoint_ratio": 1.2355098517834007,
              "peak_velocity_deg": 0.48726755952201845
            },
            {
              "start_frame": 154,
              "end_frame": 160,
              "entry_jump_deg": 0.0511176817288715,
              "path_distance_deg": 2.232814553985876,
              "endpoint_distance_deg": 0.896812585158451,
              "path_to_endpoint_ratio": 2.4897225919185524,
              "peak_velocity_deg": 0.48130156364265325
            },
            {
              "start_frame": 134,
              "end_frame": 140,
              "entry_jump_deg": 0.1885628174714215,
              "path_distance_deg": 2.378067333838566,
              "endpoint_distance_deg": 0.7702368811788569,
              "path_to_endpoint_ratio": 3.0874493184472094,
              "peak_velocity_deg": 0.47975572376204645
            },
            {
              "start_frame": 144,
              "end_frame": 150,
              "entry_jump_deg": 0.21450679554236787,
              "path_distance_deg": 1.2031723413161286,
              "endpoint_distance_deg": 0.6245057972392266,
              "path_to_endpoint_ratio": 1.9265991550999724,
              "peak_velocity_deg": 0.3715599079262828
            },
            {
              "start_frame": 214,
              "end_frame": 220,
              "entry_jump_deg": 0.138132327040764,
              "path_distance_deg": 1.647037906285082,
              "endpoint_distance_deg": 0.061926345766970585,
              "path_to_endpoint_ratio": 26.59672367045362,
              "peak_velocity_deg": 0.32094623216223256
            }
          ]
        },
        "ratios": {
          "excursion_p90": 1.1009576192743022,
          "velocity_rms": 1.1492916101254984,
          "velocity_p95": 1.1277754858300542
        }
      },
      "RightArm": {
        "prediction": {
          "order": "XYZ",
          "excursion_p90_deg": 24.7820411024383,
          "excursion_max_deg": 34.98522194167631,
          "velocity_rms_deg_per_frame": 5.953498258249764,
          "velocity_p95_deg_per_frame": 11.395825472321924,
          "velocity_max_deg_per_frame": 15.909578660632397,
          "euler_axis_step_p95_deg": [
            7.380703900000006,
            8.38914799999999,
            4.029065000000004
          ],
          "top_velocity_transitions": [
            {
              "from_frame": 129,
              "to_frame": 130,
              "velocity_deg": 15.909578660632397,
              "new_block_offset": 6,
              "inside_release_blend": false
            },
            {
              "from_frame": 128,
              "to_frame": 129,
              "velocity_deg": 15.552663537417375,
              "new_block_offset": 5,
              "inside_release_blend": false
            },
            {
              "from_frame": 162,
              "to_frame": 163,
              "velocity_deg": 15.18261815378782,
              "new_block_offset": 9,
              "inside_release_blend": false
            },
            {
              "from_frame": 163,
              "to_frame": 164,
              "velocity_deg": 15.182614795365279,
              "new_block_offset": 0,
              "inside_release_blend": true
            },
            {
              "from_frame": 216,
              "to_frame": 217,
              "velocity_deg": 13.579101849193945,
              "new_block_offset": 3,
              "inside_release_blend": true
            },
            {
              "from_frame": 215,
              "to_frame": 216,
              "velocity_deg": 13.579097470960809,
              "new_block_offset": 2,
              "inside_release_blend": true
            },
            {
              "from_frame": 146,
              "to_frame": 147,
              "velocity_deg": 12.990375173084683,
              "new_block_offset": 3,
              "inside_release_blend": true
            },
            {
              "from_frame": 145,
              "to_frame": 146,
              "velocity_deg": 12.990372390502385,
              "new_block_offset": 2,
              "inside_release_blend": true
            },
            {
              "from_frame": 130,
              "to_frame": 131,
              "velocity_deg": 12.228900549158361,
              "new_block_offset": 7,
              "inside_release_blend": false
            },
            {
              "from_frame": 56,
              "to_frame": 57,
              "velocity_deg": 11.996180304869194,
              "new_block_offset": 3,
              "inside_release_blend": true
            },
            {
              "from_frame": 139,
              "to_frame": 140,
              "velocity_deg": 11.756332214924623,
              "new_block_offset": 6,
              "inside_release_blend": false
            },
            {
              "from_frame": 55,
              "to_frame": 56,
              "velocity_deg": 11.439683106324338,
              "new_block_offset": 2,
              "inside_release_blend": true
            }
          ],
          "release_blend_blocks_by_path": [
            {
              "start_frame": 124,
              "endpoint_distance_deg": 12.200770545768059,
              "path_distance_deg": 57.25383518958418,
              "path_to_endpoint_ratio": 4.69264092581785,
              "peak_velocity_deg": 15.909578660632397
            },
            {
              "start_frame": 214,
              "endpoint_distance_deg": 28.59517417303333,
              "path_distance_deg": 51.17602059765655,
              "path_to_endpoint_ratio": 1.7896733304711983,
              "peak_velocity_deg": 13.579101849193945
            },
            {
              "start_frame": 144,
              "endpoint_distance_deg": 29.15523105713515,
              "path_distance_deg": 48.25254936369104,
              "path_to_endpoint_ratio": 1.6550220188319245,
              "peak_velocity_deg": 12.990375173084683
            },
            {
              "start_frame": 134,
              "endpoint_distance_deg": 42.28252086462522,
              "path_distance_deg": 47.43826033870026,
              "path_to_endpoint_ratio": 1.1219354799251924,
              "peak_velocity_deg": 11.756332214924623
            },
            {
              "start_frame": 204,
              "endpoint_distance_deg": 27.144983847520223,
              "path_distance_deg": 42.783045914451705,
              "path_to_endpoint_ratio": 1.576093990505729,
              "peak_velocity_deg": 11.001106766300296
            },
            {
              "start_frame": 54,
              "endpoint_distance_deg": 37.285936047164824,
              "path_distance_deg": 42.52843434163343,
              "path_to_endpoint_ratio": 1.140602566282287,
              "peak_velocity_deg": 11.996180304869194
            },
            {
              "start_frame": 44,
              "endpoint_distance_deg": 36.224059690939,
              "path_distance_deg": 37.74923032261851,
              "path_to_endpoint_ratio": 1.0421038018568916,
              "peak_velocity_deg": 8.590594009444729
            },
            {
              "start_frame": 194,
              "endpoint_distance_deg": 27.5305049313611,
              "path_distance_deg": 35.23384604043807,
              "path_to_endpoint_ratio": 1.2798111087422077,
              "peak_velocity_deg": 9.27191481436547
            },
            {
              "start_frame": 164,
              "endpoint_distance_deg": 33.00906979367795,
              "path_distance_deg": 35.08619253535903,
              "path_to_endpoint_ratio": 1.062925818711768,
              "peak_velocity_deg": 9.178435385339906
            },
            {
              "start_frame": 34,
              "endpoint_distance_deg": 25.902299228884978,
              "path_distance_deg": 28.506821268337532,
              "path_to_endpoint_ratio": 1.100551770189888,
              "peak_velocity_deg": 6.308336757673099
            },
            {
              "start_frame": 94,
              "endpoint_distance_deg": 19.81463177484969,
              "path_distance_deg": 28.028466738844763,
              "path_to_endpoint_ratio": 1.4145338181061091,
              "peak_velocity_deg": 7.348479253070757
            },
            {
              "start_frame": 104,
              "endpoint_distance_deg": 22.34187609525659,
              "path_distance_deg": 27.462317041727772,
              "path_to_endpoint_ratio": 1.2291858089553322,
              "peak_velocity_deg": 8.262350830585186
            },
            {
              "start_frame": 154,
              "endpoint_distance_deg": 12.949549758705999,
              "path_distance_deg": 26.789024399527722,
              "path_to_endpoint_ratio": 2.0687224574365937,
              "peak_velocity_deg": 7.146230285618319
            },
            {
              "start_frame": 64,
              "endpoint_distance_deg": 13.652559301777206,
              "path_distance_deg": 24.14724751021933,
              "path_to_endpoint_ratio": 1.768697500334314,
              "peak_velocity_deg": 6.257279924824844
            },
            {
              "start_frame": 74,
              "endpoint_distance_deg": 18.99254899652734,
              "path_distance_deg": 23.29234515045988,
              "path_to_endpoint_ratio": 1.2263938429074859,
              "peak_velocity_deg": 6.352440532234855
            },
            {
              "start_frame": 174,
              "endpoint_distance_deg": 6.928965125531042,
              "path_distance_deg": 22.21973414403112,
              "path_to_endpoint_ratio": 3.2067897213334837,
              "peak_velocity_deg": 6.721955692394008
            },
            {
              "start_frame": 84,
              "endpoint_distance_deg": 10.79265252742324,
              "path_distance_deg": 22.184552612197866,
              "path_to_endpoint_ratio": 2.0555236588807753,
              "peak_velocity_deg": 5.331502387023564
            },
            {
              "start_frame": 184,
              "endpoint_distance_deg": 15.63417950802251,
              "path_distance_deg": 16.68640566589312,
              "path_to_endpoint_ratio": 1.0673029344028364,
              "peak_velocity_deg": 4.739059212539042
            },
            {
              "start_frame": 114,
              "endpoint_distance_deg": 5.929462616018699,
              "path_distance_deg": 9.583207683954237,
              "path_to_endpoint_ratio": 1.616201720888633,
              "peak_velocity_deg": 2.5014745903705236
            }
          ],
          "boundary_blocks_by_peak": [
            {
              "start_frame": 124,
              "end_frame": 130,
              "entry_jump_deg": 3.7493502022580563,
              "path_distance_deg": 61.00318539184224,
              "endpoint_distance_deg": 10.768347680942222,
              "path_to_endpoint_ratio": 5.6650460404250715,
              "peak_velocity_deg": 15.909578660632397
            },
            {
              "start_frame": 164,
              "end_frame": 170,
              "entry_jump_deg": 15.182614795365279,
              "path_distance_deg": 50.26880733072432,
              "endpoint_distance_deg": 24.821615050394435,
              "path_to_endpoint_ratio": 2.0252029220768013,
              "peak_velocity_deg": 15.182614795365279
            },
            {
              "start_frame": 214,
              "end_frame": 220,
              "entry_jump_deg": 7.4934115276787185,
              "path_distance_deg": 58.66943212533528,
              "endpoint_distance_deg": 21.898737991961763,
              "path_to_endpoint_ratio": 2.6791238904666885,
              "peak_velocity_deg": 13.579101849193945
            },
            {
              "start_frame": 144,
              "end_frame": 150,
              "entry_jump_deg": 3.955597777133342,
              "path_distance_deg": 52.20814714082439,
              "endpoint_distance_deg": 25.751032248333576,
              "path_to_endpoint_ratio": 2.027419586032437,
              "peak_velocity_deg": 12.990375173084683
            },
            {
              "start_frame": 54,
              "end_frame": 60,
              "entry_jump_deg": 2.547523845141546,
              "path_distance_deg": 45.07595818677498,
              "endpoint_distance_deg": 36.10471705374397,
              "path_to_endpoint_ratio": 1.2484783669589987,
              "peak_velocity_deg": 11.996180304869194
            },
            {
              "start_frame": 134,
              "end_frame": 140,
              "entry_jump_deg": 5.921955080895857,
              "path_distance_deg": 53.360215419596116,
              "endpoint_distance_deg": 38.80000438781507,
              "path_to_endpoint_ratio": 1.3752631284844288,
              "peak_velocity_deg": 11.756332214924623
            },
            {
              "start_frame": 204,
              "end_frame": 210,
              "entry_jump_deg": 9.678874875464246,
              "path_distance_deg": 52.46192078991595,
              "endpoint_distance_deg": 26.94770311785819,
              "path_to_endpoint_ratio": 1.9468049117384532,
              "peak_velocity_deg": 11.001106766300296
            },
            {
              "start_frame": 194,
              "end_frame": 200,
              "entry_jump_deg": 4.226499076058425,
              "path_distance_deg": 39.4603451164965,
              "endpoint_distance_deg": 26.50930042959615,
              "path_to_endpoint_ratio": 1.4885472070942027,
              "peak_velocity_deg": 9.27191481436547
            },
            {
              "start_frame": 44,
              "end_frame": 50,
              "entry_jump_deg": 3.7011669091045123,
              "path_distance_deg": 41.450397231723024,
              "endpoint_distance_deg": 37.27315511584184,
              "path_to_endpoint_ratio": 1.1120710630183752,
              "peak_velocity_deg": 8.590594009444729
            },
            {
              "start_frame": 104,
              "end_frame": 110,
              "entry_jump_deg": 5.81462881576485,
              "path_distance_deg": 33.27694585749262,
              "endpoint_distance_deg": 18.50328933122394,
              "path_to_endpoint_ratio": 1.7984340655225244,
              "peak_velocity_deg": 8.262350830585186
            },
            {
              "start_frame": 94,
              "end_frame": 100,
              "entry_jump_deg": 1.027857458317182,
              "path_distance_deg": 29.056324197161945,
              "endpoint_distance_deg": 20.01189400212102,
              "path_to_endpoint_ratio": 1.4519527334135551,
              "peak_velocity_deg": 7.348479253070757
            },
            {
              "start_frame": 154,
              "end_frame": 160,
              "entry_jump_deg": 1.9487312332854116,
              "path_distance_deg": 28.73775563281313,
              "endpoint_distance_deg": 13.556211487107989,
              "path_to_endpoint_ratio": 2.119895788004108,
              "peak_velocity_deg": 7.146230285618319
            },
            {
              "start_frame": 174,
              "end_frame": 180,
              "entry_jump_deg": 0.9679501440102816,
              "path_distance_deg": 23.187684288041403,
              "endpoint_distance_deg": 7.425594056306367,
              "path_to_endpoint_ratio": 3.1226706055051174,
              "peak_velocity_deg": 6.721955692394008
            },
            {
              "start_frame": 74,
              "end_frame": 80,
              "entry_jump_deg": 6.300967314382437,
              "path_distance_deg": 29.593312464842317,
              "endpoint_distance_deg": 14.436067616334267,
              "path_to_endpoint_ratio": 2.0499566260937834,
              "peak_velocity_deg": 6.352440532234855
            },
            {
              "start_frame": 34,
              "end_frame": 40,
              "entry_jump_deg": 4.2392736408453855,
              "path_distance_deg": 32.746094909182915,
              "endpoint_distance_deg": 24.158803089351075,
              "path_to_endpoint_ratio": 1.3554518735084613,
              "peak_velocity_deg": 6.308336757673099
            },
            {
              "start_frame": 64,
              "end_frame": 70,
              "entry_jump_deg": 3.467569937018679,
              "path_distance_deg": 27.614817447238003,
              "endpoint_distance_deg": 11.847120772325352,
              "path_to_endpoint_ratio": 2.330930694295418,
              "peak_velocity_deg": 6.257279924824844
            },
            {
              "start_frame": 84,
              "end_frame": 90,
              "entry_jump_deg": 2.840765168382128,
              "path_distance_deg": 25.025317780579993,
              "endpoint_distance_deg": 11.634550474236262,
              "path_to_endpoint_ratio": 2.1509484045813774,
              "peak_velocity_deg": 5.331502387023564
            },
            {
              "start_frame": 184,
              "end_frame": 190,
              "entry_jump_deg": 3.0362184823728176,
              "path_distance_deg": 19.722624148265936,
              "endpoint_distance_deg": 18.427671645293724,
              "path_to_endpoint_ratio": 1.0702721715417005,
              "peak_velocity_deg": 4.739059212539042
            },
            {
              "start_frame": 114,
              "end_frame": 120,
              "entry_jump_deg": 3.8437546482766494,
              "path_distance_deg": 13.426962332230888,
              "endpoint_distance_deg": 6.172497677328338,
              "path_to_endpoint_ratio": 2.17528835718291,
              "peak_velocity_deg": 3.8437546482766494
            }
          ]
        },
        "ground_truth": {
          "order": "XYZ",
          "excursion_p90_deg": 29.265196969484432,
          "excursion_max_deg": 44.70924825862786,
          "velocity_rms_deg_per_frame": 6.070934611422102,
          "velocity_p95_deg_per_frame": 11.808460918111297,
          "velocity_max_deg_per_frame": 16.266514928094068,
          "euler_axis_step_p95_deg": [
            9.766705900000009,
            8.594481299999982,
            4.58899359999999
          ],
          "top_velocity_transitions": [
            {
              "from_frame": 58,
              "to_frame": 59,
              "velocity_deg": 16.266514928094068,
              "new_block_offset": 5,
              "inside_release_blend": false
            },
            {
              "from_frame": 59,
              "to_frame": 60,
              "velocity_deg": 14.299439409841929,
              "new_block_offset": 6,
              "inside_release_blend": false
            },
            {
              "from_frame": 61,
              "to_frame": 62,
              "velocity_deg": 14.104286578077321,
              "new_block_offset": 8,
              "inside_release_blend": false
            },
            {
              "from_frame": 187,
              "to_frame": 188,
              "velocity_deg": 13.91006768272874,
              "new_block_offset": 4,
              "inside_release_blend": true
            },
            {
              "from_frame": 57,
              "to_frame": 58,
              "velocity_deg": 13.31726966739429,
              "new_block_offset": 4,
              "inside_release_blend": true
            },
            {
              "from_frame": 115,
              "to_frame": 116,
              "velocity_deg": 13.263502463970848,
              "new_block_offset": 2,
              "inside_release_blend": true
            },
            {
              "from_frame": 188,
              "to_frame": 189,
              "velocity_deg": 13.185981305618297,
              "new_block_offset": 5,
              "inside_release_blend": false
            },
            {
              "from_frame": 69,
              "to_frame": 70,
              "velocity_deg": 12.903581224602624,
              "new_block_offset": 6,
              "inside_release_blend": false
            },
            {
              "from_frame": 53,
              "to_frame": 54,
              "velocity_deg": 12.58534174513201,
              "new_block_offset": 0,
              "inside_release_blend": true
            },
            {
              "from_frame": 47,
              "to_frame": 48,
              "velocity_deg": 12.275747293007901,
              "new_block_offset": 4,
              "inside_release_blend": true
            },
            {
              "from_frame": 62,
              "to_frame": 63,
              "velocity_deg": 11.96691983525301,
              "new_block_offset": 9,
              "inside_release_blend": false
            },
            {
              "from_frame": 173,
              "to_frame": 174,
              "velocity_deg": 11.828983113379817,
              "new_block_offset": 0,
              "inside_release_blend": true
            }
          ],
          "release_blend_blocks_by_path": [
            {
              "start_frame": 54,
              "endpoint_distance_deg": 42.27977317366381,
              "path_distance_deg": 61.071981200056975,
              "path_to_endpoint_ratio": 1.444472773049286,
              "peak_velocity_deg": 16.266514928094068
            },
            {
              "start_frame": 64,
              "endpoint_distance_deg": 49.30038597222761,
              "path_distance_deg": 58.906780975271865,
              "path_to_endpoint_ratio": 1.1948543568899406,
              "peak_velocity_deg": 12.903581224602624
            },
            {
              "start_frame": 184,
              "endpoint_distance_deg": 52.2648781624702,
              "path_distance_deg": 56.60712311485344,
              "path_to_endpoint_ratio": 1.083081509132863,
              "peak_velocity_deg": 13.91006768272874
            },
            {
              "start_frame": 44,
              "endpoint_distance_deg": 25.15586761672957,
              "path_distance_deg": 47.655863801762955,
              "path_to_endpoint_ratio": 1.8944233817668077,
              "peak_velocity_deg": 12.275747293007901
            },
            {
              "start_frame": 74,
              "endpoint_distance_deg": 44.677609464673075,
              "path_distance_deg": 47.12492230822709,
              "path_to_endpoint_ratio": 1.0547771663004737,
              "peak_velocity_deg": 11.622775067350206
            },
            {
              "start_frame": 114,
              "endpoint_distance_deg": 24.148462061837794,
              "path_distance_deg": 46.13287725207835,
              "path_to_endpoint_ratio": 1.9103857270058984,
              "peak_velocity_deg": 13.263502463970848
            },
            {
              "start_frame": 124,
              "endpoint_distance_deg": 34.35729207860177,
              "path_distance_deg": 40.199505919355495,
              "path_to_endpoint_ratio": 1.1700429075547645,
              "peak_velocity_deg": 9.498476912792583
            },
            {
              "start_frame": 204,
              "endpoint_distance_deg": 21.43223781227947,
              "path_distance_deg": 33.44445901416508,
              "path_to_endpoint_ratio": 1.5604744267536674,
              "peak_velocity_deg": 11.450172684724683
            },
            {
              "start_frame": 94,
              "endpoint_distance_deg": 32.386704788459205,
              "path_distance_deg": 32.7315325395504,
              "path_to_endpoint_ratio": 1.0106472008604614,
              "peak_velocity_deg": 7.460006841874198
            },
            {
              "start_frame": 174,
              "endpoint_distance_deg": 19.17038254828923,
              "path_distance_deg": 25.80417296704693,
              "path_to_endpoint_ratio": 1.346043716240274,
              "peak_velocity_deg": 8.518267055736159
            },
            {
              "start_frame": 164,
              "endpoint_distance_deg": 12.740899215350757,
              "path_distance_deg": 25.740631948281045,
              "path_to_endpoint_ratio": 2.0203151687494456,
              "peak_velocity_deg": 5.8174485281997805
            },
            {
              "start_frame": 194,
              "endpoint_distance_deg": 24.5643544662188,
              "path_distance_deg": 25.721716729747506,
              "path_to_endpoint_ratio": 1.047115517125448,
              "peak_velocity_deg": 6.035963815078359
            },
            {
              "start_frame": 84,
              "endpoint_distance_deg": 15.9020195354584,
              "path_distance_deg": 22.145407616063842,
              "path_to_endpoint_ratio": 1.3926160489668564,
              "peak_velocity_deg": 6.211749239628674
            },
            {
              "start_frame": 104,
              "endpoint_distance_deg": 13.647506690232577,
              "path_distance_deg": 20.863119387772965,
              "path_to_endpoint_ratio": 1.5287128895642565,
              "peak_velocity_deg": 3.886565644978736
            },
            {
              "start_frame": 214,
              "endpoint_distance_deg": 8.28492599625012,
              "path_distance_deg": 16.182110531343607,
              "path_to_endpoint_ratio": 1.9531991642010889,
              "peak_velocity_deg": 3.3033733459222145
            },
            {
              "start_frame": 144,
              "endpoint_distance_deg": 8.514838450260038,
              "path_distance_deg": 9.6018339882313,
              "path_to_endpoint_ratio": 1.1276589737222866,
              "peak_velocity_deg": 3.2540247140890215
            },
            {
              "start_frame": 134,
              "endpoint_distance_deg": 7.2935208799718865,
              "path_distance_deg": 9.316767791229323,
              "path_to_endpoint_ratio": 1.2774033206394597,
              "peak_velocity_deg": 2.113601513590227
            },
            {
              "start_frame": 154,
              "endpoint_distance_deg": 6.273910568176555,
              "path_distance_deg": 8.935943524834462,
              "path_to_endpoint_ratio": 1.4243020246671445,
              "peak_velocity_deg": 2.523891706836424
            },
            {
              "start_frame": 34,
              "endpoint_distance_deg": 6.299754120724299,
              "path_distance_deg": 8.079724877294394,
              "path_to_endpoint_ratio": 1.2825460680623273,
              "peak_velocity_deg": 2.2034351349701504
            }
          ],
          "boundary_blocks_by_peak": [
            {
              "start_frame": 54,
              "end_frame": 60,
              "entry_jump_deg": 12.58534174513201,
              "path_distance_deg": 73.65732294518898,
              "endpoint_distance_deg": 32.317445340098075,
              "path_to_endpoint_ratio": 2.2791814813963094,
              "peak_velocity_deg": 16.266514928094068
            },
            {
              "start_frame": 184,
              "end_frame": 190,
              "entry_jump_deg": 3.1447112826621186,
              "path_distance_deg": 59.75183439751555,
              "endpoint_distance_deg": 50.76564544722804,
              "path_to_endpoint_ratio": 1.1770131921129388,
              "peak_velocity_deg": 13.91006768272874
            },
            {
              "start_frame": 114,
              "end_frame": 120,
              "entry_jump_deg": 5.049027065501671,
              "path_distance_deg": 51.18190431758003,
              "endpoint_distance_deg": 28.894351522674004,
              "path_to_endpoint_ratio": 1.771346357346574,
              "peak_velocity_deg": 13.263502463970848
            },
            {
              "start_frame": 64,
              "end_frame": 70,
              "entry_jump_deg": 10.803035908740101,
              "path_distance_deg": 69.70981688401196,
              "endpoint_distance_deg": 46.943471258857265,
              "path_to_endpoint_ratio": 1.4849736292319702,
              "peak_velocity_deg": 12.903581224602624
            },
            {
              "start_frame": 44,
              "end_frame": 50,
              "entry_jump_deg": 5.162117173146743,
              "path_distance_deg": 52.817980974909695,
              "endpoint_distance_deg": 27.765549245509522,
              "path_to_endpoint_ratio": 1.902284752514012,
              "peak_velocity_deg": 12.275747293007901
            },
            {
              "start_frame": 174,
              "end_frame": 180,
              "entry_jump_deg": 11.828983113379817,
              "path_distance_deg": 37.63315608042675,
              "endpoint_distance_deg": 27.958709977448954,
              "path_to_endpoint_ratio": 1.3460261975885528,
              "peak_velocity_deg": 11.828983113379817
            },
            {
              "start_frame": 74,
              "end_frame": 80,
              "entry_jump_deg": 1.4701435197300834,
              "path_distance_deg": 48.59506582795717,
              "endpoint_distance_deg": 45.16527173748943,
              "path_to_endpoint_ratio": 1.0759387458222873,
              "peak_velocity_deg": 11.622775067350206
            },
            {
              "start_frame": 204,
              "end_frame": 210,
              "entry_jump_deg": 11.336921510585793,
              "path_distance_deg": 44.78138052475087,
              "endpoint_distance_deg": 27.37415298461054,
              "path_to_endpoint_ratio": 1.6359001336014485,
              "peak_velocity_deg": 11.450172684724683
            },
            {
              "start_frame": 124,
              "end_frame": 130,
              "entry_jump_deg": 3.840107486022621,
              "path_distance_deg": 44.03961340537812,
              "endpoint_distance_deg": 36.755724346412194,
              "path_to_endpoint_ratio": 1.1981701949420818,
              "peak_velocity_deg": 9.498476912792583
            },
            {
              "start_frame": 84,
              "end_frame": 90,
              "entry_jump_deg": 8.590190716522612,
              "path_distance_deg": 30.735598332586456,
              "endpoint_distance_deg": 11.75070517051788,
              "path_to_endpoint_ratio": 2.615638626497159,
              "peak_velocity_deg": 8.590190716522612
            },
            {
              "start_frame": 94,
              "end_frame": 100,
              "entry_jump_deg": 5.714179077760412,
              "path_distance_deg": 38.44571161731081,
              "endpoint_distance_deg": 37.80780699606069,
              "path_to_endpoint_ratio": 1.0168722989227221,
              "peak_velocity_deg": 7.460006841874198
            },
            {
              "start_frame": 194,
              "end_frame": 200,
              "entry_jump_deg": 4.752616628091682,
              "path_distance_deg": 30.474333357839186,
              "endpoint_distance_deg": 21.155853538177112,
              "path_to_endpoint_ratio": 1.440468157091666,
              "peak_velocity_deg": 6.035963815078359
            },
            {
              "start_frame": 164,
              "end_frame": 170,
              "entry_jump_deg": 0.9702506723868919,
              "path_distance_deg": 26.710882620667938,
              "endpoint_distance_deg": 13.461015490225359,
              "path_to_endpoint_ratio": 1.9843140838864568,
              "peak_velocity_deg": 5.8174485281997805
            },
            {
              "start_frame": 214,
              "end_frame": 220,
              "entry_jump_deg": 4.2601463965336475,
              "path_distance_deg": 20.442256927877253,
              "endpoint_distance_deg": 12.537823785114604,
              "path_to_endpoint_ratio": 1.6304469801327963,
              "peak_velocity_deg": 4.2601463965336475
            },
            {
              "start_frame": 104,
              "end_frame": 110,
              "entry_jump_deg": 4.099952538057411,
              "path_distance_deg": 24.963071925830377,
              "endpoint_distance_deg": 12.769875772744127,
              "path_to_endpoint_ratio": 1.9548406241438359,
              "peak_velocity_deg": 4.099952538057411
            },
            {
              "start_frame": 144,
              "end_frame": 150,
              "entry_jump_deg": 0.4569708848098222,
              "path_distance_deg": 10.058804873041122,
              "endpoint_distance_deg": 8.293310143969943,
              "path_to_endpoint_ratio": 1.2128817924836524,
              "peak_velocity_deg": 3.2540247140890215
            },
            {
              "start_frame": 154,
              "end_frame": 160,
              "entry_jump_deg": 2.0110968145136754,
              "path_distance_deg": 10.947040339348137,
              "endpoint_distance_deg": 5.238198675740528,
              "path_to_endpoint_ratio": 2.08984825070625,
              "peak_velocity_deg": 2.523891706836424
            },
            {
              "start_frame": 34,
              "end_frame": 40,
              "entry_jump_deg": 0.8249650995455459,
              "path_distance_deg": 8.90468997683994,
              "endpoint_distance_deg": 6.984484456674574,
              "path_to_endpoint_ratio": 1.2749244460456008,
              "peak_velocity_deg": 2.2034351349701504
            },
            {
              "start_frame": 134,
              "end_frame": 140,
              "entry_jump_deg": 1.1475788756157634,
              "path_distance_deg": 10.464346666845087,
              "endpoint_distance_deg": 7.785260996566977,
              "path_to_endpoint_ratio": 1.3441227816844536,
              "peak_velocity_deg": 2.113601513590227
            }
          ]
        },
        "ratios": {
          "excursion_p90": 0.8468093048640393,
          "velocity_rms": 0.9806559680363897,
          "velocity_p95": 0.965055950250342
        }
      },
      "RightForeArm": {
        "prediction": {
          "order": "XYZ",
          "excursion_p90_deg": 53.248905990883664,
          "excursion_max_deg": 68.13836353126258,
          "velocity_rms_deg_per_frame": 10.194042094178021,
          "velocity_p95_deg_per_frame": 21.502196494073637,
          "velocity_max_deg_per_frame": 35.49089046260409,
          "euler_axis_step_p95_deg": [
            39.4136042999999,
            16.499047399999995,
            35.50776399999996
          ],
          "top_velocity_transitions": [
            {
              "from_frame": 218,
              "to_frame": 219,
              "velocity_deg": 35.49089046260409,
              "new_block_offset": 5,
              "inside_release_blend": false
            },
            {
              "from_frame": 175,
              "to_frame": 176,
              "velocity_deg": 25.23117606817073,
              "new_block_offset": 2,
              "inside_release_blend": true
            },
            {
              "from_frame": 138,
              "to_frame": 139,
              "velocity_deg": 25.09129815938164,
              "new_block_offset": 5,
              "inside_release_blend": false
            },
            {
              "from_frame": 3,
              "to_frame": 4,
              "velocity_deg": 24.80014717714114,
              "new_block_offset": null,
              "inside_release_blend": false
            },
            {
              "from_frame": 176,
              "to_frame": 177,
              "velocity_deg": 24.054806748336073,
              "new_block_offset": 3,
              "inside_release_blend": true
            },
            {
              "from_frame": 95,
              "to_frame": 96,
              "velocity_deg": 23.711902504964762,
              "new_block_offset": 2,
              "inside_release_blend": true
            },
            {
              "from_frame": 96,
              "to_frame": 97,
              "velocity_deg": 23.71189454157832,
              "new_block_offset": 3,
              "inside_release_blend": true
            },
            {
              "from_frame": 126,
              "to_frame": 127,
              "velocity_deg": 22.418685073919768,
              "new_block_offset": 3,
              "inside_release_blend": true
            },
            {
              "from_frame": 106,
              "to_frame": 107,
              "velocity_deg": 21.931327405224554,
              "new_block_offset": 3,
              "inside_release_blend": true
            },
            {
              "from_frame": 65,
              "to_frame": 66,
              "velocity_deg": 21.607235899793363,
              "new_block_offset": 2,
              "inside_release_blend": true
            },
            {
              "from_frame": 66,
              "to_frame": 67,
              "velocity_deg": 21.52906008122254,
              "new_block_offset": 3,
              "inside_release_blend": true
            },
            {
              "from_frame": 105,
              "to_frame": 106,
              "velocity_deg": 21.51062892117378,
              "new_block_offset": 2,
              "inside_release_blend": true
            }
          ],
          "release_blend_blocks_by_path": [
            {
              "start_frame": 214,
              "endpoint_distance_deg": 1.9721519139166643,
              "path_distance_deg": 99.70084702374218,
              "path_to_endpoint_ratio": 50.554344378946844,
              "peak_velocity_deg": 35.49089046260409
            },
            {
              "start_frame": 154,
              "endpoint_distance_deg": 85.20955930660801,
              "path_distance_deg": 98.53861325094721,
              "path_to_endpoint_ratio": 1.1564267442855503,
              "peak_velocity_deg": 21.426304650172355
            },
            {
              "start_frame": 124,
              "endpoint_distance_deg": 82.39198108208485,
              "path_distance_deg": 88.1925389190019,
              "path_to_endpoint_ratio": 1.0704019706861778,
              "peak_velocity_deg": 22.418685073919768
            },
            {
              "start_frame": 174,
              "endpoint_distance_deg": 62.68107893918882,
              "path_distance_deg": 88.18229164873989,
              "path_to_endpoint_ratio": 1.4068406788959635,
              "peak_velocity_deg": 25.23117606817073
            },
            {
              "start_frame": 134,
              "endpoint_distance_deg": 81.36829524869567,
              "path_distance_deg": 85.3562941806669,
              "path_to_endpoint_ratio": 1.049011705600839,
              "peak_velocity_deg": 25.09129815938164
            },
            {
              "start_frame": 64,
              "endpoint_distance_deg": 47.644376601090364,
              "path_distance_deg": 81.1285771771494,
              "path_to_endpoint_ratio": 1.7027943897012334,
              "peak_velocity_deg": 21.607235899793363
            },
            {
              "start_frame": 94,
              "endpoint_distance_deg": 68.70069308347759,
              "path_distance_deg": 75.85262519089012,
              "path_to_endpoint_ratio": 1.1041027650000894,
              "peak_velocity_deg": 23.711902504964762
            },
            {
              "start_frame": 54,
              "endpoint_distance_deg": 58.85954871544781,
              "path_distance_deg": 68.86405196746392,
              "path_to_endpoint_ratio": 1.1699724763501358,
              "peak_velocity_deg": 21.309543979682342
            },
            {
              "start_frame": 104,
              "endpoint_distance_deg": 66.51238181177698,
              "path_distance_deg": 66.72077387268399,
              "path_to_endpoint_ratio": 1.003133131835464,
              "peak_velocity_deg": 21.931327405224554
            },
            {
              "start_frame": 144,
              "endpoint_distance_deg": 42.62035833778535,
              "path_distance_deg": 66.30080616562154,
              "path_to_endpoint_ratio": 1.5556135319219533,
              "peak_velocity_deg": 14.833677046217149
            },
            {
              "start_frame": 34,
              "endpoint_distance_deg": 55.095859615160435,
              "path_distance_deg": 60.19864542408786,
              "path_to_endpoint_ratio": 1.0926165023028938,
              "peak_velocity_deg": 19.34507885842549
            },
            {
              "start_frame": 204,
              "endpoint_distance_deg": 54.41365083515303,
              "path_distance_deg": 55.06447633270588,
              "path_to_endpoint_ratio": 1.0119607026465571,
              "peak_velocity_deg": 20.6834534842803
            },
            {
              "start_frame": 184,
              "endpoint_distance_deg": 51.92065966866861,
              "path_distance_deg": 52.41905099068003,
              "path_to_endpoint_ratio": 1.0095990945645124,
              "peak_velocity_deg": 14.55956214156619
            },
            {
              "start_frame": 84,
              "endpoint_distance_deg": 47.581125480505456,
              "path_distance_deg": 49.25624264143127,
              "path_to_endpoint_ratio": 1.0352054968017126,
              "peak_velocity_deg": 14.925486111635536
            },
            {
              "start_frame": 74,
              "endpoint_distance_deg": 48.264705000801555,
              "path_distance_deg": 48.75854093942138,
              "path_to_endpoint_ratio": 1.0102318234124008,
              "peak_velocity_deg": 12.460204954768576
            },
            {
              "start_frame": 114,
              "endpoint_distance_deg": 37.09529852457937,
              "path_distance_deg": 43.967837017097864,
              "path_to_endpoint_ratio": 1.1852671029986386,
              "peak_velocity_deg": 11.982382581117179
            },
            {
              "start_frame": 44,
              "endpoint_distance_deg": 30.680303521738427,
              "path_distance_deg": 31.14578219047045,
              "path_to_endpoint_ratio": 1.0151719055974204,
              "peak_velocity_deg": 7.774338509950334
            },
            {
              "start_frame": 194,
              "endpoint_distance_deg": 11.262560678476051,
              "path_distance_deg": 22.315569982423014,
              "path_to_endpoint_ratio": 1.981393984857319,
              "peak_velocity_deg": 5.680759458948496
            },
            {
              "start_frame": 164,
              "endpoint_distance_deg": 13.306785253752041,
              "path_distance_deg": 15.787173615142967,
              "path_to_endpoint_ratio": 1.1864002697940543,
              "peak_velocity_deg": 4.4343329420360815
            }
          ],
          "boundary_blocks_by_peak": [
            {
              "start_frame": 214,
              "end_frame": 220,
              "entry_jump_deg": 1.227257610141804,
              "path_distance_deg": 100.92810463388399,
              "endpoint_distance_deg": 2.9848213940073416,
              "path_to_endpoint_ratio": 33.81378357730833,
              "peak_velocity_deg": 35.49089046260409
            },
            {
              "start_frame": 174,
              "end_frame": 180,
              "entry_jump_deg": 7.16723731595425,
              "path_distance_deg": 95.34952896469414,
              "endpoint_distance_deg": 68.04388532500904,
              "path_to_endpoint_ratio": 1.4012945984677496,
              "peak_velocity_deg": 25.23117606817073
            },
            {
              "start_frame": 134,
              "end_frame": 140,
              "entry_jump_deg": 2.3538695924086013,
              "path_distance_deg": 87.7101637730755,
              "endpoint_distance_deg": 81.00586391427174,
              "path_to_endpoint_ratio": 1.0827631425040896,
              "peak_velocity_deg": 25.09129815938164
            },
            {
              "start_frame": 94,
              "end_frame": 100,
              "entry_jump_deg": 2.038236776851901,
              "path_distance_deg": 77.89086196774203,
              "endpoint_distance_deg": 66.71954579718833,
              "path_to_endpoint_ratio": 1.1674369337661838,
              "peak_velocity_deg": 23.711902504964762
            },
            {
              "start_frame": 124,
              "end_frame": 130,
              "entry_jump_deg": 6.801363484525727,
              "path_distance_deg": 94.99390240352763,
              "endpoint_distance_deg": 87.94185105218897,
              "path_to_endpoint_ratio": 1.0801899353602828,
              "peak_velocity_deg": 22.418685073919768
            },
            {
              "start_frame": 104,
              "end_frame": 110,
              "entry_jump_deg": 3.6453582853382853,
              "path_distance_deg": 70.36613215802228,
              "endpoint_distance_deg": 63.44248799293903,
              "path_to_endpoint_ratio": 1.1091326078802874,
              "peak_velocity_deg": 21.931327405224554
            },
            {
              "start_frame": 64,
              "end_frame": 70,
              "entry_jump_deg": 1.3646431059338167,
              "path_distance_deg": 82.49322028308322,
              "endpoint_distance_deg": 48.174187459683395,
              "path_to_endpoint_ratio": 1.7123946377325234,
              "peak_velocity_deg": 21.607235899793363
            },
            {
              "start_frame": 154,
              "end_frame": 160,
              "entry_jump_deg": 3.73207584183087,
              "path_distance_deg": 102.27068909277807,
              "endpoint_distance_deg": 81.89818127653638,
              "path_to_endpoint_ratio": 1.2487540931764056,
              "peak_velocity_deg": 21.426304650172355
            },
            {
              "start_frame": 54,
              "end_frame": 60,
              "entry_jump_deg": 4.596237438921949,
              "path_distance_deg": 73.46028940638587,
              "endpoint_distance_deg": 55.05024184827586,
              "path_to_endpoint_ratio": 1.3344226462955422,
              "peak_velocity_deg": 21.309543979682342
            },
            {
              "start_frame": 204,
              "end_frame": 210,
              "entry_jump_deg": 10.59476927529823,
              "path_distance_deg": 65.65924560800411,
              "endpoint_distance_deg": 63.55961834917388,
              "path_to_endpoint_ratio": 1.0330339815336151,
              "peak_velocity_deg": 20.6834534842803
            },
            {
              "start_frame": 34,
              "end_frame": 40,
              "entry_jump_deg": 1.5869802033776819,
              "path_distance_deg": 61.785625627465535,
              "endpoint_distance_deg": 55.02220296989556,
              "path_to_endpoint_ratio": 1.1229216987416963,
              "peak_velocity_deg": 19.34507885842549
            },
            {
              "start_frame": 84,
              "end_frame": 90,
              "entry_jump_deg": 1.521345791491679,
              "path_distance_deg": 50.77758843292295,
              "endpoint_distance_deg": 47.37214407328497,
              "path_to_endpoint_ratio": 1.0718870641440619,
              "peak_velocity_deg": 14.925486111635536
            },
            {
              "start_frame": 144,
              "end_frame": 150,
              "entry_jump_deg": 8.04802712526562,
              "path_distance_deg": 74.34883329088716,
              "endpoint_distance_deg": 48.092357856054555,
              "path_to_endpoint_ratio": 1.5459594123752671,
              "peak_velocity_deg": 14.833677046217149
            },
            {
              "start_frame": 184,
              "end_frame": 190,
              "entry_jump_deg": 9.207373673259234,
              "path_distance_deg": 61.62642466393926,
              "endpoint_distance_deg": 42.84135062455387,
              "path_to_endpoint_ratio": 1.4384799677304994,
              "peak_velocity_deg": 14.55956214156619
            },
            {
              "start_frame": 74,
              "end_frame": 80,
              "entry_jump_deg": 5.968353937597313,
              "path_distance_deg": 54.726894877018694,
              "endpoint_distance_deg": 48.622751458443076,
              "path_to_endpoint_ratio": 1.1255408884828888,
              "peak_velocity_deg": 12.460204954768576
            },
            {
              "start_frame": 114,
              "end_frame": 120,
              "entry_jump_deg": 3.616295331842527,
              "path_distance_deg": 47.584132348940386,
              "endpoint_distance_deg": 33.64569060958222,
              "path_to_endpoint_ratio": 1.4142712331601994,
              "peak_velocity_deg": 11.982382581117179
            },
            {
              "start_frame": 164,
              "end_frame": 170,
              "entry_jump_deg": 10.560577158676573,
              "path_distance_deg": 26.347750773819538,
              "endpoint_distance_deg": 8.155550735014593,
              "path_to_endpoint_ratio": 3.230652549397989,
              "peak_velocity_deg": 10.560577158676573
            },
            {
              "start_frame": 44,
              "end_frame": 50,
              "entry_jump_deg": 3.74634246896959,
              "path_distance_deg": 34.89212465944004,
              "endpoint_distance_deg": 33.492362721400326,
              "path_to_endpoint_ratio": 1.041793466459305,
              "peak_velocity_deg": 7.774338509950334
            },
            {
              "start_frame": 194,
              "end_frame": 200,
              "entry_jump_deg": 2.5696160475441614,
              "path_distance_deg": 24.88518602996718,
              "endpoint_distance_deg": 8.793616664271495,
              "path_to_endpoint_ratio": 2.8299148098046856,
              "peak_velocity_deg": 5.680759458948496
            }
          ]
        },
        "ground_truth": {
          "order": "XYZ",
          "excursion_p90_deg": 58.28210624251423,
          "excursion_max_deg": 71.4284880291166,
          "velocity_rms_deg_per_frame": 8.408489397702002,
          "velocity_p95_deg_per_frame": 19.093889194083502,
          "velocity_max_deg_per_frame": 29.064659460858312,
          "euler_axis_step_p95_deg": [
            17.24585509999999,
            12.697458099999995,
            13.622937499999992
          ],
          "top_velocity_transitions": [
            {
              "from_frame": 60,
              "to_frame": 61,
              "velocity_deg": 29.064659460858312,
              "new_block_offset": 7,
              "inside_release_blend": false
            },
            {
              "from_frame": 53,
              "to_frame": 54,
              "velocity_deg": 26.43953019931103,
              "new_block_offset": 0,
              "inside_release_blend": true
            },
            {
              "from_frame": 76,
              "to_frame": 77,
              "velocity_deg": 24.84678952615178,
              "new_block_offset": 3,
              "inside_release_blend": true
            },
            {
              "from_frame": 52,
              "to_frame": 53,
              "velocity_deg": 24.58454445640092,
              "new_block_offset": 9,
              "inside_release_blend": false
            },
            {
              "from_frame": 59,
              "to_frame": 60,
              "velocity_deg": 22.155544943526948,
              "new_block_offset": 6,
              "inside_release_blend": false
            },
            {
              "from_frame": 114,
              "to_frame": 115,
              "velocity_deg": 21.775852796802567,
              "new_block_offset": 1,
              "inside_release_blend": true
            },
            {
              "from_frame": 45,
              "to_frame": 46,
              "velocity_deg": 21.463551890140174,
              "new_block_offset": 2,
              "inside_release_blend": true
            },
            {
              "from_frame": 77,
              "to_frame": 78,
              "velocity_deg": 20.968964112191962,
              "new_block_offset": 4,
              "inside_release_blend": true
            },
            {
              "from_frame": 58,
              "to_frame": 59,
              "velocity_deg": 20.840460758607872,
              "new_block_offset": 5,
              "inside_release_blend": false
            },
            {
              "from_frame": 1,
              "to_frame": 2,
              "velocity_deg": 20.58143134845927,
              "new_block_offset": null,
              "inside_release_blend": false
            },
            {
              "from_frame": 0,
              "to_frame": 1,
              "velocity_deg": 19.36454493613191,
              "new_block_offset": null,
              "inside_release_blend": false
            },
            {
              "from_frame": 115,
              "to_frame": 116,
              "velocity_deg": 19.10521866614662,
              "new_block_offset": 2,
              "inside_release_blend": true
            }
          ],
          "release_blend_blocks_by_path": [
            {
              "start_frame": 54,
              "endpoint_distance_deg": 52.37807740113352,
              "path_distance_deg": 90.00812213658216,
              "path_to_endpoint_ratio": 1.7184311949303104,
              "peak_velocity_deg": 22.155544943526948
            },
            {
              "start_frame": 74,
              "endpoint_distance_deg": 68.70631706026462,
              "path_distance_deg": 81.29731899139668,
              "path_to_endpoint_ratio": 1.1832582864263859,
              "peak_velocity_deg": 24.84678952615178
            },
            {
              "start_frame": 64,
              "endpoint_distance_deg": 60.64628350185847,
              "path_distance_deg": 67.62112344881506,
              "path_to_endpoint_ratio": 1.1150085305184916,
              "peak_velocity_deg": 15.911168864384377
            },
            {
              "start_frame": 44,
              "endpoint_distance_deg": 48.32242071776886,
              "path_distance_deg": 63.69320719217693,
              "path_to_endpoint_ratio": 1.318088089257416,
              "peak_velocity_deg": 21.463551890140174
            },
            {
              "start_frame": 114,
              "endpoint_distance_deg": 42.964897387892734,
              "path_distance_deg": 54.71353135301516,
              "path_to_endpoint_ratio": 1.2734472715960246,
              "peak_velocity_deg": 21.775852796802567
            },
            {
              "start_frame": 124,
              "endpoint_distance_deg": 49.57334521954305,
              "path_distance_deg": 49.9602224272113,
              "path_to_endpoint_ratio": 1.0078041376057012,
              "peak_velocity_deg": 11.76226841266868
            },
            {
              "start_frame": 94,
              "endpoint_distance_deg": 49.52217667336924,
              "path_distance_deg": 49.77395940026816,
              "path_to_endpoint_ratio": 1.005084241925786,
              "peak_velocity_deg": 12.603000627393827
            },
            {
              "start_frame": 164,
              "endpoint_distance_deg": 36.141525939412766,
              "path_distance_deg": 45.62184497243574,
              "path_to_endpoint_ratio": 1.2623109784826372,
              "peak_velocity_deg": 10.72632797918002
            },
            {
              "start_frame": 184,
              "endpoint_distance_deg": 30.16587171160925,
              "path_distance_deg": 35.913781816632266,
              "path_to_endpoint_ratio": 1.1905434777411372,
              "peak_velocity_deg": 8.507228018201873
            },
            {
              "start_frame": 194,
              "endpoint_distance_deg": 32.25566948523816,
              "path_distance_deg": 33.76472782078972,
              "path_to_endpoint_ratio": 1.046784281945913,
              "peak_velocity_deg": 9.419320872426301
            },
            {
              "start_frame": 134,
              "endpoint_distance_deg": 27.01342931967106,
              "path_distance_deg": 27.781392287641587,
              "path_to_endpoint_ratio": 1.028428932842351,
              "peak_velocity_deg": 6.903681150648987
            },
            {
              "start_frame": 214,
              "endpoint_distance_deg": 11.950680248642794,
              "path_distance_deg": 27.13395382540999,
              "path_to_endpoint_ratio": 2.270494504151052,
              "peak_velocity_deg": 8.632608045860545
            },
            {
              "start_frame": 154,
              "endpoint_distance_deg": 11.488489106036136,
              "path_distance_deg": 26.224387825043856,
              "path_to_endpoint_ratio": 2.2826663787551813,
              "peak_velocity_deg": 7.279820582258937
            },
            {
              "start_frame": 204,
              "endpoint_distance_deg": 13.188678837963478,
              "path_distance_deg": 21.419226579505285,
              "path_to_endpoint_ratio": 1.6240615790757038,
              "peak_velocity_deg": 7.496963018209069
            },
            {
              "start_frame": 84,
              "endpoint_distance_deg": 11.756764981887335,
              "path_distance_deg": 16.36223953885129,
              "path_to_endpoint_ratio": 1.3917297457301585,
              "peak_velocity_deg": 4.675400155050391
            },
            {
              "start_frame": 104,
              "endpoint_distance_deg": 3.1934060267243285,
              "path_distance_deg": 10.801659003053505,
              "path_to_endpoint_ratio": 3.3824884504691144,
              "peak_velocity_deg": 3.3141462457918935
            },
            {
              "start_frame": 174,
              "endpoint_distance_deg": 8.749939403838503,
              "path_distance_deg": 9.190196995785623,
              "path_to_endpoint_ratio": 1.0503155018141022,
              "peak_velocity_deg": 3.275679987652456
            },
            {
              "start_frame": 144,
              "endpoint_distance_deg": 5.009288531840821,
              "path_distance_deg": 7.334257275322148,
              "path_to_endpoint_ratio": 1.4641315285999197,
              "peak_velocity_deg": 2.6178223241075567
            },
            {
              "start_frame": 34,
              "endpoint_distance_deg": 0.3977700113079779,
              "path_distance_deg": 1.1140558272847574,
              "path_to_endpoint_ratio": 2.800753690861293,
              "peak_velocity_deg": 0.4171232824163386
            }
          ],
          "boundary_blocks_by_peak": [
            {
              "start_frame": 54,
              "end_frame": 60,
              "entry_jump_deg": 26.43953019931103,
              "path_distance_deg": 116.4476523358932,
              "endpoint_distance_deg": 31.223879775525454,
              "path_to_endpoint_ratio": 3.729442118438132,
              "peak_velocity_deg": 26.43953019931103
            },
            {
              "start_frame": 74,
              "end_frame": 80,
              "entry_jump_deg": 0.4307506098662471,
              "path_distance_deg": 81.72806960126292,
              "endpoint_distance_deg": 68.43827973515539,
              "path_to_endpoint_ratio": 1.1941864979297665,
              "peak_velocity_deg": 24.84678952615178
            },
            {
              "start_frame": 114,
              "end_frame": 120,
              "entry_jump_deg": 11.951008912788634,
              "path_distance_deg": 66.6645402658038,
              "endpoint_distance_deg": 54.86658090409103,
              "path_to_endpoint_ratio": 1.2150299721124607,
              "peak_velocity_deg": 21.775852796802567
            },
            {
              "start_frame": 44,
              "end_frame": 50,
              "entry_jump_deg": 12.141763817806057,
              "path_distance_deg": 75.83497100998301,
              "endpoint_distance_deg": 58.73715196535293,
              "path_to_endpoint_ratio": 1.2910903656805748,
              "peak_velocity_deg": 21.463551890140174
            },
            {
              "start_frame": 64,
              "end_frame": 70,
              "entry_jump_deg": 9.422414406839009,
              "path_distance_deg": 77.04353785565407,
              "endpoint_distance_deg": 69.37354265571318,
              "path_to_endpoint_ratio": 1.1105608118934551,
              "peak_velocity_deg": 15.911168864384377
            },
            {
              "start_frame": 174,
              "end_frame": 180,
              "entry_jump_deg": 15.495100451581001,
              "path_distance_deg": 24.685297447366626,
              "endpoint_distance_deg": 18.978611961965274,
              "path_to_endpoint_ratio": 1.3006903506346,
              "peak_velocity_deg": 15.495100451581001
            },
            {
              "start_frame": 124,
              "end_frame": 130,
              "entry_jump_deg": 13.677627984739402,
              "path_distance_deg": 63.6378504119507,
              "endpoint_distance_deg": 62.76374041661835,
              "path_to_endpoint_ratio": 1.0139269901623154,
              "peak_velocity_deg": 13.677627984739402
            },
            {
              "start_frame": 94,
              "end_frame": 100,
              "entry_jump_deg": 5.892194522900059,
              "path_distance_deg": 55.66615392316822,
              "endpoint_distance_deg": 55.28954591784614,
              "path_to_endpoint_ratio": 1.0068115590220559,
              "peak_velocity_deg": 12.603000627393827
            },
            {
              "start_frame": 164,
              "end_frame": 170,
              "entry_jump_deg": 1.331423919177918,
              "path_distance_deg": 46.953268891613654,
              "endpoint_distance_deg": 36.56723984171679,
              "path_to_endpoint_ratio": 1.2840255128594156,
              "peak_velocity_deg": 10.72632797918002
            },
            {
              "start_frame": 194,
              "end_frame": 200,
              "entry_jump_deg": 5.645683446113802,
              "path_distance_deg": 39.41041126690353,
              "endpoint_distance_deg": 27.252293261476087,
              "path_to_endpoint_ratio": 1.4461319232394358,
              "peak_velocity_deg": 9.419320872426301
            },
            {
              "start_frame": 214,
              "end_frame": 220,
              "entry_jump_deg": 9.077377414331131,
              "path_distance_deg": 36.211331239741114,
              "endpoint_distance_deg": 20.990137031806096,
              "path_to_endpoint_ratio": 1.7251593538846617,
              "peak_velocity_deg": 9.077377414331131
            },
            {
              "start_frame": 184,
              "end_frame": 190,
              "entry_jump_deg": 3.581036255428892,
              "path_distance_deg": 39.494818072061165,
              "endpoint_distance_deg": 32.48041035357226,
              "path_to_endpoint_ratio": 1.215958100348244,
              "peak_velocity_deg": 8.507228018201873
            },
            {
              "start_frame": 204,
              "end_frame": 210,
              "entry_jump_deg": 7.036065297267711,
              "path_distance_deg": 28.455291876772996,
              "endpoint_distance_deg": 18.642194965678964,
              "path_to_endpoint_ratio": 1.5263917113387313,
              "peak_velocity_deg": 7.496963018209069
            },
            {
              "start_frame": 154,
              "end_frame": 160,
              "entry_jump_deg": 3.9817660681925724,
              "path_distance_deg": 30.206153893236426,
              "endpoint_distance_deg": 13.684629639545683,
              "path_to_endpoint_ratio": 2.207305180254717,
              "peak_velocity_deg": 7.279820582258937
            },
            {
              "start_frame": 134,
              "end_frame": 140,
              "entry_jump_deg": 5.1507086714591335,
              "path_distance_deg": 32.93210095910072,
              "endpoint_distance_deg": 31.564825304543895,
              "path_to_endpoint_ratio": 1.043316433446568,
              "peak_velocity_deg": 6.903681150648987
            },
            {
              "start_frame": 104,
              "end_frame": 110,
              "entry_jump_deg": 5.328139605277087,
              "path_distance_deg": 16.12979860833059,
              "endpoint_distance_deg": 3.000438263250423,
              "path_to_endpoint_ratio": 5.375814195509198,
              "peak_velocity_deg": 5.328139605277087
            },
            {
              "start_frame": 84,
              "end_frame": 90,
              "entry_jump_deg": 4.914857194813273,
              "path_distance_deg": 21.27709673366456,
              "endpoint_distance_deg": 6.850909071629243,
              "path_to_endpoint_ratio": 3.1057333430064875,
              "peak_velocity_deg": 4.914857194813273
            },
            {
              "start_frame": 144,
              "end_frame": 150,
              "entry_jump_deg": 1.0268063391635873,
              "path_distance_deg": 8.361063614485735,
              "endpoint_distance_deg": 5.096710765867396,
              "path_to_endpoint_ratio": 1.6404822636747736,
              "peak_velocity_deg": 2.6178223241075567
            },
            {
              "start_frame": 34,
              "end_frame": 40,
              "entry_jump_deg": 0.13516828832040717,
              "path_distance_deg": 1.2492241156051647,
              "endpoint_distance_deg": 0.5011727557290768,
              "path_to_endpoint_ratio": 2.492601805115816,
              "peak_velocity_deg": 0.4171232824163386
            }
          ]
        },
        "ratios": {
          "excursion_p90": 0.9136407282419201,
          "velocity_rms": 1.2123511860482339,
          "velocity_p95": 1.1261297410658684
        }
      },
      "RightHand": {
        "prediction": {
          "order": "XYZ",
          "excursion_p90_deg": 19.74563260236242,
          "excursion_max_deg": 30.817510149462684,
          "velocity_rms_deg_per_frame": 4.724893585235844,
          "velocity_p95_deg_per_frame": 9.299498956982632,
          "velocity_max_deg_per_frame": 17.26095625290667,
          "euler_axis_step_p95_deg": [
            1.2335418999999936,
            4.933287999999988,
            8.7030279
          ],
          "top_velocity_transitions": [
            {
              "from_frame": 96,
              "to_frame": 97,
              "velocity_deg": 17.26095625290667,
              "new_block_offset": 3,
              "inside_release_blend": true
            },
            {
              "from_frame": 95,
              "to_frame": 96,
              "velocity_deg": 17.1312146043142,
              "new_block_offset": 2,
              "inside_release_blend": true
            },
            {
              "from_frame": 163,
              "to_frame": 164,
              "velocity_deg": 16.14320494739565,
              "new_block_offset": 0,
              "inside_release_blend": true
            },
            {
              "from_frame": 162,
              "to_frame": 163,
              "velocity_deg": 16.143202238844427,
              "new_block_offset": 9,
              "inside_release_blend": false
            },
            {
              "from_frame": 30,
              "to_frame": 31,
              "velocity_deg": 12.27941072990518,
              "new_block_offset": null,
              "inside_release_blend": false
            },
            {
              "from_frame": 140,
              "to_frame": 141,
              "velocity_deg": 12.025185804520126,
              "new_block_offset": 7,
              "inside_release_blend": false
            },
            {
              "from_frame": 143,
              "to_frame": 144,
              "velocity_deg": 11.660507215860385,
              "new_block_offset": 0,
              "inside_release_blend": true
            },
            {
              "from_frame": 142,
              "to_frame": 143,
              "velocity_deg": 11.66050525477785,
              "new_block_offset": 9,
              "inside_release_blend": false
            },
            {
              "from_frame": 148,
              "to_frame": 149,
              "velocity_deg": 9.942292312474075,
              "new_block_offset": 5,
              "inside_release_blend": false
            },
            {
              "from_frame": 166,
              "to_frame": 167,
              "velocity_deg": 9.618289554905086,
              "new_block_offset": 3,
              "inside_release_blend": true
            },
            {
              "from_frame": 183,
              "to_frame": 184,
              "velocity_deg": 9.315575633100405,
              "new_block_offset": 0,
              "inside_release_blend": true
            },
            {
              "from_frame": 182,
              "to_frame": 183,
              "velocity_deg": 9.315575420523533,
              "new_block_offset": 9,
              "inside_release_blend": false
            }
          ],
          "release_blend_blocks_by_path": [
            {
              "start_frame": 94,
              "endpoint_distance_deg": 51.361249475811306,
              "path_distance_deg": 55.47677973770377,
              "path_to_endpoint_ratio": 1.0801290915601787,
              "peak_velocity_deg": 17.26095625290667
            },
            {
              "start_frame": 164,
              "endpoint_distance_deg": 30.698094919777375,
              "path_distance_deg": 31.060891719866152,
              "path_to_endpoint_ratio": 1.0118182187212876,
              "peak_velocity_deg": 9.618289554905086
            },
            {
              "start_frame": 174,
              "endpoint_distance_deg": 9.925111954241725,
              "path_distance_deg": 27.271069429267087,
              "path_to_endpoint_ratio": 2.7476838100160843,
              "peak_velocity_deg": 6.950808969634398
            },
            {
              "start_frame": 154,
              "endpoint_distance_deg": 11.3953810624944,
              "path_distance_deg": 23.830566276469913,
              "path_to_endpoint_ratio": 2.0912478613728345,
              "peak_velocity_deg": 7.727347005047315
            },
            {
              "start_frame": 54,
              "endpoint_distance_deg": 18.332515923599527,
              "path_distance_deg": 22.85418744155632,
              "path_to_endpoint_ratio": 1.2466476252796281,
              "peak_velocity_deg": 5.924312405243956
            },
            {
              "start_frame": 114,
              "endpoint_distance_deg": 11.617362969232204,
              "path_distance_deg": 21.45880852282746,
              "path_to_endpoint_ratio": 1.8471324843391446,
              "peak_velocity_deg": 4.719789518104503
            },
            {
              "start_frame": 64,
              "endpoint_distance_deg": 12.821536749380334,
              "path_distance_deg": 21.324425162116793,
              "path_to_endpoint_ratio": 1.663172330972526,
              "peak_velocity_deg": 5.584150122092973
            },
            {
              "start_frame": 124,
              "endpoint_distance_deg": 10.151649120312333,
              "path_distance_deg": 20.955379536455652,
              "path_to_endpoint_ratio": 2.0642340262259697,
              "peak_velocity_deg": 5.416933743084566
            },
            {
              "start_frame": 74,
              "endpoint_distance_deg": 12.76971878023219,
              "path_distance_deg": 20.857573859721505,
              "path_to_endpoint_ratio": 1.633362035506177,
              "peak_velocity_deg": 5.456497879435095
            },
            {
              "start_frame": 134,
              "endpoint_distance_deg": 13.023620480067782,
              "path_distance_deg": 20.70304792260962,
              "path_to_endpoint_ratio": 1.5896538104972382,
              "peak_velocity_deg": 4.921173168717477
            },
            {
              "start_frame": 44,
              "endpoint_distance_deg": 19.58360397258429,
              "path_distance_deg": 20.44143631893483,
              "path_to_endpoint_ratio": 1.043803599559685,
              "peak_velocity_deg": 5.799492518964478
            },
            {
              "start_frame": 144,
              "endpoint_distance_deg": 17.233258276622625,
              "path_distance_deg": 20.417269260931647,
              "path_to_endpoint_ratio": 1.1847596625780406,
              "peak_velocity_deg": 9.942292312474075
            },
            {
              "start_frame": 184,
              "endpoint_distance_deg": 11.95764702702737,
              "path_distance_deg": 16.961638442758364,
              "path_to_endpoint_ratio": 1.418476260791164,
              "peak_velocity_deg": 4.598693742443141
            },
            {
              "start_frame": 84,
              "endpoint_distance_deg": 14.223187340422033,
              "path_distance_deg": 16.79437524227062,
              "path_to_endpoint_ratio": 1.1807743820220462,
              "peak_velocity_deg": 4.202184103706019
            },
            {
              "start_frame": 204,
              "endpoint_distance_deg": 15.68872841864395,
              "path_distance_deg": 16.53734377481228,
              "path_to_endpoint_ratio": 1.0540907671752326,
              "peak_velocity_deg": 7.870019661229956
            },
            {
              "start_frame": 214,
              "endpoint_distance_deg": 2.938029838834792,
              "path_distance_deg": 14.681633663904089,
              "path_to_endpoint_ratio": 4.997101618861281,
              "peak_velocity_deg": 6.449818309063664
            },
            {
              "start_frame": 104,
              "endpoint_distance_deg": 8.54029395729274,
              "path_distance_deg": 13.31149802222491,
              "path_to_endpoint_ratio": 1.5586697704776236,
              "peak_velocity_deg": 3.5511560258813226
            },
            {
              "start_frame": 34,
              "endpoint_distance_deg": 9.430075182197916,
              "path_distance_deg": 10.514761135523694,
              "path_to_endpoint_ratio": 1.115024104513339,
              "peak_velocity_deg": 3.5868114638925697
            },
            {
              "start_frame": 194,
              "endpoint_distance_deg": 2.8286872731264894,
              "path_distance_deg": 7.981293983443564,
              "path_to_endpoint_ratio": 2.82155403294971,
              "peak_velocity_deg": 3.4912792964259682
            }
          ],
          "boundary_blocks_by_peak": [
            {
              "start_frame": 94,
              "end_frame": 100,
              "entry_jump_deg": 2.789977023060223,
              "path_distance_deg": 58.266756760764004,
              "endpoint_distance_deg": 49.813432409113595,
              "path_to_endpoint_ratio": 1.1696996963032773,
              "peak_velocity_deg": 17.26095625290667
            },
            {
              "start_frame": 164,
              "end_frame": 170,
              "entry_jump_deg": 16.14320494739565,
              "path_distance_deg": 47.2040966672618,
              "endpoint_distance_deg": 15.833104825074326,
              "path_to_endpoint_ratio": 2.9813543956651096,
              "peak_velocity_deg": 16.14320494739565
            },
            {
              "start_frame": 144,
              "end_frame": 150,
              "entry_jump_deg": 11.660507215860385,
              "path_distance_deg": 32.07777647679203,
              "endpoint_distance_deg": 27.658142630569753,
              "path_to_endpoint_ratio": 1.1597950341516203,
              "peak_velocity_deg": 11.660507215860385
            },
            {
              "start_frame": 184,
              "end_frame": 190,
              "entry_jump_deg": 9.315575633100405,
              "path_distance_deg": 26.277214075858762,
              "endpoint_distance_deg": 5.926005834508316,
              "path_to_endpoint_ratio": 4.434220081735542,
              "peak_velocity_deg": 9.315575633100405
            },
            {
              "start_frame": 204,
              "end_frame": 210,
              "entry_jump_deg": 5.723661446454883,
              "path_distance_deg": 22.261005221267162,
              "endpoint_distance_deg": 18.30204349447332,
              "path_to_endpoint_ratio": 1.2163125515459152,
              "peak_velocity_deg": 7.870019661229956
            },
            {
              "start_frame": 154,
              "end_frame": 160,
              "entry_jump_deg": 2.7613872683184892,
              "path_distance_deg": 26.5919535447884,
              "endpoint_distance_deg": 14.133541883042582,
              "path_to_endpoint_ratio": 1.8814783841758318,
              "peak_velocity_deg": 7.727347005047315
            },
            {
              "start_frame": 174,
              "end_frame": 180,
              "entry_jump_deg": 0.967040897824612,
              "path_distance_deg": 28.238110327091697,
              "endpoint_distance_deg": 10.777435598595977,
              "path_to_endpoint_ratio": 2.620114040001352,
              "peak_velocity_deg": 6.950808969634398
            },
            {
              "start_frame": 214,
              "end_frame": 220,
              "entry_jump_deg": 4.408076251154086,
              "path_distance_deg": 19.089709915058172,
              "endpoint_distance_deg": 6.388067461863054,
              "path_to_endpoint_ratio": 2.988338809667288,
              "peak_velocity_deg": 6.449818309063664
            },
            {
              "start_frame": 54,
              "end_frame": 60,
              "entry_jump_deg": 2.344547853881438,
              "path_distance_deg": 25.19873529543776,
              "endpoint_distance_deg": 19.57852102535656,
              "path_to_endpoint_ratio": 1.2870602055590583,
              "peak_velocity_deg": 5.924312405243956
            },
            {
              "start_frame": 44,
              "end_frame": 50,
              "entry_jump_deg": 1.228283332969987,
              "path_distance_deg": 21.669719651904817,
              "endpoint_distance_deg": 19.226623987102133,
              "path_to_endpoint_ratio": 1.1270683644950665,
              "peak_velocity_deg": 5.799492518964478
            },
            {
              "start_frame": 64,
              "end_frame": 70,
              "entry_jump_deg": 0.634898987065038,
              "path_distance_deg": 21.959324149181832,
              "endpoint_distance_deg": 12.195103764597425,
              "path_to_endpoint_ratio": 1.8006672655734255,
              "peak_velocity_deg": 5.584150122092973
            },
            {
              "start_frame": 74,
              "end_frame": 80,
              "entry_jump_deg": 0.8840906396680626,
              "path_distance_deg": 21.741664499389568,
              "endpoint_distance_deg": 11.893093819874851,
              "path_to_endpoint_ratio": 1.828091565464364,
              "peak_velocity_deg": 5.456497879435095
            },
            {
              "start_frame": 124,
              "end_frame": 130,
              "entry_jump_deg": 5.373417371606196,
              "path_distance_deg": 26.32879690806185,
              "endpoint_distance_deg": 11.30197735112487,
              "path_to_endpoint_ratio": 2.329574382436838,
              "peak_velocity_deg": 5.416933743084566
            },
            {
              "start_frame": 134,
              "end_frame": 140,
              "entry_jump_deg": 2.39970737692475,
              "path_distance_deg": 23.10275529953437,
              "endpoint_distance_deg": 11.568182209422279,
              "path_to_endpoint_ratio": 1.99709469312449,
              "peak_velocity_deg": 4.921173168717477
            },
            {
              "start_frame": 114,
              "end_frame": 120,
              "entry_jump_deg": 2.6315423574828034,
              "path_distance_deg": 24.09035088031026,
              "endpoint_distance_deg": 9.015808168035065,
              "path_to_endpoint_ratio": 2.6720123622107406,
              "peak_velocity_deg": 4.719789518104503
            },
            {
              "start_frame": 84,
              "end_frame": 90,
              "entry_jump_deg": 1.8503595244344566,
              "path_distance_deg": 18.644734766705074,
              "endpoint_distance_deg": 12.397420042183375,
              "path_to_endpoint_ratio": 1.5039205498615542,
              "peak_velocity_deg": 4.202184103706019
            },
            {
              "start_frame": 104,
              "end_frame": 110,
              "entry_jump_deg": 4.100661793238833,
              "path_distance_deg": 17.412159815463745,
              "endpoint_distance_deg": 10.841125306417227,
              "path_to_endpoint_ratio": 1.606121073534396,
              "peak_velocity_deg": 4.100661793238833
            },
            {
              "start_frame": 34,
              "end_frame": 40,
              "entry_jump_deg": 2.2955874830295775,
              "path_distance_deg": 12.81034861855327,
              "endpoint_distance_deg": 7.21222343080617,
              "path_to_endpoint_ratio": 1.7761996340594999,
              "peak_velocity_deg": 3.5868114638925697
            },
            {
              "start_frame": 194,
              "end_frame": 200,
              "entry_jump_deg": 2.557036255643787,
              "path_distance_deg": 10.538330239087351,
              "endpoint_distance_deg": 4.222823536478247,
              "path_to_endpoint_ratio": 2.4955649100781785,
              "peak_velocity_deg": 3.4912792964259682
            }
          ]
        },
        "ground_truth": {
          "order": "XYZ",
          "excursion_p90_deg": 24.241836361381864,
          "excursion_max_deg": 38.86125717873389,
          "velocity_rms_deg_per_frame": 5.393527066559688,
          "velocity_p95_deg_per_frame": 12.740036205770318,
          "velocity_max_deg_per_frame": 24.244167295503924,
          "euler_axis_step_p95_deg": [
            1.9756388000000018,
            5.518946699999998,
            11.258954399999988
          ],
          "top_velocity_transitions": [
            {
              "from_frame": 161,
              "to_frame": 162,
              "velocity_deg": 24.244167295503924,
              "new_block_offset": 8,
              "inside_release_blend": false
            },
            {
              "from_frame": 62,
              "to_frame": 63,
              "velocity_deg": 16.54127135822364,
              "new_block_offset": 9,
              "inside_release_blend": false
            },
            {
              "from_frame": 170,
              "to_frame": 171,
              "velocity_deg": 16.261772140235145,
              "new_block_offset": 7,
              "inside_release_blend": false
            },
            {
              "from_frame": 160,
              "to_frame": 161,
              "velocity_deg": 15.665183608898662,
              "new_block_offset": 7,
              "inside_release_blend": false
            },
            {
              "from_frame": 211,
              "to_frame": 212,
              "velocity_deg": 14.21275395556884,
              "new_block_offset": 8,
              "inside_release_blend": false
            },
            {
              "from_frame": 150,
              "to_frame": 151,
              "velocity_deg": 13.81526365100139,
              "new_block_offset": 7,
              "inside_release_blend": false
            },
            {
              "from_frame": 169,
              "to_frame": 170,
              "velocity_deg": 13.757031390490873,
              "new_block_offset": 6,
              "inside_release_blend": false
            },
            {
              "from_frame": 220,
              "to_frame": 221,
              "velocity_deg": 13.709317287887675,
              "new_block_offset": 7,
              "inside_release_blend": false
            },
            {
              "from_frame": 61,
              "to_frame": 62,
              "velocity_deg": 13.529455117364027,
              "new_block_offset": 8,
              "inside_release_blend": false
            },
            {
              "from_frame": 216,
              "to_frame": 217,
              "velocity_deg": 13.359979556729847,
              "new_block_offset": 3,
              "inside_release_blend": true
            },
            {
              "from_frame": 155,
              "to_frame": 156,
              "velocity_deg": 13.303086284438294,
              "new_block_offset": 2,
              "inside_release_blend": true
            },
            {
              "from_frame": 166,
              "to_frame": 167,
              "velocity_deg": 12.769117539221517,
              "new_block_offset": 3,
              "inside_release_blend": true
            }
          ],
          "release_blend_blocks_by_path": [
            {
              "start_frame": 214,
              "endpoint_distance_deg": 9.458093716891566,
              "path_distance_deg": 59.15522047761195,
              "path_to_endpoint_ratio": 6.254454887877079,
              "peak_velocity_deg": 13.359979556729847
            },
            {
              "start_frame": 164,
              "endpoint_distance_deg": 14.78328662330263,
              "path_distance_deg": 43.49582797479986,
              "path_to_endpoint_ratio": 2.942229903480202,
              "peak_velocity_deg": 13.757031390490873
            },
            {
              "start_frame": 154,
              "endpoint_distance_deg": 32.527085971306896,
              "path_distance_deg": 37.29686348068508,
              "path_to_endpoint_ratio": 1.1466401728573457,
              "peak_velocity_deg": 13.303086284438294
            },
            {
              "start_frame": 64,
              "endpoint_distance_deg": 17.996383456000146,
              "path_distance_deg": 33.13676732724882,
              "path_to_endpoint_ratio": 1.8413014708352828,
              "peak_velocity_deg": 12.478304204709602
            },
            {
              "start_frame": 44,
              "endpoint_distance_deg": 18.79212452558348,
              "path_distance_deg": 25.982053281726312,
              "path_to_endpoint_ratio": 1.382603294606446,
              "peak_velocity_deg": 7.74314899486171
            },
            {
              "start_frame": 74,
              "endpoint_distance_deg": 11.342464376283553,
              "path_distance_deg": 22.612021828022083,
              "path_to_endpoint_ratio": 1.9935722148092025,
              "peak_velocity_deg": 7.024631466402154
            },
            {
              "start_frame": 54,
              "endpoint_distance_deg": 5.98991250828671,
              "path_distance_deg": 22.501864133619495,
              "path_to_endpoint_ratio": 3.7566265120716573,
              "peak_velocity_deg": 7.824087496604389
            },
            {
              "start_frame": 124,
              "endpoint_distance_deg": 21.677073308619093,
              "path_distance_deg": 22.35328096434824,
              "path_to_endpoint_ratio": 1.0311946011392727,
              "peak_velocity_deg": 6.136172896328793
            },
            {
              "start_frame": 114,
              "endpoint_distance_deg": 7.488954689218846,
              "path_distance_deg": 20.704565214384736,
              "path_to_endpoint_ratio": 2.7646802622789504,
              "peak_velocity_deg": 6.3150438407475775
            },
            {
              "start_frame": 94,
              "endpoint_distance_deg": 4.743978540414722,
              "path_distance_deg": 19.01820810297379,
              "path_to_endpoint_ratio": 4.0089152893409175,
              "peak_velocity_deg": 5.851327812330936
            },
            {
              "start_frame": 194,
              "endpoint_distance_deg": 10.350402466435229,
              "path_distance_deg": 15.257200350964428,
              "path_to_endpoint_ratio": 1.474068317675684,
              "peak_velocity_deg": 6.464214256921201
            },
            {
              "start_frame": 144,
              "endpoint_distance_deg": 13.074928193895095,
              "path_distance_deg": 14.86673814209671,
              "path_to_endpoint_ratio": 1.1370416664344085,
              "peak_velocity_deg": 10.086695868415807
            },
            {
              "start_frame": 184,
              "endpoint_distance_deg": 5.411430621164255,
              "path_distance_deg": 14.8475345129915,
              "path_to_endpoint_ratio": 2.7437355391608236,
              "peak_velocity_deg": 3.4469638868418877
            },
            {
              "start_frame": 204,
              "endpoint_distance_deg": 8.35834351350073,
              "path_distance_deg": 10.980605364421784,
              "path_to_endpoint_ratio": 1.3137298493039287,
              "peak_velocity_deg": 4.041028039043798
            },
            {
              "start_frame": 134,
              "endpoint_distance_deg": 10.172834335391858,
              "path_distance_deg": 10.844612875305135,
              "path_to_endpoint_ratio": 1.0660365162515348,
              "peak_velocity_deg": 3.6750762497887877
            },
            {
              "start_frame": 84,
              "endpoint_distance_deg": 6.434433282107367,
              "path_distance_deg": 9.222325888588975,
              "path_to_endpoint_ratio": 1.4332771021550688,
              "peak_velocity_deg": 4.263901091757777
            },
            {
              "start_frame": 174,
              "endpoint_distance_deg": 3.132976896337941,
              "path_distance_deg": 8.844387647118205,
              "path_to_endpoint_ratio": 2.8229980429974413,
              "peak_velocity_deg": 2.3561223857088174
            },
            {
              "start_frame": 104,
              "endpoint_distance_deg": 2.5477689818360383,
              "path_distance_deg": 5.8844301650354405,
              "path_to_endpoint_ratio": 2.3096403979276223,
              "peak_velocity_deg": 2.1128959739796485
            },
            {
              "start_frame": 34,
              "endpoint_distance_deg": 0.2600060659853161,
              "path_distance_deg": 2.1619419932290196,
              "path_to_endpoint_ratio": 8.314967518300575,
              "peak_velocity_deg": 0.5908484913765979
            }
          ],
          "boundary_blocks_by_peak": [
            {
              "start_frame": 164,
              "end_frame": 170,
              "entry_jump_deg": 2.928536542828838,
              "path_distance_deg": 46.424364517628696,
              "endpoint_distance_deg": 17.289609142060346,
              "path_to_endpoint_ratio": 2.6851020249319792,
              "peak_velocity_deg": 13.757031390490873
            },
            {
              "start_frame": 214,
              "end_frame": 220,
              "entry_jump_deg": 3.2142965279829254,
              "path_distance_deg": 62.36951700559487,
              "endpoint_distance_deg": 12.653747588608372,
              "path_to_endpoint_ratio": 4.928936393653331,
              "peak_velocity_deg": 13.359979556729847
            },
            {
              "start_frame": 154,
              "end_frame": 160,
              "entry_jump_deg": 3.9640149413984944,
              "path_distance_deg": 41.26087842208358,
              "endpoint_distance_deg": 32.12403035620607,
              "path_to_endpoint_ratio": 1.2844240889005496,
              "peak_velocity_deg": 13.303086284438294
            },
            {
              "start_frame": 64,
              "end_frame": 70,
              "entry_jump_deg": 2.019432755992097,
              "path_distance_deg": 35.15620008324092,
              "endpoint_distance_deg": 16.695999253800487,
              "path_to_endpoint_ratio": 2.105666126885958,
              "peak_velocity_deg": 12.478304204709602
            },
            {
              "start_frame": 144,
              "end_frame": 150,
              "entry_jump_deg": 0.29279259091659554,
              "path_distance_deg": 15.159530733013304,
              "endpoint_distance_deg": 13.35852721320515,
              "path_to_endpoint_ratio": 1.1348205150959927,
              "peak_velocity_deg": 10.086695868415807
            },
            {
              "start_frame": 124,
              "end_frame": 130,
              "entry_jump_deg": 9.358529481726197,
              "path_distance_deg": 31.71181044607444,
              "endpoint_distance_deg": 15.90191855942299,
              "path_to_endpoint_ratio": 1.994212857245643,
              "peak_velocity_deg": 9.358529481726197
            },
            {
              "start_frame": 54,
              "end_frame": 60,
              "entry_jump_deg": 8.775341233467726,
              "path_distance_deg": 31.277205367087223,
              "endpoint_distance_deg": 7.757521561217324,
              "path_to_endpoint_ratio": 4.0318554218983245,
              "peak_velocity_deg": 8.775341233467726
            },
            {
              "start_frame": 174,
              "end_frame": 180,
              "entry_jump_deg": 8.226598965637777,
              "path_distance_deg": 17.070986612755984,
              "endpoint_distance_deg": 6.3706380714358435,
              "path_to_endpoint_ratio": 2.679635292624377,
              "peak_velocity_deg": 8.226598965637777
            },
            {
              "start_frame": 44,
              "end_frame": 50,
              "entry_jump_deg": 4.840564203905996,
              "path_distance_deg": 30.82261748563231,
              "endpoint_distance_deg": 23.620327312924733,
              "path_to_endpoint_ratio": 1.3049191519359928,
              "peak_velocity_deg": 7.74314899486171
            },
            {
              "start_frame": 74,
              "end_frame": 80,
              "entry_jump_deg": 0.0874690508119727,
              "path_distance_deg": 22.699490878834055,
              "endpoint_distance_deg": 11.363897091283254,
              "path_to_endpoint_ratio": 1.997509366416723,
              "peak_velocity_deg": 7.024631466402154
            },
            {
              "start_frame": 194,
              "end_frame": 200,
              "entry_jump_deg": 0.8696699040499519,
              "path_distance_deg": 16.12687025501438,
              "endpoint_distance_deg": 11.218739497797653,
              "path_to_endpoint_ratio": 1.4374939589407743,
              "peak_velocity_deg": 6.464214256921201
            },
            {
              "start_frame": 114,
              "end_frame": 120,
              "entry_jump_deg": 4.8046454818930115,
              "path_distance_deg": 25.50921069627775,
              "endpoint_distance_deg": 11.598969292271878,
              "path_to_endpoint_ratio": 2.199265301381041,
              "peak_velocity_deg": 6.3150438407475775
            },
            {
              "start_frame": 94,
              "end_frame": 100,
              "entry_jump_deg": 5.134457649664354,
              "path_distance_deg": 24.152665752638146,
              "endpoint_distance_deg": 8.667287582055849,
              "path_to_endpoint_ratio": 2.7866464016542096,
              "peak_velocity_deg": 5.851327812330936
            },
            {
              "start_frame": 134,
              "end_frame": 140,
              "entry_jump_deg": 5.562023520702118,
              "path_distance_deg": 16.406636396007254,
              "endpoint_distance_deg": 15.72062757379839,
              "path_to_endpoint_ratio": 1.0436374959580008,
              "peak_velocity_deg": 5.562023520702118
            },
            {
              "start_frame": 84,
              "end_frame": 90,
              "entry_jump_deg": 3.5612214735214103,
              "path_distance_deg": 12.783547362110385,
              "endpoint_distance_deg": 3.7773237779613655,
              "path_to_endpoint_ratio": 3.384286895578146,
              "peak_velocity_deg": 4.263901091757777
            },
            {
              "start_frame": 204,
              "end_frame": 210,
              "entry_jump_deg": 1.1244613835032817,
              "path_distance_deg": 12.105066747925065,
              "endpoint_distance_deg": 9.120608088391219,
              "path_to_endpoint_ratio": 1.3272214561365145,
              "peak_velocity_deg": 4.041028039043798
            },
            {
              "start_frame": 184,
              "end_frame": 190,
              "entry_jump_deg": 0.2890629637027273,
              "path_distance_deg": 15.136597476694229,
              "endpoint_distance_deg": 5.444790537472205,
              "path_to_endpoint_ratio": 2.7800146530010568,
              "peak_velocity_deg": 3.4469638868418877
            },
            {
              "start_frame": 104,
              "end_frame": 110,
              "entry_jump_deg": 0.9630551536044375,
              "path_distance_deg": 6.847485318639877,
              "endpoint_distance_deg": 2.095224233068728,
              "path_to_endpoint_ratio": 3.268139615114534,
              "peak_velocity_deg": 2.1128959739796485
            },
            {
              "start_frame": 34,
              "end_frame": 40,
              "entry_jump_deg": 0.10997087799886669,
              "path_distance_deg": 2.2719128712278858,
              "endpoint_distance_deg": 0.1502021559837941,
              "path_to_endpoint_ratio": 15.125700802011199,
              "peak_velocity_deg": 0.5908484913765979
            }
          ]
        },
        "ratios": {
          "excursion_p90": 0.8145270972053066,
          "velocity_rms": 0.8760303836297723,
          "velocity_p95": 0.7299428986528805
        }
      },
      "LeftShoulder": {
        "prediction": {
          "order": "XYZ",
          "excursion_p90_deg": 2.7402146112315027,
          "excursion_max_deg": 4.120527147291702,
          "velocity_rms_deg_per_frame": 0.6335616120954702,
          "velocity_p95_deg_per_frame": 1.2277595501201397,
          "velocity_max_deg_per_frame": 1.7341627797090824,
          "euler_axis_step_p95_deg": [
            0.012745999999995657,
            0.8206612000000034,
            1.0411252000000046
          ],
          "top_velocity_transitions": [
            {
              "from_frame": 125,
              "to_frame": 126,
              "velocity_deg": 1.7341627797090824,
              "new_block_offset": 2,
              "inside_release_blend": true
            },
            {
              "from_frame": 126,
              "to_frame": 127,
              "velocity_deg": 1.7252178841850494,
              "new_block_offset": 3,
              "inside_release_blend": true
            },
            {
              "from_frame": 222,
              "to_frame": 223,
              "velocity_deg": 1.5045422917437927,
              "new_block_offset": 9,
              "inside_release_blend": false
            },
            {
              "from_frame": 136,
              "to_frame": 137,
              "velocity_deg": 1.4707557644260925,
              "new_block_offset": 3,
              "inside_release_blend": true
            },
            {
              "from_frame": 135,
              "to_frame": 136,
              "velocity_deg": 1.3304567705662869,
              "new_block_offset": 2,
              "inside_release_blend": true
            },
            {
              "from_frame": 35,
              "to_frame": 36,
              "velocity_deg": 1.3231072833014679,
              "new_block_offset": 2,
              "inside_release_blend": true
            },
            {
              "from_frame": 36,
              "to_frame": 37,
              "velocity_deg": 1.3231063159077967,
              "new_block_offset": 3,
              "inside_release_blend": true
            },
            {
              "from_frame": 56,
              "to_frame": 57,
              "velocity_deg": 1.317353682857104,
              "new_block_offset": 3,
              "inside_release_blend": true
            },
            {
              "from_frame": 33,
              "to_frame": 34,
              "velocity_deg": 1.2920142135371402,
              "new_block_offset": 0,
              "inside_release_blend": true
            },
            {
              "from_frame": 32,
              "to_frame": 33,
              "velocity_deg": 1.292009806991237,
              "new_block_offset": null,
              "inside_release_blend": false
            },
            {
              "from_frame": 55,
              "to_frame": 56,
              "velocity_deg": 1.2872711297288282,
              "new_block_offset": 2,
              "inside_release_blend": true
            },
            {
              "from_frame": 68,
              "to_frame": 69,
              "velocity_deg": 1.2314005225307245,
              "new_block_offset": 5,
              "inside_release_blend": false
            }
          ],
          "release_blend_blocks_by_path": [
            {
              "start_frame": 124,
              "endpoint_distance_deg": 5.35733568962705,
              "path_distance_deg": 6.06250381403252,
              "path_to_endpoint_ratio": 1.1316266452689958,
              "peak_velocity_deg": 1.7341627797090824
            },
            {
              "start_frame": 134,
              "endpoint_distance_deg": 5.485786119695371,
              "path_distance_deg": 5.698685251080929,
              "path_to_endpoint_ratio": 1.0388092292955418,
              "peak_velocity_deg": 1.4707557644260925
            },
            {
              "start_frame": 34,
              "endpoint_distance_deg": 4.410031378396543,
              "path_distance_deg": 4.990207235807927,
              "path_to_endpoint_ratio": 1.1315582152665618,
              "peak_velocity_deg": 1.3231072833014679
            },
            {
              "start_frame": 54,
              "endpoint_distance_deg": 4.385336003234636,
              "path_distance_deg": 4.909023365690976,
              "path_to_endpoint_ratio": 1.1194178421151917,
              "peak_velocity_deg": 1.317353682857104
            },
            {
              "start_frame": 164,
              "endpoint_distance_deg": 4.103455168257641,
              "path_distance_deg": 4.365885689577235,
              "path_to_endpoint_ratio": 1.063953549035854,
              "peak_velocity_deg": 1.1543890277838766
            },
            {
              "start_frame": 64,
              "endpoint_distance_deg": 3.302448536811799,
              "path_distance_deg": 4.251489564851433,
              "path_to_endpoint_ratio": 1.2873749635946916,
              "peak_velocity_deg": 1.2314005225307245
            },
            {
              "start_frame": 94,
              "endpoint_distance_deg": 1.9389734434447015,
              "path_distance_deg": 4.003963513098105,
              "path_to_endpoint_ratio": 2.0649914142118555,
              "peak_velocity_deg": 0.9261758599328064
            },
            {
              "start_frame": 184,
              "endpoint_distance_deg": 3.7948475676930515,
              "path_distance_deg": 3.998033432286222,
              "path_to_endpoint_ratio": 1.053542562901068,
              "peak_velocity_deg": 1.0712043534928988
            },
            {
              "start_frame": 84,
              "endpoint_distance_deg": 2.6760338144806113,
              "path_distance_deg": 3.8477173013903503,
              "path_to_endpoint_ratio": 1.4378433039857346,
              "peak_velocity_deg": 0.9445307520817572
            },
            {
              "start_frame": 44,
              "endpoint_distance_deg": 2.9377325330262276,
              "path_distance_deg": 3.8199893901976862,
              "path_to_endpoint_ratio": 1.3003189865833786,
              "peak_velocity_deg": 1.045402703160575
            },
            {
              "start_frame": 174,
              "endpoint_distance_deg": 3.3932294460428643,
              "path_distance_deg": 3.805033513766315,
              "path_to_endpoint_ratio": 1.121360513419949,
              "peak_velocity_deg": 1.1510700572687964
            },
            {
              "start_frame": 114,
              "endpoint_distance_deg": 2.9945466037907433,
              "path_distance_deg": 3.034293679483333,
              "path_to_endpoint_ratio": 1.013273153151891,
              "peak_velocity_deg": 0.8474486675580837
            },
            {
              "start_frame": 204,
              "endpoint_distance_deg": 1.8682733739560995,
              "path_distance_deg": 2.826395041384706,
              "path_to_endpoint_ratio": 1.5128380465005333,
              "peak_velocity_deg": 0.7622660418339277
            },
            {
              "start_frame": 104,
              "endpoint_distance_deg": 1.6527039475009198,
              "path_distance_deg": 2.8019325417579424,
              "path_to_endpoint_ratio": 1.6953626485825182,
              "peak_velocity_deg": 0.7387692861991245
            },
            {
              "start_frame": 214,
              "endpoint_distance_deg": 2.6933421936570565,
              "path_distance_deg": 2.7211889026212623,
              "path_to_endpoint_ratio": 1.0103390906026668,
              "peak_velocity_deg": 0.5125965292929915
            },
            {
              "start_frame": 144,
              "endpoint_distance_deg": 2.072210411206215,
              "path_distance_deg": 2.14064656977827,
              "path_to_endpoint_ratio": 1.0330256803083135,
              "peak_velocity_deg": 0.437827410196077
            },
            {
              "start_frame": 74,
              "endpoint_distance_deg": 1.71567720455435,
              "path_distance_deg": 1.7424618671989034,
              "path_to_endpoint_ratio": 1.0156117144725432,
              "peak_velocity_deg": 0.41945710003748493
            },
            {
              "start_frame": 154,
              "endpoint_distance_deg": 0.5254096768559338,
              "path_distance_deg": 1.4713278210691199,
              "path_to_endpoint_ratio": 2.800343971343632,
              "peak_velocity_deg": 0.5849494089602287
            },
            {
              "start_frame": 194,
              "endpoint_distance_deg": 1.2765382550963111,
              "path_distance_deg": 1.3039773975033273,
              "path_to_endpoint_ratio": 1.0214949628790764,
              "peak_velocity_deg": 0.32314453531512344
            }
          ],
          "boundary_blocks_by_peak": [
            {
              "start_frame": 124,
              "end_frame": 130,
              "entry_jump_deg": 0.19143333848929286,
              "path_distance_deg": 6.253937152521813,
              "endpoint_distance_deg": 5.5486522912270315,
              "path_to_endpoint_ratio": 1.1271092193702434,
              "peak_velocity_deg": 1.7341627797090824
            },
            {
              "start_frame": 134,
              "end_frame": 140,
              "entry_jump_deg": 0.46090031195208564,
              "path_distance_deg": 6.159585563033015,
              "endpoint_distance_deg": 5.048629682897678,
              "path_to_endpoint_ratio": 1.2200509742076586,
              "peak_velocity_deg": 1.4707557644260925
            },
            {
              "start_frame": 34,
              "end_frame": 40,
              "entry_jump_deg": 1.2920142135371402,
              "path_distance_deg": 6.282221449345067,
              "endpoint_distance_deg": 3.33198419444343,
              "path_to_endpoint_ratio": 1.885429546701208,
              "peak_velocity_deg": 1.3231072833014679
            },
            {
              "start_frame": 54,
              "end_frame": 60,
              "entry_jump_deg": 0.2474500545503217,
              "path_distance_deg": 5.156473420241297,
              "endpoint_distance_deg": 4.143191731359198,
              "path_to_endpoint_ratio": 1.2445654834683901,
              "peak_velocity_deg": 1.317353682857104
            },
            {
              "start_frame": 64,
              "end_frame": 70,
              "entry_jump_deg": 1.0356444211350677,
              "path_distance_deg": 5.2871339859865,
              "endpoint_distance_deg": 2.339575377478101,
              "path_to_endpoint_ratio": 2.2598690501203946,
              "peak_velocity_deg": 1.2314005225307245
            },
            {
              "start_frame": 164,
              "end_frame": 170,
              "entry_jump_deg": 0.49515729125445374,
              "path_distance_deg": 4.861042980831688,
              "endpoint_distance_deg": 3.629522429052222,
              "path_to_endpoint_ratio": 1.339306499919069,
              "peak_velocity_deg": 1.1543890277838766
            },
            {
              "start_frame": 174,
              "end_frame": 180,
              "entry_jump_deg": 0.5748997410809585,
              "path_distance_deg": 4.379933254847273,
              "endpoint_distance_deg": 3.210837282061845,
              "path_to_endpoint_ratio": 1.3641093802282909,
              "peak_velocity_deg": 1.1510700572687964
            },
            {
              "start_frame": 184,
              "end_frame": 190,
              "entry_jump_deg": 0.7971195290400848,
              "path_distance_deg": 4.795152961326306,
              "endpoint_distance_deg": 3.2880740218688507,
              "path_to_endpoint_ratio": 1.4583470230396072,
              "peak_velocity_deg": 1.0712043534928988
            },
            {
              "start_frame": 44,
              "end_frame": 50,
              "entry_jump_deg": 0.09171123050552973,
              "path_distance_deg": 3.911700620703216,
              "endpoint_distance_deg": 2.8796351617460956,
              "path_to_endpoint_ratio": 1.3584014644172206,
              "peak_velocity_deg": 1.045402703160575
            },
            {
              "start_frame": 84,
              "end_frame": 90,
              "entry_jump_deg": 0.5468602812434941,
              "path_distance_deg": 4.394577582633844,
              "endpoint_distance_deg": 2.328420279768523,
              "path_to_endpoint_ratio": 1.887364416474987,
              "peak_velocity_deg": 0.9445307520817572
            },
            {
              "start_frame": 94,
              "end_frame": 100,
              "entry_jump_deg": 0.789877675921573,
              "path_distance_deg": 4.793841189019679,
              "endpoint_distance_deg": 1.1594786615071542,
              "path_to_endpoint_ratio": 4.134479872866638,
              "peak_velocity_deg": 0.9261758599328064
            },
            {
              "start_frame": 114,
              "end_frame": 120,
              "entry_jump_deg": 0.5108945661143038,
              "path_distance_deg": 3.5451882455976373,
              "endpoint_distance_deg": 2.494150651598099,
              "path_to_endpoint_ratio": 1.4214010061204996,
              "peak_velocity_deg": 0.8474486675580837
            },
            {
              "start_frame": 204,
              "end_frame": 210,
              "entry_jump_deg": 0.3207320561470216,
              "path_distance_deg": 3.147127097531728,
              "endpoint_distance_deg": 1.73114819012085,
              "path_to_endpoint_ratio": 1.8179420545805667,
              "peak_velocity_deg": 0.7622660418339277
            },
            {
              "start_frame": 104,
              "end_frame": 110,
              "entry_jump_deg": 0.17298528226472376,
              "path_distance_deg": 2.9749178240226657,
              "endpoint_distance_deg": 1.620158140072455,
              "path_to_endpoint_ratio": 1.8361897832329037,
              "peak_velocity_deg": 0.7387692861991245
            },
            {
              "start_frame": 154,
              "end_frame": 160,
              "entry_jump_deg": 0.4594351398739267,
              "path_distance_deg": 1.9307629609430466,
              "endpoint_distance_deg": 0.7398109611203038,
              "path_to_endpoint_ratio": 2.609805832045623,
              "peak_velocity_deg": 0.5849494089602287
            },
            {
              "start_frame": 214,
              "end_frame": 220,
              "entry_jump_deg": 0.32699062246610056,
              "path_distance_deg": 3.048179525087363,
              "endpoint_distance_deg": 2.937454110586497,
              "path_to_endpoint_ratio": 1.0376943469863291,
              "peak_velocity_deg": 0.5125965292929915
            },
            {
              "start_frame": 144,
              "end_frame": 150,
              "entry_jump_deg": 0.40492240763101334,
              "path_distance_deg": 2.5455689774092836,
              "endpoint_distance_deg": 2.2098822582188373,
              "path_to_endpoint_ratio": 1.1519025359572819,
              "peak_velocity_deg": 0.437827410196077
            },
            {
              "start_frame": 74,
              "end_frame": 80,
              "entry_jump_deg": 0.3988762404306685,
              "path_distance_deg": 2.141338107629572,
              "endpoint_distance_deg": 2.04276138487942,
              "path_to_endpoint_ratio": 1.0482566018135158,
              "peak_velocity_deg": 0.41945710003748493
            },
            {
              "start_frame": 194,
              "end_frame": 200,
              "entry_jump_deg": 0.24676450243545972,
              "path_distance_deg": 1.5507418999387872,
              "endpoint_distance_deg": 1.1672644948976538,
              "path_to_endpoint_ratio": 1.32852657364067,
              "peak_velocity_deg": 0.32314453531512344
            }
          ]
        },
        "ground_truth": {
          "order": "XYZ",
          "excursion_p90_deg": 3.619539734357517,
          "excursion_max_deg": 7.405321205307789,
          "velocity_rms_deg_per_frame": 0.5954489759704725,
          "velocity_p95_deg_per_frame": 1.0428342241674629,
          "velocity_max_deg_per_frame": 2.4045502035198476,
          "euler_axis_step_p95_deg": [
            2.999999992425728e-06,
            0.7586210000000075,
            0.8724682000000115
          ],
          "top_velocity_transitions": [
            {
              "from_frame": 192,
              "to_frame": 193,
              "velocity_deg": 2.4045502035198476,
              "new_block_offset": 9,
              "inside_release_blend": false
            },
            {
              "from_frame": 191,
              "to_frame": 192,
              "velocity_deg": 2.3372990951882384,
              "new_block_offset": 8,
              "inside_release_blend": false
            },
            {
              "from_frame": 186,
              "to_frame": 187,
              "velocity_deg": 1.7939334104877085,
              "new_block_offset": 3,
              "inside_release_blend": true
            },
            {
              "from_frame": 193,
              "to_frame": 194,
              "velocity_deg": 1.476856757667957,
              "new_block_offset": 0,
              "inside_release_blend": true
            },
            {
              "from_frame": 205,
              "to_frame": 206,
              "velocity_deg": 1.4726873863627308,
              "new_block_offset": 2,
              "inside_release_blend": true
            },
            {
              "from_frame": 35,
              "to_frame": 36,
              "velocity_deg": 1.2790135260948614,
              "new_block_offset": 2,
              "inside_release_blend": true
            },
            {
              "from_frame": 174,
              "to_frame": 175,
              "velocity_deg": 1.2436169411709688,
              "new_block_offset": 1,
              "inside_release_blend": true
            },
            {
              "from_frame": 213,
              "to_frame": 214,
              "velocity_deg": 1.2116513166873562,
              "new_block_offset": 0,
              "inside_release_blend": true
            },
            {
              "from_frame": 187,
              "to_frame": 188,
              "velocity_deg": 1.1773900625734766,
              "new_block_offset": 4,
              "inside_release_blend": true
            },
            {
              "from_frame": 15,
              "to_frame": 16,
              "velocity_deg": 1.1121330584636036,
              "new_block_offset": null,
              "inside_release_blend": false
            },
            {
              "from_frame": 190,
              "to_frame": 191,
              "velocity_deg": 1.0881397840352631,
              "new_block_offset": 7,
              "inside_release_blend": false
            },
            {
              "from_frame": 68,
              "to_frame": 69,
              "velocity_deg": 1.0479169109300337,
              "new_block_offset": 5,
              "inside_release_blend": false
            }
          ],
          "release_blend_blocks_by_path": [
            {
              "start_frame": 204,
              "endpoint_distance_deg": 4.4751196935143405,
              "path_distance_deg": 5.100300955801118,
              "path_to_endpoint_ratio": 1.139701573388715,
              "peak_velocity_deg": 1.4726873863627308
            },
            {
              "start_frame": 184,
              "endpoint_distance_deg": 4.080482876743639,
              "path_distance_deg": 4.418383968234058,
              "path_to_endpoint_ratio": 1.0828090943393627,
              "peak_velocity_deg": 1.7939334104877085
            },
            {
              "start_frame": 64,
              "endpoint_distance_deg": 2.633618732013382,
              "path_distance_deg": 4.074753222408317,
              "path_to_endpoint_ratio": 1.5472069562981876,
              "peak_velocity_deg": 1.0479169109300337
            },
            {
              "start_frame": 194,
              "endpoint_distance_deg": 2.335909916251124,
              "path_distance_deg": 3.456525508145744,
              "path_to_endpoint_ratio": 1.4797340788265858,
              "peak_velocity_deg": 0.9570463343921616
            },
            {
              "start_frame": 124,
              "endpoint_distance_deg": 2.5631289536999042,
              "path_distance_deg": 3.228107954378078,
              "path_to_endpoint_ratio": 1.2594403218450128,
              "peak_velocity_deg": 0.7919847106660384
            },
            {
              "start_frame": 164,
              "endpoint_distance_deg": 0.5184113948815431,
              "path_distance_deg": 2.9097562044008023,
              "path_to_endpoint_ratio": 5.612832266284736,
              "peak_velocity_deg": 0.7913117082928008
            },
            {
              "start_frame": 54,
              "endpoint_distance_deg": 1.546069275142421,
              "path_distance_deg": 2.7755477337071373,
              "path_to_endpoint_ratio": 1.7952285698527053,
              "peak_velocity_deg": 0.9156582876300378
            },
            {
              "start_frame": 174,
              "endpoint_distance_deg": 2.1862211548199664,
              "path_distance_deg": 2.7529705219607083,
              "path_to_endpoint_ratio": 1.2592369787892814,
              "peak_velocity_deg": 1.2436169411709688
            },
            {
              "start_frame": 154,
              "endpoint_distance_deg": 2.4140433752334056,
              "path_distance_deg": 2.746788158622935,
              "path_to_endpoint_ratio": 1.1378371187540726,
              "peak_velocity_deg": 0.997090043304337
            },
            {
              "start_frame": 34,
              "endpoint_distance_deg": 1.6583812804327713,
              "path_distance_deg": 2.6360231161421894,
              "path_to_endpoint_ratio": 1.5895157206877617,
              "peak_velocity_deg": 1.2790135260948614
            },
            {
              "start_frame": 94,
              "endpoint_distance_deg": 1.945568067458039,
              "path_distance_deg": 2.566599677449508,
              "path_to_endpoint_ratio": 1.3192032293184537,
              "peak_velocity_deg": 0.6128433014262704
            },
            {
              "start_frame": 214,
              "endpoint_distance_deg": 1.6420230059216083,
              "path_distance_deg": 2.4309549038300236,
              "path_to_endpoint_ratio": 1.4804633644372212,
              "peak_velocity_deg": 0.6973604102831333
            },
            {
              "start_frame": 134,
              "endpoint_distance_deg": 1.1259457358409137,
              "path_distance_deg": 2.275471463002434,
              "path_to_endpoint_ratio": 2.0209423869819054,
              "peak_velocity_deg": 0.6959614281569242
            },
            {
              "start_frame": 84,
              "endpoint_distance_deg": 0.4337426109102752,
              "path_distance_deg": 1.8805205856761633,
              "path_to_endpoint_ratio": 4.335568003636081,
              "peak_velocity_deg": 0.631139623229017
            },
            {
              "start_frame": 74,
              "endpoint_distance_deg": 0.17870198779555133,
              "path_distance_deg": 1.8158906623429112,
              "path_to_endpoint_ratio": 10.16155827220248,
              "peak_velocity_deg": 0.5090837955572304
            },
            {
              "start_frame": 144,
              "endpoint_distance_deg": 0.9381424542775143,
              "path_distance_deg": 1.5249126468628953,
              "path_to_endpoint_ratio": 1.625459587624426,
              "peak_velocity_deg": 0.5400474073948166
            },
            {
              "start_frame": 44,
              "endpoint_distance_deg": 0.9937056666702834,
              "path_distance_deg": 1.4855971757218784,
              "path_to_endpoint_ratio": 1.4950072496817182,
              "peak_velocity_deg": 0.5367340819112851
            },
            {
              "start_frame": 114,
              "endpoint_distance_deg": 0.4132813299168891,
              "path_distance_deg": 1.4523814566587476,
              "path_to_endpoint_ratio": 3.5142682514857895,
              "peak_velocity_deg": 0.46473479763389436
            },
            {
              "start_frame": 104,
              "endpoint_distance_deg": 0.6441523391140174,
              "path_distance_deg": 1.3579214583497183,
              "path_to_endpoint_ratio": 2.1080750249505207,
              "peak_velocity_deg": 0.44348270946757284
            }
          ],
          "boundary_blocks_by_peak": [
            {
              "start_frame": 184,
              "end_frame": 190,
              "entry_jump_deg": 0.19269092871055823,
              "path_distance_deg": 4.611074896944616,
              "endpoint_distance_deg": 4.187181294753565,
              "path_to_endpoint_ratio": 1.1012360278553448,
              "peak_velocity_deg": 1.7939334104877085
            },
            {
              "start_frame": 194,
              "end_frame": 200,
              "entry_jump_deg": 1.476856757667957,
              "path_distance_deg": 4.933382265813702,
              "endpoint_distance_deg": 0.8606658639410435,
              "path_to_endpoint_ratio": 5.732052905204619,
              "peak_velocity_deg": 1.476856757667957
            },
            {
              "start_frame": 204,
              "end_frame": 210,
              "entry_jump_deg": 0.9092556239507934,
              "path_distance_deg": 6.009556579751911,
              "endpoint_distance_deg": 5.304497052705093,
              "path_to_endpoint_ratio": 1.1329173190297588,
              "peak_velocity_deg": 1.4726873863627308
            },
            {
              "start_frame": 34,
              "end_frame": 40,
              "entry_jump_deg": 0.4824269952268247,
              "path_distance_deg": 3.118450111369014,
              "endpoint_distance_deg": 2.0357340521199534,
              "path_to_endpoint_ratio": 1.531855356116656,
              "peak_velocity_deg": 1.2790135260948614
            },
            {
              "start_frame": 174,
              "end_frame": 180,
              "entry_jump_deg": 0.6490511274495138,
              "path_distance_deg": 3.402021649410222,
              "endpoint_distance_deg": 2.8150234739736844,
              "path_to_endpoint_ratio": 1.208523367873708,
              "peak_velocity_deg": 1.2436169411709688
            },
            {
              "start_frame": 214,
              "end_frame": 220,
              "entry_jump_deg": 1.2116513166873562,
              "path_distance_deg": 3.6426062205173797,
              "endpoint_distance_deg": 0.4304133937506851,
              "path_to_endpoint_ratio": 8.463041051708865,
              "peak_velocity_deg": 1.2116513166873562
            },
            {
              "start_frame": 64,
              "end_frame": 70,
              "entry_jump_deg": 0.575324121166089,
              "path_distance_deg": 4.650077343574406,
              "endpoint_distance_deg": 2.1050609519753354,
              "path_to_endpoint_ratio": 2.2089989077090104,
              "peak_velocity_deg": 1.0479169109300337
            },
            {
              "start_frame": 154,
              "end_frame": 160,
              "entry_jump_deg": 0.21462917880954396,
              "path_distance_deg": 2.9614173374324784,
              "endpoint_distance_deg": 2.3581771596095793,
              "path_to_endpoint_ratio": 1.2558078282476333,
              "peak_velocity_deg": 0.997090043304337
            },
            {
              "start_frame": 54,
              "end_frame": 60,
              "entry_jump_deg": 0.7397826624309624,
              "path_distance_deg": 3.5153303961380997,
              "endpoint_distance_deg": 1.785471542343811,
              "path_to_endpoint_ratio": 1.9688526603585523,
              "peak_velocity_deg": 0.9156582876300378
            },
            {
              "start_frame": 134,
              "end_frame": 140,
              "entry_jump_deg": 0.887405748409174,
              "path_distance_deg": 3.1628772114116077,
              "endpoint_distance_deg": 0.6083427130545382,
              "path_to_endpoint_ratio": 5.199170045993555,
              "peak_velocity_deg": 0.887405748409174
            },
            {
              "start_frame": 84,
              "end_frame": 90,
              "entry_jump_deg": 0.8392763725690754,
              "path_distance_deg": 2.7197969582452393,
              "endpoint_distance_deg": 1.2438517937466083,
              "path_to_endpoint_ratio": 2.186592463763656,
              "peak_velocity_deg": 0.8392763725690754
            },
            {
              "start_frame": 124,
              "end_frame": 130,
              "entry_jump_deg": 0.6455500281789227,
              "path_distance_deg": 3.873657982557001,
              "endpoint_distance_deg": 1.9497322744714685,
              "path_to_endpoint_ratio": 1.9867640461596545,
              "peak_velocity_deg": 0.7919847106660384
            },
            {
              "start_frame": 164,
              "end_frame": 170,
              "entry_jump_deg": 0.4037128253850275,
              "path_distance_deg": 3.31346902978583,
              "endpoint_distance_deg": 0.3698347031651447,
              "path_to_endpoint_ratio": 8.959324264132793,
              "peak_velocity_deg": 0.7913117082928008
            },
            {
              "start_frame": 94,
              "end_frame": 100,
              "entry_jump_deg": 0.6606723732351886,
              "path_distance_deg": 3.2272720506846966,
              "endpoint_distance_deg": 1.4948462622014145,
              "path_to_endpoint_ratio": 2.1589324148504687,
              "peak_velocity_deg": 0.6606723732351886
            },
            {
              "start_frame": 114,
              "end_frame": 120,
              "entry_jump_deg": 0.5437928340307252,
              "path_distance_deg": 1.996174290689473,
              "endpoint_distance_deg": 0.9205134151916584,
              "path_to_endpoint_ratio": 2.168544485876779,
              "peak_velocity_deg": 0.5437928340307252
            },
            {
              "start_frame": 144,
              "end_frame": 150,
              "entry_jump_deg": 0.17643056002722504,
              "path_distance_deg": 1.7013432068901202,
              "endpoint_distance_deg": 0.7622232573596581,
              "path_to_endpoint_ratio": 2.232079893210782,
              "peak_velocity_deg": 0.5400474073948166
            },
            {
              "start_frame": 44,
              "end_frame": 50,
              "entry_jump_deg": 0.13071470678309666,
              "path_distance_deg": 1.6163118825049752,
              "endpoint_distance_deg": 0.8729529359804462,
              "path_to_endpoint_ratio": 1.851545273388232,
              "peak_velocity_deg": 0.5367340819112851
            },
            {
              "start_frame": 74,
              "end_frame": 80,
              "entry_jump_deg": 0.3795811434803147,
              "path_distance_deg": 2.195471805823226,
              "endpoint_distance_deg": 0.5525712607210381,
              "path_to_endpoint_ratio": 3.9731921688406358,
              "peak_velocity_deg": 0.5090837955572304
            },
            {
              "start_frame": 104,
              "end_frame": 110,
              "entry_jump_deg": 0.29135466172721014,
              "path_distance_deg": 1.6492761200769286,
              "endpoint_distance_deg": 0.7746668238417075,
              "path_to_endpoint_ratio": 2.1290134924042334,
              "peak_velocity_deg": 0.44348270946757284
            }
          ]
        },
        "ratios": {
          "excursion_p90": 0.7570616189734692,
          "velocity_rms": 1.0640065524722435,
          "velocity_p95": 1.1773295521637779
        }
      },
      "LeftArm": {
        "prediction": {
          "order": "XYZ",
          "excursion_p90_deg": 28.547320344300292,
          "excursion_max_deg": 37.15246407128731,
          "velocity_rms_deg_per_frame": 4.628952728807745,
          "velocity_p95_deg_per_frame": 8.940245778017996,
          "velocity_max_deg_per_frame": 12.894420818225294,
          "euler_axis_step_p95_deg": [
            6.817719400000003,
            6.583633499999985,
            3.9122265999999866
          ],
          "top_velocity_transitions": [
            {
              "from_frame": 138,
              "to_frame": 139,
              "velocity_deg": 12.894420818225294,
              "new_block_offset": 5,
              "inside_release_blend": false
            },
            {
              "from_frame": 75,
              "to_frame": 76,
              "velocity_deg": 11.713038881252357,
              "new_block_offset": 2,
              "inside_release_blend": true
            },
            {
              "from_frame": 146,
              "to_frame": 147,
              "velocity_deg": 11.598982155121785,
              "new_block_offset": 3,
              "inside_release_blend": true
            },
            {
              "from_frame": 145,
              "to_frame": 146,
              "velocity_deg": 11.032263166495582,
              "new_block_offset": 2,
              "inside_release_blend": true
            },
            {
              "from_frame": 76,
              "to_frame": 77,
              "velocity_deg": 10.663996034369172,
              "new_block_offset": 3,
              "inside_release_blend": true
            },
            {
              "from_frame": 60,
              "to_frame": 61,
              "velocity_deg": 9.671480541664975,
              "new_block_offset": 7,
              "inside_release_blend": false
            },
            {
              "from_frame": 175,
              "to_frame": 176,
              "velocity_deg": 9.578247052455918,
              "new_block_offset": 2,
              "inside_release_blend": true
            },
            {
              "from_frame": 176,
              "to_frame": 177,
              "velocity_deg": 9.578243760042223,
              "new_block_offset": 3,
              "inside_release_blend": true
            },
            {
              "from_frame": 55,
              "to_frame": 56,
              "velocity_deg": 9.20794742660261,
              "new_block_offset": 2,
              "inside_release_blend": true
            },
            {
              "from_frame": 56,
              "to_frame": 57,
              "velocity_deg": 9.20794696633671,
              "new_block_offset": 3,
              "inside_release_blend": true
            },
            {
              "from_frame": 16,
              "to_frame": 17,
              "velocity_deg": 9.052552882316142,
              "new_block_offset": null,
              "inside_release_blend": false
            },
            {
              "from_frame": 137,
              "to_frame": 138,
              "velocity_deg": 8.95814616989326,
              "new_block_offset": 4,
              "inside_release_blend": true
            }
          ],
          "release_blend_blocks_by_path": [
            {
              "start_frame": 144,
              "endpoint_distance_deg": 40.004372300039044,
              "path_distance_deg": 44.97849455154203,
              "path_to_endpoint_ratio": 1.1243394650513772,
              "peak_velocity_deg": 11.598982155121785
            },
            {
              "start_frame": 74,
              "endpoint_distance_deg": 32.56661014802226,
              "path_distance_deg": 41.64975266863909,
              "path_to_endpoint_ratio": 1.2789096709584447,
              "peak_velocity_deg": 11.713038881252357
            },
            {
              "start_frame": 134,
              "endpoint_distance_deg": 38.12783087026134,
              "path_distance_deg": 40.99702705791953,
              "path_to_endpoint_ratio": 1.075252017284206,
              "peak_velocity_deg": 12.894420818225294
            },
            {
              "start_frame": 54,
              "endpoint_distance_deg": 23.127166807886777,
              "path_distance_deg": 37.22528585906629,
              "path_to_endpoint_ratio": 1.6095912728217017,
              "peak_velocity_deg": 9.20794742660261
            },
            {
              "start_frame": 64,
              "endpoint_distance_deg": 32.06233736979026,
              "path_distance_deg": 33.24331671575515,
              "path_to_endpoint_ratio": 1.0368338506436412,
              "peak_velocity_deg": 7.612601237590524
            },
            {
              "start_frame": 94,
              "endpoint_distance_deg": 16.868402952580993,
              "path_distance_deg": 32.299649288844776,
              "path_to_endpoint_ratio": 1.9148018564438363,
              "peak_velocity_deg": 7.162339847286203
            },
            {
              "start_frame": 174,
              "endpoint_distance_deg": 26.40601474269456,
              "path_distance_deg": 31.054629841357066,
              "path_to_endpoint_ratio": 1.1760437969894182,
              "peak_velocity_deg": 9.578247052455918
            },
            {
              "start_frame": 154,
              "endpoint_distance_deg": 18.122226401389504,
              "path_distance_deg": 29.012614264127773,
              "path_to_endpoint_ratio": 1.6009409451977301,
              "peak_velocity_deg": 7.06008751158354
            },
            {
              "start_frame": 104,
              "endpoint_distance_deg": 23.249674438067405,
              "path_distance_deg": 27.909252484547263,
              "path_to_endpoint_ratio": 1.2004147653289539,
              "peak_velocity_deg": 8.319098184754479
            },
            {
              "start_frame": 84,
              "endpoint_distance_deg": 15.914552964689648,
              "path_distance_deg": 27.361766745483482,
              "path_to_endpoint_ratio": 1.719292197914217,
              "peak_velocity_deg": 7.270763616653877
            },
            {
              "start_frame": 124,
              "endpoint_distance_deg": 22.08167834370921,
              "path_distance_deg": 26.34304067895242,
              "path_to_endpoint_ratio": 1.1929818136517334,
              "peak_velocity_deg": 8.08654832583859
            },
            {
              "start_frame": 164,
              "endpoint_distance_deg": 22.821881178482418,
              "path_distance_deg": 24.983876115863627,
              "path_to_endpoint_ratio": 1.0947334236153874,
              "peak_velocity_deg": 6.431664862641049
            },
            {
              "start_frame": 44,
              "endpoint_distance_deg": 16.943019033314613,
              "path_distance_deg": 18.453687561120535,
              "path_to_endpoint_ratio": 1.0891617087152847,
              "peak_velocity_deg": 4.023092793424915
            },
            {
              "start_frame": 184,
              "endpoint_distance_deg": 12.469455495813145,
              "path_distance_deg": 17.23140884242564,
              "path_to_endpoint_ratio": 1.3818894376110817,
              "peak_velocity_deg": 4.136452509779861
            },
            {
              "start_frame": 194,
              "endpoint_distance_deg": 12.423379410748485,
              "path_distance_deg": 13.440571615239161,
              "path_to_endpoint_ratio": 1.08187725504146,
              "peak_velocity_deg": 3.9212257457474644
            },
            {
              "start_frame": 34,
              "endpoint_distance_deg": 7.219594992044887,
              "path_distance_deg": 11.330101273394412,
              "path_to_endpoint_ratio": 1.5693541377153153,
              "peak_velocity_deg": 4.58263760132508
            },
            {
              "start_frame": 204,
              "endpoint_distance_deg": 5.692046982223792,
              "path_distance_deg": 11.099801700628554,
              "path_to_endpoint_ratio": 1.950054476938284,
              "peak_velocity_deg": 3.8106771674271056
            },
            {
              "start_frame": 214,
              "endpoint_distance_deg": 6.850319636160351,
              "path_distance_deg": 9.32016300335957,
              "path_to_endpoint_ratio": 1.3605442517107977,
              "peak_velocity_deg": 3.507145563695854
            },
            {
              "start_frame": 114,
              "endpoint_distance_deg": 5.407246929078913,
              "path_distance_deg": 6.770175893297408,
              "path_to_endpoint_ratio": 1.252055987472845,
              "peak_velocity_deg": 3.365380417782638
            }
          ],
          "boundary_blocks_by_peak": [
            {
              "start_frame": 134,
              "end_frame": 140,
              "entry_jump_deg": 2.228665086218253,
              "path_distance_deg": 43.22569214413779,
              "endpoint_distance_deg": 37.267395166606626,
              "path_to_endpoint_ratio": 1.159879619997431,
              "peak_velocity_deg": 12.894420818225294
            },
            {
              "start_frame": 74,
              "end_frame": 80,
              "entry_jump_deg": 6.826498794369096,
              "path_distance_deg": 48.47625146300818,
              "endpoint_distance_deg": 36.36065741189459,
              "path_to_endpoint_ratio": 1.3332061330428597,
              "peak_velocity_deg": 11.713038881252357
            },
            {
              "start_frame": 144,
              "end_frame": 150,
              "entry_jump_deg": 4.394012737212894,
              "path_distance_deg": 49.372507288754925,
              "endpoint_distance_deg": 37.14573588192208,
              "path_to_endpoint_ratio": 1.3291567959697714,
              "peak_velocity_deg": 11.598982155121785
            },
            {
              "start_frame": 174,
              "end_frame": 180,
              "entry_jump_deg": 1.8858159253813718,
              "path_distance_deg": 32.940445766738435,
              "endpoint_distance_deg": 24.598542057186226,
              "path_to_endpoint_ratio": 1.3391218751972824,
              "peak_velocity_deg": 9.578247052455918
            },
            {
              "start_frame": 54,
              "end_frame": 60,
              "entry_jump_deg": 0.9792260711413526,
              "path_distance_deg": 38.204511930207644,
              "endpoint_distance_deg": 22.259333113417895,
              "path_to_endpoint_ratio": 1.7163367714362483,
              "peak_velocity_deg": 9.20794742660261
            },
            {
              "start_frame": 104,
              "end_frame": 110,
              "entry_jump_deg": 5.3055005344563435,
              "path_distance_deg": 33.21475301900361,
              "endpoint_distance_deg": 28.391120785592584,
              "path_to_endpoint_ratio": 1.1698993241527413,
              "peak_velocity_deg": 8.319098184754479
            },
            {
              "start_frame": 44,
              "end_frame": 50,
              "entry_jump_deg": 8.108577422449608,
              "path_distance_deg": 26.56226498357014,
              "endpoint_distance_deg": 20.44931426961841,
              "path_to_endpoint_ratio": 1.29893181909937,
              "peak_velocity_deg": 8.108577422449608
            },
            {
              "start_frame": 124,
              "end_frame": 130,
              "entry_jump_deg": 1.5663672402135764,
              "path_distance_deg": 27.909407919166,
              "endpoint_distance_deg": 23.292016925902896,
              "path_to_endpoint_ratio": 1.198239208221085,
              "peak_velocity_deg": 8.08654832583859
            },
            {
              "start_frame": 64,
              "end_frame": 70,
              "entry_jump_deg": 2.2311161893938665,
              "path_distance_deg": 35.474432905149015,
              "endpoint_distance_deg": 30.74205242086981,
              "path_to_endpoint_ratio": 1.1539383389076046,
              "peak_velocity_deg": 7.612601237590524
            },
            {
              "start_frame": 84,
              "end_frame": 90,
              "entry_jump_deg": 5.586281744629243,
              "path_distance_deg": 32.948048490112726,
              "endpoint_distance_deg": 14.233041358990663,
              "path_to_endpoint_ratio": 2.314898668463452,
              "peak_velocity_deg": 7.270763616653877
            },
            {
              "start_frame": 94,
              "end_frame": 100,
              "entry_jump_deg": 4.228336675957193,
              "path_distance_deg": 36.52798596480197,
              "endpoint_distance_deg": 15.746847894045143,
              "path_to_endpoint_ratio": 2.3197014545759003,
              "peak_velocity_deg": 7.162339847286203
            },
            {
              "start_frame": 154,
              "end_frame": 160,
              "entry_jump_deg": 5.311827923823848,
              "path_distance_deg": 34.32444218795162,
              "endpoint_distance_deg": 13.898290421952991,
              "path_to_endpoint_ratio": 2.4696880800342593,
              "peak_velocity_deg": 7.06008751158354
            },
            {
              "start_frame": 164,
              "end_frame": 170,
              "entry_jump_deg": 2.248921059194802,
              "path_distance_deg": 27.232797175058433,
              "endpoint_distance_deg": 20.579403419122038,
              "path_to_endpoint_ratio": 1.3233035292827864,
              "peak_velocity_deg": 6.431664862641049
            },
            {
              "start_frame": 214,
              "end_frame": 220,
              "entry_jump_deg": 5.934598430665851,
              "path_distance_deg": 15.25476143402542,
              "endpoint_distance_deg": 10.421036892352335,
              "path_to_endpoint_ratio": 1.4638429545547815,
              "peak_velocity_deg": 5.934598430665851
            },
            {
              "start_frame": 34,
              "end_frame": 40,
              "entry_jump_deg": 2.3686432285643555,
              "path_distance_deg": 13.698744501958767,
              "endpoint_distance_deg": 7.927783652199948,
              "path_to_endpoint_ratio": 1.7279412636541092,
              "peak_velocity_deg": 4.58263760132508
            },
            {
              "start_frame": 184,
              "end_frame": 190,
              "entry_jump_deg": 2.6620823406885927,
              "path_distance_deg": 19.893491183114232,
              "endpoint_distance_deg": 11.909831441429345,
              "path_to_endpoint_ratio": 1.6703419591576298,
              "peak_velocity_deg": 4.136452509779861
            },
            {
              "start_frame": 194,
              "end_frame": 200,
              "entry_jump_deg": 1.747854838035532,
              "path_distance_deg": 15.188426453274694,
              "endpoint_distance_deg": 11.027789587487531,
              "path_to_endpoint_ratio": 1.3772865661590017,
              "peak_velocity_deg": 3.9212257457474644
            },
            {
              "start_frame": 204,
              "end_frame": 210,
              "entry_jump_deg": 0.8222137965319134,
              "path_distance_deg": 11.922015497160466,
              "endpoint_distance_deg": 6.044076167162576,
              "path_to_endpoint_ratio": 1.9725124514367793,
              "peak_velocity_deg": 3.8106771674271056
            },
            {
              "start_frame": 114,
              "end_frame": 120,
              "entry_jump_deg": 1.8999545730085619,
              "path_distance_deg": 8.67013046630597,
              "endpoint_distance_deg": 6.244008900152205,
              "path_to_endpoint_ratio": 1.388551907108048,
              "peak_velocity_deg": 3.365380417782638
            }
          ]
        },
        "ground_truth": {
          "order": "XYZ",
          "excursion_p90_deg": 40.092011743751954,
          "excursion_max_deg": 46.04694368460232,
          "velocity_rms_deg_per_frame": 5.2017454489178085,
          "velocity_p95_deg_per_frame": 11.405435007856713,
          "velocity_max_deg_per_frame": 19.573502396729637,
          "euler_axis_step_p95_deg": [
            5.990579400000002,
            6.8495198000000075,
            8.31029139999999
          ],
          "top_velocity_transitions": [
            {
              "from_frame": 212,
              "to_frame": 213,
              "velocity_deg": 19.573502396729637,
              "new_block_offset": 9,
              "inside_release_blend": false
            },
            {
              "from_frame": 191,
              "to_frame": 192,
              "velocity_deg": 17.951522129806147,
              "new_block_offset": 8,
              "inside_release_blend": false
            },
            {
              "from_frame": 125,
              "to_frame": 126,
              "velocity_deg": 17.537295301652907,
              "new_block_offset": 2,
              "inside_release_blend": true
            },
            {
              "from_frame": 216,
              "to_frame": 217,
              "velocity_deg": 16.055611933401764,
              "new_block_offset": 3,
              "inside_release_blend": true
            },
            {
              "from_frame": 192,
              "to_frame": 193,
              "velocity_deg": 16.047018409517303,
              "new_block_offset": 9,
              "inside_release_blend": false
            },
            {
              "from_frame": 126,
              "to_frame": 127,
              "velocity_deg": 13.164186510912693,
              "new_block_offset": 3,
              "inside_release_blend": true
            },
            {
              "from_frame": 190,
              "to_frame": 191,
              "velocity_deg": 12.80511287553559,
              "new_block_offset": 7,
              "inside_release_blend": false
            },
            {
              "from_frame": 215,
              "to_frame": 216,
              "velocity_deg": 12.265682749100215,
              "new_block_offset": 2,
              "inside_release_blend": true
            },
            {
              "from_frame": 202,
              "to_frame": 203,
              "velocity_deg": 11.918766367702439,
              "new_block_offset": 9,
              "inside_release_blend": false
            },
            {
              "from_frame": 60,
              "to_frame": 61,
              "velocity_deg": 11.917300459956486,
              "new_block_offset": 7,
              "inside_release_blend": false
            },
            {
              "from_frame": 203,
              "to_frame": 204,
              "velocity_deg": 11.876173864969012,
              "new_block_offset": 0,
              "inside_release_blend": true
            },
            {
              "from_frame": 217,
              "to_frame": 218,
              "velocity_deg": 11.444289701762262,
              "new_block_offset": 4,
              "inside_release_blend": true
            }
          ],
          "release_blend_blocks_by_path": [
            {
              "start_frame": 124,
              "endpoint_distance_deg": 47.76061286455258,
              "path_distance_deg": 49.44079380758237,
              "path_to_endpoint_ratio": 1.035179216560615,
              "peak_velocity_deg": 17.537295301652907
            },
            {
              "start_frame": 214,
              "endpoint_distance_deg": 40.08369011780268,
              "path_distance_deg": 48.74331049553427,
              "path_to_endpoint_ratio": 1.2160385022507076,
              "peak_velocity_deg": 16.055611933401764
            },
            {
              "start_frame": 204,
              "endpoint_distance_deg": 31.61621411492969,
              "path_distance_deg": 39.56555027840171,
              "path_to_endpoint_ratio": 1.2514322598706786,
              "peak_velocity_deg": 8.592477077865484
            },
            {
              "start_frame": 164,
              "endpoint_distance_deg": 16.32093088762901,
              "path_distance_deg": 37.69038308694,
              "path_to_endpoint_ratio": 2.30932802463545,
              "peak_velocity_deg": 11.055742762706858
            },
            {
              "start_frame": 184,
              "endpoint_distance_deg": 22.614555971857936,
              "path_distance_deg": 28.566501770848483,
              "path_to_endpoint_ratio": 1.263190920325709,
              "peak_velocity_deg": 7.124238940911877
            },
            {
              "start_frame": 174,
              "endpoint_distance_deg": 21.37577047394408,
              "path_distance_deg": 26.54601333959426,
              "path_to_endpoint_ratio": 1.2418739886804282,
              "peak_velocity_deg": 6.724963212862286
            },
            {
              "start_frame": 64,
              "endpoint_distance_deg": 14.558798926588908,
              "path_distance_deg": 24.83503536846625,
              "path_to_endpoint_ratio": 1.705843695877256,
              "peak_velocity_deg": 6.609661709951918
            },
            {
              "start_frame": 94,
              "endpoint_distance_deg": 9.082021768164486,
              "path_distance_deg": 23.859263875578712,
              "path_to_endpoint_ratio": 2.6270872812938397,
              "peak_velocity_deg": 5.281805391873085
            },
            {
              "start_frame": 54,
              "endpoint_distance_deg": 14.803801303752243,
              "path_distance_deg": 23.36977450293024,
              "path_to_endpoint_ratio": 1.5786333539215245,
              "peak_velocity_deg": 7.700801211638037
            },
            {
              "start_frame": 194,
              "endpoint_distance_deg": 15.98189523912174,
              "path_distance_deg": 22.449690329717583,
              "path_to_endpoint_ratio": 1.404695124941344,
              "peak_velocity_deg": 5.263682038852852
            },
            {
              "start_frame": 34,
              "endpoint_distance_deg": 7.729681403208579,
              "path_distance_deg": 15.425244606084583,
              "path_to_endpoint_ratio": 1.9955860793540063,
              "peak_velocity_deg": 3.605472804021388
            },
            {
              "start_frame": 154,
              "endpoint_distance_deg": 7.516904322038518,
              "path_distance_deg": 14.564535198185542,
              "path_to_endpoint_ratio": 1.9375709167249011,
              "peak_velocity_deg": 4.355583998551986
            },
            {
              "start_frame": 104,
              "endpoint_distance_deg": 13.273870311908112,
              "path_distance_deg": 13.776974424784086,
              "path_to_endpoint_ratio": 1.0379018403113849,
              "peak_velocity_deg": 3.4976405097544907
            },
            {
              "start_frame": 134,
              "endpoint_distance_deg": 11.394063158728017,
              "path_distance_deg": 13.068982446298001,
              "path_to_endpoint_ratio": 1.1469992981640595,
              "peak_velocity_deg": 4.217758768569857
            },
            {
              "start_frame": 44,
              "endpoint_distance_deg": 11.322521387929678,
              "path_distance_deg": 12.793669802687067,
              "path_to_endpoint_ratio": 1.1299311667740102,
              "peak_velocity_deg": 4.2020486154625845
            },
            {
              "start_frame": 114,
              "endpoint_distance_deg": 1.9481392925239343,
              "path_distance_deg": 12.090392783622505,
              "path_to_endpoint_ratio": 6.2061233660343955,
              "peak_velocity_deg": 2.785702401884882
            },
            {
              "start_frame": 84,
              "endpoint_distance_deg": 4.721559449729644,
              "path_distance_deg": 8.084874430967915,
              "path_to_endpoint_ratio": 1.7123313847993282,
              "peak_velocity_deg": 2.0817193190726915
            },
            {
              "start_frame": 144,
              "endpoint_distance_deg": 7.142860164395663,
              "path_distance_deg": 7.9023868358326785,
              "path_to_endpoint_ratio": 1.106333689020395,
              "peak_velocity_deg": 2.0528667906612377
            },
            {
              "start_frame": 74,
              "endpoint_distance_deg": 2.197686660463716,
              "path_distance_deg": 7.871281236414267,
              "path_to_endpoint_ratio": 3.5816212465672477,
              "peak_velocity_deg": 2.055883676155134
            }
          ],
          "boundary_blocks_by_peak": [
            {
              "start_frame": 124,
              "end_frame": 130,
              "entry_jump_deg": 5.24853368821361,
              "path_distance_deg": 54.68932749579597,
              "endpoint_distance_deg": 52.66205193132916,
              "path_to_endpoint_ratio": 1.0384959470836868,
              "peak_velocity_deg": 17.537295301652907
            },
            {
              "start_frame": 214,
              "end_frame": 220,
              "entry_jump_deg": 9.541793459357619,
              "path_distance_deg": 58.28510395489189,
              "endpoint_distance_deg": 30.958233788550718,
              "path_to_endpoint_ratio": 1.8827012016572944,
              "peak_velocity_deg": 16.055611933401764
            },
            {
              "start_frame": 204,
              "end_frame": 210,
              "entry_jump_deg": 11.876173864969012,
              "path_distance_deg": 51.44172414337072,
              "endpoint_distance_deg": 33.52028245812914,
              "path_to_endpoint_ratio": 1.5346447097403675,
              "peak_velocity_deg": 11.876173864969012
            },
            {
              "start_frame": 164,
              "end_frame": 170,
              "entry_jump_deg": 6.006173520119678,
              "path_distance_deg": 43.696556607059684,
              "endpoint_distance_deg": 17.267543030926007,
              "path_to_endpoint_ratio": 2.530560168797585,
              "peak_velocity_deg": 11.055742762706858
            },
            {
              "start_frame": 194,
              "end_frame": 200,
              "entry_jump_deg": 10.465843445115434,
              "path_distance_deg": 32.915533774833015,
              "endpoint_distance_deg": 11.068713942774322,
              "path_to_endpoint_ratio": 2.973745093152429,
              "peak_velocity_deg": 10.465843445115434
            },
            {
              "start_frame": 64,
              "end_frame": 70,
              "entry_jump_deg": 8.697871134614877,
              "path_distance_deg": 33.53290650308113,
              "endpoint_distance_deg": 9.858069338553635,
              "path_to_endpoint_ratio": 3.4015693490751038,
              "peak_velocity_deg": 8.697871134614877
            },
            {
              "start_frame": 174,
              "end_frame": 180,
              "entry_jump_deg": 8.400329133548759,
              "path_distance_deg": 34.94634247314302,
              "endpoint_distance_deg": 29.44027855641794,
              "path_to_endpoint_ratio": 1.1870248580078318,
              "peak_velocity_deg": 8.400329133548759
            },
            {
              "start_frame": 54,
              "end_frame": 60,
              "entry_jump_deg": 3.321099648242451,
              "path_distance_deg": 26.690874151172693,
              "endpoint_distance_deg": 17.551835296087376,
              "path_to_endpoint_ratio": 1.5206885035619366,
              "peak_velocity_deg": 7.700801211638037
            },
            {
              "start_frame": 184,
              "end_frame": 190,
              "entry_jump_deg": 2.6808552001268717,
              "path_distance_deg": 31.247356970975353,
              "endpoint_distance_deg": 22.136948892773113,
              "path_to_endpoint_ratio": 1.4115475950335887,
              "peak_velocity_deg": 7.124238940911877
            },
            {
              "start_frame": 94,
              "end_frame": 100,
              "entry_jump_deg": 1.7771021869333936,
              "path_distance_deg": 25.636366062512106,
              "endpoint_distance_deg": 8.762813720617679,
              "path_to_endpoint_ratio": 2.925586105087834,
              "peak_velocity_deg": 5.281805391873085
            },
            {
              "start_frame": 34,
              "end_frame": 40,
              "entry_jump_deg": 4.471385650040543,
              "path_distance_deg": 19.89663025612513,
              "endpoint_distance_deg": 3.5810882158924118,
              "path_to_endpoint_ratio": 5.556029077369953,
              "peak_velocity_deg": 4.471385650040543
            },
            {
              "start_frame": 154,
              "end_frame": 160,
              "entry_jump_deg": 1.6195930190950858,
              "path_distance_deg": 16.184128217280627,
              "endpoint_distance_deg": 7.161583774342487,
              "path_to_endpoint_ratio": 2.259853229010996,
              "peak_velocity_deg": 4.355583998551986
            },
            {
              "start_frame": 134,
              "end_frame": 140,
              "entry_jump_deg": 1.574431414240243,
              "path_distance_deg": 14.643413860538242,
              "endpoint_distance_deg": 11.450933636959878,
              "path_to_endpoint_ratio": 1.278796500337237,
              "peak_velocity_deg": 4.217758768569857
            },
            {
              "start_frame": 44,
              "end_frame": 50,
              "entry_jump_deg": 2.485058241545561,
              "path_distance_deg": 15.278728044232626,
              "endpoint_distance_deg": 13.650185615570264,
              "path_to_endpoint_ratio": 1.1193055152894582,
              "peak_velocity_deg": 4.2020486154625845
            },
            {
              "start_frame": 104,
              "end_frame": 110,
              "entry_jump_deg": 2.1565650689691807,
              "path_distance_deg": 15.933539493753266,
              "endpoint_distance_deg": 11.990359010967055,
              "path_to_endpoint_ratio": 1.3288625869483606,
              "peak_velocity_deg": 3.4976405097544907
            },
            {
              "start_frame": 114,
              "end_frame": 120,
              "entry_jump_deg": 0.9008635525091582,
              "path_distance_deg": 12.991256336131663,
              "endpoint_distance_deg": 2.793293466373793,
              "path_to_endpoint_ratio": 4.650874135683528,
              "peak_velocity_deg": 2.785702401884882
            },
            {
              "start_frame": 74,
              "end_frame": 80,
              "entry_jump_deg": 2.460858539938798,
              "path_distance_deg": 10.332139776353063,
              "endpoint_distance_deg": 4.362344071051173,
              "path_to_endpoint_ratio": 2.368483459367151,
              "peak_velocity_deg": 2.460858539938798
            },
            {
              "start_frame": 84,
              "end_frame": 90,
              "entry_jump_deg": 0.7898142272529466,
              "path_distance_deg": 8.874688658220862,
              "endpoint_distance_deg": 4.130161808248036,
              "path_to_endpoint_ratio": 2.148750840826112,
              "peak_velocity_deg": 2.0817193190726915
            },
            {
              "start_frame": 144,
              "end_frame": 150,
              "entry_jump_deg": 1.1620805099486373,
              "path_distance_deg": 9.064467345781317,
              "endpoint_distance_deg": 6.229782763113833,
              "path_to_endpoint_ratio": 1.4550214173520593,
              "peak_velocity_deg": 2.0528667906612377
            }
          ]
        },
        "ratios": {
          "excursion_p90": 0.712045095835062,
          "velocity_rms": 0.8898845155467517,
          "velocity_p95": 0.7838583773314605
        }
      },
      "LeftForeArm": {
        "prediction": {
          "order": "XYZ",
          "excursion_p90_deg": 60.790942356546495,
          "excursion_max_deg": 87.58457506854799,
          "velocity_rms_deg_per_frame": 9.148152611213316,
          "velocity_p95_deg_per_frame": 20.47625698146092,
          "velocity_max_deg_per_frame": 31.663488617304274,
          "euler_axis_step_p95_deg": [
            26.824602899999963,
            13.998988299999999,
            27.381814800000004
          ],
          "top_velocity_transitions": [
            {
              "from_frame": 106,
              "to_frame": 107,
              "velocity_deg": 31.663488617304274,
              "new_block_offset": 3,
              "inside_release_blend": true
            },
            {
              "from_frame": 105,
              "to_frame": 106,
              "velocity_deg": 31.304490395099666,
              "new_block_offset": 2,
              "inside_release_blend": true
            },
            {
              "from_frame": 56,
              "to_frame": 57,
              "velocity_deg": 29.95717504850931,
              "new_block_offset": 3,
              "inside_release_blend": true
            },
            {
              "from_frame": 55,
              "to_frame": 56,
              "velocity_deg": 29.420994073856566,
              "new_block_offset": 2,
              "inside_release_blend": true
            },
            {
              "from_frame": 75,
              "to_frame": 76,
              "velocity_deg": 24.380734248886593,
              "new_block_offset": 2,
              "inside_release_blend": true
            },
            {
              "from_frame": 76,
              "to_frame": 77,
              "velocity_deg": 24.13580510028924,
              "new_block_offset": 3,
              "inside_release_blend": true
            },
            {
              "from_frame": 125,
              "to_frame": 126,
              "velocity_deg": 22.565227437707623,
              "new_block_offset": 2,
              "inside_release_blend": true
            },
            {
              "from_frame": 126,
              "to_frame": 127,
              "velocity_deg": 22.371668773115623,
              "new_block_offset": 3,
              "inside_release_blend": true
            },
            {
              "from_frame": 36,
              "to_frame": 37,
              "velocity_deg": 22.122432426593086,
              "new_block_offset": 3,
              "inside_release_blend": true
            },
            {
              "from_frame": 28,
              "to_frame": 29,
              "velocity_deg": 21.772317963485467,
              "new_block_offset": null,
              "inside_release_blend": false
            },
            {
              "from_frame": 35,
              "to_frame": 36,
              "velocity_deg": 21.5182593921161,
              "new_block_offset": 2,
              "inside_release_blend": true
            },
            {
              "from_frame": 101,
              "to_frame": 102,
              "velocity_deg": 20.524951376850314,
              "new_block_offset": 8,
              "inside_release_blend": false
            }
          ],
          "release_blend_blocks_by_path": [
            {
              "start_frame": 104,
              "endpoint_distance_deg": 91.83432966847882,
              "path_distance_deg": 101.33471026948295,
              "path_to_endpoint_ratio": 1.103451297954702,
              "peak_velocity_deg": 31.663488617304274
            },
            {
              "start_frame": 54,
              "endpoint_distance_deg": 91.72028487318258,
              "path_distance_deg": 100.53136725619069,
              "path_to_endpoint_ratio": 1.0960647079889776,
              "peak_velocity_deg": 29.95717504850931
            },
            {
              "start_frame": 74,
              "endpoint_distance_deg": 82.24308460378798,
              "path_distance_deg": 86.00002508489274,
              "path_to_endpoint_ratio": 1.0456809286665754,
              "peak_velocity_deg": 24.380734248886593
            },
            {
              "start_frame": 34,
              "endpoint_distance_deg": 68.10490401763093,
              "path_distance_deg": 75.37874911110993,
              "path_to_endpoint_ratio": 1.106803543715383,
              "peak_velocity_deg": 22.122432426593086
            },
            {
              "start_frame": 124,
              "endpoint_distance_deg": 70.36988588197804,
              "path_distance_deg": 75.19136395587762,
              "path_to_endpoint_ratio": 1.068516212772975,
              "peak_velocity_deg": 22.565227437707623
            },
            {
              "start_frame": 144,
              "endpoint_distance_deg": 57.59758141843403,
              "path_distance_deg": 70.60976006542658,
              "path_to_endpoint_ratio": 1.225915365307822,
              "peak_velocity_deg": 20.038007422956486
            },
            {
              "start_frame": 84,
              "endpoint_distance_deg": 65.68706920931282,
              "path_distance_deg": 66.90493759626605,
              "path_to_endpoint_ratio": 1.0185404585957774,
              "peak_velocity_deg": 14.528222999284152
            },
            {
              "start_frame": 94,
              "endpoint_distance_deg": 56.493130339497974,
              "path_distance_deg": 61.488666310889315,
              "path_to_endpoint_ratio": 1.0884273174697605,
              "peak_velocity_deg": 17.829603313844597
            },
            {
              "start_frame": 134,
              "endpoint_distance_deg": 52.20902295553969,
              "path_distance_deg": 53.570125973490796,
              "path_to_endpoint_ratio": 1.026070264121016,
              "peak_velocity_deg": 11.16258174845981
            },
            {
              "start_frame": 44,
              "endpoint_distance_deg": 48.041180301672206,
              "path_distance_deg": 48.865414502105,
              "path_to_endpoint_ratio": 1.0171568266070286,
              "peak_velocity_deg": 9.85330889895296
            },
            {
              "start_frame": 214,
              "endpoint_distance_deg": 11.305019364335044,
              "path_distance_deg": 42.82414501379051,
              "path_to_endpoint_ratio": 3.788064720073959,
              "peak_velocity_deg": 15.926888739114013
            },
            {
              "start_frame": 114,
              "endpoint_distance_deg": 28.179083623895178,
              "path_distance_deg": 32.46790196627559,
              "path_to_endpoint_ratio": 1.1521986449106385,
              "peak_velocity_deg": 9.318472659396997
            },
            {
              "start_frame": 154,
              "endpoint_distance_deg": 10.44649104430867,
              "path_distance_deg": 28.622889011806492,
              "path_to_endpoint_ratio": 2.73995247690376,
              "peak_velocity_deg": 7.02174259018974
            },
            {
              "start_frame": 174,
              "endpoint_distance_deg": 9.34463036646332,
              "path_distance_deg": 23.99461619155325,
              "path_to_endpoint_ratio": 2.5677437470043594,
              "peak_velocity_deg": 5.640584287724889
            },
            {
              "start_frame": 194,
              "endpoint_distance_deg": 22.549648937767337,
              "path_distance_deg": 22.784060137722065,
              "path_to_endpoint_ratio": 1.0103953370006626,
              "peak_velocity_deg": 6.169123462596784
            },
            {
              "start_frame": 64,
              "endpoint_distance_deg": 5.493495971629578,
              "path_distance_deg": 21.258617066965936,
              "path_to_endpoint_ratio": 3.8697793129826996,
              "peak_velocity_deg": 6.391894337134822
            },
            {
              "start_frame": 184,
              "endpoint_distance_deg": 10.726651226541955,
              "path_distance_deg": 20.72482713840278,
              "path_to_endpoint_ratio": 1.932087349602773,
              "peak_velocity_deg": 5.204469946050673
            },
            {
              "start_frame": 164,
              "endpoint_distance_deg": 3.8089860779050744,
              "path_distance_deg": 12.304428847033387,
              "path_to_endpoint_ratio": 3.230368553565512,
              "peak_velocity_deg": 3.9784412042384587
            },
            {
              "start_frame": 204,
              "endpoint_distance_deg": 2.613232884013815,
              "path_distance_deg": 8.651929569123382,
              "path_to_endpoint_ratio": 3.310814593697591,
              "peak_velocity_deg": 2.6633101860257655
            }
          ],
          "boundary_blocks_by_peak": [
            {
              "start_frame": 104,
              "end_frame": 110,
              "entry_jump_deg": 10.170252842069525,
              "path_distance_deg": 111.50496311155247,
              "endpoint_distance_deg": 83.54352322023641,
              "path_to_endpoint_ratio": 1.3346930894643318,
              "peak_velocity_deg": 31.663488617304274
            },
            {
              "start_frame": 54,
              "end_frame": 60,
              "entry_jump_deg": 3.1649501497345436,
              "path_distance_deg": 103.69631740592523,
              "endpoint_distance_deg": 88.88424885017771,
              "path_to_endpoint_ratio": 1.166644470166076,
              "peak_velocity_deg": 29.95717504850931
            },
            {
              "start_frame": 74,
              "end_frame": 80,
              "entry_jump_deg": 6.195516610349667,
              "path_distance_deg": 92.1955416952424,
              "endpoint_distance_deg": 86.7125730311535,
              "path_to_endpoint_ratio": 1.0632315300125972,
              "peak_velocity_deg": 24.380734248886593
            },
            {
              "start_frame": 124,
              "end_frame": 130,
              "entry_jump_deg": 3.891777708292084,
              "path_distance_deg": 79.0831416641697,
              "endpoint_distance_deg": 73.96948554836099,
              "path_to_endpoint_ratio": 1.0691319681068407,
              "peak_velocity_deg": 22.565227437707623
            },
            {
              "start_frame": 34,
              "end_frame": 40,
              "entry_jump_deg": 1.5595098004820993,
              "path_distance_deg": 76.93825891159203,
              "endpoint_distance_deg": 66.59053223786948,
              "path_to_endpoint_ratio": 1.1553933618785206,
              "peak_velocity_deg": 22.122432426593086
            },
            {
              "start_frame": 144,
              "end_frame": 150,
              "entry_jump_deg": 16.765437985635607,
              "path_distance_deg": 87.3751980510622,
              "endpoint_distance_deg": 58.73695243288274,
              "path_to_endpoint_ratio": 1.4875677819836444,
              "peak_velocity_deg": 20.038007422956486
            },
            {
              "start_frame": 94,
              "end_frame": 100,
              "entry_jump_deg": 3.8518303281034663,
              "path_distance_deg": 65.34049663899278,
              "endpoint_distance_deg": 54.84293114614708,
              "path_to_endpoint_ratio": 1.1914114594800098,
              "peak_velocity_deg": 17.829603313844597
            },
            {
              "start_frame": 214,
              "end_frame": 220,
              "entry_jump_deg": 5.657010164275616,
              "path_distance_deg": 48.481155178066125,
              "endpoint_distance_deg": 11.024840903673445,
              "path_to_endpoint_ratio": 4.397447147007115,
              "peak_velocity_deg": 15.926888739114013
            },
            {
              "start_frame": 84,
              "end_frame": 90,
              "entry_jump_deg": 7.561472758568338,
              "path_distance_deg": 74.46641035483438,
              "endpoint_distance_deg": 67.12852039638159,
              "path_to_endpoint_ratio": 1.10931106354086,
              "peak_velocity_deg": 14.528222999284152
            },
            {
              "start_frame": 134,
              "end_frame": 140,
              "entry_jump_deg": 1.8862652014971257,
              "path_distance_deg": 55.45639117498792,
              "endpoint_distance_deg": 50.487968438622566,
              "path_to_endpoint_ratio": 1.09840805423584,
              "peak_velocity_deg": 11.16258174845981
            },
            {
              "start_frame": 114,
              "end_frame": 120,
              "entry_jump_deg": 10.179387003602194,
              "path_distance_deg": 42.647288969877785,
              "endpoint_distance_deg": 20.084369279732307,
              "path_to_endpoint_ratio": 2.1234069328188636,
              "peak_velocity_deg": 10.179387003602194
            },
            {
              "start_frame": 44,
              "end_frame": 50,
              "entry_jump_deg": 7.345489002835605,
              "path_distance_deg": 56.2109035049406,
              "endpoint_distance_deg": 55.28162816353396,
              "path_to_endpoint_ratio": 1.0168098403082062,
              "peak_velocity_deg": 9.85330889895296
            },
            {
              "start_frame": 154,
              "end_frame": 160,
              "entry_jump_deg": 2.1618913161934166,
              "path_distance_deg": 30.78478032799991,
              "endpoint_distance_deg": 8.300529039790266,
              "path_to_endpoint_ratio": 3.708773281850691,
              "peak_velocity_deg": 7.02174259018974
            },
            {
              "start_frame": 64,
              "end_frame": 70,
              "entry_jump_deg": 2.2123359553945368,
              "path_distance_deg": 23.470953022360472,
              "endpoint_distance_deg": 7.168260405960638,
              "path_to_endpoint_ratio": 3.2742885572130755,
              "peak_velocity_deg": 6.391894337134822
            },
            {
              "start_frame": 184,
              "end_frame": 190,
              "entry_jump_deg": 6.223981991959496,
              "path_distance_deg": 26.948809130362278,
              "endpoint_distance_deg": 6.378212085969343,
              "path_to_endpoint_ratio": 4.225135314901758,
              "peak_velocity_deg": 6.223981991959496
            },
            {
              "start_frame": 194,
              "end_frame": 200,
              "entry_jump_deg": 0.6434360569263026,
              "path_distance_deg": 23.427496194648366,
              "endpoint_distance_deg": 23.141043313296798,
              "path_to_endpoint_ratio": 1.0123785638129363,
              "peak_velocity_deg": 6.169123462596784
            },
            {
              "start_frame": 174,
              "end_frame": 180,
              "entry_jump_deg": 0.7373027396346545,
              "path_distance_deg": 24.731918931187902,
              "endpoint_distance_deg": 8.964604588440285,
              "path_to_endpoint_ratio": 2.758841027197041,
              "peak_velocity_deg": 5.640584287724889
            },
            {
              "start_frame": 204,
              "end_frame": 210,
              "entry_jump_deg": 5.00837265008142,
              "path_distance_deg": 13.660302219204805,
              "endpoint_distance_deg": 5.007944755873593,
              "path_to_endpoint_ratio": 2.727726220059287,
              "peak_velocity_deg": 5.00837265008142
            },
            {
              "start_frame": 164,
              "end_frame": 170,
              "entry_jump_deg": 0.7199761063890977,
              "path_distance_deg": 13.024404953422485,
              "endpoint_distance_deg": 3.887988008886635,
              "path_to_endpoint_ratio": 3.3499087249376975,
              "peak_velocity_deg": 3.9784412042384587
            }
          ]
        },
        "ground_truth": {
          "order": "XYZ",
          "excursion_p90_deg": 63.76697973534313,
          "excursion_max_deg": 71.7020804176917,
          "velocity_rms_deg_per_frame": 5.511027491747212,
          "velocity_p95_deg_per_frame": 11.666289466191602,
          "velocity_max_deg_per_frame": 28.968481868090503,
          "euler_axis_step_p95_deg": [
            23.478592599999985,
            6.032407799999983,
            21.660803000000005
          ],
          "top_velocity_transitions": [
            {
              "from_frame": 191,
              "to_frame": 192,
              "velocity_deg": 28.968481868090503,
              "new_block_offset": 8,
              "inside_release_blend": false
            },
            {
              "from_frame": 162,
              "to_frame": 163,
              "velocity_deg": 22.956965077060527,
              "new_block_offset": 9,
              "inside_release_blend": false
            },
            {
              "from_frame": 125,
              "to_frame": 126,
              "velocity_deg": 20.012153272054665,
              "new_block_offset": 2,
              "inside_release_blend": true
            },
            {
              "from_frame": 217,
              "to_frame": 218,
              "velocity_deg": 17.822928895763003,
              "new_block_offset": 4,
              "inside_release_blend": true
            },
            {
              "from_frame": 126,
              "to_frame": 127,
              "velocity_deg": 17.050417654452048,
              "new_block_offset": 3,
              "inside_release_blend": true
            },
            {
              "from_frame": 170,
              "to_frame": 171,
              "velocity_deg": 15.76711940593932,
              "new_block_offset": 7,
              "inside_release_blend": false
            },
            {
              "from_frame": 192,
              "to_frame": 193,
              "velocity_deg": 14.610968510848915,
              "new_block_offset": 9,
              "inside_release_blend": false
            },
            {
              "from_frame": 161,
              "to_frame": 162,
              "velocity_deg": 14.138932203714427,
              "new_block_offset": 8,
              "inside_release_blend": false
            },
            {
              "from_frame": 169,
              "to_frame": 170,
              "velocity_deg": 13.573960736274786,
              "new_block_offset": 6,
              "inside_release_blend": false
            },
            {
              "from_frame": 218,
              "to_frame": 219,
              "velocity_deg": 11.98310058530434,
              "new_block_offset": 5,
              "inside_release_blend": false
            },
            {
              "from_frame": 202,
              "to_frame": 203,
              "velocity_deg": 11.942125858611652,
              "new_block_offset": 9,
              "inside_release_blend": false
            },
            {
              "from_frame": 127,
              "to_frame": 128,
              "velocity_deg": 11.730328050646044,
              "new_block_offset": 4,
              "inside_release_blend": true
            }
          ],
          "release_blend_blocks_by_path": [
            {
              "start_frame": 124,
              "endpoint_distance_deg": 60.206992241049264,
              "path_distance_deg": 74.85181963353686,
              "path_to_endpoint_ratio": 1.243241305492466,
              "peak_velocity_deg": 20.012153272054665
            },
            {
              "start_frame": 214,
              "endpoint_distance_deg": 26.13617587596493,
              "path_distance_deg": 55.58020091516648,
              "path_to_endpoint_ratio": 2.126562094582419,
              "peak_velocity_deg": 17.822928895763003
            },
            {
              "start_frame": 174,
              "endpoint_distance_deg": 34.16317020150956,
              "path_distance_deg": 34.69460448580938,
              "path_to_endpoint_ratio": 1.015555766082749,
              "peak_velocity_deg": 10.199565820461277
            },
            {
              "start_frame": 194,
              "endpoint_distance_deg": 28.968646991676753,
              "path_distance_deg": 32.825167133246914,
              "path_to_endpoint_ratio": 1.1331273822584194,
              "peak_velocity_deg": 8.314048878332867
            },
            {
              "start_frame": 164,
              "endpoint_distance_deg": 14.219524218200645,
              "path_distance_deg": 27.368020169237997,
              "path_to_endpoint_ratio": 1.9246790363215949,
              "peak_velocity_deg": 13.573960736274786
            },
            {
              "start_frame": 184,
              "endpoint_distance_deg": 23.255834895538218,
              "path_distance_deg": 26.475199164501568,
              "path_to_endpoint_ratio": 1.1384325389057954,
              "peak_velocity_deg": 8.928651104461883
            },
            {
              "start_frame": 204,
              "endpoint_distance_deg": 18.036720886337324,
              "path_distance_deg": 20.205233022212177,
              "path_to_endpoint_ratio": 1.1202276261600013,
              "peak_velocity_deg": 5.383878296710036
            },
            {
              "start_frame": 104,
              "endpoint_distance_deg": 10.877993507359683,
              "path_distance_deg": 18.265872262768344,
              "path_to_endpoint_ratio": 1.6791582243922347,
              "peak_velocity_deg": 4.664282820526828
            },
            {
              "start_frame": 94,
              "endpoint_distance_deg": 2.027343976954992,
              "path_distance_deg": 17.155463752680838,
              "path_to_endpoint_ratio": 8.462038976951417,
              "peak_velocity_deg": 5.11299740393787
            },
            {
              "start_frame": 154,
              "endpoint_distance_deg": 8.372595204352075,
              "path_distance_deg": 16.288773643983046,
              "path_to_endpoint_ratio": 1.9454868229525943,
              "peak_velocity_deg": 4.434732800406237
            },
            {
              "start_frame": 44,
              "endpoint_distance_deg": 10.301229009492593,
              "path_distance_deg": 15.91417836986683,
              "path_to_endpoint_ratio": 1.5448815238649583,
              "peak_velocity_deg": 4.891755645836071
            },
            {
              "start_frame": 64,
              "endpoint_distance_deg": 4.923358534404438,
              "path_distance_deg": 15.827124529016732,
              "path_to_endpoint_ratio": 3.214700781675102,
              "peak_velocity_deg": 4.40039617149809
            },
            {
              "start_frame": 134,
              "endpoint_distance_deg": 13.992440386148356,
              "path_distance_deg": 14.853622402570156,
              "path_to_endpoint_ratio": 1.0615462344420146,
              "peak_velocity_deg": 3.312646487970797
            },
            {
              "start_frame": 54,
              "endpoint_distance_deg": 7.3205703097796615,
              "path_distance_deg": 14.205702035136735,
              "path_to_endpoint_ratio": 1.9405184888613283,
              "peak_velocity_deg": 3.925983331381035
            },
            {
              "start_frame": 74,
              "endpoint_distance_deg": 9.838019953764737,
              "path_distance_deg": 13.687234307816302,
              "path_to_endpoint_ratio": 1.3912590513275567,
              "peak_velocity_deg": 3.4945779072948557
            },
            {
              "start_frame": 34,
              "endpoint_distance_deg": 10.624518382651312,
              "path_distance_deg": 12.426629955179404,
              "path_to_endpoint_ratio": 1.1696181895144298,
              "peak_velocity_deg": 3.878359127345491
            },
            {
              "start_frame": 114,
              "endpoint_distance_deg": 0.40542270333607144,
              "path_distance_deg": 10.13081161299981,
              "path_to_endpoint_ratio": 24.988269106878228,
              "peak_velocity_deg": 2.5607491777938107
            },
            {
              "start_frame": 84,
              "endpoint_distance_deg": 3.1155932850688353,
              "path_distance_deg": 9.709709414964326,
              "path_to_endpoint_ratio": 3.1164881056513773,
              "peak_velocity_deg": 2.767094265135032
            },
            {
              "start_frame": 144,
              "endpoint_distance_deg": 3.4614039794579847,
              "path_distance_deg": 4.340699453207119,
              "path_to_endpoint_ratio": 1.2540285615222588,
              "peak_velocity_deg": 1.7502880300801023
            }
          ],
          "boundary_blocks_by_peak": [
            {
              "start_frame": 124,
              "end_frame": 130,
              "entry_jump_deg": 2.9793780219688095,
              "path_distance_deg": 77.83119765550568,
              "endpoint_distance_deg": 62.78839847214342,
              "path_to_endpoint_ratio": 1.239579278169296,
              "peak_velocity_deg": 20.012153272054665
            },
            {
              "start_frame": 214,
              "end_frame": 220,
              "entry_jump_deg": 3.561669345420958,
              "path_distance_deg": 59.14187026058743,
              "endpoint_distance_deg": 22.70134688135687,
              "path_to_endpoint_ratio": 2.6052141562206947,
              "peak_velocity_deg": 17.822928895763003
            },
            {
              "start_frame": 164,
              "end_frame": 170,
              "entry_jump_deg": 5.927833140424987,
              "path_distance_deg": 33.29585330966298,
              "endpoint_distance_deg": 8.79211462036068,
              "path_to_endpoint_ratio": 3.7870131074675504,
              "peak_velocity_deg": 13.573960736274786
            },
            {
              "start_frame": 174,
              "end_frame": 180,
              "entry_jump_deg": 9.412439049588162,
              "path_distance_deg": 44.107043535397544,
              "endpoint_distance_deg": 24.767564980599335,
              "path_to_endpoint_ratio": 1.7808389145217547,
              "peak_velocity_deg": 10.199565820461277
            },
            {
              "start_frame": 184,
              "end_frame": 190,
              "entry_jump_deg": 1.4867035763221639,
              "path_distance_deg": 27.96190274082373,
              "endpoint_distance_deg": 24.687935938044454,
              "path_to_endpoint_ratio": 1.132614035089667,
              "peak_velocity_deg": 8.928651104461883
            },
            {
              "start_frame": 74,
              "end_frame": 80,
              "entry_jump_deg": 8.377177387809011,
              "path_distance_deg": 22.064411695625317,
              "endpoint_distance_deg": 6.4630733975442745,
              "path_to_endpoint_ratio": 3.4139194062083478,
              "peak_velocity_deg": 8.377177387809011
            },
            {
              "start_frame": 194,
              "end_frame": 200,
              "entry_jump_deg": 6.939221696780483,
              "path_distance_deg": 39.7643888300274,
              "endpoint_distance_deg": 23.876521985462478,
              "path_to_endpoint_ratio": 1.6654179722757967,
              "peak_velocity_deg": 8.314048878332867
            },
            {
              "start_frame": 94,
              "end_frame": 100,
              "entry_jump_deg": 6.316424744869287,
              "path_distance_deg": 23.471888497550125,
              "endpoint_distance_deg": 5.047213079102099,
              "path_to_endpoint_ratio": 4.65046514377114,
              "peak_velocity_deg": 6.316424744869287
            },
            {
              "start_frame": 204,
              "end_frame": 210,
              "entry_jump_deg": 5.445703054058477,
              "path_distance_deg": 25.650936076270654,
              "endpoint_distance_deg": 23.04431162168236,
              "path_to_endpoint_ratio": 1.113113574290313,
              "peak_velocity_deg": 5.445703054058477
            },
            {
              "start_frame": 104,
              "end_frame": 110,
              "entry_jump_deg": 5.002752341299275,
              "path_distance_deg": 23.268624604067618,
              "endpoint_distance_deg": 7.703072444563322,
              "path_to_endpoint_ratio": 3.020693985617409,
              "peak_velocity_deg": 5.002752341299275
            },
            {
              "start_frame": 44,
              "end_frame": 50,
              "entry_jump_deg": 1.1966198593626065,
              "path_distance_deg": 17.110798229229438,
              "endpoint_distance_deg": 11.494962917797194,
              "path_to_endpoint_ratio": 1.4885474926358806,
              "peak_velocity_deg": 4.891755645836071
            },
            {
              "start_frame": 154,
              "end_frame": 160,
              "entry_jump_deg": 4.119461458150063,
              "path_distance_deg": 20.40823510213311,
              "endpoint_distance_deg": 4.364411121346289,
              "path_to_endpoint_ratio": 4.676056983338862,
              "peak_velocity_deg": 4.434732800406237
            },
            {
              "start_frame": 64,
              "end_frame": 70,
              "entry_jump_deg": 1.9692943754972638,
              "path_distance_deg": 17.796418904513992,
              "endpoint_distance_deg": 4.6550702669572575,
              "path_to_endpoint_ratio": 3.8230183185068123,
              "peak_velocity_deg": 4.40039617149809
            },
            {
              "start_frame": 134,
              "end_frame": 140,
              "entry_jump_deg": 4.185444380522999,
              "path_distance_deg": 19.039066783093162,
              "endpoint_distance_deg": 17.931149446130576,
              "path_to_endpoint_ratio": 1.0617873014940304,
              "peak_velocity_deg": 4.185444380522999
            },
            {
              "start_frame": 54,
              "end_frame": 60,
              "entry_jump_deg": 1.2259457022046256,
              "path_distance_deg": 15.431647737341361,
              "endpoint_distance_deg": 8.063000950957388,
              "path_to_endpoint_ratio": 1.9138839039215332,
              "peak_velocity_deg": 3.925983331381035
            },
            {
              "start_frame": 34,
              "end_frame": 40,
              "entry_jump_deg": 0.8336200635795267,
              "path_distance_deg": 13.260250018758931,
              "endpoint_distance_deg": 11.453508196689702,
              "path_to_endpoint_ratio": 1.157745713456722,
              "peak_velocity_deg": 3.878359127345491
            },
            {
              "start_frame": 84,
              "end_frame": 90,
              "entry_jump_deg": 2.2106880883158397,
              "path_distance_deg": 11.920397503280167,
              "endpoint_distance_deg": 3.5315564221335998,
              "path_to_endpoint_ratio": 3.375394890641001,
              "peak_velocity_deg": 2.767094265135032
            },
            {
              "start_frame": 114,
              "end_frame": 120,
              "entry_jump_deg": 1.4476675724616355,
              "path_distance_deg": 11.578479185461445,
              "endpoint_distance_deg": 1.7695053840671346,
              "path_to_endpoint_ratio": 6.543342162005064,
              "peak_velocity_deg": 2.5607491777938107
            },
            {
              "start_frame": 144,
              "end_frame": 150,
              "entry_jump_deg": 1.445428105787541,
              "path_distance_deg": 5.786127558994661,
              "endpoint_distance_deg": 3.257006969728337,
              "path_to_endpoint_ratio": 1.7765167875822123,
              "peak_velocity_deg": 1.7502880300801023
            }
          ]
        },
        "ratios": {
          "excursion_p90": 0.95332949135825,
          "velocity_rms": 1.659972232929833,
          "velocity_p95": 1.755164488314834
        }
      },
      "LeftHand": {
        "prediction": {
          "order": "XYZ",
          "excursion_p90_deg": 18.604358347931264,
          "excursion_max_deg": 42.95911077892413,
          "velocity_rms_deg_per_frame": 4.6528915972529115,
          "velocity_p95_deg_per_frame": 10.520089224267005,
          "velocity_max_deg_per_frame": 17.9716702469891,
          "euler_axis_step_p95_deg": [
            1.2173105999999987,
            3.986607299999994,
            10.423791699999978
          ],
          "top_velocity_transitions": [
            {
              "from_frame": 101,
              "to_frame": 102,
              "velocity_deg": 17.9716702469891,
              "new_block_offset": 8,
              "inside_release_blend": false
            },
            {
              "from_frame": 96,
              "to_frame": 97,
              "velocity_deg": 16.534231226658463,
              "new_block_offset": 3,
              "inside_release_blend": true
            },
            {
              "from_frame": 100,
              "to_frame": 101,
              "velocity_deg": 15.027159711215521,
              "new_block_offset": 7,
              "inside_release_blend": false
            },
            {
              "from_frame": 95,
              "to_frame": 96,
              "velocity_deg": 14.703264145988179,
              "new_block_offset": 2,
              "inside_release_blend": true
            },
            {
              "from_frame": 218,
              "to_frame": 219,
              "velocity_deg": 13.839741507392628,
              "new_block_offset": 5,
              "inside_release_blend": false
            },
            {
              "from_frame": 105,
              "to_frame": 106,
              "velocity_deg": 12.936617504326138,
              "new_block_offset": 2,
              "inside_release_blend": true
            },
            {
              "from_frame": 113,
              "to_frame": 114,
              "velocity_deg": 12.797122821526843,
              "new_block_offset": 0,
              "inside_release_blend": true
            },
            {
              "from_frame": 112,
              "to_frame": 113,
              "velocity_deg": 12.797117674948248,
              "new_block_offset": 9,
              "inside_release_blend": false
            },
            {
              "from_frame": 106,
              "to_frame": 107,
              "velocity_deg": 11.959573806883459,
              "new_block_offset": 3,
              "inside_release_blend": true
            },
            {
              "from_frame": 97,
              "to_frame": 98,
              "velocity_deg": 11.843279122416066,
              "new_block_offset": 4,
              "inside_release_blend": true
            },
            {
              "from_frame": 222,
              "to_frame": 223,
              "velocity_deg": 11.658744904807365,
              "new_block_offset": 9,
              "inside_release_blend": false
            },
            {
              "from_frame": 75,
              "to_frame": 76,
              "velocity_deg": 10.524357155625122,
              "new_block_offset": 2,
              "inside_release_blend": true
            }
          ],
          "release_blend_blocks_by_path": [
            {
              "start_frame": 94,
              "endpoint_distance_deg": 56.2420588596695,
              "path_distance_deg": 57.85712183222609,
              "path_to_endpoint_ratio": 1.0287162846684963,
              "peak_velocity_deg": 16.534231226658463
            },
            {
              "start_frame": 104,
              "endpoint_distance_deg": 37.95733535897175,
              "path_distance_deg": 44.27898963005475,
              "path_to_endpoint_ratio": 1.1665463134147216,
              "peak_velocity_deg": 12.936617504326138
            },
            {
              "start_frame": 74,
              "endpoint_distance_deg": 19.162390794001002,
              "path_distance_deg": 44.04137676577495,
              "path_to_endpoint_ratio": 2.2983236924466954,
              "peak_velocity_deg": 10.524357155625122
            },
            {
              "start_frame": 54,
              "endpoint_distance_deg": 24.109076159136446,
              "path_distance_deg": 36.104226012092674,
              "path_to_endpoint_ratio": 1.4975366859260806,
              "peak_velocity_deg": 9.335341437003446
            },
            {
              "start_frame": 214,
              "endpoint_distance_deg": 5.728989398773078,
              "path_distance_deg": 28.220572495364245,
              "path_to_endpoint_ratio": 4.925925068286559,
              "peak_velocity_deg": 13.839741507392628
            },
            {
              "start_frame": 124,
              "endpoint_distance_deg": 17.1184734549123,
              "path_distance_deg": 27.429223957079998,
              "path_to_endpoint_ratio": 1.6023171709396162,
              "peak_velocity_deg": 7.323649024961977
            },
            {
              "start_frame": 154,
              "endpoint_distance_deg": 8.258389124893588,
              "path_distance_deg": 25.06408182751665,
              "path_to_endpoint_ratio": 3.034984359354659,
              "peak_velocity_deg": 6.428785549765634
            },
            {
              "start_frame": 34,
              "endpoint_distance_deg": 22.462546690051713,
              "path_distance_deg": 22.600489521098325,
              "path_to_endpoint_ratio": 1.006141014772279,
              "peak_velocity_deg": 6.2056670448485
            },
            {
              "start_frame": 144,
              "endpoint_distance_deg": 10.476626816887238,
              "path_distance_deg": 17.999325466334692,
              "path_to_endpoint_ratio": 1.7180458730592219,
              "peak_velocity_deg": 3.9364713032144536
            },
            {
              "start_frame": 134,
              "endpoint_distance_deg": 10.839953835709418,
              "path_distance_deg": 14.435498018596949,
              "path_to_endpoint_ratio": 1.3316936803773964,
              "peak_velocity_deg": 3.385903401557228
            },
            {
              "start_frame": 84,
              "endpoint_distance_deg": 6.508171971199143,
              "path_distance_deg": 13.3578835397589,
              "path_to_endpoint_ratio": 2.052478575992159,
              "peak_velocity_deg": 3.335431324273147
            },
            {
              "start_frame": 174,
              "endpoint_distance_deg": 6.075794126084671,
              "path_distance_deg": 12.840176956126525,
              "path_to_endpoint_ratio": 2.1133331198634475,
              "peak_velocity_deg": 3.3923047554204255
            },
            {
              "start_frame": 184,
              "endpoint_distance_deg": 7.908924027727047,
              "path_distance_deg": 12.159878824944409,
              "path_to_endpoint_ratio": 1.537488384300367,
              "peak_velocity_deg": 3.241177718107024
            },
            {
              "start_frame": 44,
              "endpoint_distance_deg": 5.49151992793214,
              "path_distance_deg": 11.381305876040855,
              "path_to_endpoint_ratio": 2.072523823167941,
              "peak_velocity_deg": 2.8443674182032628
            },
            {
              "start_frame": 204,
              "endpoint_distance_deg": 3.2057857177409352,
              "path_distance_deg": 9.420791677019619,
              "path_to_endpoint_ratio": 2.938684149999363,
              "peak_velocity_deg": 2.7444896952412003
            },
            {
              "start_frame": 114,
              "endpoint_distance_deg": 5.708385391707062,
              "path_distance_deg": 9.327597915921732,
              "path_to_endpoint_ratio": 1.6340168499261687,
              "peak_velocity_deg": 2.4683276493125277
            },
            {
              "start_frame": 64,
              "endpoint_distance_deg": 5.960389478509688,
              "path_distance_deg": 9.134545734419138,
              "path_to_endpoint_ratio": 1.5325417520707227,
              "peak_velocity_deg": 4.936881828116005
            },
            {
              "start_frame": 164,
              "endpoint_distance_deg": 4.17839454303547,
              "path_distance_deg": 8.332241058321664,
              "path_to_endpoint_ratio": 1.99412500961878,
              "peak_velocity_deg": 2.2964906489679033
            },
            {
              "start_frame": 194,
              "endpoint_distance_deg": 2.9371607105776265,
              "path_distance_deg": 4.620133167739193,
              "path_to_endpoint_ratio": 1.572992976210209,
              "peak_velocity_deg": 1.2114078669951347
            }
          ],
          "boundary_blocks_by_peak": [
            {
              "start_frame": 94,
              "end_frame": 100,
              "entry_jump_deg": 4.136759809100769,
              "path_distance_deg": 61.993881641326865,
              "endpoint_distance_deg": 54.32235616168008,
              "path_to_endpoint_ratio": 1.1412222521573616,
              "peak_velocity_deg": 16.534231226658463
            },
            {
              "start_frame": 214,
              "end_frame": 220,
              "entry_jump_deg": 2.604628436800194,
              "path_distance_deg": 30.825200932164435,
              "endpoint_distance_deg": 7.1045674239029575,
              "path_to_endpoint_ratio": 4.338786458476642,
              "peak_velocity_deg": 13.839741507392628
            },
            {
              "start_frame": 104,
              "end_frame": 110,
              "entry_jump_deg": 4.393143605746982,
              "path_distance_deg": 48.67213323580174,
              "endpoint_distance_deg": 41.91553271981246,
              "path_to_endpoint_ratio": 1.1611956255251312,
              "peak_velocity_deg": 12.936617504326138
            },
            {
              "start_frame": 114,
              "end_frame": 120,
              "entry_jump_deg": 12.797122821526843,
              "path_distance_deg": 22.12472073744858,
              "endpoint_distance_deg": 7.836486712602749,
              "path_to_endpoint_ratio": 2.823295891240049,
              "peak_velocity_deg": 12.797122821526843
            },
            {
              "start_frame": 74,
              "end_frame": 80,
              "entry_jump_deg": 6.461463078255076,
              "path_distance_deg": 50.50283984403003,
              "endpoint_distance_deg": 24.583233396732847,
              "path_to_endpoint_ratio": 2.054361158640016,
              "peak_velocity_deg": 10.524357155625122
            },
            {
              "start_frame": 54,
              "end_frame": 60,
              "entry_jump_deg": 0.988771917884416,
              "path_distance_deg": 37.092997929977095,
              "endpoint_distance_deg": 23.16938747699533,
              "path_to_endpoint_ratio": 1.6009485778079542,
              "peak_velocity_deg": 9.335341437003446
            },
            {
              "start_frame": 124,
              "end_frame": 130,
              "entry_jump_deg": 3.382840223131768,
              "path_distance_deg": 30.81206418021177,
              "endpoint_distance_deg": 15.352413223688988,
              "path_to_endpoint_ratio": 2.006985073373893,
              "peak_velocity_deg": 7.323649024961977
            },
            {
              "start_frame": 154,
              "end_frame": 160,
              "entry_jump_deg": 3.5432225091581193,
              "path_distance_deg": 28.607304336674765,
              "endpoint_distance_deg": 5.85300376660502,
              "path_to_endpoint_ratio": 4.8876278706494265,
              "peak_velocity_deg": 6.428785549765634
            },
            {
              "start_frame": 144,
              "end_frame": 150,
              "entry_jump_deg": 6.42330664268721,
              "path_distance_deg": 24.422632109021897,
              "endpoint_distance_deg": 5.780688782410872,
              "path_to_endpoint_ratio": 4.224865414539111,
              "peak_velocity_deg": 6.42330664268721
            },
            {
              "start_frame": 34,
              "end_frame": 40,
              "entry_jump_deg": 0.30178075435016116,
              "path_distance_deg": 22.902270275448487,
              "endpoint_distance_deg": 22.75832442206921,
              "path_to_endpoint_ratio": 1.0063249758949604,
              "peak_velocity_deg": 6.2056670448485
            },
            {
              "start_frame": 64,
              "end_frame": 70,
              "entry_jump_deg": 0.5253958007978621,
              "path_distance_deg": 9.659941535217,
              "endpoint_distance_deg": 5.485049520367949,
              "path_to_endpoint_ratio": 1.7611402594172003,
              "peak_velocity_deg": 4.936881828116005
            },
            {
              "start_frame": 184,
              "end_frame": 190,
              "entry_jump_deg": 4.399268159193073,
              "path_distance_deg": 16.55914698413748,
              "endpoint_distance_deg": 3.5385755922418713,
              "path_to_endpoint_ratio": 4.679608094410215,
              "peak_velocity_deg": 4.399268159193073
            },
            {
              "start_frame": 44,
              "end_frame": 50,
              "entry_jump_deg": 3.75818283183554,
              "path_distance_deg": 15.139488707876394,
              "endpoint_distance_deg": 2.347048345528819,
              "path_to_endpoint_ratio": 6.450437519413466,
              "peak_velocity_deg": 3.75818283183554
            },
            {
              "start_frame": 84,
              "end_frame": 90,
              "entry_jump_deg": 3.479047577971986,
              "path_distance_deg": 16.836931117730884,
              "endpoint_distance_deg": 8.188512000684067,
              "path_to_endpoint_ratio": 2.0561649193802647,
              "peak_velocity_deg": 3.479047577971986
            },
            {
              "start_frame": 174,
              "end_frame": 180,
              "entry_jump_deg": 0.5843448843076705,
              "path_distance_deg": 13.424521840434195,
              "endpoint_distance_deg": 6.630504829215047,
              "path_to_endpoint_ratio": 2.024660593154784,
              "peak_velocity_deg": 3.3923047554204255
            },
            {
              "start_frame": 134,
              "end_frame": 140,
              "entry_jump_deg": 0.26508017651899285,
              "path_distance_deg": 14.700578195115945,
              "endpoint_distance_deg": 10.741573794702855,
              "path_to_endpoint_ratio": 1.3685683751821776,
              "peak_velocity_deg": 3.385903401557228
            },
            {
              "start_frame": 204,
              "end_frame": 210,
              "entry_jump_deg": 1.7013853417009164,
              "path_distance_deg": 11.122177018720535,
              "endpoint_distance_deg": 1.5202409313847776,
              "path_to_endpoint_ratio": 7.316062072206815,
              "peak_velocity_deg": 2.7444896952412003
            },
            {
              "start_frame": 164,
              "end_frame": 170,
              "entry_jump_deg": 1.6689822605033722,
              "path_distance_deg": 10.001223318825033,
              "endpoint_distance_deg": 2.8773241815315442,
              "path_to_endpoint_ratio": 3.4758764351334146,
              "peak_velocity_deg": 2.2964906489679033
            },
            {
              "start_frame": 194,
              "end_frame": 200,
              "entry_jump_deg": 1.877654046848476,
              "path_distance_deg": 6.497787214587669,
              "endpoint_distance_deg": 2.417508899411087,
              "path_to_endpoint_ratio": 2.68780281064138,
              "peak_velocity_deg": 1.877654046848476
            }
          ]
        },
        "ground_truth": {
          "order": "XYZ",
          "excursion_p90_deg": 45.453010936258934,
          "excursion_max_deg": 53.94838942989068,
          "velocity_rms_deg_per_frame": 6.822500602051359,
          "velocity_p95_deg_per_frame": 15.31448242659871,
          "velocity_max_deg_per_frame": 33.92047658174786,
          "euler_axis_step_p95_deg": [
            3.286650499999998,
            2.7371688999999884,
            15.478263099999985
          ],
          "top_velocity_transitions": [
            {
              "from_frame": 156,
              "to_frame": 157,
              "velocity_deg": 33.92047658174786,
              "new_block_offset": 3,
              "inside_release_blend": true
            },
            {
              "from_frame": 172,
              "to_frame": 173,
              "velocity_deg": 32.05624238727297,
              "new_block_offset": 9,
              "inside_release_blend": false
            },
            {
              "from_frame": 151,
              "to_frame": 152,
              "velocity_deg": 28.184562353382695,
              "new_block_offset": 8,
              "inside_release_blend": false
            },
            {
              "from_frame": 157,
              "to_frame": 158,
              "velocity_deg": 27.024831960525447,
              "new_block_offset": 4,
              "inside_release_blend": true
            },
            {
              "from_frame": 161,
              "to_frame": 162,
              "velocity_deg": 25.14289651504347,
              "new_block_offset": 8,
              "inside_release_blend": false
            },
            {
              "from_frame": 160,
              "to_frame": 161,
              "velocity_deg": 24.792670541331567,
              "new_block_offset": 7,
              "inside_release_blend": false
            },
            {
              "from_frame": 212,
              "to_frame": 213,
              "velocity_deg": 21.051529428231458,
              "new_block_offset": 9,
              "inside_release_blend": false
            },
            {
              "from_frame": 213,
              "to_frame": 214,
              "velocity_deg": 20.78398656154137,
              "new_block_offset": 0,
              "inside_release_blend": true
            },
            {
              "from_frame": 152,
              "to_frame": 153,
              "velocity_deg": 17.431875525148936,
              "new_block_offset": 9,
              "inside_release_blend": false
            },
            {
              "from_frame": 132,
              "to_frame": 133,
              "velocity_deg": 15.55597315943207,
              "new_block_offset": 9,
              "inside_release_blend": false
            },
            {
              "from_frame": 162,
              "to_frame": 163,
              "velocity_deg": 15.488359789502587,
              "new_block_offset": 9,
              "inside_release_blend": false
            },
            {
              "from_frame": 211,
              "to_frame": 212,
              "velocity_deg": 15.38419091442847,
              "new_block_offset": 8,
              "inside_release_blend": false
            }
          ],
          "release_blend_blocks_by_path": [
            {
              "start_frame": 154,
              "endpoint_distance_deg": 50.24873635169881,
              "path_distance_deg": 87.31707089872293,
              "path_to_endpoint_ratio": 1.7376968504755426,
              "peak_velocity_deg": 33.92047658174786
            },
            {
              "start_frame": 214,
              "endpoint_distance_deg": 40.712093129557715,
              "path_distance_deg": 51.15676897756665,
              "path_to_endpoint_ratio": 1.2565497139823034,
              "peak_velocity_deg": 13.88215879689943
            },
            {
              "start_frame": 164,
              "endpoint_distance_deg": 9.15383120344784,
              "path_distance_deg": 35.90893181247971,
              "path_to_endpoint_ratio": 3.9228308906280045,
              "peak_velocity_deg": 10.57637291212106
            },
            {
              "start_frame": 174,
              "endpoint_distance_deg": 27.27588399877476,
              "path_distance_deg": 28.339112391949296,
              "path_to_endpoint_ratio": 1.0389805292184957,
              "peak_velocity_deg": 10.269929984947014
            },
            {
              "start_frame": 114,
              "endpoint_distance_deg": 1.835452600772497,
              "path_distance_deg": 22.142977657189682,
              "path_to_endpoint_ratio": 12.064042213822491,
              "peak_velocity_deg": 7.4108351351221735
            },
            {
              "start_frame": 124,
              "endpoint_distance_deg": 14.39205442550034,
              "path_distance_deg": 21.245701706072296,
              "path_to_endpoint_ratio": 1.4762104893397585,
              "peak_velocity_deg": 8.7816746497387
            },
            {
              "start_frame": 104,
              "endpoint_distance_deg": 9.934770766396111,
              "path_distance_deg": 19.097371082075856,
              "path_to_endpoint_ratio": 1.9222759670179612,
              "peak_velocity_deg": 7.353578998196086
            },
            {
              "start_frame": 94,
              "endpoint_distance_deg": 6.639303648215145,
              "path_distance_deg": 17.898590261687318,
              "path_to_endpoint_ratio": 2.6958535427881847,
              "peak_velocity_deg": 5.548547729918343
            },
            {
              "start_frame": 204,
              "endpoint_distance_deg": 10.782367171913835,
              "path_distance_deg": 16.292509113741467,
              "path_to_endpoint_ratio": 1.511032675290504,
              "peak_velocity_deg": 8.216860960347992
            },
            {
              "start_frame": 74,
              "endpoint_distance_deg": 8.552934615831212,
              "path_distance_deg": 13.492694393578635,
              "path_to_endpoint_ratio": 1.5775514486693354,
              "peak_velocity_deg": 3.2387978841077643
            },
            {
              "start_frame": 54,
              "endpoint_distance_deg": 6.398414292527545,
              "path_distance_deg": 13.46190046195284,
              "path_to_endpoint_ratio": 2.103943234447082,
              "peak_velocity_deg": 3.5088534545176198
            },
            {
              "start_frame": 194,
              "endpoint_distance_deg": 8.402553157177246,
              "path_distance_deg": 13.089983781867366,
              "path_to_endpoint_ratio": 1.5578578959284817,
              "peak_velocity_deg": 4.2357070921549775
            },
            {
              "start_frame": 34,
              "endpoint_distance_deg": 1.3278969934955862,
              "path_distance_deg": 11.681999824404873,
              "path_to_endpoint_ratio": 8.797368983909596,
              "peak_velocity_deg": 4.406060397178165
            },
            {
              "start_frame": 134,
              "endpoint_distance_deg": 10.737740328222095,
              "path_distance_deg": 11.448725276418484,
              "path_to_endpoint_ratio": 1.06621364704897,
              "peak_velocity_deg": 3.8968164154653677
            },
            {
              "start_frame": 84,
              "endpoint_distance_deg": 2.1394506760853633,
              "path_distance_deg": 9.20068736856701,
              "path_to_endpoint_ratio": 4.300490528438762,
              "peak_velocity_deg": 3.32496843514939
            },
            {
              "start_frame": 184,
              "endpoint_distance_deg": 0.154745577765813,
              "path_distance_deg": 8.505381505415231,
              "path_to_endpoint_ratio": 54.963648255506236,
              "peak_velocity_deg": 2.5494390009519554
            },
            {
              "start_frame": 44,
              "endpoint_distance_deg": 1.540875842799468,
              "path_distance_deg": 6.965778416519422,
              "path_to_endpoint_ratio": 4.520661706178724,
              "peak_velocity_deg": 1.7936376986916076
            },
            {
              "start_frame": 64,
              "endpoint_distance_deg": 2.787764626595208,
              "path_distance_deg": 5.304781288297212,
              "path_to_endpoint_ratio": 1.9028799051719523,
              "peak_velocity_deg": 2.116279808478766
            },
            {
              "start_frame": 144,
              "endpoint_distance_deg": 3.0155626802620974,
              "path_distance_deg": 3.7406469505293565,
              "path_to_endpoint_ratio": 1.240447421309856,
              "peak_velocity_deg": 1.5627726215836093
            }
          ],
          "boundary_blocks_by_peak": [
            {
              "start_frame": 154,
              "end_frame": 160,
              "entry_jump_deg": 7.305903991693471,
              "path_distance_deg": 94.6229748904164,
              "endpoint_distance_deg": 42.94634106547982,
              "path_to_endpoint_ratio": 2.203283738331649,
              "peak_velocity_deg": 33.92047658174786
            },
            {
              "start_frame": 214,
              "end_frame": 220,
              "entry_jump_deg": 20.78398656154137,
              "path_distance_deg": 71.94075553910803,
              "endpoint_distance_deg": 19.996259938358275,
              "path_to_endpoint_ratio": 3.59771055991856,
              "peak_velocity_deg": 20.78398656154137
            },
            {
              "start_frame": 164,
              "end_frame": 170,
              "entry_jump_deg": 6.87396050944972,
              "path_distance_deg": 42.782892321929424,
              "endpoint_distance_deg": 10.064920136121433,
              "path_to_endpoint_ratio": 4.250693671019632,
              "peak_velocity_deg": 10.57637291212106
            },
            {
              "start_frame": 174,
              "end_frame": 180,
              "entry_jump_deg": 6.244258317522378,
              "path_distance_deg": 34.58337070947167,
              "endpoint_distance_deg": 21.300412624434056,
              "path_to_endpoint_ratio": 1.6236009752130582,
              "peak_velocity_deg": 10.269929984947014
            },
            {
              "start_frame": 204,
              "end_frame": 210,
              "entry_jump_deg": 9.449562700867652,
              "path_distance_deg": 25.74207181460912,
              "endpoint_distance_deg": 2.816290934499213,
              "path_to_endpoint_ratio": 9.140416389255792,
              "peak_velocity_deg": 9.449562700867652
            },
            {
              "start_frame": 124,
              "end_frame": 130,
              "entry_jump_deg": 2.6369503638679572,
              "path_distance_deg": 23.88265206994025,
              "endpoint_distance_deg": 16.99478079363087,
              "path_to_endpoint_ratio": 1.4052933285783096,
              "peak_velocity_deg": 8.7816746497387
            },
            {
              "start_frame": 104,
              "end_frame": 110,
              "entry_jump_deg": 7.812483298748048,
              "path_distance_deg": 26.909854380823905,
              "endpoint_distance_deg": 5.047286856984562,
              "path_to_endpoint_ratio": 5.331548442424146,
              "peak_velocity_deg": 7.812483298748048
            },
            {
              "start_frame": 114,
              "end_frame": 120,
              "entry_jump_deg": 0.8606234918459823,
              "path_distance_deg": 23.003601149035664,
              "endpoint_distance_deg": 2.310965831203084,
              "path_to_endpoint_ratio": 9.954106996493339,
              "peak_velocity_deg": 7.4108351351221735
            },
            {
              "start_frame": 134,
              "end_frame": 140,
              "entry_jump_deg": 5.956741504891023,
              "path_distance_deg": 17.40546678130951,
              "endpoint_distance_deg": 16.387317332308054,
              "path_to_endpoint_ratio": 1.0621303309355061,
              "peak_velocity_deg": 5.956741504891023
            },
            {
              "start_frame": 94,
              "end_frame": 100,
              "entry_jump_deg": 1.8008343363932209,
              "path_distance_deg": 19.69942459808054,
              "endpoint_distance_deg": 5.451329195590169,
              "path_to_endpoint_ratio": 3.6136919806670837,
              "peak_velocity_deg": 5.548547729918343
            },
            {
              "start_frame": 34,
              "end_frame": 40,
              "entry_jump_deg": 0.9236845256946016,
              "path_distance_deg": 12.605684350099473,
              "endpoint_distance_deg": 2.176438034943738,
              "path_to_endpoint_ratio": 5.791887546398873,
              "peak_velocity_deg": 4.406060397178165
            },
            {
              "start_frame": 194,
              "end_frame": 200,
              "entry_jump_deg": 3.400020333545767,
              "path_distance_deg": 16.490004115413136,
              "endpoint_distance_deg": 7.610803439499296,
              "path_to_endpoint_ratio": 2.1666574687544404,
              "peak_velocity_deg": 4.2357070921549775
            },
            {
              "start_frame": 54,
              "end_frame": 60,
              "entry_jump_deg": 2.364122898188076,
              "path_distance_deg": 15.826023360140919,
              "endpoint_distance_deg": 8.762369218205942,
              "path_to_endpoint_ratio": 1.806135186275708,
              "peak_velocity_deg": 3.5088534545176198
            },
            {
              "start_frame": 84,
              "end_frame": 90,
              "entry_jump_deg": 0.5292456377716237,
              "path_distance_deg": 9.729933006338634,
              "endpoint_distance_deg": 2.4118422217188153,
              "path_to_endpoint_ratio": 4.034232802925447,
              "peak_velocity_deg": 3.32496843514939
            },
            {
              "start_frame": 74,
              "end_frame": 80,
              "entry_jump_deg": 2.292585519668062,
              "path_distance_deg": 15.785279913246697,
              "endpoint_distance_deg": 7.509297338579732,
              "path_to_endpoint_ratio": 2.102098132690567,
              "peak_velocity_deg": 3.2387978841077643
            },
            {
              "start_frame": 184,
              "end_frame": 190,
              "entry_jump_deg": 1.9283144642217274,
              "path_distance_deg": 10.43369596963696,
              "endpoint_distance_deg": 2.0801230396494317,
              "path_to_endpoint_ratio": 5.01590327627705,
              "peak_velocity_deg": 2.5494390009519554
            },
            {
              "start_frame": 64,
              "end_frame": 70,
              "entry_jump_deg": 2.269244961808421,
              "path_distance_deg": 7.574026250105633,
              "endpoint_distance_deg": 4.677015628205164,
              "path_to_endpoint_ratio": 1.6194143556907925,
              "peak_velocity_deg": 2.269244961808421
            },
            {
              "start_frame": 44,
              "end_frame": 50,
              "entry_jump_deg": 1.1156518272242404,
              "path_distance_deg": 8.081430243743663,
              "endpoint_distance_deg": 1.2049241231435772,
              "path_to_endpoint_ratio": 6.707003444050634,
              "peak_velocity_deg": 1.7936376986916076
            },
            {
              "start_frame": 144,
              "end_frame": 150,
              "entry_jump_deg": 0.26259660821424724,
              "path_distance_deg": 4.003243558743604,
              "endpoint_distance_deg": 3.152613213811684,
              "path_to_endpoint_ratio": 1.2698175409546864,
              "peak_velocity_deg": 1.5627726215836093
            }
          ]
        },
        "ratios": {
          "excursion_p90": 0.4093097017053744,
          "velocity_rms": 0.6819921123720972,
          "velocity_p95": 0.6869373009952566
        }
      }
    }
  }
}
