/root/miniconda3/envs/diffsheg/lib/python3.9/site-packages/mmcv/__init__.py:20: UserWarning: On January 1, 2023, MMCV will release v2.0.0, in which it will remove components related to the training process and add a data transformation module. In addition, it will rename the package names mmcv to mmcv-lite and mmcv-full to mmcv. See https://github.com/open-mmlab/mmcv/blob/master/docs/en/compatibility.md for more details.
  warnings.warn(
2026-08-30 17:56:28.934 | INFO     | datasets.beat:build_cache:440 - Audio bit rate: 16000
2026-08-30 17:56:28.934 | INFO     | datasets.beat:build_cache:441 - Reading data 'data/BEAT/beat_cache/beat_4english_15_141_sync_v1/train/'...
2026-08-30 17:56:28.934 | INFO     | datasets.beat:build_cache:444 - Creating the dataset cache...
2026-08-30 17:56:28.935 | INFO     | datasets.beat:cache_generation:496 - # ---- Building cache for Pose   1_wayne_0_100_100 ---- #
2026-08-30 17:56:28.946 | INFO     | datasets.beat:cache_generation:504 - # ---- Building cache for Audio  1_wayne_0_100_100 and Pose 1_wayne_0_100_100 ---- #
2026-08-30 17:56:28.947 | INFO     | datasets.beat:cache_generation:525 - # ---- Building cache for Facial 1_wayne_0_100_100 and Pose 1_wayne_0_100_100 ---- #
2026-08-30 17:56:28.958 | INFO     | datasets.beat:cache_generation:548 - # ---- Building cache for Sem    1_wayne_0_100_100 and Pose 1_wayne_0_100_100 ---- #
2026-08-30 17:56:28.966 | INFO     | datasets.beat:_sample_from_clip:614 - audio: 57s, pose: 57s, facial: 57s
2026-08-30 17:56:28.966 | INFO     | datasets.beat:_sample_from_clip:640 - pose from frame 0 to 855, length 34
2026-08-30 17:56:28.966 | INFO     | datasets.beat:_sample_from_clip:641 - 83 clips is expected with stride 10
2026-08-30 17:56:28.966 | INFO     | datasets.beat:_sample_from_clip:650 - audio from frame 0 to 912000, length 36266
2026-08-30 17:56:29.828 | INFO     | datasets.beat:cache_generation:496 - # ---- Building cache for Pose   1_wayne_0_101_101 ---- #
2026-08-30 17:56:29.838 | INFO     | datasets.beat:cache_generation:504 - # ---- Building cache for Audio  1_wayne_0_101_101 and Pose 1_wayne_0_101_101 ---- #
2026-08-30 17:56:29.839 | INFO     | datasets.beat:cache_generation:525 - # ---- Building cache for Facial 1_wayne_0_101_101 and Pose 1_wayne_0_101_101 ---- #
2026-08-30 17:56:29.851 | INFO     | datasets.beat:cache_generation:548 - # ---- Building cache for Sem    1_wayne_0_101_101 and Pose 1_wayne_0_101_101 ---- #
2026-08-30 17:56:29.859 | INFO     | datasets.beat:_sample_from_clip:614 - audio: 60s, pose: 60s, facial: 60s
2026-08-30 17:56:29.859 | INFO     | datasets.beat:_sample_from_clip:640 - pose from frame 0 to 900, length 34
2026-08-30 17:56:29.859 | INFO     | datasets.beat:_sample_from_clip:641 - 87 clips is expected with stride 10
2026-08-30 17:56:29.859 | INFO     | datasets.beat:_sample_from_clip:650 - audio from frame 0 to 960000, length 36266
2026-08-30 17:56:30.227 | INFO     | datasets.beat:cache_generation:496 - # ---- Building cache for Pose   1_wayne_0_102_102 ---- #
2026-08-30 17:56:30.249 | INFO     | datasets.beat:cache_generation:504 - # ---- Building cache for Audio  1_wayne_0_102_102 and Pose 1_wayne_0_102_102 ---- #
2026-08-30 17:56:30.250 | INFO     | datasets.beat:cache_generation:525 - # ---- Building cache for Facial 1_wayne_0_102_102 and Pose 1_wayne_0_102_102 ---- #
2026-08-30 17:56:30.267 | INFO     | datasets.beat:cache_generation:548 - # ---- Building cache for Sem    1_wayne_0_102_102 and Pose 1_wayne_0_102_102 ---- #
2026-08-30 17:56:30.278 | INFO     | datasets.beat:_sample_from_clip:614 - audio: 58s, pose: 58s, facial: 58s
2026-08-30 17:56:30.278 | INFO     | datasets.beat:_sample_from_clip:640 - pose from frame 0 to 870, length 34
2026-08-30 17:56:30.278 | INFO     | datasets.beat:_sample_from_clip:641 - 84 clips is expected with stride 10
2026-08-30 17:56:30.278 | INFO     | datasets.beat:_sample_from_clip:650 - audio from frame 0 to 928000, length 36266
2026-08-30 17:56:30.596 | INFO     | datasets.beat:cache_generation:496 - # ---- Building cache for Pose   1_wayne_0_103_103 ---- #
2026-08-30 17:56:30.609 | INFO     | datasets.beat:cache_generation:504 - # ---- Building cache for Audio  1_wayne_0_103_103 and Pose 1_wayne_0_103_103 ---- #
2026-08-30 17:56:30.610 | INFO     | datasets.beat:cache_generation:525 - # ---- Building cache for Facial 1_wayne_0_103_103 and Pose 1_wayne_0_103_103 ---- #
2026-08-30 17:56:30.623 | INFO     | datasets.beat:cache_generation:548 - # ---- Building cache for Sem    1_wayne_0_103_103 and Pose 1_wayne_0_103_103 ---- #
2026-08-30 17:56:30.632 | INFO     | datasets.beat:_sample_from_clip:614 - audio: 69s, pose: 69s, facial: 69s
2026-08-30 17:56:30.632 | INFO     | datasets.beat:_sample_from_clip:640 - pose from frame 0 to 1035, length 34
2026-08-30 17:56:30.632 | INFO     | datasets.beat:_sample_from_clip:641 - 101 clips is expected with stride 10
2026-08-30 17:56:30.632 | INFO     | datasets.beat:_sample_from_clip:650 - audio from frame 0 to 1104000, length 36266
2026-08-30 17:56:30.997 | INFO     | datasets.beat:cache_generation:496 - # ---- Building cache for Pose   1_wayne_0_104_104 ---- #
2026-08-30 17:56:31.010 | INFO     | datasets.beat:cache_generation:504 - # ---- Building cache for Audio  1_wayne_0_104_104 and Pose 1_wayne_0_104_104 ---- #
2026-08-30 17:56:31.011 | INFO     | datasets.beat:cache_generation:525 - # ---- Building cache for Facial 1_wayne_0_104_104 and Pose 1_wayne_0_104_104 ---- #
2026-08-30 17:56:31.025 | INFO     | datasets.beat:cache_generation:548 - # ---- Building cache for Sem    1_wayne_0_104_104 and Pose 1_wayne_0_104_104 ---- #
2026-08-30 17:56:31.034 | INFO     | datasets.beat:_sample_from_clip:614 - audio: 71s, pose: 71s, facial: 71s
2026-08-30 17:56:31.034 | INFO     | datasets.beat:_sample_from_clip:640 - pose from frame 0 to 1065, length 34
2026-08-30 17:56:31.034 | INFO     | datasets.beat:_sample_from_clip:641 - 104 clips is expected with stride 10
2026-08-30 17:56:31.034 | INFO     | datasets.beat:_sample_from_clip:650 - audio from frame 0 to 1136000, length 36266
2026-08-30 17:56:31.396 | INFO     | datasets.beat:cache_generation:496 - # ---- Building cache for Pose   1_wayne_0_105_105 ---- #
2026-08-30 17:56:31.404 | INFO     | datasets.beat:cache_generation:504 - # ---- Building cache for Audio  1_wayne_0_105_105 and Pose 1_wayne_0_105_105 ---- #
2026-08-30 17:56:31.405 | INFO     | datasets.beat:cache_generation:525 - # ---- Building cache for Facial 1_wayne_0_105_105 and Pose 1_wayne_0_105_105 ---- #
2026-08-30 17:56:31.414 | INFO     | datasets.beat:cache_generation:548 - # ---- Building cache for Sem    1_wayne_0_105_105 and Pose 1_wayne_0_105_105 ---- #
2026-08-30 17:56:31.419 | INFO     | datasets.beat:_sample_from_clip:614 - audio: 46s, pose: 46s, facial: 46s
2026-08-30 17:56:31.420 | INFO     | datasets.beat:_sample_from_clip:640 - pose from frame 0 to 690, length 34
2026-08-30 17:56:31.420 | INFO     | datasets.beat:_sample_from_clip:641 - 66 clips is expected with stride 10
2026-08-30 17:56:31.420 | INFO     | datasets.beat:_sample_from_clip:650 - audio from frame 0 to 736000, length 36266
2026-08-30 17:56:31.668 | INFO     | datasets.beat:cache_generation:496 - # ---- Building cache for Pose   1_wayne_0_106_106 ---- #
2026-08-30 17:56:31.677 | INFO     | datasets.beat:cache_generation:504 - # ---- Building cache for Audio  1_wayne_0_106_106 and Pose 1_wayne_0_106_106 ---- #
2026-08-30 17:56:31.677 | INFO     | datasets.beat:cache_generation:525 - # ---- Building cache for Facial 1_wayne_0_106_106 and Pose 1_wayne_0_106_106 ---- #
2026-08-30 17:56:31.686 | INFO     | datasets.beat:cache_generation:548 - # ---- Building cache for Sem    1_wayne_0_106_106 and Pose 1_wayne_0_106_106 ---- #
2026-08-30 17:56:31.692 | INFO     | datasets.beat:_sample_from_clip:614 - audio: 46s, pose: 46s, facial: 46s
2026-08-30 17:56:31.692 | INFO     | datasets.beat:_sample_from_clip:640 - pose from frame 0 to 690, length 34
2026-08-30 17:56:31.692 | INFO     | datasets.beat:_sample_from_clip:641 - 66 clips is expected with stride 10
2026-08-30 17:56:31.692 | INFO     | datasets.beat:_sample_from_clip:650 - audio from frame 0 to 736000, length 36266
2026-08-30 17:56:31.983 | INFO     | datasets.beat:cache_generation:496 - # ---- Building cache for Pose   1_wayne_0_107_107 ---- #
2026-08-30 17:56:31.995 | INFO     | datasets.beat:cache_generation:504 - # ---- Building cache for Audio  1_wayne_0_107_107 and Pose 1_wayne_0_107_107 ---- #
2026-08-30 17:56:31.996 | INFO     | datasets.beat:cache_generation:525 - # ---- Building cache for Facial 1_wayne_0_107_107 and Pose 1_wayne_0_107_107 ---- #
2026-08-30 17:56:32.008 | INFO     | datasets.beat:cache_generation:548 - # ---- Building cache for Sem    1_wayne_0_107_107 and Pose 1_wayne_0_107_107 ---- #
2026-08-30 17:56:32.016 | INFO     | datasets.beat:_sample_from_clip:614 - audio: 44s, pose: 44s, facial: 44s
2026-08-30 17:56:32.016 | INFO     | datasets.beat:_sample_from_clip:640 - pose from frame 0 to 660, length 34
2026-08-30 17:56:32.016 | INFO     | datasets.beat:_sample_from_clip:641 - 63 clips is expected with stride 10
2026-08-30 17:56:32.016 | INFO     | datasets.beat:_sample_from_clip:650 - audio from frame 0 to 704000, length 36266
2026-08-30 17:56:32.238 | INFO     | datasets.beat:cache_generation:496 - # ---- Building cache for Pose   1_wayne_0_108_108 ---- #
2026-08-30 17:56:32.249 | INFO     | datasets.beat:cache_generation:504 - # ---- Building cache for Audio  1_wayne_0_108_108 and Pose 1_wayne_0_108_108 ---- #
2026-08-30 17:56:32.250 | INFO     | datasets.beat:cache_generation:525 - # ---- Building cache for Facial 1_wayne_0_108_108 and Pose 1_wayne_0_108_108 ---- #
2026-08-30 17:56:32.261 | INFO     | datasets.beat:cache_generation:548 - # ---- Building cache for Sem    1_wayne_0_108_108 and Pose 1_wayne_0_108_108 ---- #
2026-08-30 17:56:32.268 | INFO     | datasets.beat:_sample_from_clip:614 - audio: 56s, pose: 56s, facial: 56s
2026-08-30 17:56:32.268 | INFO     | datasets.beat:_sample_from_clip:640 - pose from frame 0 to 840, length 34
2026-08-30 17:56:32.268 | INFO     | datasets.beat:_sample_from_clip:641 - 81 clips is expected with stride 10
2026-08-30 17:56:32.268 | INFO     | datasets.beat:_sample_from_clip:650 - audio from frame 0 to 896000, length 36266
2026-08-30 17:56:32.536 | INFO     | datasets.beat:cache_generation:496 - # ---- Building cache for Pose   1_wayne_0_109_109 ---- #
2026-08-30 17:56:32.545 | INFO     | datasets.beat:cache_generation:504 - # ---- Building cache for Audio  1_wayne_0_109_109 and Pose 1_wayne_0_109_109 ---- #
2026-08-30 17:56:32.545 | INFO     | datasets.beat:cache_generation:525 - # ---- Building cache for Facial 1_wayne_0_109_109 and Pose 1_wayne_0_109_109 ---- #
2026-08-30 17:56:32.555 | INFO     | datasets.beat:cache_generation:548 - # ---- Building cache for Sem    1_wayne_0_109_109 and Pose 1_wayne_0_109_109 ---- #
2026-08-30 17:56:32.561 | INFO     | datasets.beat:_sample_from_clip:614 - audio: 48s, pose: 48s, facial: 48s
2026-08-30 17:56:32.561 | INFO     | datasets.beat:_sample_from_clip:640 - pose from frame 0 to 720, length 34
2026-08-30 17:56:32.561 | INFO     | datasets.beat:_sample_from_clip:641 - 69 clips is expected with stride 10
2026-08-30 17:56:32.561 | INFO     | datasets.beat:_sample_from_clip:650 - audio from frame 0 to 768000, length 36266
2026-08-30 17:56:32.793 | INFO     | datasets.beat:cache_generation:496 - # ---- Building cache for Pose   1_wayne_0_10_10 ---- #
2026-08-30 17:56:32.804 | INFO     | datasets.beat:cache_generation:504 - # ---- Building cache for Audio  1_wayne_0_10_10 and Pose 1_wayne_0_10_10 ---- #
2026-08-30 17:56:32.805 | INFO     | datasets.beat:cache_generation:525 - # ---- Building cache for Facial 1_wayne_0_10_10 and Pose 1_wayne_0_10_10 ---- #
2026-08-30 17:56:32.951 | INFO     | datasets.beat:cache_generation:548 - # ---- Building cache for Sem    1_wayne_0_10_10 and Pose 1_wayne_0_10_10 ---- #
2026-08-30 17:56:32.959 | INFO     | datasets.beat:_sample_from_clip:614 - audio: 60s, pose: 60s, facial: 60s
2026-08-30 17:56:32.959 | INFO     | datasets.beat:_sample_from_clip:640 - pose from frame 0 to 900, length 34
2026-08-30 17:56:32.959 | INFO     | datasets.beat:_sample_from_clip:641 - 87 clips is expected with stride 10
2026-08-30 17:56:32.959 | INFO     | datasets.beat:_sample_from_clip:650 - audio from frame 0 to 960000, length 36266
2026-08-30 17:56:33.253 | INFO     | datasets.beat:cache_generation:496 - # ---- Building cache for Pose   1_wayne_0_110_110 ---- #
2026-08-30 17:56:33.262 | INFO     | datasets.beat:cache_generation:504 - # ---- Building cache for Audio  1_wayne_0_110_110 and Pose 1_wayne_0_110_110 ---- #
2026-08-30 17:56:33.262 | INFO     | datasets.beat:cache_generation:525 - # ---- Building cache for Facial 1_wayne_0_110_110 and Pose 1_wayne_0_110_110 ---- #
2026-08-30 17:56:33.271 | INFO     | datasets.beat:cache_generation:548 - # ---- Building cache for Sem    1_wayne_0_110_110 and Pose 1_wayne_0_110_110 ---- #
2026-08-30 17:56:33.277 | INFO     | datasets.beat:_sample_from_clip:614 - audio: 45s, pose: 45s, facial: 45s
2026-08-30 17:56:33.277 | INFO     | datasets.beat:_sample_from_clip:640 - pose from frame 0 to 675, length 34
2026-08-30 17:56:33.277 | INFO     | datasets.beat:_sample_from_clip:641 - 65 clips is expected with stride 10
2026-08-30 17:56:33.277 | INFO     | datasets.beat:_sample_from_clip:650 - audio from frame 0 to 720000, length 36266
2026-08-30 17:56:33.549 | INFO     | datasets.beat:cache_generation:496 - # ---- Building cache for Pose   1_wayne_0_111_111 ---- #
2026-08-30 17:56:33.560 | INFO     | datasets.beat:cache_generation:504 - # ---- Building cache for Audio  1_wayne_0_111_111 and Pose 1_wayne_0_111_111 ---- #
2026-08-30 17:56:33.561 | INFO     | datasets.beat:cache_generation:525 - # ---- Building cache for Facial 1_wayne_0_111_111 and Pose 1_wayne_0_111_111 ---- #
2026-08-30 17:56:33.573 | INFO     | datasets.beat:cache_generation:548 - # ---- Building cache for Sem    1_wayne_0_111_111 and Pose 1_wayne_0_111_111 ---- #
2026-08-30 17:56:33.581 | INFO     | datasets.beat:_sample_from_clip:614 - audio: 63s, pose: 63s, facial: 63s
2026-08-30 17:56:33.582 | INFO     | datasets.beat:_sample_from_clip:640 - pose from frame 0 to 945, length 34
2026-08-30 17:56:33.582 | INFO     | datasets.beat:_sample_from_clip:641 - 92 clips is expected with stride 10
2026-08-30 17:56:33.582 | INFO     | datasets.beat:_sample_from_clip:650 - audio from frame 0 to 1008000, length 36266
2026-08-30 17:56:33.897 | INFO     | datasets.beat:cache_generation:496 - # ---- Building cache for Pose   1_wayne_0_112_112 ---- #
2026-08-30 17:56:33.907 | INFO     | datasets.beat:cache_generation:504 - # ---- Building cache for Audio  1_wayne_0_112_112 and Pose 1_wayne_0_112_112 ---- #
2026-08-30 17:56:33.908 | INFO     | datasets.beat:cache_generation:525 - # ---- Building cache for Facial 1_wayne_0_112_112 and Pose 1_wayne_0_112_112 ---- #
2026-08-30 17:56:33.920 | INFO     | datasets.beat:cache_generation:548 - # ---- Building cache for Sem    1_wayne_0_112_112 and Pose 1_wayne_0_112_112 ---- #
2026-08-30 17:56:33.928 | INFO     | datasets.beat:_sample_from_clip:614 - audio: 58s, pose: 58s, facial: 58s
2026-08-30 17:56:33.928 | INFO     | datasets.beat:_sample_from_clip:640 - pose from frame 0 to 870, length 34
2026-08-30 17:56:33.928 | INFO     | datasets.beat:_sample_from_clip:641 - 84 clips is expected with stride 10
2026-08-30 17:56:33.928 | INFO     | datasets.beat:_sample_from_clip:650 - audio from frame 0 to 928000, length 36266
2026-08-30 17:56:34.216 | INFO     | datasets.beat:cache_generation:496 - # ---- Building cache for Pose   1_wayne_0_113_113 ---- #
2026-08-30 17:56:34.224 | INFO     | datasets.beat:cache_generation:504 - # ---- Building cache for Audio  1_wayne_0_113_113 and Pose 1_wayne_0_113_113 ---- #
2026-08-30 17:56:34.225 | INFO     | datasets.beat:cache_generation:525 - # ---- Building cache for Facial 1_wayne_0_113_113 and Pose 1_wayne_0_113_113 ---- #
2026-08-30 17:56:34.233 | INFO     | datasets.beat:cache_generation:548 - # ---- Building cache for Sem    1_wayne_0_113_113 and Pose 1_wayne_0_113_113 ---- #
2026-08-30 17:56:34.239 | INFO     | datasets.beat:_sample_from_clip:614 - audio: 41s, pose: 41s, facial: 41s
2026-08-30 17:56:34.239 | INFO     | datasets.beat:_sample_from_clip:640 - pose from frame 0 to 615, length 34
2026-08-30 17:56:34.239 | INFO     | datasets.beat:_sample_from_clip:641 - 59 clips is expected with stride 10
2026-08-30 17:56:34.239 | INFO     | datasets.beat:_sample_from_clip:650 - audio from frame 0 to 656000, length 36266
2026-08-30 17:56:34.447 | INFO     | datasets.beat:cache_generation:496 - # ---- Building cache for Pose   1_wayne_0_114_114 ---- #
2026-08-30 17:56:34.457 | INFO     | datasets.beat:cache_generation:504 - # ---- Building cache for Audio  1_wayne_0_114_114 and Pose 1_wayne_0_114_114 ---- #
2026-08-30 17:56:34.458 | INFO     | datasets.beat:cache_generation:525 - # ---- Building cache for Facial 1_wayne_0_114_114 and Pose 1_wayne_0_114_114 ---- #
2026-08-30 17:56:34.469 | INFO     | datasets.beat:cache_generation:548 - # ---- Building cache for Sem    1_wayne_0_114_114 and Pose 1_wayne_0_114_114 ---- #
2026-08-30 17:56:34.476 | INFO     | datasets.beat:_sample_from_clip:614 - audio: 56s, pose: 56s, facial: 56s
2026-08-30 17:56:34.476 | INFO     | datasets.beat:_sample_from_clip:640 - pose from frame 0 to 840, length 34
2026-08-30 17:56:34.476 | INFO     | datasets.beat:_sample_from_clip:641 - 81 clips is expected with stride 10
2026-08-30 17:56:34.476 | INFO     | datasets.beat:_sample_from_clip:650 - audio from frame 0 to 896000, length 36266
2026-08-30 17:56:34.758 | INFO     | datasets.beat:cache_generation:496 - # ---- Building cache for Pose   1_wayne_0_115_115 ---- #
2026-08-30 17:56:34.770 | INFO     | datasets.beat:cache_generation:504 - # ---- Building cache for Audio  1_wayne_0_115_115 and Pose 1_wayne_0_115_115 ---- #
2026-08-30 17:56:34.771 | INFO     | datasets.beat:cache_generation:525 - # ---- Building cache for Facial 1_wayne_0_115_115 and Pose 1_wayne_0_115_115 ---- #
2026-08-30 17:56:34.783 | INFO     | datasets.beat:cache_generation:548 - # ---- Building cache for Sem    1_wayne_0_115_115 and Pose 1_wayne_0_115_115 ---- #
2026-08-30 17:56:34.791 | INFO     | datasets.beat:_sample_from_clip:614 - audio: 63s, pose: 63s, facial: 63s
2026-08-30 17:56:34.791 | INFO     | datasets.beat:_sample_from_clip:640 - pose from frame 0 to 945, length 34
2026-08-30 17:56:34.791 | INFO     | datasets.beat:_sample_from_clip:641 - 92 clips is expected with stride 10
2026-08-30 17:56:34.791 | INFO     | datasets.beat:_sample_from_clip:650 - audio from frame 0 to 1008000, length 36266
2026-08-30 17:56:35.110 | INFO     | datasets.beat:cache_generation:496 - # ---- Building cache for Pose   1_wayne_0_116_116 ---- #
2026-08-30 17:56:35.123 | INFO     | datasets.beat:cache_generation:504 - # ---- Building cache for Audio  1_wayne_0_116_116 and Pose 1_wayne_0_116_116 ---- #
2026-08-30 17:56:35.125 | INFO     | datasets.beat:cache_generation:525 - # ---- Building cache for Facial 1_wayne_0_116_116 and Pose 1_wayne_0_116_116 ---- #
2026-08-30 17:56:35.140 | INFO     | datasets.beat:cache_generation:548 - # ---- Building cache for Sem    1_wayne_0_116_116 and Pose 1_wayne_0_116_116 ---- #
2026-08-30 17:56:35.151 | INFO     | datasets.beat:_sample_from_clip:614 - audio: 75s, pose: 75s, facial: 75s
2026-08-30 17:56:35.151 | INFO     | datasets.beat:_sample_from_clip:640 - pose from frame 0 to 1125, length 34
2026-08-30 17:56:35.151 | INFO     | datasets.beat:_sample_from_clip:641 - 110 clips is expected with stride 10
2026-08-30 17:56:35.151 | INFO     | datasets.beat:_sample_from_clip:650 - audio from frame 0 to 1200000, length 36266
2026-08-30 17:56:35.527 | INFO     | datasets.beat:cache_generation:496 - # ---- Building cache for Pose   1_wayne_0_117_117 ---- #
2026-08-30 17:56:35.535 | INFO     | datasets.beat:cache_generation:504 - # ---- Building cache for Audio  1_wayne_0_117_117 and Pose 1_wayne_0_117_117 ---- #
2026-08-30 17:56:35.536 | INFO     | datasets.beat:cache_generation:525 - # ---- Building cache for Facial 1_wayne_0_117_117 and Pose 1_wayne_0_117_117 ---- #
2026-08-30 17:56:35.544 | INFO     | datasets.beat:cache_generation:548 - # ---- Building cache for Sem    1_wayne_0_117_117 and Pose 1_wayne_0_117_117 ---- #
2026-08-30 17:56:35.549 | INFO     | datasets.beat:_sample_from_clip:614 - audio: 41s, pose: 41s, facial: 41s
2026-08-30 17:56:35.549 | INFO     | datasets.beat:_sample_from_clip:640 - pose from frame 0 to 615, length 34
2026-08-30 17:56:35.550 | INFO     | datasets.beat:_sample_from_clip:641 - 59 clips is expected with stride 10
2026-08-30 17:56:35.550 | INFO     | datasets.beat:_sample_from_clip:650 - audio from frame 0 to 656000, length 36266
2026-08-30 17:56:35.752 | INFO     | datasets.beat:cache_generation:496 - # ---- Building cache for Pose   1_wayne_0_118_118 ---- #
2026-08-30 17:56:35.760 | INFO     | datasets.beat:cache_generation:504 - # ---- Building cache for Audio  1_wayne_0_118_118 and Pose 1_wayne_0_118_118 ---- #
2026-08-30 17:56:35.760 | INFO     | datasets.beat:cache_generation:525 - # ---- Building cache for Facial 1_wayne_0_118_118 and Pose 1_wayne_0_118_118 ---- #
2026-08-30 17:56:35.769 | INFO     | datasets.beat:cache_generation:548 - # ---- Building cache for Sem    1_wayne_0_118_118 and Pose 1_wayne_0_118_118 ---- #
2026-08-30 17:56:35.774 | INFO     | datasets.beat:_sample_from_clip:614 - audio: 43s, pose: 47s, facial: 43s
2026-08-30 17:56:35.775 | WARNING  | datasets.beat:_sample_from_clip:618 - reduce to 43s, ignore 4s
2026-08-30 17:56:35.775 | INFO     | datasets.beat:_sample_from_clip:640 - pose from frame 0 to 645, length 34
2026-08-30 17:56:35.775 | INFO     | datasets.beat:_sample_from_clip:641 - 62 clips is expected with stride 10
2026-08-30 17:56:35.775 | INFO     | datasets.beat:_sample_from_clip:650 - audio from frame 0 to 688000, length 36266
2026-08-30 17:56:35.988 | INFO     | datasets.beat:cache_generation:496 - # ---- Building cache for Pose   1_wayne_0_11_11 ---- #
2026-08-30 17:56:35.999 | INFO     | datasets.beat:cache_generation:504 - # ---- Building cache for Audio  1_wayne_0_11_11 and Pose 1_wayne_0_11_11 ---- #
2026-08-30 17:56:36.000 | INFO     | datasets.beat:cache_generation:525 - # ---- Building cache for Facial 1_wayne_0_11_11 and Pose 1_wayne_0_11_11 ---- #
2026-08-30 17:56:36.012 | INFO     | datasets.beat:cache_generation:548 - # ---- Building cache for Sem    1_wayne_0_11_11 and Pose 1_wayne_0_11_11 ---- #
2026-08-30 17:56:36.020 | INFO     | datasets.beat:_sample_from_clip:614 - audio: 62s, pose: 62s, facial: 62s
2026-08-30 17:56:36.020 | INFO     | datasets.beat:_sample_from_clip:640 - pose from frame 0 to 930, length 34
2026-08-30 17:56:36.020 | INFO     | datasets.beat:_sample_from_clip:641 - 90 clips is expected with stride 10
2026-08-30 17:56:36.020 | INFO     | datasets.beat:_sample_from_clip:650 - audio from frame 0 to 992000, length 36266
2026-08-30 17:56:36.328 | INFO     | datasets.beat:cache_generation:496 - # ---- Building cache for Pose   1_wayne_0_12_12 ---- #
2026-08-30 17:56:36.340 | INFO     | datasets.beat:cache_generation:504 - # ---- Building cache for Audio  1_wayne_0_12_12 and Pose 1_wayne_0_12_12 ---- #
2026-08-30 17:56:36.341 | INFO     | datasets.beat:cache_generation:525 - # ---- Building cache for Facial 1_wayne_0_12_12 and Pose 1_wayne_0_12_12 ---- #
2026-08-30 17:56:36.354 | INFO     | datasets.beat:cache_generation:548 - # ---- Building cache for Sem    1_wayne_0_12_12 and Pose 1_wayne_0_12_12 ---- #
2026-08-30 17:56:36.363 | INFO     | datasets.beat:_sample_from_clip:614 - audio: 68s, pose: 68s, facial: 68s
2026-08-30 17:56:36.363 | INFO     | datasets.beat:_sample_from_clip:640 - pose from frame 0 to 1020, length 34
2026-08-30 17:56:36.364 | INFO     | datasets.beat:_sample_from_clip:641 - 99 clips is expected with stride 10
2026-08-30 17:56:36.364 | INFO     | datasets.beat:_sample_from_clip:650 - audio from frame 0 to 1088000, length 36266
2026-08-30 17:56:36.715 | INFO     | datasets.beat:cache_generation:496 - # ---- Building cache for Pose   1_wayne_0_13_13 ---- #
2026-08-30 17:56:36.728 | INFO     | datasets.beat:cache_generation:504 - # ---- Building cache for Audio  1_wayne_0_13_13 and Pose 1_wayne_0_13_13 ---- #
2026-08-30 17:56:36.729 | INFO     | datasets.beat:cache_generation:525 - # ---- Building cache for Facial 1_wayne_0_13_13 and Pose 1_wayne_0_13_13 ---- #
2026-08-30 17:56:36.742 | INFO     | datasets.beat:cache_generation:548 - # ---- Building cache for Sem    1_wayne_0_13_13 and Pose 1_wayne_0_13_13 ---- #
2026-08-30 17:56:36.750 | INFO     | datasets.beat:_sample_from_clip:614 - audio: 68s, pose: 68s, facial: 68s
2026-08-30 17:56:36.751 | INFO     | datasets.beat:_sample_from_clip:640 - pose from frame 0 to 1020, length 34
2026-08-30 17:56:36.751 | INFO     | datasets.beat:_sample_from_clip:641 - 99 clips is expected with stride 10
2026-08-30 17:56:36.751 | INFO     | datasets.beat:_sample_from_clip:650 - audio from frame 0 to 1088000, length 36266
2026-08-30 17:56:37.083 | INFO     | datasets.beat:cache_generation:496 - # ---- Building cache for Pose   1_wayne_0_14_14 ---- #
2026-08-30 17:56:37.096 | INFO     | datasets.beat:cache_generation:504 - # ---- Building cache for Audio  1_wayne_0_14_14 and Pose 1_wayne_0_14_14 ---- #
2026-08-30 17:56:37.097 | INFO     | datasets.beat:cache_generation:525 - # ---- Building cache for Facial 1_wayne_0_14_14 and Pose 1_wayne_0_14_14 ---- #
2026-08-30 17:56:37.111 | INFO     | datasets.beat:cache_generation:548 - # ---- Building cache for Sem    1_wayne_0_14_14 and Pose 1_wayne_0_14_14 ---- #
2026-08-30 17:56:37.121 | INFO     | datasets.beat:_sample_from_clip:614 - audio: 73s, pose: 73s, facial: 73s
2026-08-30 17:56:37.121 | INFO     | datasets.beat:_sample_from_clip:640 - pose from frame 0 to 1095, length 34
2026-08-30 17:56:37.121 | INFO     | datasets.beat:_sample_from_clip:641 - 107 clips is expected with stride 10
2026-08-30 17:56:37.121 | INFO     | datasets.beat:_sample_from_clip:650 - audio from frame 0 to 1168000, length 36266
2026-08-30 17:56:37.484 | INFO     | datasets.beat:cache_generation:496 - # ---- Building cache for Pose   1_wayne_0_15_15 ---- #
2026-08-30 17:56:37.499 | INFO     | datasets.beat:cache_generation:504 - # ---- Building cache for Audio  1_wayne_0_15_15 and Pose 1_wayne_0_15_15 ---- #
2026-08-30 17:56:37.500 | INFO     | datasets.beat:cache_generation:525 - # ---- Building cache for Facial 1_wayne_0_15_15 and Pose 1_wayne_0_15_15 ---- #
2026-08-30 17:56:37.516 | INFO     | datasets.beat:cache_generation:548 - # ---- Building cache for Sem    1_wayne_0_15_15 and Pose 1_wayne_0_15_15 ---- #
2026-08-30 17:56:37.526 | INFO     | datasets.beat:_sample_from_clip:614 - audio: 82s, pose: 82s, facial: 82s
2026-08-30 17:56:37.527 | INFO     | datasets.beat:_sample_from_clip:640 - pose from frame 0 to 1230, length 34
2026-08-30 17:56:37.527 | INFO     | datasets.beat:_sample_from_clip:641 - 120 clips is expected with stride 10
2026-08-30 17:56:37.527 | INFO     | datasets.beat:_sample_from_clip:650 - audio from frame 0 to 1312000, length 36266
2026-08-30 17:56:37.954 | INFO     | datasets.beat:cache_generation:496 - # ---- Building cache for Pose   1_wayne_0_16_16 ---- #
2026-08-30 17:56:37.967 | INFO     | datasets.beat:cache_generation:504 - # ---- Building cache for Audio  1_wayne_0_16_16 and Pose 1_wayne_0_16_16 ---- #
2026-08-30 17:56:37.968 | INFO     | datasets.beat:cache_generation:525 - # ---- Building cache for Facial 1_wayne_0_16_16 and Pose 1_wayne_0_16_16 ---- #
2026-08-30 17:56:37.982 | INFO     | datasets.beat:cache_generation:548 - # ---- Building cache for Sem    1_wayne_0_16_16 and Pose 1_wayne_0_16_16 ---- #
2026-08-30 17:56:37.992 | INFO     | datasets.beat:_sample_from_clip:614 - audio: 72s, pose: 72s, facial: 72s
2026-08-30 17:56:37.992 | INFO     | datasets.beat:_sample_from_clip:640 - pose from frame 0 to 1080, length 34
2026-08-30 17:56:37.992 | INFO     | datasets.beat:_sample_from_clip:641 - 105 clips is expected with stride 10
2026-08-30 17:56:37.992 | INFO     | datasets.beat:_sample_from_clip:650 - audio from frame 0 to 1152000, length 36266
2026-08-30 17:56:38.412 | INFO     | datasets.beat:cache_generation:496 - # ---- Building cache for Pose   1_wayne_0_17_17 ---- #
2026-08-30 17:56:38.427 | INFO     | datasets.beat:cache_generation:504 - # ---- Building cache for Audio  1_wayne_0_17_17 and Pose 1_wayne_0_17_17 ---- #
2026-08-30 17:56:38.428 | INFO     | datasets.beat:cache_generation:525 - # ---- Building cache for Facial 1_wayne_0_17_17 and Pose 1_wayne_0_17_17 ---- #
2026-08-30 17:56:38.444 | INFO     | datasets.beat:cache_generation:548 - # ---- Building cache for Sem    1_wayne_0_17_17 and Pose 1_wayne_0_17_17 ---- #
2026-08-30 17:56:38.454 | INFO     | datasets.beat:_sample_from_clip:614 - audio: 67s, pose: 67s, facial: 67s
2026-08-30 17:56:38.454 | INFO     | datasets.beat:_sample_from_clip:640 - pose from frame 0 to 1005, length 34
2026-08-30 17:56:38.454 | INFO     | datasets.beat:_sample_from_clip:641 - 98 clips is expected with stride 10
2026-08-30 17:56:38.454 | INFO     | datasets.beat:_sample_from_clip:650 - audio from frame 0 to 1072000, length 36266
2026-08-30 17:56:38.821 | INFO     | datasets.beat:cache_generation:496 - # ---- Building cache for Pose   1_wayne_0_18_18 ---- #
2026-08-30 17:56:38.832 | INFO     | datasets.beat:cache_generation:504 - # ---- Building cache for Audio  1_wayne_0_18_18 and Pose 1_wayne_0_18_18 ---- #
2026-08-30 17:56:38.833 | INFO     | datasets.beat:cache_generation:525 - # ---- Building cache for Facial 1_wayne_0_18_18 and Pose 1_wayne_0_18_18 ---- #
2026-08-30 17:56:38.845 | INFO     | datasets.beat:cache_generation:548 - # ---- Building cache for Sem    1_wayne_0_18_18 and Pose 1_wayne_0_18_18 ---- #
2026-08-30 17:56:38.852 | INFO     | datasets.beat:_sample_from_clip:614 - audio: 62s, pose: 62s, facial: 62s
2026-08-30 17:56:38.853 | INFO     | datasets.beat:_sample_from_clip:640 - pose from frame 0 to 930, length 34
2026-08-30 17:56:38.853 | INFO     | datasets.beat:_sample_from_clip:641 - 90 clips is expected with stride 10
2026-08-30 17:56:38.853 | INFO     | datasets.beat:_sample_from_clip:650 - audio from frame 0 to 992000, length 36266
2026-08-30 17:56:39.235 | INFO     | datasets.beat:cache_generation:496 - # ---- Building cache for Pose   1_wayne_0_19_19 ---- #
2026-08-30 17:56:39.255 | INFO     | datasets.beat:cache_generation:504 - # ---- Building cache for Audio  1_wayne_0_19_19 and Pose 1_wayne_0_19_19 ---- #
2026-08-30 17:56:39.256 | INFO     | datasets.beat:cache_generation:525 - # ---- Building cache for Facial 1_wayne_0_19_19 and Pose 1_wayne_0_19_19 ---- #
2026-08-30 17:56:39.276 | INFO     | datasets.beat:cache_generation:548 - # ---- Building cache for Sem    1_wayne_0_19_19 and Pose 1_wayne_0_19_19 ---- #
2026-08-30 17:56:39.287 | INFO     | datasets.beat:_sample_from_clip:614 - audio: 71s, pose: 71s, facial: 71s
2026-08-30 17:56:39.287 | INFO     | datasets.beat:_sample_from_clip:640 - pose from frame 0 to 1065, length 34
2026-08-30 17:56:39.287 | INFO     | datasets.beat:_sample_from_clip:641 - 104 clips is expected with stride 10
2026-08-30 17:56:39.287 | INFO     | datasets.beat:_sample_from_clip:650 - audio from frame 0 to 1136000, length 36266
2026-08-30 17:56:39.694 | INFO     | datasets.beat:cache_generation:496 - # ---- Building cache for Pose   1_wayne_0_1_1 ---- #
2026-08-30 17:56:39.707 | INFO     | datasets.beat:cache_generation:504 - # ---- Building cache for Audio  1_wayne_0_1_1 and Pose 1_wayne_0_1_1 ---- #
2026-08-30 17:56:39.708 | INFO     | datasets.beat:cache_generation:525 - # ---- Building cache for Facial 1_wayne_0_1_1 and Pose 1_wayne_0_1_1 ---- #
2026-08-30 17:56:39.721 | INFO     | datasets.beat:cache_generation:548 - # ---- Building cache for Sem    1_wayne_0_1_1 and Pose 1_wayne_0_1_1 ---- #
2026-08-30 17:56:39.730 | INFO     | datasets.beat:_sample_from_clip:614 - audio: 69s, pose: 69s, facial: 69s
2026-08-30 17:56:39.730 | INFO     | datasets.beat:_sample_from_clip:640 - pose from frame 0 to 1035, length 34
2026-08-30 17:56:39.730 | INFO     | datasets.beat:_sample_from_clip:641 - 101 clips is expected with stride 10
2026-08-30 17:56:39.730 | INFO     | datasets.beat:_sample_from_clip:650 - audio from frame 0 to 1104000, length 36266
2026-08-30 17:56:40.059 | INFO     | datasets.beat:cache_generation:496 - # ---- Building cache for Pose   1_wayne_0_20_20 ---- #
2026-08-30 17:56:40.071 | INFO     | datasets.beat:cache_generation:504 - # ---- Building cache for Audio  1_wayne_0_20_20 and Pose 1_wayne_0_20_20 ---- #
2026-08-30 17:56:40.072 | INFO     | datasets.beat:cache_generation:525 - # ---- Building cache for Facial 1_wayne_0_20_20 and Pose 1_wayne_0_20_20 ---- #
2026-08-30 17:56:40.084 | INFO     | datasets.beat:cache_generation:548 - # ---- Building cache for Sem    1_wayne_0_20_20 and Pose 1_wayne_0_20_20 ---- #
2026-08-30 17:56:40.092 | INFO     | datasets.beat:_sample_from_clip:614 - audio: 63s, pose: 63s, facial: 63s
2026-08-30 17:56:40.092 | INFO     | datasets.beat:_sample_from_clip:640 - pose from frame 0 to 945, length 34
2026-08-30 17:56:40.092 | INFO     | datasets.beat:_sample_from_clip:641 - 92 clips is expected with stride 10
2026-08-30 17:56:40.092 | INFO     | datasets.beat:_sample_from_clip:650 - audio from frame 0 to 1008000, length 36266
2026-08-30 17:56:40.399 | INFO     | datasets.beat:cache_generation:496 - # ---- Building cache for Pose   1_wayne_0_21_21 ---- #
2026-08-30 17:56:40.411 | INFO     | datasets.beat:cache_generation:504 - # ---- Building cache for Audio  1_wayne_0_21_21 and Pose 1_wayne_0_21_21 ---- #
2026-08-30 17:56:40.412 | INFO     | datasets.beat:cache_generation:525 - # ---- Building cache for Facial 1_wayne_0_21_21 and Pose 1_wayne_0_21_21 ---- #
2026-08-30 17:56:40.426 | INFO     | datasets.beat:cache_generation:548 - # ---- Building cache for Sem    1_wayne_0_21_21 and Pose 1_wayne_0_21_21 ---- #
2026-08-30 17:56:40.433 | INFO     | datasets.beat:_sample_from_clip:614 - audio: 68s, pose: 68s, facial: 68s
2026-08-30 17:56:40.433 | INFO     | datasets.beat:_sample_from_clip:640 - pose from frame 0 to 1020, length 34
2026-08-30 17:56:40.434 | INFO     | datasets.beat:_sample_from_clip:641 - 99 clips is expected with stride 10
2026-08-30 17:56:40.434 | INFO     | datasets.beat:_sample_from_clip:650 - audio from frame 0 to 1088000, length 36266
2026-08-30 17:56:40.770 | INFO     | datasets.beat:cache_generation:496 - # ---- Building cache for Pose   1_wayne_0_22_22 ---- #
2026-08-30 17:56:40.783 | INFO     | datasets.beat:cache_generation:504 - # ---- Building cache for Audio  1_wayne_0_22_22 and Pose 1_wayne_0_22_22 ---- #
2026-08-30 17:56:40.784 | INFO     | datasets.beat:cache_generation:525 - # ---- Building cache for Facial 1_wayne_0_22_22 and Pose 1_wayne_0_22_22 ---- #
2026-08-30 17:56:40.798 | INFO     | datasets.beat:cache_generation:548 - # ---- Building cache for Sem    1_wayne_0_22_22 and Pose 1_wayne_0_22_22 ---- #
2026-08-30 17:56:40.805 | INFO     | datasets.beat:_sample_from_clip:614 - audio: 72s, pose: 72s, facial: 72s
2026-08-30 17:56:40.805 | INFO     | datasets.beat:_sample_from_clip:640 - pose from frame 0 to 1080, length 34
2026-08-30 17:56:40.805 | INFO     | datasets.beat:_sample_from_clip:641 - 105 clips is expected with stride 10
2026-08-30 17:56:40.806 | INFO     | datasets.beat:_sample_from_clip:650 - audio from frame 0 to 1152000, length 36266
2026-08-30 17:56:41.163 | INFO     | datasets.beat:cache_generation:496 - # ---- Building cache for Pose   1_wayne_0_23_23 ---- #
2026-08-30 17:56:41.177 | INFO     | datasets.beat:cache_generation:504 - # ---- Building cache for Audio  1_wayne_0_23_23 and Pose 1_wayne_0_23_23 ---- #
2026-08-30 17:56:41.179 | INFO     | datasets.beat:cache_generation:525 - # ---- Building cache for Facial 1_wayne_0_23_23 and Pose 1_wayne_0_23_23 ---- #
2026-08-30 17:56:41.191 | INFO     | datasets.beat:cache_generation:548 - # ---- Building cache for Sem    1_wayne_0_23_23 and Pose 1_wayne_0_23_23 ---- #
2026-08-30 17:56:41.198 | INFO     | datasets.beat:_sample_from_clip:614 - audio: 63s, pose: 63s, facial: 63s
2026-08-30 17:56:41.198 | INFO     | datasets.beat:_sample_from_clip:640 - pose from frame 0 to 945, length 34
2026-08-30 17:56:41.198 | INFO     | datasets.beat:_sample_from_clip:641 - 92 clips is expected with stride 10
2026-08-30 17:56:41.198 | INFO     | datasets.beat:_sample_from_clip:650 - audio from frame 0 to 1008000, length 36266
2026-08-30 17:56:41.501 | INFO     | datasets.beat:cache_generation:496 - # ---- Building cache for Pose   1_wayne_0_24_24 ---- #
2026-08-30 17:56:41.512 | INFO     | datasets.beat:cache_generation:504 - # ---- Building cache for Audio  1_wayne_0_24_24 and Pose 1_wayne_0_24_24 ---- #
2026-08-30 17:56:41.513 | INFO     | datasets.beat:cache_generation:525 - # ---- Building cache for Facial 1_wayne_0_24_24 and Pose 1_wayne_0_24_24 ---- #
2026-08-30 17:56:41.526 | INFO     | datasets.beat:cache_generation:548 - # ---- Building cache for Sem    1_wayne_0_24_24 and Pose 1_wayne_0_24_24 ---- #
2026-08-30 17:56:41.533 | INFO     | datasets.beat:_sample_from_clip:614 - audio: 64s, pose: 64s, facial: 64s
2026-08-30 17:56:41.533 | INFO     | datasets.beat:_sample_from_clip:640 - pose from frame 0 to 960, length 34
2026-08-30 17:56:41.533 | INFO     | datasets.beat:_sample_from_clip:641 - 93 clips is expected with stride 10
2026-08-30 17:56:41.533 | INFO     | datasets.beat:_sample_from_clip:650 - audio from frame 0 to 1024000, length 36266
2026-08-30 17:56:41.850 | INFO     | datasets.beat:cache_generation:496 - # ---- Building cache for Pose   1_wayne_0_25_25 ---- #
2026-08-30 17:56:41.862 | INFO     | datasets.beat:cache_generation:504 - # ---- Building cache for Audio  1_wayne_0_25_25 and Pose 1_wayne_0_25_25 ---- #
2026-08-30 17:56:41.863 | INFO     | datasets.beat:cache_generation:525 - # ---- Building cache for Facial 1_wayne_0_25_25 and Pose 1_wayne_0_25_25 ---- #
2026-08-30 17:56:41.875 | INFO     | datasets.beat:cache_generation:548 - # ---- Building cache for Sem    1_wayne_0_25_25 and Pose 1_wayne_0_25_25 ---- #
2026-08-30 17:56:41.884 | INFO     | datasets.beat:_sample_from_clip:614 - audio: 62s, pose: 62s, facial: 62s
2026-08-30 17:56:41.884 | INFO     | datasets.beat:_sample_from_clip:640 - pose from frame 0 to 930, length 34
2026-08-30 17:56:41.884 | INFO     | datasets.beat:_sample_from_clip:641 - 90 clips is expected with stride 10
2026-08-30 17:56:41.884 | INFO     | datasets.beat:_sample_from_clip:650 - audio from frame 0 to 992000, length 36266
2026-08-30 17:56:42.191 | INFO     | datasets.beat:cache_generation:496 - # ---- Building cache for Pose   1_wayne_0_26_26 ---- #
2026-08-30 17:56:42.210 | INFO     | datasets.beat:cache_generation:504 - # ---- Building cache for Audio  1_wayne_0_26_26 and Pose 1_wayne_0_26_26 ---- #
2026-08-30 17:56:42.211 | INFO     | datasets.beat:cache_generation:525 - # ---- Building cache for Facial 1_wayne_0_26_26 and Pose 1_wayne_0_26_26 ---- #
2026-08-30 17:56:42.230 | INFO     | datasets.beat:cache_generation:548 - # ---- Building cache for Sem    1_wayne_0_26_26 and Pose 1_wayne_0_26_26 ---- #
2026-08-30 17:56:42.245 | INFO     | datasets.beat:_sample_from_clip:614 - audio: 101s, pose: 101s, facial: 101s
2026-08-30 17:56:42.245 | INFO     | datasets.beat:_sample_from_clip:640 - pose from frame 0 to 1515, length 34
2026-08-30 17:56:42.246 | INFO     | datasets.beat:_sample_from_clip:641 - 149 clips is expected with stride 10
2026-08-30 17:56:42.246 | INFO     | datasets.beat:_sample_from_clip:650 - audio from frame 0 to 1616000, length 36266
2026-08-30 17:56:42.759 | INFO     | datasets.beat:cache_generation:496 - # ---- Building cache for Pose   1_wayne_0_27_27 ---- #
2026-08-30 17:56:42.773 | INFO     | datasets.beat:cache_generation:504 - # ---- Building cache for Audio  1_wayne_0_27_27 and Pose 1_wayne_0_27_27 ---- #
2026-08-30 17:56:42.774 | INFO     | datasets.beat:cache_generation:525 - # ---- Building cache for Facial 1_wayne_0_27_27 and Pose 1_wayne_0_27_27 ---- #
2026-08-30 17:56:42.789 | INFO     | datasets.beat:cache_generation:548 - # ---- Building cache for Sem    1_wayne_0_27_27 and Pose 1_wayne_0_27_27 ---- #
2026-08-30 17:56:42.804 | INFO     | datasets.beat:_sample_from_clip:614 - audio: 77s, pose: 77s, facial: 77s
2026-08-30 17:56:42.804 | INFO     | datasets.beat:_sample_from_clip:640 - pose from frame 0 to 1155, length 34
2026-08-30 17:56:42.804 | INFO     | datasets.beat:_sample_from_clip:641 - 113 clips is expected with stride 10
2026-08-30 17:56:42.804 | INFO     | datasets.beat:_sample_from_clip:650 - audio from frame 0 to 1232000, length 36266
2026-08-30 17:56:43.175 | INFO     | datasets.beat:cache_generation:496 - # ---- Building cache for Pose   1_wayne_0_28_28 ---- #
2026-08-30 17:56:43.188 | INFO     | datasets.beat:cache_generation:504 - # ---- Building cache for Audio  1_wayne_0_28_28 and Pose 1_wayne_0_28_28 ---- #
2026-08-30 17:56:43.189 | INFO     | datasets.beat:cache_generation:525 - # ---- Building cache for Facial 1_wayne_0_28_28 and Pose 1_wayne_0_28_28 ---- #
2026-08-30 17:56:43.202 | INFO     | datasets.beat:cache_generation:548 - # ---- Building cache for Sem    1_wayne_0_28_28 and Pose 1_wayne_0_28_28 ---- #
2026-08-30 17:56:43.213 | INFO     | datasets.beat:_sample_from_clip:614 - audio: 72s, pose: 72s, facial: 72s
2026-08-30 17:56:43.213 | INFO     | datasets.beat:_sample_from_clip:640 - pose from frame 0 to 1080, length 34
2026-08-30 17:56:43.213 | INFO     | datasets.beat:_sample_from_clip:641 - 105 clips is expected with stride 10
2026-08-30 17:56:43.213 | INFO     | datasets.beat:_sample_from_clip:650 - audio from frame 0 to 1152000, length 36266
2026-08-30 17:56:43.574 | INFO     | datasets.beat:cache_generation:496 - # ---- Building cache for Pose   1_wayne_0_29_29 ---- #
2026-08-30 17:56:43.587 | INFO     | datasets.beat:cache_generation:504 - # ---- Building cache for Audio  1_wayne_0_29_29 and Pose 1_wayne_0_29_29 ---- #
2026-08-30 17:56:43.588 | INFO     | datasets.beat:cache_generation:525 - # ---- Building cache for Facial 1_wayne_0_29_29 and Pose 1_wayne_0_29_29 ---- #
2026-08-30 17:56:43.601 | INFO     | datasets.beat:cache_generation:548 - # ---- Building cache for Sem    1_wayne_0_29_29 and Pose 1_wayne_0_29_29 ---- #
2026-08-30 17:56:43.613 | INFO     | datasets.beat:_sample_from_clip:614 - audio: 69s, pose: 69s, facial: 69s
2026-08-30 17:56:43.613 | INFO     | datasets.beat:_sample_from_clip:640 - pose from frame 0 to 1035, length 34
2026-08-30 17:56:43.613 | INFO     | datasets.beat:_sample_from_clip:641 - 101 clips is expected with stride 10
2026-08-30 17:56:43.613 | INFO     | datasets.beat:_sample_from_clip:650 - audio from frame 0 to 1104000, length 36266
2026-08-30 17:56:44.011 | INFO     | datasets.beat:cache_generation:496 - # ---- Building cache for Pose   1_wayne_0_2_2 ---- #
2026-08-30 17:56:44.024 | INFO     | datasets.beat:cache_generation:504 - # ---- Building cache for Audio  1_wayne_0_2_2 and Pose 1_wayne_0_2_2 ---- #
2026-08-30 17:56:44.026 | INFO     | datasets.beat:cache_generation:525 - # ---- Building cache for Facial 1_wayne_0_2_2 and Pose 1_wayne_0_2_2 ---- #
2026-08-30 17:56:44.040 | INFO     | datasets.beat:cache_generation:548 - # ---- Building cache for Sem    1_wayne_0_2_2 and Pose 1_wayne_0_2_2 ---- #
2026-08-30 17:56:44.050 | INFO     | datasets.beat:_sample_from_clip:614 - audio: 73s, pose: 73s, facial: 73s
2026-08-30 17:56:44.050 | INFO     | datasets.beat:_sample_from_clip:640 - pose from frame 0 to 1095, length 34
2026-08-30 17:56:44.050 | INFO     | datasets.beat:_sample_from_clip:641 - 107 clips is expected with stride 10
2026-08-30 17:56:44.050 | INFO     | datasets.beat:_sample_from_clip:650 - audio from frame 0 to 1168000, length 36266
2026-08-30 17:56:44.415 | INFO     | datasets.beat:cache_generation:496 - # ---- Building cache for Pose   1_wayne_0_30_30 ---- #
2026-08-30 17:56:44.428 | INFO     | datasets.beat:cache_generation:504 - # ---- Building cache for Audio  1_wayne_0_30_30 and Pose 1_wayne_0_30_30 ---- #
2026-08-30 17:56:44.429 | INFO     | datasets.beat:cache_generation:525 - # ---- Building cache for Facial 1_wayne_0_30_30 and Pose 1_wayne_0_30_30 ---- #
2026-08-30 17:56:44.443 | INFO     | datasets.beat:cache_generation:548 - # ---- Building cache for Sem    1_wayne_0_30_30 and Pose 1_wayne_0_30_30 ---- #
2026-08-30 17:56:44.453 | INFO     | datasets.beat:_sample_from_clip:614 - audio: 73s, pose: 73s, facial: 73s
2026-08-30 17:56:44.453 | INFO     | datasets.beat:_sample_from_clip:640 - pose from frame 0 to 1095, length 34
2026-08-30 17:56:44.453 | INFO     | datasets.beat:_sample_from_clip:641 - 107 clips is expected with stride 10
2026-08-30 17:56:44.453 | INFO     | datasets.beat:_sample_from_clip:650 - audio from frame 0 to 1168000, length 36266
2026-08-30 17:56:44.812 | INFO     | datasets.beat:cache_generation:496 - # ---- Building cache for Pose   1_wayne_0_31_31 ---- #
2026-08-30 17:56:44.826 | INFO     | datasets.beat:cache_generation:504 - # ---- Building cache for Audio  1_wayne_0_31_31 and Pose 1_wayne_0_31_31 ---- #
2026-08-30 17:56:44.827 | INFO     | datasets.beat:cache_generation:525 - # ---- Building cache for Facial 1_wayne_0_31_31 and Pose 1_wayne_0_31_31 ---- #
2026-08-30 17:56:44.840 | INFO     | datasets.beat:cache_generation:548 - # ---- Building cache for Sem    1_wayne_0_31_31 and Pose 1_wayne_0_31_31 ---- #
2026-08-30 17:56:44.850 | INFO     | datasets.beat:_sample_from_clip:614 - audio: 73s, pose: 73s, facial: 73s
2026-08-30 17:56:44.850 | INFO     | datasets.beat:_sample_from_clip:640 - pose from frame 0 to 1095, length 34
2026-08-30 17:56:44.850 | INFO     | datasets.beat:_sample_from_clip:641 - 107 clips is expected with stride 10
2026-08-30 17:56:44.850 | INFO     | datasets.beat:_sample_from_clip:650 - audio from frame 0 to 1168000, length 36266
2026-08-30 17:56:45.283 | INFO     | datasets.beat:cache_generation:496 - # ---- Building cache for Pose   1_wayne_0_32_32 ---- #
2026-08-30 17:56:45.301 | INFO     | datasets.beat:cache_generation:504 - # ---- Building cache for Audio  1_wayne_0_32_32 and Pose 1_wayne_0_32_32 ---- #
2026-08-30 17:56:45.302 | INFO     | datasets.beat:cache_generation:525 - # ---- Building cache for Facial 1_wayne_0_32_32 and Pose 1_wayne_0_32_32 ---- #
2026-08-30 17:56:45.320 | INFO     | datasets.beat:cache_generation:548 - # ---- Building cache for Sem    1_wayne_0_32_32 and Pose 1_wayne_0_32_32 ---- #
2026-08-30 17:56:45.330 | INFO     | datasets.beat:_sample_from_clip:614 - audio: 74s, pose: 75s, facial: 74s
2026-08-30 17:56:45.330 | WARNING  | datasets.beat:_sample_from_clip:618 - reduce to 74s, ignore 1s
2026-08-30 17:56:45.330 | INFO     | datasets.beat:_sample_from_clip:640 - pose from frame 0 to 1110, length 34
2026-08-30 17:56:45.330 | INFO     | datasets.beat:_sample_from_clip:641 - 108 clips is expected with stride 10
2026-08-30 17:56:45.330 | INFO     | datasets.beat:_sample_from_clip:650 - audio from frame 0 to 1184000, length 36266
2026-08-30 17:56:45.731 | INFO     | datasets.beat:cache_generation:496 - # ---- Building cache for Pose   1_wayne_0_33_33 ---- #
2026-08-30 17:56:45.744 | INFO     | datasets.beat:cache_generation:504 - # ---- Building cache for Audio  1_wayne_0_33_33 and Pose 1_wayne_0_33_33 ---- #
2026-08-30 17:56:45.745 | INFO     | datasets.beat:cache_generation:525 - # ---- Building cache for Facial 1_wayne_0_33_33 and Pose 1_wayne_0_33_33 ---- #
2026-08-30 17:56:45.760 | INFO     | datasets.beat:cache_generation:548 - # ---- Building cache for Sem    1_wayne_0_33_33 and Pose 1_wayne_0_33_33 ---- #
2026-08-30 17:56:45.769 | INFO     | datasets.beat:_sample_from_clip:614 - audio: 69s, pose: 69s, facial: 69s
2026-08-30 17:56:45.769 | INFO     | datasets.beat:_sample_from_clip:640 - pose from frame 0 to 1035, length 34
2026-08-30 17:56:45.769 | INFO     | datasets.beat:_sample_from_clip:641 - 101 clips is expected with stride 10
2026-08-30 17:56:45.769 | INFO     | datasets.beat:_sample_from_clip:650 - audio from frame 0 to 1104000, length 36266
2026-08-30 17:56:46.096 | INFO     | datasets.beat:cache_generation:496 - # ---- Building cache for Pose   1_wayne_0_34_34 ---- #
2026-08-30 17:56:46.105 | INFO     | datasets.beat:cache_generation:504 - # ---- Building cache for Audio  1_wayne_0_34_34 and Pose 1_wayne_0_34_34 ---- #
2026-08-30 17:56:46.106 | INFO     | datasets.beat:cache_generation:525 - # ---- Building cache for Facial 1_wayne_0_34_34 and Pose 1_wayne_0_34_34 ---- #
2026-08-30 17:56:46.116 | INFO     | datasets.beat:cache_generation:548 - # ---- Building cache for Sem    1_wayne_0_34_34 and Pose 1_wayne_0_34_34 ---- #
2026-08-30 17:56:46.123 | INFO     | datasets.beat:_sample_from_clip:614 - audio: 52s, pose: 52s, facial: 52s
2026-08-30 17:56:46.123 | INFO     | datasets.beat:_sample_from_clip:640 - pose from frame 0 to 780, length 34
2026-08-30 17:56:46.123 | INFO     | datasets.beat:_sample_from_clip:641 - 75 clips is expected with stride 10
2026-08-30 17:56:46.123 | INFO     | datasets.beat:_sample_from_clip:650 - audio from frame 0 to 832000, length 36266
2026-08-30 17:56:46.439 | INFO     | datasets.beat:cache_generation:496 - # ---- Building cache for Pose   1_wayne_0_35_35 ---- #
2026-08-30 17:56:46.450 | INFO     | datasets.beat:cache_generation:504 - # ---- Building cache for Audio  1_wayne_0_35_35 and Pose 1_wayne_0_35_35 ---- #
2026-08-30 17:56:46.451 | INFO     | datasets.beat:cache_generation:525 - # ---- Building cache for Facial 1_wayne_0_35_35 and Pose 1_wayne_0_35_35 ---- #
2026-08-30 17:56:46.463 | INFO     | datasets.beat:cache_generation:548 - # ---- Building cache for Sem    1_wayne_0_35_35 and Pose 1_wayne_0_35_35 ---- #
2026-08-30 17:56:46.470 | INFO     | datasets.beat:_sample_from_clip:614 - audio: 61s, pose: 61s, facial: 61s
2026-08-30 17:56:46.470 | INFO     | datasets.beat:_sample_from_clip:640 - pose from frame 0 to 915, length 34
2026-08-30 17:56:46.470 | INFO     | datasets.beat:_sample_from_clip:641 - 89 clips is expected with stride 10
2026-08-30 17:56:46.470 | INFO     | datasets.beat:_sample_from_clip:650 - audio from frame 0 to 976000, length 36266
2026-08-30 17:56:46.937 | INFO     | datasets.beat:cache_generation:496 - # ---- Building cache for Pose   1_wayne_0_36_36 ---- #
2026-08-30 17:56:46.959 | INFO     | datasets.beat:cache_generation:504 - # ---- Building cache for Audio  1_wayne_0_36_36 and Pose 1_wayne_0_36_36 ---- #
2026-08-30 17:56:46.960 | INFO     | datasets.beat:cache_generation:525 - # ---- Building cache for Facial 1_wayne_0_36_36 and Pose 1_wayne_0_36_36 ---- #
2026-08-30 17:56:46.984 | INFO     | datasets.beat:cache_generation:548 - # ---- Building cache for Sem    1_wayne_0_36_36 and Pose 1_wayne_0_36_36 ---- #
2026-08-30 17:56:46.996 | INFO     | datasets.beat:_sample_from_clip:614 - audio: 52s, pose: 52s, facial: 52s
2026-08-30 17:56:46.996 | INFO     | datasets.beat:_sample_from_clip:640 - pose from frame 0 to 780, length 34
2026-08-30 17:56:46.996 | INFO     | datasets.beat:_sample_from_clip:641 - 75 clips is expected with stride 10
2026-08-30 17:56:46.996 | INFO     | datasets.beat:_sample_from_clip:650 - audio from frame 0 to 832000, length 36266
2026-08-30 17:56:47.262 | INFO     | datasets.beat:cache_generation:496 - # ---- Building cache for Pose   1_wayne_0_37_37 ---- #
2026-08-30 17:56:47.275 | INFO     | datasets.beat:cache_generation:504 - # ---- Building cache for Audio  1_wayne_0_37_37 and Pose 1_wayne_0_37_37 ---- #
2026-08-30 17:56:47.276 | INFO     | datasets.beat:cache_generation:525 - # ---- Building cache for Facial 1_wayne_0_37_37 and Pose 1_wayne_0_37_37 ---- #
2026-08-30 17:56:47.288 | INFO     | datasets.beat:cache_generation:548 - # ---- Building cache for Sem    1_wayne_0_37_37 and Pose 1_wayne_0_37_37 ---- #
2026-08-30 17:56:47.297 | INFO     | datasets.beat:_sample_from_clip:614 - audio: 68s, pose: 68s, facial: 68s
2026-08-30 17:56:47.297 | INFO     | datasets.beat:_sample_from_clip:640 - pose from frame 0 to 1020, length 34
2026-08-30 17:56:47.297 | INFO     | datasets.beat:_sample_from_clip:641 - 99 clips is expected with stride 10
2026-08-30 17:56:47.297 | INFO     | datasets.beat:_sample_from_clip:650 - audio from frame 0 to 1088000, length 36266
2026-08-30 17:56:47.658 | INFO     | datasets.beat:cache_generation:496 - # ---- Building cache for Pose   1_wayne_0_38_38 ---- #
2026-08-30 17:56:47.669 | INFO     | datasets.beat:cache_generation:504 - # ---- Building cache for Audio  1_wayne_0_38_38 and Pose 1_wayne_0_38_38 ---- #
2026-08-30 17:56:47.670 | INFO     | datasets.beat:cache_generation:525 - # ---- Building cache for Facial 1_wayne_0_38_38 and Pose 1_wayne_0_38_38 ---- #
2026-08-30 17:56:47.682 | INFO     | datasets.beat:cache_generation:548 - # ---- Building cache for Sem    1_wayne_0_38_38 and Pose 1_wayne_0_38_38 ---- #
2026-08-30 17:56:47.690 | INFO     | datasets.beat:_sample_from_clip:614 - audio: 62s, pose: 62s, facial: 62s
2026-08-30 17:56:47.690 | INFO     | datasets.beat:_sample_from_clip:640 - pose from frame 0 to 930, length 34
2026-08-30 17:56:47.690 | INFO     | datasets.beat:_sample_from_clip:641 - 90 clips is expected with stride 10
2026-08-30 17:56:47.690 | INFO     | datasets.beat:_sample_from_clip:650 - audio from frame 0 to 992000, length 36266
2026-08-30 17:56:47.993 | INFO     | datasets.beat:cache_generation:496 - # ---- Building cache for Pose   1_wayne_0_39_39 ---- #
2026-08-30 17:56:48.004 | INFO     | datasets.beat:cache_generation:504 - # ---- Building cache for Audio  1_wayne_0_39_39 and Pose 1_wayne_0_39_39 ---- #
2026-08-30 17:56:48.005 | INFO     | datasets.beat:cache_generation:525 - # ---- Building cache for Facial 1_wayne_0_39_39 and Pose 1_wayne_0_39_39 ---- #
2026-08-30 17:56:48.018 | INFO     | datasets.beat:cache_generation:548 - # ---- Building cache for Sem    1_wayne_0_39_39 and Pose 1_wayne_0_39_39 ---- #
2026-08-30 17:56:48.026 | INFO     | datasets.beat:_sample_from_clip:614 - audio: 62s, pose: 62s, facial: 62s
2026-08-30 17:56:48.026 | INFO     | datasets.beat:_sample_from_clip:640 - pose from frame 0 to 930, length 34
2026-08-30 17:56:48.026 | INFO     | datasets.beat:_sample_from_clip:641 - 90 clips is expected with stride 10
2026-08-30 17:56:48.026 | INFO     | datasets.beat:_sample_from_clip:650 - audio from frame 0 to 992000, length 36266
2026-08-30 17:56:48.335 | INFO     | datasets.beat:cache_generation:496 - # ---- Building cache for Pose   1_wayne_0_3_3 ---- #
2026-08-30 17:56:48.348 | INFO     | datasets.beat:cache_generation:504 - # ---- Building cache for Audio  1_wayne_0_3_3 and Pose 1_wayne_0_3_3 ---- #
2026-08-30 17:56:48.349 | INFO     | datasets.beat:cache_generation:525 - # ---- Building cache for Facial 1_wayne_0_3_3 and Pose 1_wayne_0_3_3 ---- #
2026-08-30 17:56:48.362 | INFO     | datasets.beat:cache_generation:548 - # ---- Building cache for Sem    1_wayne_0_3_3 and Pose 1_wayne_0_3_3 ---- #
2026-08-30 17:56:48.372 | INFO     | datasets.beat:_sample_from_clip:614 - audio: 73s, pose: 73s, facial: 73s
2026-08-30 17:56:48.372 | INFO     | datasets.beat:_sample_from_clip:640 - pose from frame 0 to 1095, length 34
2026-08-30 17:56:48.372 | INFO     | datasets.beat:_sample_from_clip:641 - 107 clips is expected with stride 10
2026-08-30 17:56:48.372 | INFO     | datasets.beat:_sample_from_clip:650 - audio from frame 0 to 1168000, length 36266
2026-08-30 17:56:48.740 | INFO     | datasets.beat:cache_generation:496 - # ---- Building cache for Pose   1_wayne_0_40_40 ---- #
2026-08-30 17:56:48.752 | INFO     | datasets.beat:cache_generation:504 - # ---- Building cache for Audio  1_wayne_0_40_40 and Pose 1_wayne_0_40_40 ---- #
2026-08-30 17:56:48.753 | INFO     | datasets.beat:cache_generation:525 - # ---- Building cache for Facial 1_wayne_0_40_40 and Pose 1_wayne_0_40_40 ---- #
2026-08-30 17:56:48.766 | INFO     | datasets.beat:cache_generation:548 - # ---- Building cache for Sem    1_wayne_0_40_40 and Pose 1_wayne_0_40_40 ---- #
2026-08-30 17:56:48.774 | INFO     | datasets.beat:_sample_from_clip:614 - audio: 65s, pose: 67s, facial: 65s
2026-08-30 17:56:48.774 | WARNING  | datasets.beat:_sample_from_clip:618 - reduce to 65s, ignore 2s
2026-08-30 17:56:48.774 | INFO     | datasets.beat:_sample_from_clip:640 - pose from frame 0 to 975, length 34
2026-08-30 17:56:48.774 | INFO     | datasets.beat:_sample_from_clip:641 - 95 clips is expected with stride 10
2026-08-30 17:56:48.774 | INFO     | datasets.beat:_sample_from_clip:650 - audio from frame 0 to 1040000, length 36266
2026-08-30 17:56:49.106 | INFO     | datasets.beat:cache_generation:496 - # ---- Building cache for Pose   1_wayne_0_41_41 ---- #
2026-08-30 17:56:49.115 | INFO     | datasets.beat:cache_generation:504 - # ---- Building cache for Audio  1_wayne_0_41_41 and Pose 1_wayne_0_41_41 ---- #
2026-08-30 17:56:49.116 | INFO     | datasets.beat:cache_generation:525 - # ---- Building cache for Facial 1_wayne_0_41_41 and Pose 1_wayne_0_41_41 ---- #
2026-08-30 17:56:49.126 | INFO     | datasets.beat:cache_generation:548 - # ---- Building cache for Sem    1_wayne_0_41_41 and Pose 1_wayne_0_41_41 ---- #
2026-08-30 17:56:49.134 | INFO     | datasets.beat:_sample_from_clip:614 - audio: 51s, pose: 51s, facial: 51s
2026-08-30 17:56:49.134 | INFO     | datasets.beat:_sample_from_clip:640 - pose from frame 0 to 765, length 34
2026-08-30 17:56:49.134 | INFO     | datasets.beat:_sample_from_clip:641 - 74 clips is expected with stride 10
2026-08-30 17:56:49.135 | INFO     | datasets.beat:_sample_from_clip:650 - audio from frame 0 to 816000, length 36266
2026-08-30 17:56:49.395 | INFO     | datasets.beat:cache_generation:496 - # ---- Building cache for Pose   1_wayne_0_42_42 ---- #
2026-08-30 17:56:49.404 | INFO     | datasets.beat:cache_generation:504 - # ---- Building cache for Audio  1_wayne_0_42_42 and Pose 1_wayne_0_42_42 ---- #
2026-08-30 17:56:49.404 | INFO     | datasets.beat:cache_generation:525 - # ---- Building cache for Facial 1_wayne_0_42_42 and Pose 1_wayne_0_42_42 ---- #
2026-08-30 17:56:49.414 | INFO     | datasets.beat:cache_generation:548 - # ---- Building cache for Sem    1_wayne_0_42_42 and Pose 1_wayne_0_42_42 ---- #
2026-08-30 17:56:49.421 | INFO     | datasets.beat:_sample_from_clip:614 - audio: 49s, pose: 49s, facial: 49s
2026-08-30 17:56:49.421 | INFO     | datasets.beat:_sample_from_clip:640 - pose from frame 0 to 735, length 34
2026-08-30 17:56:49.421 | INFO     | datasets.beat:_sample_from_clip:641 - 71 clips is expected with stride 10
2026-08-30 17:56:49.421 | INFO     | datasets.beat:_sample_from_clip:650 - audio from frame 0 to 784000, length 36266
2026-08-30 17:56:49.668 | INFO     | datasets.beat:cache_generation:496 - # ---- Building cache for Pose   1_wayne_0_43_43 ---- #
2026-08-30 17:56:49.678 | INFO     | datasets.beat:cache_generation:504 - # ---- Building cache for Audio  1_wayne_0_43_43 and Pose 1_wayne_0_43_43 ---- #
2026-08-30 17:56:49.679 | INFO     | datasets.beat:cache_generation:525 - # ---- Building cache for Facial 1_wayne_0_43_43 and Pose 1_wayne_0_43_43 ---- #
2026-08-30 17:56:49.690 | INFO     | datasets.beat:cache_generation:548 - # ---- Building cache for Sem    1_wayne_0_43_43 and Pose 1_wayne_0_43_43 ---- #
2026-08-30 17:56:49.696 | INFO     | datasets.beat:_sample_from_clip:614 - audio: 54s, pose: 54s, facial: 54s
2026-08-30 17:56:49.696 | INFO     | datasets.beat:_sample_from_clip:640 - pose from frame 0 to 810, length 34
2026-08-30 17:56:49.696 | INFO     | datasets.beat:_sample_from_clip:641 - 78 clips is expected with stride 10
2026-08-30 17:56:49.696 | INFO     | datasets.beat:_sample_from_clip:650 - audio from frame 0 to 864000, length 36266
2026-08-30 17:56:49.979 | INFO     | datasets.beat:cache_generation:496 - # ---- Building cache for Pose   1_wayne_0_44_44 ---- #
2026-08-30 17:56:49.990 | INFO     | datasets.beat:cache_generation:504 - # ---- Building cache for Audio  1_wayne_0_44_44 and Pose 1_wayne_0_44_44 ---- #
2026-08-30 17:56:49.991 | INFO     | datasets.beat:cache_generation:525 - # ---- Building cache for Facial 1_wayne_0_44_44 and Pose 1_wayne_0_44_44 ---- #
2026-08-30 17:56:50.002 | INFO     | datasets.beat:cache_generation:548 - # ---- Building cache for Sem    1_wayne_0_44_44 and Pose 1_wayne_0_44_44 ---- #
2026-08-30 17:56:50.009 | INFO     | datasets.beat:_sample_from_clip:614 - audio: 58s, pose: 58s, facial: 58s
2026-08-30 17:56:50.009 | INFO     | datasets.beat:_sample_from_clip:640 - pose from frame 0 to 870, length 34
2026-08-30 17:56:50.009 | INFO     | datasets.beat:_sample_from_clip:641 - 84 clips is expected with stride 10
2026-08-30 17:56:50.009 | INFO     | datasets.beat:_sample_from_clip:650 - audio from frame 0 to 928000, length 36266
2026-08-30 17:56:50.297 | INFO     | datasets.beat:cache_generation:496 - # ---- Building cache for Pose   1_wayne_0_45_45 ---- #
2026-08-30 17:56:50.304 | INFO     | datasets.beat:cache_generation:504 - # ---- Building cache for Audio  1_wayne_0_45_45 and Pose 1_wayne_0_45_45 ---- #
2026-08-30 17:56:50.305 | INFO     | datasets.beat:cache_generation:525 - # ---- Building cache for Facial 1_wayne_0_45_45 and Pose 1_wayne_0_45_45 ---- #
2026-08-30 17:56:50.313 | INFO     | datasets.beat:cache_generation:548 - # ---- Building cache for Sem    1_wayne_0_45_45 and Pose 1_wayne_0_45_45 ---- #
2026-08-30 17:56:50.319 | INFO     | datasets.beat:_sample_from_clip:614 - audio: 41s, pose: 41s, facial: 41s
2026-08-30 17:56:50.320 | INFO     | datasets.beat:_sample_from_clip:640 - pose from frame 0 to 615, length 34
2026-08-30 17:56:50.320 | INFO     | datasets.beat:_sample_from_clip:641 - 59 clips is expected with stride 10
2026-08-30 17:56:50.320 | INFO     | datasets.beat:_sample_from_clip:650 - audio from frame 0 to 656000, length 36266
2026-08-30 17:56:50.529 | INFO     | datasets.beat:cache_generation:496 - # ---- Building cache for Pose   1_wayne_0_46_46 ---- #
2026-08-30 17:56:50.542 | INFO     | datasets.beat:cache_generation:504 - # ---- Building cache for Audio  1_wayne_0_46_46 and Pose 1_wayne_0_46_46 ---- #
2026-08-30 17:56:50.543 | INFO     | datasets.beat:cache_generation:525 - # ---- Building cache for Facial 1_wayne_0_46_46 and Pose 1_wayne_0_46_46 ---- #
2026-08-30 17:56:50.559 | INFO     | datasets.beat:cache_generation:548 - # ---- Building cache for Sem    1_wayne_0_46_46 and Pose 1_wayne_0_46_46 ---- #
2026-08-30 17:56:50.568 | INFO     | datasets.beat:_sample_from_clip:614 - audio: 72s, pose: 72s, facial: 72s
2026-08-30 17:56:50.568 | INFO     | datasets.beat:_sample_from_clip:640 - pose from frame 0 to 1080, length 34
2026-08-30 17:56:50.568 | INFO     | datasets.beat:_sample_from_clip:641 - 105 clips is expected with stride 10
2026-08-30 17:56:50.568 | INFO     | datasets.beat:_sample_from_clip:650 - audio from frame 0 to 1152000, length 36266
2026-08-30 17:56:50.973 | INFO     | datasets.beat:cache_generation:496 - # ---- Building cache for Pose   1_wayne_0_47_47 ---- #
2026-08-30 17:56:50.984 | INFO     | datasets.beat:cache_generation:504 - # ---- Building cache for Audio  1_wayne_0_47_47 and Pose 1_wayne_0_47_47 ---- #
2026-08-30 17:56:50.985 | INFO     | datasets.beat:cache_generation:525 - # ---- Building cache for Facial 1_wayne_0_47_47 and Pose 1_wayne_0_47_47 ---- #
2026-08-30 17:56:50.997 | INFO     | datasets.beat:cache_generation:548 - # ---- Building cache for Sem    1_wayne_0_47_47 and Pose 1_wayne_0_47_47 ---- #
2026-08-30 17:56:51.004 | INFO     | datasets.beat:_sample_from_clip:614 - audio: 58s, pose: 58s, facial: 58s
2026-08-30 17:56:51.004 | INFO     | datasets.beat:_sample_from_clip:640 - pose from frame 0 to 870, length 34
2026-08-30 17:56:51.004 | INFO     | datasets.beat:_sample_from_clip:641 - 84 clips is expected with stride 10
2026-08-30 17:56:51.004 | INFO     | datasets.beat:_sample_from_clip:650 - audio from frame 0 to 928000, length 36266
2026-08-30 17:56:51.296 | INFO     | datasets.beat:cache_generation:496 - # ---- Building cache for Pose   1_wayne_0_48_48 ---- #
2026-08-30 17:56:51.306 | INFO     | datasets.beat:cache_generation:504 - # ---- Building cache for Audio  1_wayne_0_48_48 and Pose 1_wayne_0_48_48 ---- #
2026-08-30 17:56:51.306 | INFO     | datasets.beat:cache_generation:525 - # ---- Building cache for Facial 1_wayne_0_48_48 and Pose 1_wayne_0_48_48 ---- #
2026-08-30 17:56:51.317 | INFO     | datasets.beat:cache_generation:548 - # ---- Building cache for Sem    1_wayne_0_48_48 and Pose 1_wayne_0_48_48 ---- #
2026-08-30 17:56:51.326 | INFO     | datasets.beat:_sample_from_clip:614 - audio: 53s, pose: 54s, facial: 53s
2026-08-30 17:56:51.326 | WARNING  | datasets.beat:_sample_from_clip:618 - reduce to 53s, ignore 1s
2026-08-30 17:56:51.326 | INFO     | datasets.beat:_sample_from_clip:640 - pose from frame 0 to 795, length 34
2026-08-30 17:56:51.326 | INFO     | datasets.beat:_sample_from_clip:641 - 77 clips is expected with stride 10
2026-08-30 17:56:51.326 | INFO     | datasets.beat:_sample_from_clip:650 - audio from frame 0 to 848000, length 36266
2026-08-30 17:56:51.593 | INFO     | datasets.beat:cache_generation:496 - # ---- Building cache for Pose   1_wayne_0_49_49 ---- #
2026-08-30 17:56:51.599 | INFO     | datasets.beat:cache_generation:504 - # ---- Building cache for Audio  1_wayne_0_49_49 and Pose 1_wayne_0_49_49 ---- #
2026-08-30 17:56:51.600 | INFO     | datasets.beat:cache_generation:525 - # ---- Building cache for Facial 1_wayne_0_49_49 and Pose 1_wayne_0_49_49 ---- #
2026-08-30 17:56:51.607 | INFO     | datasets.beat:cache_generation:548 - # ---- Building cache for Sem    1_wayne_0_49_49 and Pose 1_wayne_0_49_49 ---- #
2026-08-30 17:56:51.612 | INFO     | datasets.beat:_sample_from_clip:614 - audio: 36s, pose: 36s, facial: 36s
2026-08-30 17:56:51.612 | INFO     | datasets.beat:_sample_from_clip:640 - pose from frame 0 to 540, length 34
2026-08-30 17:56:51.612 | INFO     | datasets.beat:_sample_from_clip:641 - 51 clips is expected with stride 10
2026-08-30 17:56:51.612 | INFO     | datasets.beat:_sample_from_clip:650 - audio from frame 0 to 576000, length 36266
2026-08-30 17:56:51.788 | INFO     | datasets.beat:cache_generation:496 - # ---- Building cache for Pose   1_wayne_0_4_4 ---- #
2026-08-30 17:56:51.801 | INFO     | datasets.beat:cache_generation:504 - # ---- Building cache for Audio  1_wayne_0_4_4 and Pose 1_wayne_0_4_4 ---- #
2026-08-30 17:56:51.802 | INFO     | datasets.beat:cache_generation:525 - # ---- Building cache for Facial 1_wayne_0_4_4 and Pose 1_wayne_0_4_4 ---- #
2026-08-30 17:56:51.816 | INFO     | datasets.beat:cache_generation:548 - # ---- Building cache for Sem    1_wayne_0_4_4 and Pose 1_wayne_0_4_4 ---- #
2026-08-30 17:56:51.826 | INFO     | datasets.beat:_sample_from_clip:614 - audio: 72s, pose: 72s, facial: 72s
2026-08-30 17:56:51.826 | INFO     | datasets.beat:_sample_from_clip:640 - pose from frame 0 to 1080, length 34
2026-08-30 17:56:51.826 | INFO     | datasets.beat:_sample_from_clip:641 - 105 clips is expected with stride 10
2026-08-30 17:56:51.826 | INFO     | datasets.beat:_sample_from_clip:650 - audio from frame 0 to 1152000, length 36266
2026-08-30 17:56:52.161 | INFO     | datasets.beat:cache_generation:496 - # ---- Building cache for Pose   1_wayne_0_50_50 ---- #
2026-08-30 17:56:52.173 | INFO     | datasets.beat:cache_generation:504 - # ---- Building cache for Audio  1_wayne_0_50_50 and Pose 1_wayne_0_50_50 ---- #
2026-08-30 17:56:52.174 | INFO     | datasets.beat:cache_generation:525 - # ---- Building cache for Facial 1_wayne_0_50_50 and Pose 1_wayne_0_50_50 ---- #
2026-08-30 17:56:52.187 | INFO     | datasets.beat:cache_generation:548 - # ---- Building cache for Sem    1_wayne_0_50_50 and Pose 1_wayne_0_50_50 ---- #
2026-08-30 17:56:52.195 | INFO     | datasets.beat:_sample_from_clip:614 - audio: 66s, pose: 66s, facial: 66s
2026-08-30 17:56:52.195 | INFO     | datasets.beat:_sample_from_clip:640 - pose from frame 0 to 990, length 34
2026-08-30 17:56:52.195 | INFO     | datasets.beat:_sample_from_clip:641 - 96 clips is expected with stride 10
2026-08-30 17:56:52.195 | INFO     | datasets.beat:_sample_from_clip:650 - audio from frame 0 to 1056000, length 36266
2026-08-30 17:56:52.661 | INFO     | datasets.beat:cache_generation:496 - # ---- Building cache for Pose   1_wayne_0_51_51 ---- #
2026-08-30 17:56:52.679 | INFO     | datasets.beat:cache_generation:504 - # ---- Building cache for Audio  1_wayne_0_51_51 and Pose 1_wayne_0_51_51 ---- #
2026-08-30 17:56:52.680 | INFO     | datasets.beat:cache_generation:525 - # ---- Building cache for Facial 1_wayne_0_51_51 and Pose 1_wayne_0_51_51 ---- #
2026-08-30 17:56:52.691 | INFO     | datasets.beat:cache_generation:548 - # ---- Building cache for Sem    1_wayne_0_51_51 and Pose 1_wayne_0_51_51 ---- #
2026-08-30 17:56:52.698 | INFO     | datasets.beat:_sample_from_clip:614 - audio: 43s, pose: 43s, facial: 43s
2026-08-30 17:56:52.698 | INFO     | datasets.beat:_sample_from_clip:640 - pose from frame 0 to 645, length 34
2026-08-30 17:56:52.698 | INFO     | datasets.beat:_sample_from_clip:641 - 62 clips is expected with stride 10
2026-08-30 17:56:52.698 | INFO     | datasets.beat:_sample_from_clip:650 - audio from frame 0 to 688000, length 36266
2026-08-30 17:56:52.958 | INFO     | datasets.beat:cache_generation:496 - # ---- Building cache for Pose   1_wayne_0_52_52 ---- #
2026-08-30 17:56:52.966 | INFO     | datasets.beat:cache_generation:504 - # ---- Building cache for Audio  1_wayne_0_52_52 and Pose 1_wayne_0_52_52 ---- #
2026-08-30 17:56:52.967 | INFO     | datasets.beat:cache_generation:525 - # ---- Building cache for Facial 1_wayne_0_52_52 and Pose 1_wayne_0_52_52 ---- #
2026-08-30 17:56:52.975 | INFO     | datasets.beat:cache_generation:548 - # ---- Building cache for Sem    1_wayne_0_52_52 and Pose 1_wayne_0_52_52 ---- #
2026-08-30 17:56:52.980 | INFO     | datasets.beat:_sample_from_clip:614 - audio: 42s, pose: 42s, facial: 42s
2026-08-30 17:56:52.980 | INFO     | datasets.beat:_sample_from_clip:640 - pose from frame 0 to 630, length 34
2026-08-30 17:56:52.980 | INFO     | datasets.beat:_sample_from_clip:641 - 60 clips is expected with stride 10
2026-08-30 17:56:52.980 | INFO     | datasets.beat:_sample_from_clip:650 - audio from frame 0 to 672000, length 36266
2026-08-30 17:56:53.294 | INFO     | datasets.beat:cache_generation:496 - # ---- Building cache for Pose   1_wayne_0_53_53 ---- #
2026-08-30 17:56:53.308 | INFO     | datasets.beat:cache_generation:504 - # ---- Building cache for Audio  1_wayne_0_53_53 and Pose 1_wayne_0_53_53 ---- #
2026-08-30 17:56:53.309 | INFO     | datasets.beat:cache_generation:525 - # ---- Building cache for Facial 1_wayne_0_53_53 and Pose 1_wayne_0_53_53 ---- #
2026-08-30 17:56:53.324 | INFO     | datasets.beat:cache_generation:548 - # ---- Building cache for Sem    1_wayne_0_53_53 and Pose 1_wayne_0_53_53 ---- #
2026-08-30 17:56:53.332 | INFO     | datasets.beat:_sample_from_clip:614 - audio: 38s, pose: 38s, facial: 38s
2026-08-30 17:56:53.333 | INFO     | datasets.beat:_sample_from_clip:640 - pose from frame 0 to 570, length 34
2026-08-30 17:56:53.333 | INFO     | datasets.beat:_sample_from_clip:641 - 54 clips is expected with stride 10
2026-08-30 17:56:53.333 | INFO     | datasets.beat:_sample_from_clip:650 - audio from frame 0 to 608000, length 36266
2026-08-30 17:56:53.685 | INFO     | datasets.beat:cache_generation:496 - # ---- Building cache for Pose   1_wayne_0_54_54 ---- #
2026-08-30 17:56:53.706 | INFO     | datasets.beat:cache_generation:504 - # ---- Building cache for Audio  1_wayne_0_54_54 and Pose 1_wayne_0_54_54 ---- #
2026-08-30 17:56:53.708 | INFO     | datasets.beat:cache_generation:525 - # ---- Building cache for Facial 1_wayne_0_54_54 and Pose 1_wayne_0_54_54 ---- #
2026-08-30 17:56:53.726 | INFO     | datasets.beat:cache_generation:548 - # ---- Building cache for Sem    1_wayne_0_54_54 and Pose 1_wayne_0_54_54 ---- #
2026-08-30 17:56:53.736 | INFO     | datasets.beat:_sample_from_clip:614 - audio: 41s, pose: 41s, facial: 41s
2026-08-30 17:56:53.736 | INFO     | datasets.beat:_sample_from_clip:640 - pose from frame 0 to 615, length 34
2026-08-30 17:56:53.736 | INFO     | datasets.beat:_sample_from_clip:641 - 59 clips is expected with stride 10
2026-08-30 17:56:53.736 | INFO     | datasets.beat:_sample_from_clip:650 - audio from frame 0 to 656000, length 36266
2026-08-30 17:56:53.949 | INFO     | datasets.beat:cache_generation:496 - # ---- Building cache for Pose   1_wayne_0_55_55 ---- #
2026-08-30 17:56:53.958 | INFO     | datasets.beat:cache_generation:504 - # ---- Building cache for Audio  1_wayne_0_55_55 and Pose 1_wayne_0_55_55 ---- #
2026-08-30 17:56:53.959 | INFO     | datasets.beat:cache_generation:525 - # ---- Building cache for Facial 1_wayne_0_55_55 and Pose 1_wayne_0_55_55 ---- #
2026-08-30 17:56:53.967 | INFO     | datasets.beat:cache_generation:548 - # ---- Building cache for Sem    1_wayne_0_55_55 and Pose 1_wayne_0_55_55 ---- #
2026-08-30 17:56:53.971 | INFO     | datasets.beat:_sample_from_clip:614 - audio: 33s, pose: 33s, facial: 33s
2026-08-30 17:56:53.971 | INFO     | datasets.beat:_sample_from_clip:640 - pose from frame 0 to 495, length 34
2026-08-30 17:56:53.971 | INFO     | datasets.beat:_sample_from_clip:641 - 47 clips is expected with stride 10
2026-08-30 17:56:53.971 | INFO     | datasets.beat:_sample_from_clip:650 - audio from frame 0 to 528000, length 36266
2026-08-30 17:56:54.141 | INFO     | datasets.beat:cache_generation:496 - # ---- Building cache for Pose   1_wayne_0_56_56 ---- #
2026-08-30 17:56:54.149 | INFO     | datasets.beat:cache_generation:504 - # ---- Building cache for Audio  1_wayne_0_56_56 and Pose 1_wayne_0_56_56 ---- #
2026-08-30 17:56:54.150 | INFO     | datasets.beat:cache_generation:525 - # ---- Building cache for Facial 1_wayne_0_56_56 and Pose 1_wayne_0_56_56 ---- #
2026-08-30 17:56:54.158 | INFO     | datasets.beat:cache_generation:548 - # ---- Building cache for Sem    1_wayne_0_56_56 and Pose 1_wayne_0_56_56 ---- #
2026-08-30 17:56:54.164 | INFO     | datasets.beat:_sample_from_clip:614 - audio: 42s, pose: 44s, facial: 42s
2026-08-30 17:56:54.164 | WARNING  | datasets.beat:_sample_from_clip:618 - reduce to 42s, ignore 2s
2026-08-30 17:56:54.164 | INFO     | datasets.beat:_sample_from_clip:640 - pose from frame 0 to 630, length 34
2026-08-30 17:56:54.164 | INFO     | datasets.beat:_sample_from_clip:641 - 60 clips is expected with stride 10
2026-08-30 17:56:54.164 | INFO     | datasets.beat:_sample_from_clip:650 - audio from frame 0 to 672000, length 36266
2026-08-30 17:56:54.382 | INFO     | datasets.beat:cache_generation:496 - # ---- Building cache for Pose   1_wayne_0_57_57 ---- #
2026-08-30 17:56:54.392 | INFO     | datasets.beat:cache_generation:504 - # ---- Building cache for Audio  1_wayne_0_57_57 and Pose 1_wayne_0_57_57 ---- #
2026-08-30 17:56:54.393 | INFO     | datasets.beat:cache_generation:525 - # ---- Building cache for Facial 1_wayne_0_57_57 and Pose 1_wayne_0_57_57 ---- #
2026-08-30 17:56:54.403 | INFO     | datasets.beat:cache_generation:548 - # ---- Building cache for Sem    1_wayne_0_57_57 and Pose 1_wayne_0_57_57 ---- #
2026-08-30 17:56:54.410 | INFO     | datasets.beat:_sample_from_clip:614 - audio: 53s, pose: 53s, facial: 53s
2026-08-30 17:56:54.410 | INFO     | datasets.beat:_sample_from_clip:640 - pose from frame 0 to 795, length 34
2026-08-30 17:56:54.410 | INFO     | datasets.beat:_sample_from_clip:641 - 77 clips is expected with stride 10
2026-08-30 17:56:54.410 | INFO     | datasets.beat:_sample_from_clip:650 - audio from frame 0 to 848000, length 36266
2026-08-30 17:56:54.682 | INFO     | datasets.beat:cache_generation:496 - # ---- Building cache for Pose   1_wayne_0_58_58 ---- #
2026-08-30 17:56:54.688 | INFO     | datasets.beat:cache_generation:504 - # ---- Building cache for Audio  1_wayne_0_58_58 and Pose 1_wayne_0_58_58 ---- #
2026-08-30 17:56:54.689 | INFO     | datasets.beat:cache_generation:525 - # ---- Building cache for Facial 1_wayne_0_58_58 and Pose 1_wayne_0_58_58 ---- #
2026-08-30 17:56:54.696 | INFO     | datasets.beat:cache_generation:548 - # ---- Building cache for Sem    1_wayne_0_58_58 and Pose 1_wayne_0_58_58 ---- #
2026-08-30 17:56:54.701 | INFO     | datasets.beat:_sample_from_clip:614 - audio: 36s, pose: 36s, facial: 36s
2026-08-30 17:56:54.701 | INFO     | datasets.beat:_sample_from_clip:640 - pose from frame 0 to 540, length 34
2026-08-30 17:56:54.701 | INFO     | datasets.beat:_sample_from_clip:641 - 51 clips is expected with stride 10
2026-08-30 17:56:54.702 | INFO     | datasets.beat:_sample_from_clip:650 - audio from frame 0 to 576000, length 36266
2026-08-30 17:56:54.884 | INFO     | datasets.beat:cache_generation:496 - # ---- Building cache for Pose   1_wayne_0_59_59 ---- #
2026-08-30 17:56:54.892 | INFO     | datasets.beat:cache_generation:504 - # ---- Building cache for Audio  1_wayne_0_59_59 and Pose 1_wayne_0_59_59 ---- #
2026-08-30 17:56:54.893 | INFO     | datasets.beat:cache_generation:525 - # ---- Building cache for Facial 1_wayne_0_59_59 and Pose 1_wayne_0_59_59 ---- #
2026-08-30 17:56:54.902 | INFO     | datasets.beat:cache_generation:548 - # ---- Building cache for Sem    1_wayne_0_59_59 and Pose 1_wayne_0_59_59 ---- #
2026-08-30 17:56:54.909 | INFO     | datasets.beat:_sample_from_clip:614 - audio: 47s, pose: 47s, facial: 47s
2026-08-30 17:56:54.909 | INFO     | datasets.beat:_sample_from_clip:640 - pose from frame 0 to 705, length 34
2026-08-30 17:56:54.909 | INFO     | datasets.beat:_sample_from_clip:641 - 68 clips is expected with stride 10
2026-08-30 17:56:54.909 | INFO     | datasets.beat:_sample_from_clip:650 - audio from frame 0 to 752000, length 36266
2026-08-30 17:56:55.149 | INFO     | datasets.beat:cache_generation:496 - # ---- Building cache for Pose   1_wayne_0_5_5 ---- #
2026-08-30 17:56:55.162 | INFO     | datasets.beat:cache_generation:504 - # ---- Building cache for Audio  1_wayne_0_5_5 and Pose 1_wayne_0_5_5 ---- #
2026-08-30 17:56:55.163 | INFO     | datasets.beat:cache_generation:525 - # ---- Building cache for Facial 1_wayne_0_5_5 and Pose 1_wayne_0_5_5 ---- #
2026-08-30 17:56:55.177 | INFO     | datasets.beat:cache_generation:548 - # ---- Building cache for Sem    1_wayne_0_5_5 and Pose 1_wayne_0_5_5 ---- #
2026-08-30 17:56:55.187 | INFO     | datasets.beat:_sample_from_clip:614 - audio: 72s, pose: 72s, facial: 72s
2026-08-30 17:56:55.187 | INFO     | datasets.beat:_sample_from_clip:640 - pose from frame 0 to 1080, length 34
2026-08-30 17:56:55.187 | INFO     | datasets.beat:_sample_from_clip:641 - 105 clips is expected with stride 10
2026-08-30 17:56:55.187 | INFO     | datasets.beat:_sample_from_clip:650 - audio from frame 0 to 1152000, length 36266
2026-08-30 17:56:55.550 | INFO     | datasets.beat:cache_generation:496 - # ---- Building cache for Pose   1_wayne_0_60_60 ---- #
2026-08-30 17:56:55.560 | INFO     | datasets.beat:cache_generation:504 - # ---- Building cache for Audio  1_wayne_0_60_60 and Pose 1_wayne_0_60_60 ---- #
2026-08-30 17:56:55.561 | INFO     | datasets.beat:cache_generation:525 - # ---- Building cache for Facial 1_wayne_0_60_60 and Pose 1_wayne_0_60_60 ---- #
2026-08-30 17:56:55.572 | INFO     | datasets.beat:cache_generation:548 - # ---- Building cache for Sem    1_wayne_0_60_60 and Pose 1_wayne_0_60_60 ---- #
2026-08-30 17:56:55.579 | INFO     | datasets.beat:_sample_from_clip:614 - audio: 55s, pose: 55s, facial: 55s
2026-08-30 17:56:55.579 | INFO     | datasets.beat:_sample_from_clip:640 - pose from frame 0 to 825, length 34
2026-08-30 17:56:55.579 | INFO     | datasets.beat:_sample_from_clip:641 - 80 clips is expected with stride 10
2026-08-30 17:56:55.579 | INFO     | datasets.beat:_sample_from_clip:650 - audio from frame 0 to 880000, length 36266
2026-08-30 17:56:55.860 | INFO     | datasets.beat:cache_generation:496 - # ---- Building cache for Pose   1_wayne_0_61_61 ---- #
2026-08-30 17:56:55.872 | INFO     | datasets.beat:cache_generation:504 - # ---- Building cache for Audio  1_wayne_0_61_61 and Pose 1_wayne_0_61_61 ---- #
2026-08-30 17:56:55.873 | INFO     | datasets.beat:cache_generation:525 - # ---- Building cache for Facial 1_wayne_0_61_61 and Pose 1_wayne_0_61_61 ---- #
2026-08-30 17:56:55.885 | INFO     | datasets.beat:cache_generation:548 - # ---- Building cache for Sem    1_wayne_0_61_61 and Pose 1_wayne_0_61_61 ---- #
2026-08-30 17:56:55.895 | INFO     | datasets.beat:_sample_from_clip:614 - audio: 63s, pose: 63s, facial: 63s
2026-08-30 17:56:55.895 | INFO     | datasets.beat:_sample_from_clip:640 - pose from frame 0 to 945, length 34
2026-08-30 17:56:55.895 | INFO     | datasets.beat:_sample_from_clip:641 - 92 clips is expected with stride 10
2026-08-30 17:56:55.895 | INFO     | datasets.beat:_sample_from_clip:650 - audio from frame 0 to 1008000, length 36266
2026-08-30 17:56:56.213 | INFO     | datasets.beat:cache_generation:496 - # ---- Building cache for Pose   1_wayne_0_62_62 ---- #
2026-08-30 17:56:56.226 | INFO     | datasets.beat:cache_generation:504 - # ---- Building cache for Audio  1_wayne_0_62_62 and Pose 1_wayne_0_62_62 ---- #
2026-08-30 17:56:56.228 | INFO     | datasets.beat:cache_generation:525 - # ---- Building cache for Facial 1_wayne_0_62_62 and Pose 1_wayne_0_62_62 ---- #
2026-08-30 17:56:56.243 | INFO     | datasets.beat:cache_generation:548 - # ---- Building cache for Sem    1_wayne_0_62_62 and Pose 1_wayne_0_62_62 ---- #
2026-08-30 17:56:56.251 | INFO     | datasets.beat:_sample_from_clip:614 - audio: 70s, pose: 70s, facial: 70s
2026-08-30 17:56:56.251 | INFO     | datasets.beat:_sample_from_clip:640 - pose from frame 0 to 1050, length 34
2026-08-30 17:56:56.252 | INFO     | datasets.beat:_sample_from_clip:641 - 102 clips is expected with stride 10
2026-08-30 17:56:56.252 | INFO     | datasets.beat:_sample_from_clip:650 - audio from frame 0 to 1120000, length 36266
2026-08-30 17:56:56.618 | INFO     | datasets.beat:cache_generation:496 - # ---- Building cache for Pose   1_wayne_0_63_63 ---- #
2026-08-30 17:56:56.627 | INFO     | datasets.beat:cache_generation:504 - # ---- Building cache for Audio  1_wayne_0_63_63 and Pose 1_wayne_0_63_63 ---- #
2026-08-30 17:56:56.628 | INFO     | datasets.beat:cache_generation:525 - # ---- Building cache for Facial 1_wayne_0_63_63 and Pose 1_wayne_0_63_63 ---- #
2026-08-30 17:56:56.637 | INFO     | datasets.beat:cache_generation:548 - # ---- Building cache for Sem    1_wayne_0_63_63 and Pose 1_wayne_0_63_63 ---- #
2026-08-30 17:56:56.644 | INFO     | datasets.beat:_sample_from_clip:614 - audio: 51s, pose: 51s, facial: 51s
2026-08-30 17:56:56.644 | INFO     | datasets.beat:_sample_from_clip:640 - pose from frame 0 to 765, length 34
2026-08-30 17:56:56.644 | INFO     | datasets.beat:_sample_from_clip:641 - 74 clips is expected with stride 10
2026-08-30 17:56:56.644 | INFO     | datasets.beat:_sample_from_clip:650 - audio from frame 0 to 816000, length 36266
2026-08-30 17:56:56.901 | INFO     | datasets.beat:cache_generation:496 - # ---- Building cache for Pose   1_wayne_0_64_64 ---- #
2026-08-30 17:56:56.912 | INFO     | datasets.beat:cache_generation:504 - # ---- Building cache for Audio  1_wayne_0_64_64 and Pose 1_wayne_0_64_64 ---- #
2026-08-30 17:56:56.913 | INFO     | datasets.beat:cache_generation:525 - # ---- Building cache for Facial 1_wayne_0_64_64 and Pose 1_wayne_0_64_64 ---- #
2026-08-30 17:56:56.925 | INFO     | datasets.beat:cache_generation:548 - # ---- Building cache for Sem    1_wayne_0_64_64 and Pose 1_wayne_0_64_64 ---- #
2026-08-30 17:56:56.933 | INFO     | datasets.beat:_sample_from_clip:614 - audio: 63s, pose: 63s, facial: 63s
2026-08-30 17:56:56.933 | INFO     | datasets.beat:_sample_from_clip:640 - pose from frame 0 to 945, length 34
2026-08-30 17:56:56.933 | INFO     | datasets.beat:_sample_from_clip:641 - 92 clips is expected with stride 10
2026-08-30 17:56:56.933 | INFO     | datasets.beat:_sample_from_clip:650 - audio from frame 0 to 1008000, length 36266
2026-08-30 17:56:57.260 | INFO     | datasets.beat:cache_generation:496 - # ---- Building cache for Pose   1_wayne_0_65_65 ---- #
2026-08-30 17:56:57.271 | INFO     | datasets.beat:cache_generation:504 - # ---- Building cache for Audio  1_wayne_0_65_65 and Pose 1_wayne_0_65_65 ---- #
2026-08-30 17:56:57.272 | INFO     | datasets.beat:cache_generation:525 - # ---- Building cache for Facial 1_wayne_0_65_65 and Pose 1_wayne_0_65_65 ---- #
2026-08-30 17:56:57.287 | INFO     | datasets.beat:cache_generation:548 - # ---- Building cache for Sem    1_wayne_0_65_65 and Pose 1_wayne_0_65_65 ---- #
2026-08-30 17:56:57.295 | INFO     | datasets.beat:_sample_from_clip:614 - audio: 62s, pose: 62s, facial: 62s
2026-08-30 17:56:57.295 | INFO     | datasets.beat:_sample_from_clip:640 - pose from frame 0 to 930, length 34
2026-08-30 17:56:57.295 | INFO     | datasets.beat:_sample_from_clip:641 - 90 clips is expected with stride 10
2026-08-30 17:56:57.295 | INFO     | datasets.beat:_sample_from_clip:650 - audio from frame 0 to 992000, length 36266
2026-08-30 17:56:57.613 | INFO     | datasets.beat:cache_generation:496 - # ---- Building cache for Pose   1_wayne_0_66_66 ---- #
2026-08-30 17:56:57.625 | INFO     | datasets.beat:cache_generation:504 - # ---- Building cache for Audio  1_wayne_0_66_66 and Pose 1_wayne_0_66_66 ---- #
2026-08-30 17:56:57.627 | INFO     | datasets.beat:cache_generation:525 - # ---- Building cache for Facial 1_wayne_0_66_66 and Pose 1_wayne_0_66_66 ---- #
2026-08-30 17:56:57.640 | INFO     | datasets.beat:cache_generation:548 - # ---- Building cache for Sem    1_wayne_0_66_66 and Pose 1_wayne_0_66_66 ---- #
2026-08-30 17:56:57.649 | INFO     | datasets.beat:_sample_from_clip:614 - audio: 68s, pose: 68s, facial: 68s
2026-08-30 17:56:57.649 | INFO     | datasets.beat:_sample_from_clip:640 - pose from frame 0 to 1020, length 34
2026-08-30 17:56:57.649 | INFO     | datasets.beat:_sample_from_clip:641 - 99 clips is expected with stride 10
2026-08-30 17:56:57.649 | INFO     | datasets.beat:_sample_from_clip:650 - audio from frame 0 to 1088000, length 36266
2026-08-30 17:56:57.976 | INFO     | datasets.beat:cache_generation:496 - # ---- Building cache for Pose   1_wayne_0_67_67 ---- #
2026-08-30 17:56:57.985 | INFO     | datasets.beat:cache_generation:504 - # ---- Building cache for Audio  1_wayne_0_67_67 and Pose 1_wayne_0_67_67 ---- #
2026-08-30 17:56:57.987 | INFO     | datasets.beat:cache_generation:525 - # ---- Building cache for Facial 1_wayne_0_67_67 and Pose 1_wayne_0_67_67 ---- #
2026-08-30 17:56:57.997 | INFO     | datasets.beat:cache_generation:548 - # ---- Building cache for Sem    1_wayne_0_67_67 and Pose 1_wayne_0_67_67 ---- #
2026-08-30 17:56:58.003 | INFO     | datasets.beat:_sample_from_clip:614 - audio: 51s, pose: 51s, facial: 51s
2026-08-30 17:56:58.003 | INFO     | datasets.beat:_sample_from_clip:640 - pose from frame 0 to 765, length 34
2026-08-30 17:56:58.004 | INFO     | datasets.beat:_sample_from_clip:641 - 74 clips is expected with stride 10
2026-08-30 17:56:58.004 | INFO     | datasets.beat:_sample_from_clip:650 - audio from frame 0 to 816000, length 36266
2026-08-30 17:56:58.264 | INFO     | datasets.beat:cache_generation:496 - # ---- Building cache for Pose   1_wayne_0_68_68 ---- #
2026-08-30 17:56:58.274 | INFO     | datasets.beat:cache_generation:504 - # ---- Building cache for Audio  1_wayne_0_68_68 and Pose 1_wayne_0_68_68 ---- #
2026-08-30 17:56:58.276 | INFO     | datasets.beat:cache_generation:525 - # ---- Building cache for Facial 1_wayne_0_68_68 and Pose 1_wayne_0_68_68 ---- #
2026-08-30 17:56:58.288 | INFO     | datasets.beat:cache_generation:548 - # ---- Building cache for Sem    1_wayne_0_68_68 and Pose 1_wayne_0_68_68 ---- #
2026-08-30 17:56:58.296 | INFO     | datasets.beat:_sample_from_clip:614 - audio: 58s, pose: 58s, facial: 58s
2026-08-30 17:56:58.296 | INFO     | datasets.beat:_sample_from_clip:640 - pose from frame 0 to 870, length 34
2026-08-30 17:56:58.296 | INFO     | datasets.beat:_sample_from_clip:641 - 84 clips is expected with stride 10
2026-08-30 17:56:58.296 | INFO     | datasets.beat:_sample_from_clip:650 - audio from frame 0 to 928000, length 36266
2026-08-30 17:56:58.589 | INFO     | datasets.beat:cache_generation:496 - # ---- Building cache for Pose   1_wayne_0_69_69 ---- #
2026-08-30 17:56:58.601 | INFO     | datasets.beat:cache_generation:504 - # ---- Building cache for Audio  1_wayne_0_69_69 and Pose 1_wayne_0_69_69 ---- #
2026-08-30 17:56:58.602 | INFO     | datasets.beat:cache_generation:525 - # ---- Building cache for Facial 1_wayne_0_69_69 and Pose 1_wayne_0_69_69 ---- #
2026-08-30 17:56:58.615 | INFO     | datasets.beat:cache_generation:548 - # ---- Building cache for Sem    1_wayne_0_69_69 and Pose 1_wayne_0_69_69 ---- #
2026-08-30 17:56:58.623 | INFO     | datasets.beat:_sample_from_clip:614 - audio: 64s, pose: 64s, facial: 64s
2026-08-30 17:56:58.623 | INFO     | datasets.beat:_sample_from_clip:640 - pose from frame 0 to 960, length 34
2026-08-30 17:56:58.623 | INFO     | datasets.beat:_sample_from_clip:641 - 93 clips is expected with stride 10
2026-08-30 17:56:58.623 | INFO     | datasets.beat:_sample_from_clip:650 - audio from frame 0 to 1024000, length 36266
2026-08-30 17:56:58.939 | INFO     | datasets.beat:cache_generation:496 - # ---- Building cache for Pose   1_wayne_0_6_6 ---- #
2026-08-30 17:56:58.951 | INFO     | datasets.beat:cache_generation:504 - # ---- Building cache for Audio  1_wayne_0_6_6 and Pose 1_wayne_0_6_6 ---- #
2026-08-30 17:56:58.952 | INFO     | datasets.beat:cache_generation:525 - # ---- Building cache for Facial 1_wayne_0_6_6 and Pose 1_wayne_0_6_6 ---- #
2026-08-30 17:56:58.966 | INFO     | datasets.beat:cache_generation:548 - # ---- Building cache for Sem    1_wayne_0_6_6 and Pose 1_wayne_0_6_6 ---- #
2026-08-30 17:56:59.021 | INFO     | datasets.beat:_sample_from_clip:614 - audio: 66s, pose: 66s, facial: 66s
2026-08-30 17:56:59.021 | INFO     | datasets.beat:_sample_from_clip:640 - pose from frame 0 to 990, length 34
2026-08-30 17:56:59.021 | INFO     | datasets.beat:_sample_from_clip:641 - 96 clips is expected with stride 10
2026-08-30 17:56:59.022 | INFO     | datasets.beat:_sample_from_clip:650 - audio from frame 0 to 1056000, length 36266
2026-08-30 17:56:59.346 | INFO     | datasets.beat:cache_generation:496 - # ---- Building cache for Pose   1_wayne_0_70_70 ---- #
2026-08-30 17:56:59.356 | INFO     | datasets.beat:cache_generation:504 - # ---- Building cache for Audio  1_wayne_0_70_70 and Pose 1_wayne_0_70_70 ---- #
2026-08-30 17:56:59.357 | INFO     | datasets.beat:cache_generation:525 - # ---- Building cache for Facial 1_wayne_0_70_70 and Pose 1_wayne_0_70_70 ---- #
2026-08-30 17:56:59.369 | INFO     | datasets.beat:cache_generation:548 - # ---- Building cache for Sem    1_wayne_0_70_70 and Pose 1_wayne_0_70_70 ---- #
2026-08-30 17:56:59.377 | INFO     | datasets.beat:_sample_from_clip:614 - audio: 60s, pose: 60s, facial: 60s
2026-08-30 17:56:59.377 | INFO     | datasets.beat:_sample_from_clip:640 - pose from frame 0 to 900, length 34
2026-08-30 17:56:59.377 | INFO     | datasets.beat:_sample_from_clip:641 - 87 clips is expected with stride 10
2026-08-30 17:56:59.377 | INFO     | datasets.beat:_sample_from_clip:650 - audio from frame 0 to 960000, length 36266
2026-08-30 17:56:59.675 | INFO     | datasets.beat:cache_generation:496 - # ---- Building cache for Pose   1_wayne_0_71_71 ---- #
2026-08-30 17:56:59.684 | INFO     | datasets.beat:cache_generation:504 - # ---- Building cache for Audio  1_wayne_0_71_71 and Pose 1_wayne_0_71_71 ---- #
2026-08-30 17:56:59.684 | INFO     | datasets.beat:cache_generation:525 - # ---- Building cache for Facial 1_wayne_0_71_71 and Pose 1_wayne_0_71_71 ---- #
2026-08-30 17:56:59.694 | INFO     | datasets.beat:cache_generation:548 - # ---- Building cache for Sem    1_wayne_0_71_71 and Pose 1_wayne_0_71_71 ---- #
2026-08-30 17:56:59.700 | INFO     | datasets.beat:_sample_from_clip:614 - audio: 47s, pose: 47s, facial: 47s
2026-08-30 17:56:59.700 | INFO     | datasets.beat:_sample_from_clip:640 - pose from frame 0 to 705, length 34
2026-08-30 17:56:59.700 | INFO     | datasets.beat:_sample_from_clip:641 - 68 clips is expected with stride 10
2026-08-30 17:56:59.700 | INFO     | datasets.beat:_sample_from_clip:650 - audio from frame 0 to 752000, length 36266
2026-08-30 17:56:59.937 | INFO     | datasets.beat:cache_generation:496 - # ---- Building cache for Pose   1_wayne_0_72_72 ---- #
2026-08-30 17:56:59.948 | INFO     | datasets.beat:cache_generation:504 - # ---- Building cache for Audio  1_wayne_0_72_72 and Pose 1_wayne_0_72_72 ---- #
2026-08-30 17:56:59.949 | INFO     | datasets.beat:cache_generation:525 - # ---- Building cache for Facial 1_wayne_0_72_72 and Pose 1_wayne_0_72_72 ---- #
2026-08-30 17:56:59.961 | INFO     | datasets.beat:cache_generation:548 - # ---- Building cache for Sem    1_wayne_0_72_72 and Pose 1_wayne_0_72_72 ---- #
2026-08-30 17:56:59.969 | INFO     | datasets.beat:_sample_from_clip:614 - audio: 60s, pose: 62s, facial: 60s
2026-08-30 17:56:59.969 | WARNING  | datasets.beat:_sample_from_clip:618 - reduce to 60s, ignore 2s
2026-08-30 17:56:59.969 | INFO     | datasets.beat:_sample_from_clip:640 - pose from frame 0 to 900, length 34
2026-08-30 17:56:59.969 | INFO     | datasets.beat:_sample_from_clip:641 - 87 clips is expected with stride 10
2026-08-30 17:56:59.969 | INFO     | datasets.beat:_sample_from_clip:650 - audio from frame 0 to 960000, length 36266
2026-08-30 17:57:00.268 | INFO     | datasets.beat:cache_generation:496 - # ---- Building cache for Pose   1_wayne_0_73_73 ---- #
2026-08-30 17:57:00.277 | INFO     | datasets.beat:cache_generation:504 - # ---- Building cache for Audio  1_wayne_0_73_73 and Pose 1_wayne_0_73_73 ---- #
2026-08-30 17:57:00.277 | INFO     | datasets.beat:cache_generation:525 - # ---- Building cache for Facial 1_wayne_0_73_73 and Pose 1_wayne_0_73_73 ---- #
2026-08-30 17:57:00.286 | INFO     | datasets.beat:cache_generation:548 - # ---- Building cache for Sem    1_wayne_0_73_73 and Pose 1_wayne_0_73_73 ---- #
2026-08-30 17:57:00.293 | INFO     | datasets.beat:_sample_from_clip:614 - audio: 46s, pose: 46s, facial: 46s
2026-08-30 17:57:00.293 | INFO     | datasets.beat:_sample_from_clip:640 - pose from frame 0 to 690, length 34
2026-08-30 17:57:00.293 | INFO     | datasets.beat:_sample_from_clip:641 - 66 clips is expected with stride 10
2026-08-30 17:57:00.293 | INFO     | datasets.beat:_sample_from_clip:650 - audio from frame 0 to 736000, length 36266
2026-08-30 17:57:00.523 | INFO     | datasets.beat:cache_generation:496 - # ---- Building cache for Pose   1_wayne_0_74_74 ---- #
2026-08-30 17:57:00.533 | INFO     | datasets.beat:cache_generation:504 - # ---- Building cache for Audio  1_wayne_0_74_74 and Pose 1_wayne_0_74_74 ---- #
2026-08-30 17:57:00.534 | INFO     | datasets.beat:cache_generation:525 - # ---- Building cache for Facial 1_wayne_0_74_74 and Pose 1_wayne_0_74_74 ---- #
2026-08-30 17:57:00.545 | INFO     | datasets.beat:cache_generation:548 - # ---- Building cache for Sem    1_wayne_0_74_74 and Pose 1_wayne_0_74_74 ---- #
2026-08-30 17:57:00.553 | INFO     | datasets.beat:_sample_from_clip:614 - audio: 57s, pose: 57s, facial: 57s
2026-08-30 17:57:00.553 | INFO     | datasets.beat:_sample_from_clip:640 - pose from frame 0 to 855, length 34
2026-08-30 17:57:00.553 | INFO     | datasets.beat:_sample_from_clip:641 - 83 clips is expected with stride 10
2026-08-30 17:57:00.553 | INFO     | datasets.beat:_sample_from_clip:650 - audio from frame 0 to 912000, length 36266
2026-08-30 17:57:00.843 | INFO     | datasets.beat:cache_generation:496 - # ---- Building cache for Pose   1_wayne_0_75_75 ---- #
2026-08-30 17:57:00.848 | INFO     | datasets.beat:cache_generation:504 - # ---- Building cache for Audio  1_wayne_0_75_75 and Pose 1_wayne_0_75_75 ---- #
2026-08-30 17:57:00.848 | INFO     | datasets.beat:cache_generation:525 - # ---- Building cache for Facial 1_wayne_0_75_75 and Pose 1_wayne_0_75_75 ---- #
2026-08-30 17:57:00.854 | INFO     | datasets.beat:cache_generation:548 - # ---- Building cache for Sem    1_wayne_0_75_75 and Pose 1_wayne_0_75_75 ---- #
2026-08-30 17:57:00.858 | INFO     | datasets.beat:_sample_from_clip:614 - audio: 27s, pose: 27s, facial: 27s
2026-08-30 17:57:00.858 | INFO     | datasets.beat:_sample_from_clip:640 - pose from frame 0 to 405, length 34
2026-08-30 17:57:00.858 | INFO     | datasets.beat:_sample_from_clip:641 - 38 clips is expected with stride 10
2026-08-30 17:57:00.858 | INFO     | datasets.beat:_sample_from_clip:650 - audio from frame 0 to 432000, length 36266
2026-08-30 17:57:00.995 | INFO     | datasets.beat:cache_generation:496 - # ---- Building cache for Pose   1_wayne_0_76_76 ---- #
2026-08-30 17:57:01.003 | INFO     | datasets.beat:cache_generation:504 - # ---- Building cache for Audio  1_wayne_0_76_76 and Pose 1_wayne_0_76_76 ---- #
2026-08-30 17:57:01.004 | INFO     | datasets.beat:cache_generation:525 - # ---- Building cache for Facial 1_wayne_0_76_76 and Pose 1_wayne_0_76_76 ---- #
2026-08-30 17:57:01.012 | INFO     | datasets.beat:cache_generation:548 - # ---- Building cache for Sem    1_wayne_0_76_76 and Pose 1_wayne_0_76_76 ---- #
2026-08-30 17:57:01.018 | INFO     | datasets.beat:_sample_from_clip:614 - audio: 45s, pose: 45s, facial: 45s
2026-08-30 17:57:01.018 | INFO     | datasets.beat:_sample_from_clip:640 - pose from frame 0 to 675, length 34
2026-08-30 17:57:01.018 | INFO     | datasets.beat:_sample_from_clip:641 - 65 clips is expected with stride 10
2026-08-30 17:57:01.018 | INFO     | datasets.beat:_sample_from_clip:650 - audio from frame 0 to 720000, length 36266
2026-08-30 17:57:01.245 | INFO     | datasets.beat:cache_generation:496 - # ---- Building cache for Pose   1_wayne_0_77_77 ---- #
2026-08-30 17:57:01.253 | INFO     | datasets.beat:cache_generation:504 - # ---- Building cache for Audio  1_wayne_0_77_77 and Pose 1_wayne_0_77_77 ---- #
2026-08-30 17:57:01.253 | INFO     | datasets.beat:cache_generation:525 - # ---- Building cache for Facial 1_wayne_0_77_77 and Pose 1_wayne_0_77_77 ---- #
2026-08-30 17:57:01.262 | INFO     | datasets.beat:cache_generation:548 - # ---- Building cache for Sem    1_wayne_0_77_77 and Pose 1_wayne_0_77_77 ---- #
2026-08-30 17:57:01.267 | INFO     | datasets.beat:_sample_from_clip:614 - audio: 43s, pose: 43s, facial: 43s
2026-08-30 17:57:01.268 | INFO     | datasets.beat:_sample_from_clip:640 - pose from frame 0 to 645, length 34
2026-08-30 17:57:01.268 | INFO     | datasets.beat:_sample_from_clip:641 - 62 clips is expected with stride 10
2026-08-30 17:57:01.268 | INFO     | datasets.beat:_sample_from_clip:650 - audio from frame 0 to 688000, length 36266
2026-08-30 17:57:01.488 | INFO     | datasets.beat:cache_generation:496 - # ---- Building cache for Pose   1_wayne_0_78_78 ---- #
2026-08-30 17:57:01.496 | INFO     | datasets.beat:cache_generation:504 - # ---- Building cache for Audio  1_wayne_0_78_78 and Pose 1_wayne_0_78_78 ---- #
2026-08-30 17:57:01.497 | INFO     | datasets.beat:cache_generation:525 - # ---- Building cache for Facial 1_wayne_0_78_78 and Pose 1_wayne_0_78_78 ---- #
2026-08-30 17:57:01.506 | INFO     | datasets.beat:cache_generation:548 - # ---- Building cache for Sem    1_wayne_0_78_78 and Pose 1_wayne_0_78_78 ---- #
2026-08-30 17:57:01.512 | INFO     | datasets.beat:_sample_from_clip:614 - audio: 46s, pose: 46s, facial: 46s
2026-08-30 17:57:01.512 | INFO     | datasets.beat:_sample_from_clip:640 - pose from frame 0 to 690, length 34
2026-08-30 17:57:01.512 | INFO     | datasets.beat:_sample_from_clip:641 - 66 clips is expected with stride 10
2026-08-30 17:57:01.512 | INFO     | datasets.beat:_sample_from_clip:650 - audio from frame 0 to 736000, length 36266
2026-08-30 17:57:01.739 | INFO     | datasets.beat:cache_generation:496 - # ---- Building cache for Pose   1_wayne_0_79_79 ---- #
2026-08-30 17:57:01.748 | INFO     | datasets.beat:cache_generation:504 - # ---- Building cache for Audio  1_wayne_0_79_79 and Pose 1_wayne_0_79_79 ---- #
2026-08-30 17:57:01.749 | INFO     | datasets.beat:cache_generation:525 - # ---- Building cache for Facial 1_wayne_0_79_79 and Pose 1_wayne_0_79_79 ---- #
2026-08-30 17:57:01.759 | INFO     | datasets.beat:cache_generation:548 - # ---- Building cache for Sem    1_wayne_0_79_79 and Pose 1_wayne_0_79_79 ---- #
2026-08-30 17:57:01.765 | INFO     | datasets.beat:_sample_from_clip:614 - audio: 52s, pose: 52s, facial: 52s
2026-08-30 17:57:01.766 | INFO     | datasets.beat:_sample_from_clip:640 - pose from frame 0 to 780, length 34
2026-08-30 17:57:01.766 | INFO     | datasets.beat:_sample_from_clip:641 - 75 clips is expected with stride 10
2026-08-30 17:57:01.766 | INFO     | datasets.beat:_sample_from_clip:650 - audio from frame 0 to 832000, length 36266
2026-08-30 17:57:02.024 | INFO     | datasets.beat:cache_generation:496 - # ---- Building cache for Pose   1_wayne_0_7_7 ---- #
2026-08-30 17:57:02.036 | INFO     | datasets.beat:cache_generation:504 - # ---- Building cache for Audio  1_wayne_0_7_7 and Pose 1_wayne_0_7_7 ---- #
2026-08-30 17:57:02.037 | INFO     | datasets.beat:cache_generation:525 - # ---- Building cache for Facial 1_wayne_0_7_7 and Pose 1_wayne_0_7_7 ---- #
2026-08-30 17:57:02.049 | INFO     | datasets.beat:cache_generation:548 - # ---- Building cache for Sem    1_wayne_0_7_7 and Pose 1_wayne_0_7_7 ---- #
2026-08-30 17:57:02.059 | INFO     | datasets.beat:_sample_from_clip:614 - audio: 65s, pose: 65s, facial: 65s
2026-08-30 17:57:02.060 | INFO     | datasets.beat:_sample_from_clip:640 - pose from frame 0 to 975, length 34
2026-08-30 17:57:02.060 | INFO     | datasets.beat:_sample_from_clip:641 - 95 clips is expected with stride 10
2026-08-30 17:57:02.060 | INFO     | datasets.beat:_sample_from_clip:650 - audio from frame 0 to 1040000, length 36266
2026-08-30 17:57:02.377 | INFO     | datasets.beat:cache_generation:496 - # ---- Building cache for Pose   1_wayne_0_80_80 ---- #
2026-08-30 17:57:02.387 | INFO     | datasets.beat:cache_generation:504 - # ---- Building cache for Audio  1_wayne_0_80_80 and Pose 1_wayne_0_80_80 ---- #
2026-08-30 17:57:02.388 | INFO     | datasets.beat:cache_generation:525 - # ---- Building cache for Facial 1_wayne_0_80_80 and Pose 1_wayne_0_80_80 ---- #
2026-08-30 17:57:02.400 | INFO     | datasets.beat:cache_generation:548 - # ---- Building cache for Sem    1_wayne_0_80_80 and Pose 1_wayne_0_80_80 ---- #
2026-08-30 17:57:02.407 | INFO     | datasets.beat:_sample_from_clip:614 - audio: 59s, pose: 59s, facial: 59s
2026-08-30 17:57:02.407 | INFO     | datasets.beat:_sample_from_clip:640 - pose from frame 0 to 885, length 34
2026-08-30 17:57:02.407 | INFO     | datasets.beat:_sample_from_clip:641 - 86 clips is expected with stride 10
2026-08-30 17:57:02.407 | INFO     | datasets.beat:_sample_from_clip:650 - audio from frame 0 to 944000, length 36266
2026-08-30 17:57:02.747 | INFO     | datasets.beat:cache_generation:496 - # ---- Building cache for Pose   1_wayne_0_81_81 ---- #
2026-08-30 17:57:02.761 | INFO     | datasets.beat:cache_generation:504 - # ---- Building cache for Audio  1_wayne_0_81_81 and Pose 1_wayne_0_81_81 ---- #
2026-08-30 17:57:02.762 | INFO     | datasets.beat:cache_generation:525 - # ---- Building cache for Facial 1_wayne_0_81_81 and Pose 1_wayne_0_81_81 ---- #
2026-08-30 17:57:02.778 | INFO     | datasets.beat:cache_generation:548 - # ---- Building cache for Sem    1_wayne_0_81_81 and Pose 1_wayne_0_81_81 ---- #
2026-08-30 17:57:02.787 | INFO     | datasets.beat:_sample_from_clip:614 - audio: 80s, pose: 80s, facial: 80s
2026-08-30 17:57:02.787 | INFO     | datasets.beat:_sample_from_clip:640 - pose from frame 0 to 1200, length 34
2026-08-30 17:57:02.787 | INFO     | datasets.beat:_sample_from_clip:641 - 117 clips is expected with stride 10
2026-08-30 17:57:02.787 | INFO     | datasets.beat:_sample_from_clip:650 - audio from frame 0 to 1280000, length 36266
2026-08-30 17:57:03.199 | INFO     | datasets.beat:cache_generation:496 - # ---- Building cache for Pose   1_wayne_0_82_82 ---- #
2026-08-30 17:57:03.212 | INFO     | datasets.beat:cache_generation:504 - # ---- Building cache for Audio  1_wayne_0_82_82 and Pose 1_wayne_0_82_82 ---- #
2026-08-30 17:57:03.214 | INFO     | datasets.beat:cache_generation:525 - # ---- Building cache for Facial 1_wayne_0_82_82 and Pose 1_wayne_0_82_82 ---- #
2026-08-30 17:57:03.227 | INFO     | datasets.beat:cache_generation:548 - # ---- Building cache for Sem    1_wayne_0_82_82 and Pose 1_wayne_0_82_82 ---- #
2026-08-30 17:57:03.236 | INFO     | datasets.beat:_sample_from_clip:614 - audio: 73s, pose: 73s, facial: 73s
2026-08-30 17:57:03.236 | INFO     | datasets.beat:_sample_from_clip:640 - pose from frame 0 to 1095, length 34
2026-08-30 17:57:03.236 | INFO     | datasets.beat:_sample_from_clip:641 - 107 clips is expected with stride 10
2026-08-30 17:57:03.236 | INFO     | datasets.beat:_sample_from_clip:650 - audio from frame 0 to 1168000, length 36266
2026-08-30 17:57:03.612 | INFO     | datasets.beat:cache_generation:496 - # ---- Building cache for Pose   1_wayne_0_83_83 ---- #
2026-08-30 17:57:03.621 | INFO     | datasets.beat:cache_generation:504 - # ---- Building cache for Audio  1_wayne_0_83_83 and Pose 1_wayne_0_83_83 ---- #
2026-08-30 17:57:03.622 | INFO     | datasets.beat:cache_generation:525 - # ---- Building cache for Facial 1_wayne_0_83_83 and Pose 1_wayne_0_83_83 ---- #
2026-08-30 17:57:03.631 | INFO     | datasets.beat:cache_generation:548 - # ---- Building cache for Sem    1_wayne_0_83_83 and Pose 1_wayne_0_83_83 ---- #
2026-08-30 17:57:03.637 | INFO     | datasets.beat:_sample_from_clip:614 - audio: 47s, pose: 47s, facial: 47s
2026-08-30 17:57:03.637 | INFO     | datasets.beat:_sample_from_clip:640 - pose from frame 0 to 705, length 34
2026-08-30 17:57:03.637 | INFO     | datasets.beat:_sample_from_clip:641 - 68 clips is expected with stride 10
2026-08-30 17:57:03.637 | INFO     | datasets.beat:_sample_from_clip:650 - audio from frame 0 to 752000, length 36266
2026-08-30 17:57:03.873 | INFO     | datasets.beat:cache_generation:496 - # ---- Building cache for Pose   1_wayne_0_84_84 ---- #
2026-08-30 17:57:03.883 | INFO     | datasets.beat:cache_generation:504 - # ---- Building cache for Audio  1_wayne_0_84_84 and Pose 1_wayne_0_84_84 ---- #
2026-08-30 17:57:03.883 | INFO     | datasets.beat:cache_generation:525 - # ---- Building cache for Facial 1_wayne_0_84_84 and Pose 1_wayne_0_84_84 ---- #
2026-08-30 17:57:03.893 | INFO     | datasets.beat:cache_generation:548 - # ---- Building cache for Sem    1_wayne_0_84_84 and Pose 1_wayne_0_84_84 ---- #
2026-08-30 17:57:03.901 | INFO     | datasets.beat:_sample_from_clip:614 - audio: 52s, pose: 52s, facial: 52s
2026-08-30 17:57:03.901 | INFO     | datasets.beat:_sample_from_clip:640 - pose from frame 0 to 780, length 34
2026-08-30 17:57:03.901 | INFO     | datasets.beat:_sample_from_clip:641 - 75 clips is expected with stride 10
2026-08-30 17:57:03.901 | INFO     | datasets.beat:_sample_from_clip:650 - audio from frame 0 to 832000, length 36266
2026-08-30 17:57:04.165 | INFO     | datasets.beat:cache_generation:496 - # ---- Building cache for Pose   1_wayne_0_85_85 ---- #
2026-08-30 17:57:04.179 | INFO     | datasets.beat:cache_generation:504 - # ---- Building cache for Audio  1_wayne_0_85_85 and Pose 1_wayne_0_85_85 ---- #
2026-08-30 17:57:04.181 | INFO     | datasets.beat:cache_generation:525 - # ---- Building cache for Facial 1_wayne_0_85_85 and Pose 1_wayne_0_85_85 ---- #
2026-08-30 17:57:04.196 | INFO     | datasets.beat:cache_generation:548 - # ---- Building cache for Sem    1_wayne_0_85_85 and Pose 1_wayne_0_85_85 ---- #
2026-08-30 17:57:04.206 | INFO     | datasets.beat:_sample_from_clip:614 - audio: 79s, pose: 79s, facial: 79s
2026-08-30 17:57:04.206 | INFO     | datasets.beat:_sample_from_clip:640 - pose from frame 0 to 1185, length 34
2026-08-30 17:57:04.206 | INFO     | datasets.beat:_sample_from_clip:641 - 116 clips is expected with stride 10
2026-08-30 17:57:04.206 | INFO     | datasets.beat:_sample_from_clip:650 - audio from frame 0 to 1264000, length 36266
2026-08-30 17:57:04.594 | INFO     | datasets.beat:cache_generation:496 - # ---- Building cache for Pose   1_wayne_0_86_86 ---- #
2026-08-30 17:57:04.607 | INFO     | datasets.beat:cache_generation:504 - # ---- Building cache for Audio  1_wayne_0_86_86 and Pose 1_wayne_0_86_86 ---- #
2026-08-30 17:57:04.608 | INFO     | datasets.beat:cache_generation:525 - # ---- Building cache for Facial 1_wayne_0_86_86 and Pose 1_wayne_0_86_86 ---- #
2026-08-30 17:57:04.621 | INFO     | datasets.beat:cache_generation:548 - # ---- Building cache for Sem    1_wayne_0_86_86 and Pose 1_wayne_0_86_86 ---- #
2026-08-30 17:57:04.629 | INFO     | datasets.beat:_sample_from_clip:614 - audio: 70s, pose: 70s, facial: 70s
2026-08-30 17:57:04.630 | INFO     | datasets.beat:_sample_from_clip:640 - pose from frame 0 to 1050, length 34
2026-08-30 17:57:04.630 | INFO     | datasets.beat:_sample_from_clip:641 - 102 clips is expected with stride 10
2026-08-30 17:57:04.630 | INFO     | datasets.beat:_sample_from_clip:650 - audio from frame 0 to 1120000, length 36266
2026-08-30 17:57:04.982 | INFO     | datasets.beat:cache_generation:496 - # ---- Building cache for Pose   1_wayne_0_87_87 ---- #
2026-08-30 17:57:04.997 | INFO     | datasets.beat:cache_generation:504 - # ---- Building cache for Audio  1_wayne_0_87_87 and Pose 1_wayne_0_87_87 ---- #
2026-08-30 17:57:04.998 | INFO     | datasets.beat:cache_generation:525 - # ---- Building cache for Facial 1_wayne_0_87_87 and Pose 1_wayne_0_87_87 ---- #
2026-08-30 17:57:05.013 | INFO     | datasets.beat:cache_generation:548 - # ---- Building cache for Sem    1_wayne_0_87_87 and Pose 1_wayne_0_87_87 ---- #
2026-08-30 17:57:05.022 | INFO     | datasets.beat:_sample_from_clip:614 - audio: 80s, pose: 80s, facial: 80s
2026-08-30 17:57:05.022 | INFO     | datasets.beat:_sample_from_clip:640 - pose from frame 0 to 1200, length 34
2026-08-30 17:57:05.022 | INFO     | datasets.beat:_sample_from_clip:641 - 117 clips is expected with stride 10
2026-08-30 17:57:05.022 | INFO     | datasets.beat:_sample_from_clip:650 - audio from frame 0 to 1280000, length 36266
2026-08-30 17:57:05.428 | INFO     | datasets.beat:cache_generation:496 - # ---- Building cache for Pose   2_scott_0_100_100 ---- #
2026-08-30 17:57:05.438 | INFO     | datasets.beat:cache_generation:504 - # ---- Building cache for Audio  2_scott_0_100_100 and Pose 2_scott_0_100_100 ---- #
2026-08-30 17:57:05.439 | INFO     | datasets.beat:cache_generation:525 - # ---- Building cache for Facial 2_scott_0_100_100 and Pose 2_scott_0_100_100 ---- #
2026-08-30 17:57:05.451 | INFO     | datasets.beat:cache_generation:548 - # ---- Building cache for Sem    2_scott_0_100_100 and Pose 2_scott_0_100_100 ---- #
2026-08-30 17:57:05.458 | INFO     | datasets.beat:_sample_from_clip:614 - audio: 55s, pose: 55s, facial: 55s
2026-08-30 17:57:05.458 | INFO     | datasets.beat:_sample_from_clip:640 - pose from frame 0 to 825, length 34
2026-08-30 17:57:05.459 | INFO     | datasets.beat:_sample_from_clip:641 - 80 clips is expected with stride 10
2026-08-30 17:57:05.459 | INFO     | datasets.beat:_sample_from_clip:650 - audio from frame 0 to 880000, length 36266
2026-08-30 17:57:05.727 | INFO     | datasets.beat:cache_generation:496 - # ---- Building cache for Pose   2_scott_0_101_101 ---- #
2026-08-30 17:57:05.738 | INFO     | datasets.beat:cache_generation:504 - # ---- Building cache for Audio  2_scott_0_101_101 and Pose 2_scott_0_101_101 ---- #
2026-08-30 17:57:05.739 | INFO     | datasets.beat:cache_generation:525 - # ---- Building cache for Facial 2_scott_0_101_101 and Pose 2_scott_0_101_101 ---- #
2026-08-30 17:57:05.750 | INFO     | datasets.beat:cache_generation:548 - # ---- Building cache for Sem    2_scott_0_101_101 and Pose 2_scott_0_101_101 ---- #
2026-08-30 17:57:05.759 | INFO     | datasets.beat:_sample_from_clip:614 - audio: 60s, pose: 60s, facial: 60s
2026-08-30 17:57:05.759 | INFO     | datasets.beat:_sample_from_clip:640 - pose from frame 0 to 900, length 34
2026-08-30 17:57:05.759 | INFO     | datasets.beat:_sample_from_clip:641 - 87 clips is expected with stride 10
2026-08-30 17:57:05.759 | INFO     | datasets.beat:_sample_from_clip:650 - audio from frame 0 to 960000, length 36266
2026-08-30 17:57:06.051 | INFO     | datasets.beat:cache_generation:496 - # ---- Building cache for Pose   2_scott_0_102_102 ---- #
2026-08-30 17:57:06.060 | INFO     | datasets.beat:cache_generation:504 - # ---- Building cache for Audio  2_scott_0_102_102 and Pose 2_scott_0_102_102 ---- #
2026-08-30 17:57:06.061 | INFO     | datasets.beat:cache_generation:525 - # ---- Building cache for Facial 2_scott_0_102_102 and Pose 2_scott_0_102_102 ---- #
2026-08-30 17:57:06.071 | INFO     | datasets.beat:cache_generation:548 - # ---- Building cache for Sem    2_scott_0_102_102 and Pose 2_scott_0_102_102 ---- #
2026-08-30 17:57:06.077 | INFO     | datasets.beat:_sample_from_clip:614 - audio: 51s, pose: 51s, facial: 51s
2026-08-30 17:57:06.078 | INFO     | datasets.beat:_sample_from_clip:640 - pose from frame 0 to 765, length 34
2026-08-30 17:57:06.078 | INFO     | datasets.beat:_sample_from_clip:641 - 74 clips is expected with stride 10
2026-08-30 17:57:06.078 | INFO     | datasets.beat:_sample_from_clip:650 - audio from frame 0 to 816000, length 36266
2026-08-30 17:57:06.338 | INFO     | datasets.beat:cache_generation:496 - # ---- Building cache for Pose   2_scott_0_103_103 ---- #
2026-08-30 17:57:06.348 | INFO     | datasets.beat:cache_generation:504 - # ---- Building cache for Audio  2_scott_0_103_103 and Pose 2_scott_0_103_103 ---- #
2026-08-30 17:57:06.349 | INFO     | datasets.beat:cache_generation:525 - # ---- Building cache for Facial 2_scott_0_103_103 and Pose 2_scott_0_103_103 ---- #
2026-08-30 17:57:06.360 | INFO     | datasets.beat:cache_generation:548 - # ---- Building cache for Sem    2_scott_0_103_103 and Pose 2_scott_0_103_103 ---- #
2026-08-30 17:57:06.367 | INFO     | datasets.beat:_sample_from_clip:614 - audio: 57s, pose: 57s, facial: 57s
2026-08-30 17:57:06.367 | INFO     | datasets.beat:_sample_from_clip:640 - pose from frame 0 to 855, length 34
2026-08-30 17:57:06.367 | INFO     | datasets.beat:_sample_from_clip:641 - 83 clips is expected with stride 10
2026-08-30 17:57:06.367 | INFO     | datasets.beat:_sample_from_clip:650 - audio from frame 0 to 912000, length 36266
2026-08-30 17:57:06.650 | INFO     | datasets.beat:cache_generation:496 - # ---- Building cache for Pose   2_scott_0_104_104 ---- #
2026-08-30 17:57:06.660 | INFO     | datasets.beat:cache_generation:504 - # ---- Building cache for Audio  2_scott_0_104_104 and Pose 2_scott_0_104_104 ---- #
2026-08-30 17:57:06.662 | INFO     | datasets.beat:cache_generation:525 - # ---- Building cache for Facial 2_scott_0_104_104 and Pose 2_scott_0_104_104 ---- #
2026-08-30 17:57:06.674 | INFO     | datasets.beat:cache_generation:548 - # ---- Building cache for Sem    2_scott_0_104_104 and Pose 2_scott_0_104_104 ---- #
2026-08-30 17:57:06.681 | INFO     | datasets.beat:_sample_from_clip:614 - audio: 60s, pose: 60s, facial: 60s
2026-08-30 17:57:06.681 | INFO     | datasets.beat:_sample_from_clip:640 - pose from frame 0 to 900, length 34
2026-08-30 17:57:06.681 | INFO     | datasets.beat:_sample_from_clip:641 - 87 clips is expected with stride 10
2026-08-30 17:57:06.681 | INFO     | datasets.beat:_sample_from_clip:650 - audio from frame 0 to 960000, length 36266
2026-08-30 17:57:06.986 | INFO     | datasets.beat:cache_generation:496 - # ---- Building cache for Pose   2_scott_0_105_105 ---- #
2026-08-30 17:57:06.994 | INFO     | datasets.beat:cache_generation:504 - # ---- Building cache for Audio  2_scott_0_105_105 and Pose 2_scott_0_105_105 ---- #
2026-08-30 17:57:06.995 | INFO     | datasets.beat:cache_generation:525 - # ---- Building cache for Facial 2_scott_0_105_105 and Pose 2_scott_0_105_105 ---- #
2026-08-30 17:57:07.004 | INFO     | datasets.beat:cache_generation:548 - # ---- Building cache for Sem    2_scott_0_105_105 and Pose 2_scott_0_105_105 ---- #
2026-08-30 17:57:07.009 | INFO     | datasets.beat:_sample_from_clip:614 - audio: 44s, pose: 44s, facial: 44s
2026-08-30 17:57:07.009 | INFO     | datasets.beat:_sample_from_clip:640 - pose from frame 0 to 660, length 34
2026-08-30 17:57:07.009 | INFO     | datasets.beat:_sample_from_clip:641 - 63 clips is expected with stride 10
2026-08-30 17:57:07.009 | INFO     | datasets.beat:_sample_from_clip:650 - audio from frame 0 to 704000, length 36266
2026-08-30 17:57:07.228 | INFO     | datasets.beat:cache_generation:496 - # ---- Building cache for Pose   2_scott_0_106_106 ---- #
2026-08-30 17:57:07.238 | INFO     | datasets.beat:cache_generation:504 - # ---- Building cache for Audio  2_scott_0_106_106 and Pose 2_scott_0_106_106 ---- #
2026-08-30 17:57:07.239 | INFO     | datasets.beat:cache_generation:525 - # ---- Building cache for Facial 2_scott_0_106_106 and Pose 2_scott_0_106_106 ---- #
2026-08-30 17:57:07.249 | INFO     | datasets.beat:cache_generation:548 - # ---- Building cache for Sem    2_scott_0_106_106 and Pose 2_scott_0_106_106 ---- #
2026-08-30 17:57:07.255 | INFO     | datasets.beat:_sample_from_clip:614 - audio: 52s, pose: 52s, facial: 52s
2026-08-30 17:57:07.255 | INFO     | datasets.beat:_sample_from_clip:640 - pose from frame 0 to 780, length 34
2026-08-30 17:57:07.256 | INFO     | datasets.beat:_sample_from_clip:641 - 75 clips is expected with stride 10
2026-08-30 17:57:07.256 | INFO     | datasets.beat:_sample_from_clip:650 - audio from frame 0 to 832000, length 36266
2026-08-30 17:57:07.519 | INFO     | datasets.beat:cache_generation:496 - # ---- Building cache for Pose   2_scott_0_107_107 ---- #
2026-08-30 17:57:07.526 | INFO     | datasets.beat:cache_generation:504 - # ---- Building cache for Audio  2_scott_0_107_107 and Pose 2_scott_0_107_107 ---- #
2026-08-30 17:57:07.527 | INFO     | datasets.beat:cache_generation:525 - # ---- Building cache for Facial 2_scott_0_107_107 and Pose 2_scott_0_107_107 ---- #
2026-08-30 17:57:07.535 | INFO     | datasets.beat:cache_generation:548 - # ---- Building cache for Sem    2_scott_0_107_107 and Pose 2_scott_0_107_107 ---- #
2026-08-30 17:57:07.541 | INFO     | datasets.beat:_sample_from_clip:614 - audio: 41s, pose: 41s, facial: 41s
2026-08-30 17:57:07.541 | INFO     | datasets.beat:_sample_from_clip:640 - pose from frame 0 to 615, length 34
2026-08-30 17:57:07.541 | INFO     | datasets.beat:_sample_from_clip:641 - 59 clips is expected with stride 10
2026-08-30 17:57:07.542 | INFO     | datasets.beat:_sample_from_clip:650 - audio from frame 0 to 656000, length 36266
2026-08-30 17:57:07.750 | INFO     | datasets.beat:cache_generation:496 - # ---- Building cache for Pose   2_scott_0_108_108 ---- #
2026-08-30 17:57:07.759 | INFO     | datasets.beat:cache_generation:504 - # ---- Building cache for Audio  2_scott_0_108_108 and Pose 2_scott_0_108_108 ---- #
2026-08-30 17:57:07.759 | INFO     | datasets.beat:cache_generation:525 - # ---- Building cache for Facial 2_scott_0_108_108 and Pose 2_scott_0_108_108 ---- #
2026-08-30 17:57:07.769 | INFO     | datasets.beat:cache_generation:548 - # ---- Building cache for Sem    2_scott_0_108_108 and Pose 2_scott_0_108_108 ---- #
2026-08-30 17:57:07.775 | INFO     | datasets.beat:_sample_from_clip:614 - audio: 47s, pose: 47s, facial: 47s
2026-08-30 17:57:07.775 | INFO     | datasets.beat:_sample_from_clip:640 - pose from frame 0 to 705, length 34
2026-08-30 17:57:07.775 | INFO     | datasets.beat:_sample_from_clip:641 - 68 clips is expected with stride 10
2026-08-30 17:57:07.775 | INFO     | datasets.beat:_sample_from_clip:650 - audio from frame 0 to 752000, length 36266
2026-08-30 17:57:08.008 | INFO     | datasets.beat:cache_generation:496 - # ---- Building cache for Pose   2_scott_0_109_109 ---- #
2026-08-30 17:57:08.016 | INFO     | datasets.beat:cache_generation:504 - # ---- Building cache for Audio  2_scott_0_109_109 and Pose 2_scott_0_109_109 ---- #
2026-08-30 17:57:08.017 | INFO     | datasets.beat:cache_generation:525 - # ---- Building cache for Facial 2_scott_0_109_109 and Pose 2_scott_0_109_109 ---- #
2026-08-30 17:57:08.025 | INFO     | datasets.beat:cache_generation:548 - # ---- Building cache for Sem    2_scott_0_109_109 and Pose 2_scott_0_109_109 ---- #
2026-08-30 17:57:08.031 | INFO     | datasets.beat:_sample_from_clip:614 - audio: 44s, pose: 44s, facial: 44s
2026-08-30 17:57:08.031 | INFO     | datasets.beat:_sample_from_clip:640 - pose from frame 0 to 660, length 34
2026-08-30 17:57:08.031 | INFO     | datasets.beat:_sample_from_clip:641 - 63 clips is expected with stride 10
2026-08-30 17:57:08.031 | INFO     | datasets.beat:_sample_from_clip:650 - audio from frame 0 to 704000, length 36266
2026-08-30 17:57:08.256 | INFO     | datasets.beat:cache_generation:496 - # ---- Building cache for Pose   2_scott_0_10_10 ---- #
2026-08-30 17:57:08.266 | INFO     | datasets.beat:cache_generation:504 - # ---- Building cache for Audio  2_scott_0_10_10 and Pose 2_scott_0_10_10 ---- #
2026-08-30 17:57:08.267 | INFO     | datasets.beat:cache_generation:525 - # ---- Building cache for Facial 2_scott_0_10_10 and Pose 2_scott_0_10_10 ---- #
2026-08-30 17:57:08.277 | INFO     | datasets.beat:cache_generation:548 - # ---- Building cache for Sem    2_scott_0_10_10 and Pose 2_scott_0_10_10 ---- #
2026-08-30 17:57:08.285 | INFO     | datasets.beat:_sample_from_clip:614 - audio: 56s, pose: 56s, facial: 56s
2026-08-30 17:57:08.285 | INFO     | datasets.beat:_sample_from_clip:640 - pose from frame 0 to 840, length 34
2026-08-30 17:57:08.285 | INFO     | datasets.beat:_sample_from_clip:641 - 81 clips is expected with stride 10
2026-08-30 17:57:08.285 | INFO     | datasets.beat:_sample_from_clip:650 - audio from frame 0 to 896000, length 36266
2026-08-30 17:57:08.570 | INFO     | datasets.beat:cache_generation:496 - # ---- Building cache for Pose   2_scott_0_110_110 ---- #
2026-08-30 17:57:08.580 | INFO     | datasets.beat:cache_generation:504 - # ---- Building cache for Audio  2_scott_0_110_110 and Pose 2_scott_0_110_110 ---- #
2026-08-30 17:57:08.580 | INFO     | datasets.beat:cache_generation:525 - # ---- Building cache for Facial 2_scott_0_110_110 and Pose 2_scott_0_110_110 ---- #
2026-08-30 17:57:08.590 | INFO     | datasets.beat:cache_generation:548 - # ---- Building cache for Sem    2_scott_0_110_110 and Pose 2_scott_0_110_110 ---- #
2026-08-30 17:57:08.597 | INFO     | datasets.beat:_sample_from_clip:614 - audio: 52s, pose: 52s, facial: 52s
2026-08-30 17:57:08.597 | INFO     | datasets.beat:_sample_from_clip:640 - pose from frame 0 to 780, length 34
2026-08-30 17:57:08.597 | INFO     | datasets.beat:_sample_from_clip:641 - 75 clips is expected with stride 10
2026-08-30 17:57:08.597 | INFO     | datasets.beat:_sample_from_clip:650 - audio from frame 0 to 832000, length 36266
2026-08-30 17:57:08.860 | INFO     | datasets.beat:cache_generation:496 - # ---- Building cache for Pose   2_scott_0_111_111 ---- #
2026-08-30 17:57:08.871 | INFO     | datasets.beat:cache_generation:504 - # ---- Building cache for Audio  2_scott_0_111_111 and Pose 2_scott_0_111_111 ---- #
2026-08-30 17:57:08.872 | INFO     | datasets.beat:cache_generation:525 - # ---- Building cache for Facial 2_scott_0_111_111 and Pose 2_scott_0_111_111 ---- #
2026-08-30 17:57:08.884 | INFO     | datasets.beat:cache_generation:548 - # ---- Building cache for Sem    2_scott_0_111_111 and Pose 2_scott_0_111_111 ---- #
2026-08-30 17:57:08.891 | INFO     | datasets.beat:_sample_from_clip:614 - audio: 60s, pose: 60s, facial: 60s
2026-08-30 17:57:08.891 | INFO     | datasets.beat:_sample_from_clip:640 - pose from frame 0 to 900, length 34
2026-08-30 17:57:08.891 | INFO     | datasets.beat:_sample_from_clip:641 - 87 clips is expected with stride 10
2026-08-30 17:57:08.891 | INFO     | datasets.beat:_sample_from_clip:650 - audio from frame 0 to 960000, length 36266
2026-08-30 17:57:09.194 | INFO     | datasets.beat:cache_generation:496 - # ---- Building cache for Pose   2_scott_0_112_112 ---- #
2026-08-30 17:57:09.204 | INFO     | datasets.beat:cache_generation:504 - # ---- Building cache for Audio  2_scott_0_112_112 and Pose 2_scott_0_112_112 ---- #
2026-08-30 17:57:09.205 | INFO     | datasets.beat:cache_generation:525 - # ---- Building cache for Facial 2_scott_0_112_112 and Pose 2_scott_0_112_112 ---- #
2026-08-30 17:57:09.216 | INFO     | datasets.beat:cache_generation:548 - # ---- Building cache for Sem    2_scott_0_112_112 and Pose 2_scott_0_112_112 ---- #
2026-08-30 17:57:09.223 | INFO     | datasets.beat:_sample_from_clip:614 - audio: 55s, pose: 55s, facial: 55s
2026-08-30 17:57:09.223 | INFO     | datasets.beat:_sample_from_clip:640 - pose from frame 0 to 825, length 34
2026-08-30 17:57:09.223 | INFO     | datasets.beat:_sample_from_clip:641 - 80 clips is expected with stride 10
2026-08-30 17:57:09.223 | INFO     | datasets.beat:_sample_from_clip:650 - audio from frame 0 to 880000, length 36266
2026-08-30 17:57:09.505 | INFO     | datasets.beat:cache_generation:496 - # ---- Building cache for Pose   2_scott_0_113_113 ---- #
2026-08-30 17:57:09.511 | INFO     | datasets.beat:cache_generation:504 - # ---- Building cache for Audio  2_scott_0_113_113 and Pose 2_scott_0_113_113 ---- #
2026-08-30 17:57:09.512 | INFO     | datasets.beat:cache_generation:525 - # ---- Building cache for Facial 2_scott_0_113_113 and Pose 2_scott_0_113_113 ---- #
2026-08-30 17:57:09.519 | INFO     | datasets.beat:cache_generation:548 - # ---- Building cache for Sem    2_scott_0_113_113 and Pose 2_scott_0_113_113 ---- #
2026-08-30 17:57:09.524 | INFO     | datasets.beat:_sample_from_clip:614 - audio: 35s, pose: 35s, facial: 35s
2026-08-30 17:57:09.524 | INFO     | datasets.beat:_sample_from_clip:640 - pose from frame 0 to 525, length 34
2026-08-30 17:57:09.524 | INFO     | datasets.beat:_sample_from_clip:641 - 50 clips is expected with stride 10
2026-08-30 17:57:09.524 | INFO     | datasets.beat:_sample_from_clip:650 - audio from frame 0 to 560000, length 36266
2026-08-30 17:57:09.703 | INFO     | datasets.beat:cache_generation:496 - # ---- Building cache for Pose   2_scott_0_114_114 ---- #
2026-08-30 17:57:09.713 | INFO     | datasets.beat:cache_generation:504 - # ---- Building cache for Audio  2_scott_0_114_114 and Pose 2_scott_0_114_114 ---- #
2026-08-30 17:57:09.713 | INFO     | datasets.beat:cache_generation:525 - # ---- Building cache for Facial 2_scott_0_114_114 and Pose 2_scott_0_114_114 ---- #
2026-08-30 17:57:09.723 | INFO     | datasets.beat:cache_generation:548 - # ---- Building cache for Sem    2_scott_0_114_114 and Pose 2_scott_0_114_114 ---- #
2026-08-30 17:57:09.730 | INFO     | datasets.beat:_sample_from_clip:614 - audio: 53s, pose: 53s, facial: 53s
2026-08-30 17:57:09.730 | INFO     | datasets.beat:_sample_from_clip:640 - pose from frame 0 to 795, length 34
2026-08-30 17:57:09.730 | INFO     | datasets.beat:_sample_from_clip:641 - 77 clips is expected with stride 10
2026-08-30 17:57:09.730 | INFO     | datasets.beat:_sample_from_clip:650 - audio from frame 0 to 848000, length 36266
2026-08-30 17:57:09.988 | INFO     | datasets.beat:cache_generation:496 - # ---- Building cache for Pose   2_scott_0_115_115 ---- #
2026-08-30 17:57:09.999 | INFO     | datasets.beat:cache_generation:504 - # ---- Building cache for Audio  2_scott_0_115_115 and Pose 2_scott_0_115_115 ---- #
2026-08-30 17:57:10.000 | INFO     | datasets.beat:cache_generation:525 - # ---- Building cache for Facial 2_scott_0_115_115 and Pose 2_scott_0_115_115 ---- #
2026-08-30 17:57:10.013 | INFO     | datasets.beat:cache_generation:548 - # ---- Building cache for Sem    2_scott_0_115_115 and Pose 2_scott_0_115_115 ---- #
2026-08-30 17:57:10.020 | INFO     | datasets.beat:_sample_from_clip:614 - audio: 65s, pose: 65s, facial: 65s
2026-08-30 17:57:10.020 | INFO     | datasets.beat:_sample_from_clip:640 - pose from frame 0 to 975, length 34
2026-08-30 17:57:10.021 | INFO     | datasets.beat:_sample_from_clip:641 - 95 clips is expected with stride 10
2026-08-30 17:57:10.021 | INFO     | datasets.beat:_sample_from_clip:650 - audio from frame 0 to 1040000, length 36266
2026-08-30 17:57:10.349 | INFO     | datasets.beat:cache_generation:496 - # ---- Building cache for Pose   2_scott_0_116_116 ---- #
2026-08-30 17:57:10.364 | INFO     | datasets.beat:cache_generation:504 - # ---- Building cache for Audio  2_scott_0_116_116 and Pose 2_scott_0_116_116 ---- #
2026-08-30 17:57:10.365 | INFO     | datasets.beat:cache_generation:525 - # ---- Building cache for Facial 2_scott_0_116_116 and Pose 2_scott_0_116_116 ---- #
2026-08-30 17:57:10.379 | INFO     | datasets.beat:cache_generation:548 - # ---- Building cache for Sem    2_scott_0_116_116 and Pose 2_scott_0_116_116 ---- #
2026-08-30 17:57:10.387 | INFO     | datasets.beat:_sample_from_clip:614 - audio: 71s, pose: 71s, facial: 71s
2026-08-30 17:57:10.387 | INFO     | datasets.beat:_sample_from_clip:640 - pose from frame 0 to 1065, length 34
2026-08-30 17:57:10.387 | INFO     | datasets.beat:_sample_from_clip:641 - 104 clips is expected with stride 10
2026-08-30 17:57:10.387 | INFO     | datasets.beat:_sample_from_clip:650 - audio from frame 0 to 1136000, length 36266
2026-08-30 17:57:10.742 | INFO     | datasets.beat:cache_generation:496 - # ---- Building cache for Pose   2_scott_0_117_117 ---- #
2026-08-30 17:57:10.748 | INFO     | datasets.beat:cache_generation:504 - # ---- Building cache for Audio  2_scott_0_117_117 and Pose 2_scott_0_117_117 ---- #
2026-08-30 17:57:10.749 | INFO     | datasets.beat:cache_generation:525 - # ---- Building cache for Facial 2_scott_0_117_117 and Pose 2_scott_0_117_117 ---- #
2026-08-30 17:57:10.756 | INFO     | datasets.beat:cache_generation:548 - # ---- Building cache for Sem    2_scott_0_117_117 and Pose 2_scott_0_117_117 ---- #
2026-08-30 17:57:10.761 | INFO     | datasets.beat:_sample_from_clip:614 - audio: 36s, pose: 36s, facial: 36s
2026-08-30 17:57:10.761 | INFO     | datasets.beat:_sample_from_clip:640 - pose from frame 0 to 540, length 34
2026-08-30 17:57:10.761 | INFO     | datasets.beat:_sample_from_clip:641 - 51 clips is expected with stride 10
2026-08-30 17:57:10.761 | INFO     | datasets.beat:_sample_from_clip:650 - audio from frame 0 to 576000, length 36266
2026-08-30 17:57:10.934 | INFO     | datasets.beat:cache_generation:496 - # ---- Building cache for Pose   2_scott_0_118_118 ---- #
2026-08-30 17:57:10.942 | INFO     | datasets.beat:cache_generation:504 - # ---- Building cache for Audio  2_scott_0_118_118 and Pose 2_scott_0_118_118 ---- #
2026-08-30 17:57:10.943 | INFO     | datasets.beat:cache_generation:525 - # ---- Building cache for Facial 2_scott_0_118_118 and Pose 2_scott_0_118_118 ---- #
2026-08-30 17:57:10.951 | INFO     | datasets.beat:cache_generation:548 - # ---- Building cache for Sem    2_scott_0_118_118 and Pose 2_scott_0_118_118 ---- #
2026-08-30 17:57:10.956 | INFO     | datasets.beat:_sample_from_clip:614 - audio: 41s, pose: 41s, facial: 41s
2026-08-30 17:57:10.956 | INFO     | datasets.beat:_sample_from_clip:640 - pose from frame 0 to 615, length 34
2026-08-30 17:57:10.956 | INFO     | datasets.beat:_sample_from_clip:641 - 59 clips is expected with stride 10
2026-08-30 17:57:10.956 | INFO     | datasets.beat:_sample_from_clip:650 - audio from frame 0 to 656000, length 36266
2026-08-30 17:57:11.168 | INFO     | datasets.beat:cache_generation:496 - # ---- Building cache for Pose   2_scott_0_11_11 ---- #
2026-08-30 17:57:11.177 | INFO     | datasets.beat:cache_generation:504 - # ---- Building cache for Audio  2_scott_0_11_11 and Pose 2_scott_0_11_11 ---- #
2026-08-30 17:57:11.177 | INFO     | datasets.beat:cache_generation:525 - # ---- Building cache for Facial 2_scott_0_11_11 and Pose 2_scott_0_11_11 ---- #
2026-08-30 17:57:11.187 | INFO     | datasets.beat:cache_generation:548 - # ---- Building cache for Sem    2_scott_0_11_11 and Pose 2_scott_0_11_11 ---- #
2026-08-30 17:57:11.193 | INFO     | datasets.beat:_sample_from_clip:614 - audio: 48s, pose: 48s, facial: 48s
2026-08-30 17:57:11.193 | INFO     | datasets.beat:_sample_from_clip:640 - pose from frame 0 to 720, length 34
2026-08-30 17:57:11.193 | INFO     | datasets.beat:_sample_from_clip:641 - 69 clips is expected with stride 10
2026-08-30 17:57:11.193 | INFO     | datasets.beat:_sample_from_clip:650 - audio from frame 0 to 768000, length 36266
2026-08-30 17:57:11.435 | INFO     | datasets.beat:cache_generation:496 - # ---- Building cache for Pose   2_scott_0_12_12 ---- #
2026-08-30 17:57:11.451 | INFO     | datasets.beat:cache_generation:504 - # ---- Building cache for Audio  2_scott_0_12_12 and Pose 2_scott_0_12_12 ---- #
2026-08-30 17:57:11.453 | INFO     | datasets.beat:cache_generation:525 - # ---- Building cache for Facial 2_scott_0_12_12 and Pose 2_scott_0_12_12 ---- #
2026-08-30 17:57:11.620 | INFO     | datasets.beat:cache_generation:548 - # ---- Building cache for Sem    2_scott_0_12_12 and Pose 2_scott_0_12_12 ---- #
2026-08-30 17:57:11.634 | INFO     | datasets.beat:_sample_from_clip:614 - audio: 91s, pose: 91s, facial: 91s
2026-08-30 17:57:11.635 | INFO     | datasets.beat:_sample_from_clip:640 - pose from frame 0 to 1365, length 34
2026-08-30 17:57:11.635 | INFO     | datasets.beat:_sample_from_clip:641 - 134 clips is expected with stride 10
2026-08-30 17:57:11.635 | INFO     | datasets.beat:_sample_from_clip:650 - audio from frame 0 to 1456000, length 36266
2026-08-30 17:57:12.089 | INFO     | datasets.beat:cache_generation:496 - # ---- Building cache for Pose   2_scott_0_13_13 ---- #
2026-08-30 17:57:12.102 | INFO     | datasets.beat:cache_generation:504 - # ---- Building cache for Audio  2_scott_0_13_13 and Pose 2_scott_0_13_13 ---- #
2026-08-30 17:57:12.103 | INFO     | datasets.beat:cache_generation:525 - # ---- Building cache for Facial 2_scott_0_13_13 and Pose 2_scott_0_13_13 ---- #
2026-08-30 17:57:12.119 | INFO     | datasets.beat:cache_generation:548 - # ---- Building cache for Sem    2_scott_0_13_13 and Pose 2_scott_0_13_13 ---- #
2026-08-30 17:57:12.130 | INFO     | datasets.beat:_sample_from_clip:614 - audio: 73s, pose: 73s, facial: 73s
2026-08-30 17:57:12.130 | INFO     | datasets.beat:_sample_from_clip:640 - pose from frame 0 to 1095, length 34
2026-08-30 17:57:12.130 | INFO     | datasets.beat:_sample_from_clip:641 - 107 clips is expected with stride 10
2026-08-30 17:57:12.130 | INFO     | datasets.beat:_sample_from_clip:650 - audio from frame 0 to 1168000, length 36266
2026-08-30 17:57:12.569 | INFO     | datasets.beat:cache_generation:496 - # ---- Building cache for Pose   2_scott_0_14_14 ---- #
2026-08-30 17:57:12.598 | INFO     | datasets.beat:cache_generation:504 - # ---- Building cache for Audio  2_scott_0_14_14 and Pose 2_scott_0_14_14 ---- #
2026-08-30 17:57:12.600 | INFO     | datasets.beat:cache_generation:525 - # ---- Building cache for Facial 2_scott_0_14_14 and Pose 2_scott_0_14_14 ---- #
2026-08-30 17:57:12.623 | INFO     | datasets.beat:cache_generation:548 - # ---- Building cache for Sem    2_scott_0_14_14 and Pose 2_scott_0_14_14 ---- #
2026-08-30 17:57:12.635 | INFO     | datasets.beat:_sample_from_clip:614 - audio: 86s, pose: 86s, facial: 86s
2026-08-30 17:57:12.635 | INFO     | datasets.beat:_sample_from_clip:640 - pose from frame 0 to 1290, length 34
2026-08-30 17:57:12.635 | INFO     | datasets.beat:_sample_from_clip:641 - 126 clips is expected with stride 10
2026-08-30 17:57:12.636 | INFO     | datasets.beat:_sample_from_clip:650 - audio from frame 0 to 1376000, length 36266
2026-08-30 17:57:13.050 | INFO     | datasets.beat:cache_generation:496 - # ---- Building cache for Pose   2_scott_0_15_15 ---- #
2026-08-30 17:57:13.067 | INFO     | datasets.beat:cache_generation:504 - # ---- Building cache for Audio  2_scott_0_15_15 and Pose 2_scott_0_15_15 ---- #
2026-08-30 17:57:13.068 | INFO     | datasets.beat:cache_generation:525 - # ---- Building cache for Facial 2_scott_0_15_15 and Pose 2_scott_0_15_15 ---- #
2026-08-30 17:57:13.085 | INFO     | datasets.beat:cache_generation:548 - # ---- Building cache for Sem    2_scott_0_15_15 and Pose 2_scott_0_15_15 ---- #
2026-08-30 17:57:13.100 | INFO     | datasets.beat:_sample_from_clip:614 - audio: 92s, pose: 92s, facial: 92s
2026-08-30 17:57:13.100 | INFO     | datasets.beat:_sample_from_clip:640 - pose from frame 0 to 1380, length 34
2026-08-30 17:57:13.100 | INFO     | datasets.beat:_sample_from_clip:641 - 135 clips is expected with stride 10
2026-08-30 17:57:13.100 | INFO     | datasets.beat:_sample_from_clip:650 - audio from frame 0 to 1472000, length 36266
2026-08-30 17:57:13.591 | INFO     | datasets.beat:cache_generation:496 - # ---- Building cache for Pose   2_scott_0_16_16 ---- #
2026-08-30 17:57:13.604 | INFO     | datasets.beat:cache_generation:504 - # ---- Building cache for Audio  2_scott_0_16_16 and Pose 2_scott_0_16_16 ---- #
2026-08-30 17:57:13.605 | INFO     | datasets.beat:cache_generation:525 - # ---- Building cache for Facial 2_scott_0_16_16 and Pose 2_scott_0_16_16 ---- #
2026-08-30 17:57:13.618 | INFO     | datasets.beat:cache_generation:548 - # ---- Building cache for Sem    2_scott_0_16_16 and Pose 2_scott_0_16_16 ---- #
2026-08-30 17:57:13.629 | INFO     | datasets.beat:_sample_from_clip:614 - audio: 71s, pose: 71s, facial: 71s
2026-08-30 17:57:13.629 | INFO     | datasets.beat:_sample_from_clip:640 - pose from frame 0 to 1065, length 34
2026-08-30 17:57:13.629 | INFO     | datasets.beat:_sample_from_clip:641 - 104 clips is expected with stride 10
2026-08-30 17:57:13.629 | INFO     | datasets.beat:_sample_from_clip:650 - audio from frame 0 to 1136000, length 36266
2026-08-30 17:57:13.982 | INFO     | datasets.beat:cache_generation:496 - # ---- Building cache for Pose   2_scott_0_17_17 ---- #
2026-08-30 17:57:13.995 | INFO     | datasets.beat:cache_generation:504 - # ---- Building cache for Audio  2_scott_0_17_17 and Pose 2_scott_0_17_17 ---- #
2026-08-30 17:57:13.996 | INFO     | datasets.beat:cache_generation:525 - # ---- Building cache for Facial 2_scott_0_17_17 and Pose 2_scott_0_17_17 ---- #
2026-08-30 17:57:14.011 | INFO     | datasets.beat:cache_generation:548 - # ---- Building cache for Sem    2_scott_0_17_17 and Pose 2_scott_0_17_17 ---- #
2026-08-30 17:57:14.020 | INFO     | datasets.beat:_sample_from_clip:614 - audio: 75s, pose: 75s, facial: 75s
2026-08-30 17:57:14.020 | INFO     | datasets.beat:_sample_from_clip:640 - pose from frame 0 to 1125, length 34
2026-08-30 17:57:14.020 | INFO     | datasets.beat:_sample_from_clip:641 - 110 clips is expected with stride 10
2026-08-30 17:57:14.020 | INFO     | datasets.beat:_sample_from_clip:650 - audio from frame 0 to 1200000, length 36266
2026-08-30 17:57:14.393 | INFO     | datasets.beat:cache_generation:496 - # ---- Building cache for Pose   2_scott_0_18_18 ---- #
2026-08-30 17:57:14.406 | INFO     | datasets.beat:cache_generation:504 - # ---- Building cache for Audio  2_scott_0_18_18 and Pose 2_scott_0_18_18 ---- #
2026-08-30 17:57:14.407 | INFO     | datasets.beat:cache_generation:525 - # ---- Building cache for Facial 2_scott_0_18_18 and Pose 2_scott_0_18_18 ---- #
2026-08-30 17:57:14.419 | INFO     | datasets.beat:cache_generation:548 - # ---- Building cache for Sem    2_scott_0_18_18 and Pose 2_scott_0_18_18 ---- #
2026-08-30 17:57:14.427 | INFO     | datasets.beat:_sample_from_clip:614 - audio: 66s, pose: 66s, facial: 66s
2026-08-30 17:57:14.427 | INFO     | datasets.beat:_sample_from_clip:640 - pose from frame 0 to 990, length 34
2026-08-30 17:57:14.427 | INFO     | datasets.beat:_sample_from_clip:641 - 96 clips is expected with stride 10
2026-08-30 17:57:14.427 | INFO     | datasets.beat:_sample_from_clip:650 - audio from frame 0 to 1056000, length 36266
2026-08-30 17:57:14.755 | INFO     | datasets.beat:cache_generation:496 - # ---- Building cache for Pose   2_scott_0_19_19 ---- #
2026-08-30 17:57:14.768 | INFO     | datasets.beat:cache_generation:504 - # ---- Building cache for Audio  2_scott_0_19_19 and Pose 2_scott_0_19_19 ---- #
2026-08-30 17:57:14.769 | INFO     | datasets.beat:cache_generation:525 - # ---- Building cache for Facial 2_scott_0_19_19 and Pose 2_scott_0_19_19 ---- #
2026-08-30 17:57:14.782 | INFO     | datasets.beat:cache_generation:548 - # ---- Building cache for Sem    2_scott_0_19_19 and Pose 2_scott_0_19_19 ---- #
2026-08-30 17:57:14.791 | INFO     | datasets.beat:_sample_from_clip:614 - audio: 69s, pose: 69s, facial: 69s
2026-08-30 17:57:14.791 | INFO     | datasets.beat:_sample_from_clip:640 - pose from frame 0 to 1035, length 34
2026-08-30 17:57:14.791 | INFO     | datasets.beat:_sample_from_clip:641 - 101 clips is expected with stride 10
2026-08-30 17:57:14.791 | INFO     | datasets.beat:_sample_from_clip:650 - audio from frame 0 to 1104000, length 36266
2026-08-30 17:57:15.138 | INFO     | datasets.beat:cache_generation:496 - # ---- Building cache for Pose   2_scott_0_1_1 ---- #
2026-08-30 17:57:15.149 | INFO     | datasets.beat:cache_generation:504 - # ---- Building cache for Audio  2_scott_0_1_1 and Pose 2_scott_0_1_1 ---- #
2026-08-30 17:57:15.150 | INFO     | datasets.beat:cache_generation:525 - # ---- Building cache for Facial 2_scott_0_1_1 and Pose 2_scott_0_1_1 ---- #
2026-08-30 17:57:15.163 | INFO     | datasets.beat:cache_generation:548 - # ---- Building cache for Sem    2_scott_0_1_1 and Pose 2_scott_0_1_1 ---- #
2026-08-30 17:57:15.172 | INFO     | datasets.beat:_sample_from_clip:614 - audio: 63s, pose: 64s, facial: 63s
2026-08-30 17:57:15.172 | WARNING  | datasets.beat:_sample_from_clip:618 - reduce to 63s, ignore 1s
2026-08-30 17:57:15.172 | INFO     | datasets.beat:_sample_from_clip:640 - pose from frame 0 to 945, length 34
2026-08-30 17:57:15.172 | INFO     | datasets.beat:_sample_from_clip:641 - 92 clips is expected with stride 10
2026-08-30 17:57:15.172 | INFO     | datasets.beat:_sample_from_clip:650 - audio from frame 0 to 1008000, length 36266
2026-08-30 17:57:15.489 | INFO     | datasets.beat:cache_generation:496 - # ---- Building cache for Pose   2_scott_0_20_20 ---- #
2026-08-30 17:57:15.501 | INFO     | datasets.beat:cache_generation:504 - # ---- Building cache for Audio  2_scott_0_20_20 and Pose 2_scott_0_20_20 ---- #
2026-08-30 17:57:15.502 | INFO     | datasets.beat:cache_generation:525 - # ---- Building cache for Facial 2_scott_0_20_20 and Pose 2_scott_0_20_20 ---- #
2026-08-30 17:57:15.515 | INFO     | datasets.beat:cache_generation:548 - # ---- Building cache for Sem    2_scott_0_20_20 and Pose 2_scott_0_20_20 ---- #
2026-08-30 17:57:15.524 | INFO     | datasets.beat:_sample_from_clip:614 - audio: 68s, pose: 68s, facial: 68s
2026-08-30 17:57:15.524 | INFO     | datasets.beat:_sample_from_clip:640 - pose from frame 0 to 1020, length 34
2026-08-30 17:57:15.524 | INFO     | datasets.beat:_sample_from_clip:641 - 99 clips is expected with stride 10
2026-08-30 17:57:15.524 | INFO     | datasets.beat:_sample_from_clip:650 - audio from frame 0 to 1088000, length 36266
2026-08-30 17:57:15.862 | INFO     | datasets.beat:cache_generation:496 - # ---- Building cache for Pose   2_scott_0_21_21 ---- #
2026-08-30 17:57:15.873 | INFO     | datasets.beat:cache_generation:504 - # ---- Building cache for Audio  2_scott_0_21_21 and Pose 2_scott_0_21_21 ---- #
2026-08-30 17:57:15.874 | INFO     | datasets.beat:cache_generation:525 - # ---- Building cache for Facial 2_scott_0_21_21 and Pose 2_scott_0_21_21 ---- #
2026-08-30 17:57:15.887 | INFO     | datasets.beat:cache_generation:548 - # ---- Building cache for Sem    2_scott_0_21_21 and Pose 2_scott_0_21_21 ---- #
2026-08-30 17:57:15.894 | INFO     | datasets.beat:_sample_from_clip:614 - audio: 64s, pose: 64s, facial: 64s
2026-08-30 17:57:15.895 | INFO     | datasets.beat:_sample_from_clip:640 - pose from frame 0 to 960, length 34
2026-08-30 17:57:15.895 | INFO     | datasets.beat:_sample_from_clip:641 - 93 clips is expected with stride 10
2026-08-30 17:57:15.895 | INFO     | datasets.beat:_sample_from_clip:650 - audio from frame 0 to 1024000, length 36266
2026-08-30 17:57:16.212 | INFO     | datasets.beat:cache_generation:496 - # ---- Building cache for Pose   2_scott_0_22_22 ---- #
2026-08-30 17:57:16.225 | INFO     | datasets.beat:cache_generation:504 - # ---- Building cache for Audio  2_scott_0_22_22 and Pose 2_scott_0_22_22 ---- #
2026-08-30 17:57:16.226 | INFO     | datasets.beat:cache_generation:525 - # ---- Building cache for Facial 2_scott_0_22_22 and Pose 2_scott_0_22_22 ---- #
2026-08-30 17:57:16.239 | INFO     | datasets.beat:cache_generation:548 - # ---- Building cache for Sem    2_scott_0_22_22 and Pose 2_scott_0_22_22 ---- #
2026-08-30 17:57:16.248 | INFO     | datasets.beat:_sample_from_clip:614 - audio: 70s, pose: 70s, facial: 70s
2026-08-30 17:57:16.249 | INFO     | datasets.beat:_sample_from_clip:640 - pose from frame 0 to 1050, length 34
2026-08-30 17:57:16.249 | INFO     | datasets.beat:_sample_from_clip:641 - 102 clips is expected with stride 10
2026-08-30 17:57:16.249 | INFO     | datasets.beat:_sample_from_clip:650 - audio from frame 0 to 1120000, length 36266
2026-08-30 17:57:16.603 | INFO     | datasets.beat:cache_generation:496 - # ---- Building cache for Pose   2_scott_0_23_23 ---- #
2026-08-30 17:57:16.614 | INFO     | datasets.beat:cache_generation:504 - # ---- Building cache for Audio  2_scott_0_23_23 and Pose 2_scott_0_23_23 ---- #
2026-08-30 17:57:16.615 | INFO     | datasets.beat:cache_generation:525 - # ---- Building cache for Facial 2_scott_0_23_23 and Pose 2_scott_0_23_23 ---- #
2026-08-30 17:57:16.627 | INFO     | datasets.beat:cache_generation:548 - # ---- Building cache for Sem    2_scott_0_23_23 and Pose 2_scott_0_23_23 ---- #
2026-08-30 17:57:16.635 | INFO     | datasets.beat:_sample_from_clip:614 - audio: 61s, pose: 61s, facial: 61s
2026-08-30 17:57:16.636 | INFO     | datasets.beat:_sample_from_clip:640 - pose from frame 0 to 915, length 34
2026-08-30 17:57:16.636 | INFO     | datasets.beat:_sample_from_clip:641 - 89 clips is expected with stride 10
2026-08-30 17:57:16.636 | INFO     | datasets.beat:_sample_from_clip:650 - audio from frame 0 to 976000, length 36266
2026-08-30 17:57:16.940 | INFO     | datasets.beat:cache_generation:496 - # ---- Building cache for Pose   2_scott_0_24_24 ---- #
2026-08-30 17:57:16.954 | INFO     | datasets.beat:cache_generation:504 - # ---- Building cache for Audio  2_scott_0_24_24 and Pose 2_scott_0_24_24 ---- #
2026-08-30 17:57:16.955 | INFO     | datasets.beat:cache_generation:525 - # ---- Building cache for Facial 2_scott_0_24_24 and Pose 2_scott_0_24_24 ---- #
2026-08-30 17:57:16.970 | INFO     | datasets.beat:cache_generation:548 - # ---- Building cache for Sem    2_scott_0_24_24 and Pose 2_scott_0_24_24 ---- #
2026-08-30 17:57:16.982 | INFO     | datasets.beat:_sample_from_clip:614 - audio: 78s, pose: 78s, facial: 78s
2026-08-30 17:57:16.982 | INFO     | datasets.beat:_sample_from_clip:640 - pose from frame 0 to 1170, length 34
2026-08-30 17:57:16.982 | INFO     | datasets.beat:_sample_from_clip:641 - 114 clips is expected with stride 10
2026-08-30 17:57:16.982 | INFO     | datasets.beat:_sample_from_clip:650 - audio from frame 0 to 1248000, length 36266
2026-08-30 17:57:17.377 | INFO     | datasets.beat:cache_generation:496 - # ---- Building cache for Pose   2_scott_0_25_25 ---- #
2026-08-30 17:57:17.389 | INFO     | datasets.beat:cache_generation:504 - # ---- Building cache for Audio  2_scott_0_25_25 and Pose 2_scott_0_25_25 ---- #
2026-08-30 17:57:17.390 | INFO     | datasets.beat:cache_generation:525 - # ---- Building cache for Facial 2_scott_0_25_25 and Pose 2_scott_0_25_25 ---- #
2026-08-30 17:57:17.402 | INFO     | datasets.beat:cache_generation:548 - # ---- Building cache for Sem    2_scott_0_25_25 and Pose 2_scott_0_25_25 ---- #
2026-08-30 17:57:17.411 | INFO     | datasets.beat:_sample_from_clip:614 - audio: 66s, pose: 66s, facial: 66s
2026-08-30 17:57:17.411 | INFO     | datasets.beat:_sample_from_clip:640 - pose from frame 0 to 990, length 34
2026-08-30 17:57:17.411 | INFO     | datasets.beat:_sample_from_clip:641 - 96 clips is expected with stride 10
2026-08-30 17:57:17.411 | INFO     | datasets.beat:_sample_from_clip:650 - audio from frame 0 to 1056000, length 36266
2026-08-30 17:57:17.747 | INFO     | datasets.beat:cache_generation:496 - # ---- Building cache for Pose   2_scott_0_26_26 ---- #
2026-08-30 17:57:17.760 | INFO     | datasets.beat:cache_generation:504 - # ---- Building cache for Audio  2_scott_0_26_26 and Pose 2_scott_0_26_26 ---- #
2026-08-30 17:57:17.761 | INFO     | datasets.beat:cache_generation:525 - # ---- Building cache for Facial 2_scott_0_26_26 and Pose 2_scott_0_26_26 ---- #
2026-08-30 17:57:17.775 | INFO     | datasets.beat:cache_generation:548 - # ---- Building cache for Sem    2_scott_0_26_26 and Pose 2_scott_0_26_26 ---- #
2026-08-30 17:57:17.785 | INFO     | datasets.beat:_sample_from_clip:614 - audio: 71s, pose: 71s, facial: 71s
2026-08-30 17:57:17.785 | INFO     | datasets.beat:_sample_from_clip:640 - pose from frame 0 to 1065, length 34
2026-08-30 17:57:17.785 | INFO     | datasets.beat:_sample_from_clip:641 - 104 clips is expected with stride 10
2026-08-30 17:57:17.785 | INFO     | datasets.beat:_sample_from_clip:650 - audio from frame 0 to 1136000, length 36266
2026-08-30 17:57:18.141 | INFO     | datasets.beat:cache_generation:496 - # ---- Building cache for Pose   2_scott_0_27_27 ---- #
2026-08-30 17:57:18.153 | INFO     | datasets.beat:cache_generation:504 - # ---- Building cache for Audio  2_scott_0_27_27 and Pose 2_scott_0_27_27 ---- #
2026-08-30 17:57:18.154 | INFO     | datasets.beat:cache_generation:525 - # ---- Building cache for Facial 2_scott_0_27_27 and Pose 2_scott_0_27_27 ---- #
2026-08-30 17:57:18.166 | INFO     | datasets.beat:cache_generation:548 - # ---- Building cache for Sem    2_scott_0_27_27 and Pose 2_scott_0_27_27 ---- #
2026-08-30 17:57:18.175 | INFO     | datasets.beat:_sample_from_clip:614 - audio: 63s, pose: 63s, facial: 63s
2026-08-30 17:57:18.175 | INFO     | datasets.beat:_sample_from_clip:640 - pose from frame 0 to 945, length 34
2026-08-30 17:57:18.175 | INFO     | datasets.beat:_sample_from_clip:641 - 92 clips is expected with stride 10
2026-08-30 17:57:18.175 | INFO     | datasets.beat:_sample_from_clip:650 - audio from frame 0 to 1008000, length 36266
2026-08-30 17:57:18.486 | INFO     | datasets.beat:cache_generation:496 - # ---- Building cache for Pose   2_scott_0_28_28 ---- #
2026-08-30 17:57:18.497 | INFO     | datasets.beat:cache_generation:504 - # ---- Building cache for Audio  2_scott_0_28_28 and Pose 2_scott_0_28_28 ---- #
2026-08-30 17:57:18.498 | INFO     | datasets.beat:cache_generation:525 - # ---- Building cache for Facial 2_scott_0_28_28 and Pose 2_scott_0_28_28 ---- #
2026-08-30 17:57:18.511 | INFO     | datasets.beat:cache_generation:548 - # ---- Building cache for Sem    2_scott_0_28_28 and Pose 2_scott_0_28_28 ---- #
2026-08-30 17:57:18.519 | INFO     | datasets.beat:_sample_from_clip:614 - audio: 65s, pose: 65s, facial: 65s
2026-08-30 17:57:18.519 | INFO     | datasets.beat:_sample_from_clip:640 - pose from frame 0 to 975, length 34
2026-08-30 17:57:18.519 | INFO     | datasets.beat:_sample_from_clip:641 - 95 clips is expected with stride 10
2026-08-30 17:57:18.519 | INFO     | datasets.beat:_sample_from_clip:650 - audio from frame 0 to 1040000, length 36266
2026-08-30 17:57:18.929 | INFO     | datasets.beat:cache_generation:496 - # ---- Building cache for Pose   2_scott_0_29_29 ---- #
2026-08-30 17:57:18.944 | INFO     | datasets.beat:cache_generation:504 - # ---- Building cache for Audio  2_scott_0_29_29 and Pose 2_scott_0_29_29 ---- #
2026-08-30 17:57:18.946 | INFO     | datasets.beat:cache_generation:525 - # ---- Building cache for Facial 2_scott_0_29_29 and Pose 2_scott_0_29_29 ---- #
2026-08-30 17:57:18.961 | INFO     | datasets.beat:cache_generation:548 - # ---- Building cache for Sem    2_scott_0_29_29 and Pose 2_scott_0_29_29 ---- #
2026-08-30 17:57:18.971 | INFO     | datasets.beat:_sample_from_clip:614 - audio: 72s, pose: 72s, facial: 72s
2026-08-30 17:57:18.971 | INFO     | datasets.beat:_sample_from_clip:640 - pose from frame 0 to 1080, length 34
2026-08-30 17:57:18.971 | INFO     | datasets.beat:_sample_from_clip:641 - 105 clips is expected with stride 10
2026-08-30 17:57:18.971 | INFO     | datasets.beat:_sample_from_clip:650 - audio from frame 0 to 1152000, length 36266
2026-08-30 17:57:19.338 | INFO     | datasets.beat:cache_generation:496 - # ---- Building cache for Pose   2_scott_0_2_2 ---- #
2026-08-30 17:57:19.349 | INFO     | datasets.beat:cache_generation:504 - # ---- Building cache for Audio  2_scott_0_2_2 and Pose 2_scott_0_2_2 ---- #
2026-08-30 17:57:19.350 | INFO     | datasets.beat:cache_generation:525 - # ---- Building cache for Facial 2_scott_0_2_2 and Pose 2_scott_0_2_2 ---- #
2026-08-30 17:57:19.362 | INFO     | datasets.beat:cache_generation:548 - # ---- Building cache for Sem    2_scott_0_2_2 and Pose 2_scott_0_2_2 ---- #
2026-08-30 17:57:19.371 | INFO     | datasets.beat:_sample_from_clip:614 - audio: 62s, pose: 62s, facial: 62s
2026-08-30 17:57:19.372 | INFO     | datasets.beat:_sample_from_clip:640 - pose from frame 0 to 930, length 34
2026-08-30 17:57:19.372 | INFO     | datasets.beat:_sample_from_clip:641 - 90 clips is expected with stride 10
2026-08-30 17:57:19.372 | INFO     | datasets.beat:_sample_from_clip:650 - audio from frame 0 to 992000, length 36266
2026-08-30 17:57:19.680 | INFO     | datasets.beat:cache_generation:496 - # ---- Building cache for Pose   2_scott_0_30_30 ---- #
2026-08-30 17:57:19.691 | INFO     | datasets.beat:cache_generation:504 - # ---- Building cache for Audio  2_scott_0_30_30 and Pose 2_scott_0_30_30 ---- #
2026-08-30 17:57:19.693 | INFO     | datasets.beat:cache_generation:525 - # ---- Building cache for Facial 2_scott_0_30_30 and Pose 2_scott_0_30_30 ---- #
2026-08-30 17:57:19.705 | INFO     | datasets.beat:cache_generation:548 - # ---- Building cache for Sem    2_scott_0_30_30 and Pose 2_scott_0_30_30 ---- #
2026-08-30 17:57:19.713 | INFO     | datasets.beat:_sample_from_clip:614 - audio: 64s, pose: 64s, facial: 64s
2026-08-30 17:57:19.713 | INFO     | datasets.beat:_sample_from_clip:640 - pose from frame 0 to 960, length 34
2026-08-30 17:57:19.713 | INFO     | datasets.beat:_sample_from_clip:641 - 93 clips is expected with stride 10
2026-08-30 17:57:19.713 | INFO     | datasets.beat:_sample_from_clip:650 - audio from frame 0 to 1024000, length 36266
2026-08-30 17:57:20.059 | INFO     | datasets.beat:cache_generation:496 - # ---- Building cache for Pose   2_scott_0_31_31 ---- #
2026-08-30 17:57:20.072 | INFO     | datasets.beat:cache_generation:504 - # ---- Building cache for Audio  2_scott_0_31_31 and Pose 2_scott_0_31_31 ---- #
2026-08-30 17:57:20.073 | INFO     | datasets.beat:cache_generation:525 - # ---- Building cache for Facial 2_scott_0_31_31 and Pose 2_scott_0_31_31 ---- #
2026-08-30 17:57:20.085 | INFO     | datasets.beat:cache_generation:548 - # ---- Building cache for Sem    2_scott_0_31_31 and Pose 2_scott_0_31_31 ---- #
2026-08-30 17:57:20.096 | INFO     | datasets.beat:_sample_from_clip:614 - audio: 63s, pose: 63s, facial: 63s
2026-08-30 17:57:20.096 | INFO     | datasets.beat:_sample_from_clip:640 - pose from frame 0 to 945, length 34
2026-08-30 17:57:20.096 | INFO     | datasets.beat:_sample_from_clip:641 - 92 clips is expected with stride 10
2026-08-30 17:57:20.096 | INFO     | datasets.beat:_sample_from_clip:650 - audio from frame 0 to 1008000, length 36266
2026-08-30 17:57:20.419 | INFO     | datasets.beat:cache_generation:496 - # ---- Building cache for Pose   2_scott_0_32_32 ---- #
2026-08-30 17:57:20.432 | INFO     | datasets.beat:cache_generation:504 - # ---- Building cache for Audio  2_scott_0_32_32 and Pose 2_scott_0_32_32 ---- #
2026-08-30 17:57:20.433 | INFO     | datasets.beat:cache_generation:525 - # ---- Building cache for Facial 2_scott_0_32_32 and Pose 2_scott_0_32_32 ---- #
2026-08-30 17:57:20.447 | INFO     | datasets.beat:cache_generation:548 - # ---- Building cache for Sem    2_scott_0_32_32 and Pose 2_scott_0_32_32 ---- #
2026-08-30 17:57:20.457 | INFO     | datasets.beat:_sample_from_clip:614 - audio: 70s, pose: 71s, facial: 70s
2026-08-30 17:57:20.457 | WARNING  | datasets.beat:_sample_from_clip:618 - reduce to 70s, ignore 1s
2026-08-30 17:57:20.457 | INFO     | datasets.beat:_sample_from_clip:640 - pose from frame 0 to 1050, length 34
2026-08-30 17:57:20.457 | INFO     | datasets.beat:_sample_from_clip:641 - 102 clips is expected with stride 10
2026-08-30 17:57:20.457 | INFO     | datasets.beat:_sample_from_clip:650 - audio from frame 0 to 1120000, length 36266
2026-08-30 17:57:20.809 | INFO     | datasets.beat:cache_generation:496 - # ---- Building cache for Pose   2_scott_0_33_33 ---- #
2026-08-30 17:57:20.821 | INFO     | datasets.beat:cache_generation:504 - # ---- Building cache for Audio  2_scott_0_33_33 and Pose 2_scott_0_33_33 ---- #
2026-08-30 17:57:20.822 | INFO     | datasets.beat:cache_generation:525 - # ---- Building cache for Facial 2_scott_0_33_33 and Pose 2_scott_0_33_33 ---- #
2026-08-30 17:57:20.836 | INFO     | datasets.beat:cache_generation:548 - # ---- Building cache for Sem    2_scott_0_33_33 and Pose 2_scott_0_33_33 ---- #
2026-08-30 17:57:20.845 | INFO     | datasets.beat:_sample_from_clip:614 - audio: 68s, pose: 68s, facial: 68s
2026-08-30 17:57:20.845 | INFO     | datasets.beat:_sample_from_clip:640 - pose from frame 0 to 1020, length 34
2026-08-30 17:57:20.845 | INFO     | datasets.beat:_sample_from_clip:641 - 99 clips is expected with stride 10
2026-08-30 17:57:20.845 | INFO     | datasets.beat:_sample_from_clip:650 - audio from frame 0 to 1088000, length 36266
2026-08-30 17:57:21.195 | INFO     | datasets.beat:cache_generation:496 - # ---- Building cache for Pose   2_scott_0_34_34 ---- #
2026-08-30 17:57:21.205 | INFO     | datasets.beat:cache_generation:504 - # ---- Building cache for Audio  2_scott_0_34_34 and Pose 2_scott_0_34_34 ---- #
2026-08-30 17:57:21.206 | INFO     | datasets.beat:cache_generation:525 - # ---- Building cache for Facial 2_scott_0_34_34 and Pose 2_scott_0_34_34 ---- #
2026-08-30 17:57:21.218 | INFO     | datasets.beat:cache_generation:548 - # ---- Building cache for Sem    2_scott_0_34_34 and Pose 2_scott_0_34_34 ---- #
2026-08-30 17:57:21.226 | INFO     | datasets.beat:_sample_from_clip:614 - audio: 60s, pose: 60s, facial: 60s
2026-08-30 17:57:21.226 | INFO     | datasets.beat:_sample_from_clip:640 - pose from frame 0 to 900, length 34
2026-08-30 17:57:21.226 | INFO     | datasets.beat:_sample_from_clip:641 - 87 clips is expected with stride 10
2026-08-30 17:57:21.226 | INFO     | datasets.beat:_sample_from_clip:650 - audio from frame 0 to 960000, length 36266
2026-08-30 17:57:21.527 | INFO     | datasets.beat:cache_generation:496 - # ---- Building cache for Pose   2_scott_0_35_35 ---- #
2026-08-30 17:57:21.539 | INFO     | datasets.beat:cache_generation:504 - # ---- Building cache for Audio  2_scott_0_35_35 and Pose 2_scott_0_35_35 ---- #
2026-08-30 17:57:21.540 | INFO     | datasets.beat:cache_generation:525 - # ---- Building cache for Facial 2_scott_0_35_35 and Pose 2_scott_0_35_35 ---- #
2026-08-30 17:57:21.555 | INFO     | datasets.beat:cache_generation:548 - # ---- Building cache for Sem    2_scott_0_35_35 and Pose 2_scott_0_35_35 ---- #
2026-08-30 17:57:21.565 | INFO     | datasets.beat:_sample_from_clip:614 - audio: 65s, pose: 65s, facial: 65s
2026-08-30 17:57:21.565 | INFO     | datasets.beat:_sample_from_clip:640 - pose from frame 0 to 975, length 34
2026-08-30 17:57:21.565 | INFO     | datasets.beat:_sample_from_clip:641 - 95 clips is expected with stride 10
2026-08-30 17:57:21.565 | INFO     | datasets.beat:_sample_from_clip:650 - audio from frame 0 to 1040000, length 36266
2026-08-30 17:57:21.896 | INFO     | datasets.beat:cache_generation:496 - # ---- Building cache for Pose   2_scott_0_36_36 ---- #
2026-08-30 17:57:21.904 | INFO     | datasets.beat:cache_generation:504 - # ---- Building cache for Audio  2_scott_0_36_36 and Pose 2_scott_0_36_36 ---- #
2026-08-30 17:57:21.905 | INFO     | datasets.beat:cache_generation:525 - # ---- Building cache for Facial 2_scott_0_36_36 and Pose 2_scott_0_36_36 ---- #
2026-08-30 17:57:21.914 | INFO     | datasets.beat:cache_generation:548 - # ---- Building cache for Sem    2_scott_0_36_36 and Pose 2_scott_0_36_36 ---- #
2026-08-30 17:57:21.920 | INFO     | datasets.beat:_sample_from_clip:614 - audio: 44s, pose: 44s, facial: 44s
2026-08-30 17:57:21.920 | INFO     | datasets.beat:_sample_from_clip:640 - pose from frame 0 to 660, length 34
2026-08-30 17:57:21.920 | INFO     | datasets.beat:_sample_from_clip:641 - 63 clips is expected with stride 10
2026-08-30 17:57:21.920 | INFO     | datasets.beat:_sample_from_clip:650 - audio from frame 0 to 704000, length 36266
2026-08-30 17:57:22.135 | INFO     | datasets.beat:cache_generation:496 - # ---- Building cache for Pose   2_scott_0_37_37 ---- #
2026-08-30 17:57:22.147 | INFO     | datasets.beat:cache_generation:504 - # ---- Building cache for Audio  2_scott_0_37_37 and Pose 2_scott_0_37_37 ---- #
2026-08-30 17:57:22.148 | INFO     | datasets.beat:cache_generation:525 - # ---- Building cache for Facial 2_scott_0_37_37 and Pose 2_scott_0_37_37 ---- #
2026-08-30 17:57:22.159 | INFO     | datasets.beat:cache_generation:548 - # ---- Building cache for Sem    2_scott_0_37_37 and Pose 2_scott_0_37_37 ---- #
2026-08-30 17:57:22.168 | INFO     | datasets.beat:_sample_from_clip:614 - audio: 64s, pose: 64s, facial: 64s
2026-08-30 17:57:22.168 | INFO     | datasets.beat:_sample_from_clip:640 - pose from frame 0 to 960, length 34
2026-08-30 17:57:22.168 | INFO     | datasets.beat:_sample_from_clip:641 - 93 clips is expected with stride 10
2026-08-30 17:57:22.168 | INFO     | datasets.beat:_sample_from_clip:650 - audio from frame 0 to 1024000, length 36266
2026-08-30 17:57:22.525 | INFO     | datasets.beat:cache_generation:496 - # ---- Building cache for Pose   2_scott_0_38_38 ---- #
2026-08-30 17:57:22.535 | INFO     | datasets.beat:cache_generation:504 - # ---- Building cache for Audio  2_scott_0_38_38 and Pose 2_scott_0_38_38 ---- #
2026-08-30 17:57:22.536 | INFO     | datasets.beat:cache_generation:525 - # ---- Building cache for Facial 2_scott_0_38_38 and Pose 2_scott_0_38_38 ---- #
2026-08-30 17:57:22.547 | INFO     | datasets.beat:cache_generation:548 - # ---- Building cache for Sem    2_scott_0_38_38 and Pose 2_scott_0_38_38 ---- #
2026-08-30 17:57:22.555 | INFO     | datasets.beat:_sample_from_clip:614 - audio: 57s, pose: 57s, facial: 57s
2026-08-30 17:57:22.555 | INFO     | datasets.beat:_sample_from_clip:640 - pose from frame 0 to 855, length 34
2026-08-30 17:57:22.555 | INFO     | datasets.beat:_sample_from_clip:641 - 83 clips is expected with stride 10
2026-08-30 17:57:22.555 | INFO     | datasets.beat:_sample_from_clip:650 - audio from frame 0 to 912000, length 36266
2026-08-30 17:57:22.849 | INFO     | datasets.beat:cache_generation:496 - # ---- Building cache for Pose   2_scott_0_39_39 ---- #
2026-08-30 17:57:22.860 | INFO     | datasets.beat:cache_generation:504 - # ---- Building cache for Audio  2_scott_0_39_39 and Pose 2_scott_0_39_39 ---- #
2026-08-30 17:57:22.861 | INFO     | datasets.beat:cache_generation:525 - # ---- Building cache for Facial 2_scott_0_39_39 and Pose 2_scott_0_39_39 ---- #
2026-08-30 17:57:22.874 | INFO     | datasets.beat:cache_generation:548 - # ---- Building cache for Sem    2_scott_0_39_39 and Pose 2_scott_0_39_39 ---- #
2026-08-30 17:57:22.882 | INFO     | datasets.beat:_sample_from_clip:614 - audio: 64s, pose: 64s, facial: 64s
2026-08-30 17:57:22.882 | INFO     | datasets.beat:_sample_from_clip:640 - pose from frame 0 to 960, length 34
2026-08-30 17:57:22.882 | INFO     | datasets.beat:_sample_from_clip:641 - 93 clips is expected with stride 10
2026-08-30 17:57:22.882 | INFO     | datasets.beat:_sample_from_clip:650 - audio from frame 0 to 1024000, length 36266
2026-08-30 17:57:23.206 | INFO     | datasets.beat:cache_generation:496 - # ---- Building cache for Pose   2_scott_0_3_3 ---- #
2026-08-30 17:57:23.219 | INFO     | datasets.beat:cache_generation:504 - # ---- Building cache for Audio  2_scott_0_3_3 and Pose 2_scott_0_3_3 ---- #
2026-08-30 17:57:23.220 | INFO     | datasets.beat:cache_generation:525 - # ---- Building cache for Facial 2_scott_0_3_3 and Pose 2_scott_0_3_3 ---- #
2026-08-30 17:57:23.232 | INFO     | datasets.beat:cache_generation:548 - # ---- Building cache for Sem    2_scott_0_3_3 and Pose 2_scott_0_3_3 ---- #
2026-08-30 17:57:23.242 | INFO     | datasets.beat:_sample_from_clip:614 - audio: 68s, pose: 68s, facial: 68s
2026-08-30 17:57:23.242 | INFO     | datasets.beat:_sample_from_clip:640 - pose from frame 0 to 1020, length 34
2026-08-30 17:57:23.242 | INFO     | datasets.beat:_sample_from_clip:641 - 99 clips is expected with stride 10
2026-08-30 17:57:23.242 | INFO     | datasets.beat:_sample_from_clip:650 - audio from frame 0 to 1088000, length 36266
2026-08-30 17:57:23.590 | INFO     | datasets.beat:cache_generation:496 - # ---- Building cache for Pose   2_scott_0_40_40 ---- #
2026-08-30 17:57:23.603 | INFO     | datasets.beat:cache_generation:504 - # ---- Building cache for Audio  2_scott_0_40_40 and Pose 2_scott_0_40_40 ---- #
2026-08-30 17:57:23.604 | INFO     | datasets.beat:cache_generation:525 - # ---- Building cache for Facial 2_scott_0_40_40 and Pose 2_scott_0_40_40 ---- #
2026-08-30 17:57:23.618 | INFO     | datasets.beat:cache_generation:548 - # ---- Building cache for Sem    2_scott_0_40_40 and Pose 2_scott_0_40_40 ---- #
2026-08-30 17:57:23.628 | INFO     | datasets.beat:_sample_from_clip:614 - audio: 74s, pose: 75s, facial: 74s
2026-08-30 17:57:23.628 | WARNING  | datasets.beat:_sample_from_clip:618 - reduce to 74s, ignore 1s
2026-08-30 17:57:23.628 | INFO     | datasets.beat:_sample_from_clip:640 - pose from frame 0 to 1110, length 34
2026-08-30 17:57:23.628 | INFO     | datasets.beat:_sample_from_clip:641 - 108 clips is expected with stride 10
2026-08-30 17:57:23.628 | INFO     | datasets.beat:_sample_from_clip:650 - audio from frame 0 to 1184000, length 36266
2026-08-30 17:57:24.003 | INFO     | datasets.beat:cache_generation:496 - # ---- Building cache for Pose   2_scott_0_41_41 ---- #
2026-08-30 17:57:24.010 | INFO     | datasets.beat:cache_generation:504 - # ---- Building cache for Audio  2_scott_0_41_41 and Pose 2_scott_0_41_41 ---- #
2026-08-30 17:57:24.011 | INFO     | datasets.beat:cache_generation:525 - # ---- Building cache for Facial 2_scott_0_41_41 and Pose 2_scott_0_41_41 ---- #
2026-08-30 17:57:24.019 | INFO     | datasets.beat:cache_generation:548 - # ---- Building cache for Sem    2_scott_0_41_41 and Pose 2_scott_0_41_41 ---- #
2026-08-30 17:57:24.024 | INFO     | datasets.beat:_sample_from_clip:614 - audio: 39s, pose: 39s, facial: 39s
2026-08-30 17:57:24.024 | INFO     | datasets.beat:_sample_from_clip:640 - pose from frame 0 to 585, length 34
2026-08-30 17:57:24.024 | INFO     | datasets.beat:_sample_from_clip:641 - 56 clips is expected with stride 10
2026-08-30 17:57:24.024 | INFO     | datasets.beat:_sample_from_clip:650 - audio from frame 0 to 624000, length 36266
2026-08-30 17:57:24.225 | INFO     | datasets.beat:cache_generation:496 - # ---- Building cache for Pose   2_scott_0_42_42 ---- #
2026-08-30 17:57:24.232 | INFO     | datasets.beat:cache_generation:504 - # ---- Building cache for Audio  2_scott_0_42_42 and Pose 2_scott_0_42_42 ---- #
2026-08-30 17:57:24.233 | INFO     | datasets.beat:cache_generation:525 - # ---- Building cache for Facial 2_scott_0_42_42 and Pose 2_scott_0_42_42 ---- #
2026-08-30 17:57:24.241 | INFO     | datasets.beat:cache_generation:548 - # ---- Building cache for Sem    2_scott_0_42_42 and Pose 2_scott_0_42_42 ---- #
2026-08-30 17:57:24.247 | INFO     | datasets.beat:_sample_from_clip:614 - audio: 39s, pose: 39s, facial: 39s
2026-08-30 17:57:24.247 | INFO     | datasets.beat:_sample_from_clip:640 - pose from frame 0 to 585, length 34
2026-08-30 17:57:24.247 | INFO     | datasets.beat:_sample_from_clip:641 - 56 clips is expected with stride 10
2026-08-30 17:57:24.247 | INFO     | datasets.beat:_sample_from_clip:650 - audio from frame 0 to 624000, length 36266
2026-08-30 17:57:24.447 | INFO     | datasets.beat:cache_generation:496 - # ---- Building cache for Pose   2_scott_0_43_43 ---- #
2026-08-30 17:57:24.456 | INFO     | datasets.beat:cache_generation:504 - # ---- Building cache for Audio  2_scott_0_43_43 and Pose 2_scott_0_43_43 ---- #
2026-08-30 17:57:24.457 | INFO     | datasets.beat:cache_generation:525 - # ---- Building cache for Facial 2_scott_0_43_43 and Pose 2_scott_0_43_43 ---- #
2026-08-30 17:57:24.467 | INFO     | datasets.beat:cache_generation:548 - # ---- Building cache for Sem    2_scott_0_43_43 and Pose 2_scott_0_43_43 ---- #
2026-08-30 17:57:24.474 | INFO     | datasets.beat:_sample_from_clip:614 - audio: 51s, pose: 51s, facial: 51s
2026-08-30 17:57:24.474 | INFO     | datasets.beat:_sample_from_clip:640 - pose from frame 0 to 765, length 34
2026-08-30 17:57:24.474 | INFO     | datasets.beat:_sample_from_clip:641 - 74 clips is expected with stride 10
2026-08-30 17:57:24.474 | INFO     | datasets.beat:_sample_from_clip:650 - audio from frame 0 to 816000, length 36266
2026-08-30 17:57:24.760 | INFO     | datasets.beat:cache_generation:496 - # ---- Building cache for Pose   2_scott_0_44_44 ---- #
2026-08-30 17:57:24.771 | INFO     | datasets.beat:cache_generation:504 - # ---- Building cache for Audio  2_scott_0_44_44 and Pose 2_scott_0_44_44 ---- #
2026-08-30 17:57:24.772 | INFO     | datasets.beat:cache_generation:525 - # ---- Building cache for Facial 2_scott_0_44_44 and Pose 2_scott_0_44_44 ---- #
2026-08-30 17:57:24.784 | INFO     | datasets.beat:cache_generation:548 - # ---- Building cache for Sem    2_scott_0_44_44 and Pose 2_scott_0_44_44 ---- #
2026-08-30 17:57:24.792 | INFO     | datasets.beat:_sample_from_clip:614 - audio: 59s, pose: 59s, facial: 59s
2026-08-30 17:57:24.792 | INFO     | datasets.beat:_sample_from_clip:640 - pose from frame 0 to 885, length 34
2026-08-30 17:57:24.792 | INFO     | datasets.beat:_sample_from_clip:641 - 86 clips is expected with stride 10
2026-08-30 17:57:24.792 | INFO     | datasets.beat:_sample_from_clip:650 - audio from frame 0 to 944000, length 36266
2026-08-30 17:57:25.093 | INFO     | datasets.beat:cache_generation:496 - # ---- Building cache for Pose   2_scott_0_45_45 ---- #
2026-08-30 17:57:25.101 | INFO     | datasets.beat:cache_generation:504 - # ---- Building cache for Audio  2_scott_0_45_45 and Pose 2_scott_0_45_45 ---- #
2026-08-30 17:57:25.101 | INFO     | datasets.beat:cache_generation:525 - # ---- Building cache for Facial 2_scott_0_45_45 and Pose 2_scott_0_45_45 ---- #
2026-08-30 17:57:25.110 | INFO     | datasets.beat:cache_generation:548 - # ---- Building cache for Sem    2_scott_0_45_45 and Pose 2_scott_0_45_45 ---- #
2026-08-30 17:57:25.116 | INFO     | datasets.beat:_sample_from_clip:614 - audio: 44s, pose: 44s, facial: 44s
2026-08-30 17:57:25.116 | INFO     | datasets.beat:_sample_from_clip:640 - pose from frame 0 to 660, length 34
2026-08-30 17:57:25.116 | INFO     | datasets.beat:_sample_from_clip:641 - 63 clips is expected with stride 10
2026-08-30 17:57:25.116 | INFO     | datasets.beat:_sample_from_clip:650 - audio from frame 0 to 704000, length 36266
2026-08-30 17:57:25.338 | INFO     | datasets.beat:cache_generation:496 - # ---- Building cache for Pose   2_scott_0_46_46 ---- #
2026-08-30 17:57:25.352 | INFO     | datasets.beat:cache_generation:504 - # ---- Building cache for Audio  2_scott_0_46_46 and Pose 2_scott_0_46_46 ---- #
2026-08-30 17:57:25.353 | INFO     | datasets.beat:cache_generation:525 - # ---- Building cache for Facial 2_scott_0_46_46 and Pose 2_scott_0_46_46 ---- #
2026-08-30 17:57:25.368 | INFO     | datasets.beat:cache_generation:548 - # ---- Building cache for Sem    2_scott_0_46_46 and Pose 2_scott_0_46_46 ---- #
2026-08-30 17:57:25.378 | INFO     | datasets.beat:_sample_from_clip:614 - audio: 77s, pose: 77s, facial: 77s
2026-08-30 17:57:25.378 | INFO     | datasets.beat:_sample_from_clip:640 - pose from frame 0 to 1155, length 34
2026-08-30 17:57:25.378 | INFO     | datasets.beat:_sample_from_clip:641 - 113 clips is expected with stride 10
2026-08-30 17:57:25.378 | INFO     | datasets.beat:_sample_from_clip:650 - audio from frame 0 to 1232000, length 36266
2026-08-30 17:57:25.776 | INFO     | datasets.beat:cache_generation:496 - # ---- Building cache for Pose   2_scott_0_47_47 ---- #
2026-08-30 17:57:25.787 | INFO     | datasets.beat:cache_generation:504 - # ---- Building cache for Audio  2_scott_0_47_47 and Pose 2_scott_0_47_47 ---- #
2026-08-30 17:57:25.787 | INFO     | datasets.beat:cache_generation:525 - # ---- Building cache for Facial 2_scott_0_47_47 and Pose 2_scott_0_47_47 ---- #
2026-08-30 17:57:25.799 | INFO     | datasets.beat:cache_generation:548 - # ---- Building cache for Sem    2_scott_0_47_47 and Pose 2_scott_0_47_47 ---- #
2026-08-30 17:57:25.806 | INFO     | datasets.beat:_sample_from_clip:614 - audio: 57s, pose: 57s, facial: 57s
2026-08-30 17:57:25.806 | INFO     | datasets.beat:_sample_from_clip:640 - pose from frame 0 to 855, length 34
2026-08-30 17:57:25.806 | INFO     | datasets.beat:_sample_from_clip:641 - 83 clips is expected with stride 10
2026-08-30 17:57:25.806 | INFO     | datasets.beat:_sample_from_clip:650 - audio from frame 0 to 912000, length 36266
2026-08-30 17:57:26.092 | INFO     | datasets.beat:cache_generation:496 - # ---- Building cache for Pose   2_scott_0_48_48 ---- #
2026-08-30 17:57:26.102 | INFO     | datasets.beat:cache_generation:504 - # ---- Building cache for Audio  2_scott_0_48_48 and Pose 2_scott_0_48_48 ---- #
2026-08-30 17:57:26.103 | INFO     | datasets.beat:cache_generation:525 - # ---- Building cache for Facial 2_scott_0_48_48 and Pose 2_scott_0_48_48 ---- #
2026-08-30 17:57:26.114 | INFO     | datasets.beat:cache_generation:548 - # ---- Building cache for Sem    2_scott_0_48_48 and Pose 2_scott_0_48_48 ---- #
2026-08-30 17:57:26.120 | INFO     | datasets.beat:_sample_from_clip:614 - audio: 54s, pose: 55s, facial: 54s
2026-08-30 17:57:26.120 | WARNING  | datasets.beat:_sample_from_clip:618 - reduce to 54s, ignore 1s
2026-08-30 17:57:26.121 | INFO     | datasets.beat:_sample_from_clip:640 - pose from frame 0 to 810, length 34
2026-08-30 17:57:26.121 | INFO     | datasets.beat:_sample_from_clip:641 - 78 clips is expected with stride 10
2026-08-30 17:57:26.121 | INFO     | datasets.beat:_sample_from_clip:650 - audio from frame 0 to 864000, length 36266
2026-08-30 17:57:26.387 | INFO     | datasets.beat:cache_generation:496 - # ---- Building cache for Pose   2_scott_0_49_49 ---- #
2026-08-30 17:57:26.394 | INFO     | datasets.beat:cache_generation:504 - # ---- Building cache for Audio  2_scott_0_49_49 and Pose 2_scott_0_49_49 ---- #
2026-08-30 17:57:26.395 | INFO     | datasets.beat:cache_generation:525 - # ---- Building cache for Facial 2_scott_0_49_49 and Pose 2_scott_0_49_49 ---- #
2026-08-30 17:57:26.402 | INFO     | datasets.beat:cache_generation:548 - # ---- Building cache for Sem    2_scott_0_49_49 and Pose 2_scott_0_49_49 ---- #
2026-08-30 17:57:26.407 | INFO     | datasets.beat:_sample_from_clip:614 - audio: 36s, pose: 36s, facial: 36s
2026-08-30 17:57:26.407 | INFO     | datasets.beat:_sample_from_clip:640 - pose from frame 0 to 540, length 34
2026-08-30 17:57:26.407 | INFO     | datasets.beat:_sample_from_clip:641 - 51 clips is expected with stride 10
2026-08-30 17:57:26.407 | INFO     | datasets.beat:_sample_from_clip:650 - audio from frame 0 to 576000, length 36266
2026-08-30 17:57:26.593 | INFO     | datasets.beat:cache_generation:496 - # ---- Building cache for Pose   2_scott_0_4_4 ---- #
2026-08-30 17:57:26.605 | INFO     | datasets.beat:cache_generation:504 - # ---- Building cache for Audio  2_scott_0_4_4 and Pose 2_scott_0_4_4 ---- #
2026-08-30 17:57:26.607 | INFO     | datasets.beat:cache_generation:525 - # ---- Building cache for Facial 2_scott_0_4_4 and Pose 2_scott_0_4_4 ---- #
2026-08-30 17:57:26.620 | INFO     | datasets.beat:cache_generation:548 - # ---- Building cache for Sem    2_scott_0_4_4 and Pose 2_scott_0_4_4 ---- #
2026-08-30 17:57:26.630 | INFO     | datasets.beat:_sample_from_clip:614 - audio: 67s, pose: 67s, facial: 67s
2026-08-30 17:57:26.630 | INFO     | datasets.beat:_sample_from_clip:640 - pose from frame 0 to 1005, length 34
2026-08-30 17:57:26.630 | INFO     | datasets.beat:_sample_from_clip:641 - 98 clips is expected with stride 10
2026-08-30 17:57:26.630 | INFO     | datasets.beat:_sample_from_clip:650 - audio from frame 0 to 1072000, length 36266
2026-08-30 17:57:26.994 | INFO     | datasets.beat:cache_generation:496 - # ---- Building cache for Pose   2_scott_0_50_50 ---- #
2026-08-30 17:57:27.006 | INFO     | datasets.beat:cache_generation:504 - # ---- Building cache for Audio  2_scott_0_50_50 and Pose 2_scott_0_50_50 ---- #
2026-08-30 17:57:27.008 | INFO     | datasets.beat:cache_generation:525 - # ---- Building cache for Facial 2_scott_0_50_50 and Pose 2_scott_0_50_50 ---- #
2026-08-30 17:57:27.020 | INFO     | datasets.beat:cache_generation:548 - # ---- Building cache for Sem    2_scott_0_50_50 and Pose 2_scott_0_50_50 ---- #
2026-08-30 17:57:27.030 | INFO     | datasets.beat:_sample_from_clip:614 - audio: 69s, pose: 69s, facial: 69s
2026-08-30 17:57:27.030 | INFO     | datasets.beat:_sample_from_clip:640 - pose from frame 0 to 1035, length 34
2026-08-30 17:57:27.030 | INFO     | datasets.beat:_sample_from_clip:641 - 101 clips is expected with stride 10
2026-08-30 17:57:27.030 | INFO     | datasets.beat:_sample_from_clip:650 - audio from frame 0 to 1104000, length 36266
2026-08-30 17:57:27.415 | INFO     | datasets.beat:cache_generation:496 - # ---- Building cache for Pose   2_scott_0_51_51 ---- #
2026-08-30 17:57:27.422 | INFO     | datasets.beat:cache_generation:504 - # ---- Building cache for Audio  2_scott_0_51_51 and Pose 2_scott_0_51_51 ---- #
2026-08-30 17:57:27.423 | INFO     | datasets.beat:cache_generation:525 - # ---- Building cache for Facial 2_scott_0_51_51 and Pose 2_scott_0_51_51 ---- #
2026-08-30 17:57:27.431 | INFO     | datasets.beat:cache_generation:548 - # ---- Building cache for Sem    2_scott_0_51_51 and Pose 2_scott_0_51_51 ---- #
2026-08-30 17:57:27.436 | INFO     | datasets.beat:_sample_from_clip:614 - audio: 40s, pose: 40s, facial: 40s
2026-08-30 17:57:27.437 | INFO     | datasets.beat:_sample_from_clip:640 - pose from frame 0 to 600, length 34
2026-08-30 17:57:27.437 | INFO     | datasets.beat:_sample_from_clip:641 - 57 clips is expected with stride 10
2026-08-30 17:57:27.437 | INFO     | datasets.beat:_sample_from_clip:650 - audio from frame 0 to 640000, length 36266
2026-08-30 17:57:27.641 | INFO     | datasets.beat:cache_generation:496 - # ---- Building cache for Pose   2_scott_0_52_52 ---- #
2026-08-30 17:57:27.649 | INFO     | datasets.beat:cache_generation:504 - # ---- Building cache for Audio  2_scott_0_52_52 and Pose 2_scott_0_52_52 ---- #
2026-08-30 17:57:27.650 | INFO     | datasets.beat:cache_generation:525 - # ---- Building cache for Facial 2_scott_0_52_52 and Pose 2_scott_0_52_52 ---- #
2026-08-30 17:57:27.659 | INFO     | datasets.beat:cache_generation:548 - # ---- Building cache for Sem    2_scott_0_52_52 and Pose 2_scott_0_52_52 ---- #
2026-08-30 17:57:27.664 | INFO     | datasets.beat:_sample_from_clip:614 - audio: 45s, pose: 45s, facial: 45s
2026-08-30 17:57:27.665 | INFO     | datasets.beat:_sample_from_clip:640 - pose from frame 0 to 675, length 34
2026-08-30 17:57:27.665 | INFO     | datasets.beat:_sample_from_clip:641 - 65 clips is expected with stride 10
2026-08-30 17:57:27.665 | INFO     | datasets.beat:_sample_from_clip:650 - audio from frame 0 to 720000, length 36266
2026-08-30 17:57:27.894 | INFO     | datasets.beat:cache_generation:496 - # ---- Building cache for Pose   2_scott_0_53_53 ---- #
2026-08-30 17:57:27.900 | INFO     | datasets.beat:cache_generation:504 - # ---- Building cache for Audio  2_scott_0_53_53 and Pose 2_scott_0_53_53 ---- #
2026-08-30 17:57:27.900 | INFO     | datasets.beat:cache_generation:525 - # ---- Building cache for Facial 2_scott_0_53_53 and Pose 2_scott_0_53_53 ---- #
2026-08-30 17:57:27.907 | INFO     | datasets.beat:cache_generation:548 - # ---- Building cache for Sem    2_scott_0_53_53 and Pose 2_scott_0_53_53 ---- #
2026-08-30 17:57:27.911 | INFO     | datasets.beat:_sample_from_clip:614 - audio: 31s, pose: 31s, facial: 31s
2026-08-30 17:57:27.911 | INFO     | datasets.beat:_sample_from_clip:640 - pose from frame 0 to 465, length 34
2026-08-30 17:57:27.911 | INFO     | datasets.beat:_sample_from_clip:641 - 44 clips is expected with stride 10
2026-08-30 17:57:27.911 | INFO     | datasets.beat:_sample_from_clip:650 - audio from frame 0 to 496000, length 36266
2026-08-30 17:57:28.072 | INFO     | datasets.beat:cache_generation:496 - # ---- Building cache for Pose   2_scott_0_54_54 ---- #
2026-08-30 17:57:28.081 | INFO     | datasets.beat:cache_generation:504 - # ---- Building cache for Audio  2_scott_0_54_54 and Pose 2_scott_0_54_54 ---- #
2026-08-30 17:57:28.081 | INFO     | datasets.beat:cache_generation:525 - # ---- Building cache for Facial 2_scott_0_54_54 and Pose 2_scott_0_54_54 ---- #
2026-08-30 17:57:28.091 | INFO     | datasets.beat:cache_generation:548 - # ---- Building cache for Sem    2_scott_0_54_54 and Pose 2_scott_0_54_54 ---- #
2026-08-30 17:57:28.097 | INFO     | datasets.beat:_sample_from_clip:614 - audio: 48s, pose: 48s, facial: 48s
2026-08-30 17:57:28.097 | INFO     | datasets.beat:_sample_from_clip:640 - pose from frame 0 to 720, length 34
2026-08-30 17:57:28.097 | INFO     | datasets.beat:_sample_from_clip:641 - 69 clips is expected with stride 10
2026-08-30 17:57:28.097 | INFO     | datasets.beat:_sample_from_clip:650 - audio from frame 0 to 768000, length 36266
2026-08-30 17:57:28.344 | INFO     | datasets.beat:cache_generation:496 - # ---- Building cache for Pose   2_scott_0_55_55 ---- #
2026-08-30 17:57:28.350 | INFO     | datasets.beat:cache_generation:504 - # ---- Building cache for Audio  2_scott_0_55_55 and Pose 2_scott_0_55_55 ---- #
2026-08-30 17:57:28.351 | INFO     | datasets.beat:cache_generation:525 - # ---- Building cache for Facial 2_scott_0_55_55 and Pose 2_scott_0_55_55 ---- #
2026-08-30 17:57:28.357 | INFO     | datasets.beat:cache_generation:548 - # ---- Building cache for Sem    2_scott_0_55_55 and Pose 2_scott_0_55_55 ---- #
2026-08-30 17:57:28.362 | INFO     | datasets.beat:_sample_from_clip:614 - audio: 31s, pose: 31s, facial: 31s
2026-08-30 17:57:28.362 | INFO     | datasets.beat:_sample_from_clip:640 - pose from frame 0 to 465, length 34
2026-08-30 17:57:28.362 | INFO     | datasets.beat:_sample_from_clip:641 - 44 clips is expected with stride 10
2026-08-30 17:57:28.362 | INFO     | datasets.beat:_sample_from_clip:650 - audio from frame 0 to 496000, length 36266
2026-08-30 17:57:28.524 | INFO     | datasets.beat:cache_generation:496 - # ---- Building cache for Pose   2_scott_0_56_56 ---- #
2026-08-30 17:57:28.533 | INFO     | datasets.beat:cache_generation:504 - # ---- Building cache for Audio  2_scott_0_56_56 and Pose 2_scott_0_56_56 ---- #
2026-08-30 17:57:28.534 | INFO     | datasets.beat:cache_generation:525 - # ---- Building cache for Facial 2_scott_0_56_56 and Pose 2_scott_0_56_56 ---- #
2026-08-30 17:57:28.544 | INFO     | datasets.beat:cache_generation:548 - # ---- Building cache for Sem    2_scott_0_56_56 and Pose 2_scott_0_56_56 ---- #
2026-08-30 17:57:28.550 | INFO     | datasets.beat:_sample_from_clip:614 - audio: 49s, pose: 49s, facial: 49s
2026-08-30 17:57:28.550 | INFO     | datasets.beat:_sample_from_clip:640 - pose from frame 0 to 735, length 34
2026-08-30 17:57:28.550 | INFO     | datasets.beat:_sample_from_clip:641 - 71 clips is expected with stride 10
2026-08-30 17:57:28.550 | INFO     | datasets.beat:_sample_from_clip:650 - audio from frame 0 to 784000, length 36266
2026-08-30 17:57:28.802 | INFO     | datasets.beat:cache_generation:496 - # ---- Building cache for Pose   2_scott_0_57_57 ---- #
2026-08-30 17:57:28.813 | INFO     | datasets.beat:cache_generation:504 - # ---- Building cache for Audio  2_scott_0_57_57 and Pose 2_scott_0_57_57 ---- #
2026-08-30 17:57:28.814 | INFO     | datasets.beat:cache_generation:525 - # ---- Building cache for Facial 2_scott_0_57_57 and Pose 2_scott_0_57_57 ---- #
2026-08-30 17:57:28.825 | INFO     | datasets.beat:cache_generation:548 - # ---- Building cache for Sem    2_scott_0_57_57 and Pose 2_scott_0_57_57 ---- #
2026-08-30 17:57:28.834 | INFO     | datasets.beat:_sample_from_clip:614 - audio: 59s, pose: 59s, facial: 59s
2026-08-30 17:57:28.834 | INFO     | datasets.beat:_sample_from_clip:640 - pose from frame 0 to 885, length 34
2026-08-30 17:57:28.834 | INFO     | datasets.beat:_sample_from_clip:641 - 86 clips is expected with stride 10
2026-08-30 17:57:28.834 | INFO     | datasets.beat:_sample_from_clip:650 - audio from frame 0 to 944000, length 36266
2026-08-30 17:57:29.127 | INFO     | datasets.beat:cache_generation:496 - # ---- Building cache for Pose   2_scott_0_58_58 ---- #
2026-08-30 17:57:29.133 | INFO     | datasets.beat:cache_generation:504 - # ---- Building cache for Audio  2_scott_0_58_58 and Pose 2_scott_0_58_58 ---- #
2026-08-30 17:57:29.134 | INFO     | datasets.beat:cache_generation:525 - # ---- Building cache for Facial 2_scott_0_58_58 and Pose 2_scott_0_58_58 ---- #
2026-08-30 17:57:29.140 | INFO     | datasets.beat:cache_generation:548 - # ---- Building cache for Sem    2_scott_0_58_58 and Pose 2_scott_0_58_58 ---- #
2026-08-30 17:57:29.145 | INFO     | datasets.beat:_sample_from_clip:614 - audio: 31s, pose: 31s, facial: 31s
2026-08-30 17:57:29.145 | INFO     | datasets.beat:_sample_from_clip:640 - pose from frame 0 to 465, length 34
2026-08-30 17:57:29.145 | INFO     | datasets.beat:_sample_from_clip:641 - 44 clips is expected with stride 10
2026-08-30 17:57:29.145 | INFO     | datasets.beat:_sample_from_clip:650 - audio from frame 0 to 496000, length 36266
2026-08-30 17:57:29.305 | INFO     | datasets.beat:cache_generation:496 - # ---- Building cache for Pose   2_scott_0_59_59 ---- #
2026-08-30 17:57:29.315 | INFO     | datasets.beat:cache_generation:504 - # ---- Building cache for Audio  2_scott_0_59_59 and Pose 2_scott_0_59_59 ---- #
2026-08-30 17:57:29.316 | INFO     | datasets.beat:cache_generation:525 - # ---- Building cache for Facial 2_scott_0_59_59 and Pose 2_scott_0_59_59 ---- #
2026-08-30 17:57:29.327 | INFO     | datasets.beat:cache_generation:548 - # ---- Building cache for Sem    2_scott_0_59_59 and Pose 2_scott_0_59_59 ---- #
2026-08-30 17:57:29.335 | INFO     | datasets.beat:_sample_from_clip:614 - audio: 56s, pose: 56s, facial: 56s
2026-08-30 17:57:29.335 | INFO     | datasets.beat:_sample_from_clip:640 - pose from frame 0 to 840, length 34
2026-08-30 17:57:29.335 | INFO     | datasets.beat:_sample_from_clip:641 - 81 clips is expected with stride 10
2026-08-30 17:57:29.335 | INFO     | datasets.beat:_sample_from_clip:650 - audio from frame 0 to 896000, length 36266
2026-08-30 17:57:29.647 | INFO     | datasets.beat:cache_generation:496 - # ---- Building cache for Pose   2_scott_0_5_5 ---- #
2026-08-30 17:57:29.660 | INFO     | datasets.beat:cache_generation:504 - # ---- Building cache for Audio  2_scott_0_5_5 and Pose 2_scott_0_5_5 ---- #
2026-08-30 17:57:29.662 | INFO     | datasets.beat:cache_generation:525 - # ---- Building cache for Facial 2_scott_0_5_5 and Pose 2_scott_0_5_5 ---- #
2026-08-30 17:57:29.676 | INFO     | datasets.beat:cache_generation:548 - # ---- Building cache for Sem    2_scott_0_5_5 and Pose 2_scott_0_5_5 ---- #
2026-08-30 17:57:29.687 | INFO     | datasets.beat:_sample_from_clip:614 - audio: 77s, pose: 77s, facial: 77s
2026-08-30 17:57:29.687 | INFO     | datasets.beat:_sample_from_clip:640 - pose from frame 0 to 1155, length 34
2026-08-30 17:57:29.687 | INFO     | datasets.beat:_sample_from_clip:641 - 113 clips is expected with stride 10
2026-08-30 17:57:29.687 | INFO     | datasets.beat:_sample_from_clip:650 - audio from frame 0 to 1232000, length 36266
2026-08-30 17:57:30.073 | INFO     | datasets.beat:cache_generation:496 - # ---- Building cache for Pose   2_scott_0_60_60 ---- #
2026-08-30 17:57:30.082 | INFO     | datasets.beat:cache_generation:504 - # ---- Building cache for Audio  2_scott_0_60_60 and Pose 2_scott_0_60_60 ---- #
2026-08-30 17:57:30.083 | INFO     | datasets.beat:cache_generation:525 - # ---- Building cache for Facial 2_scott_0_60_60 and Pose 2_scott_0_60_60 ---- #
2026-08-30 17:57:30.092 | INFO     | datasets.beat:cache_generation:548 - # ---- Building cache for Sem    2_scott_0_60_60 and Pose 2_scott_0_60_60 ---- #
2026-08-30 17:57:30.098 | INFO     | datasets.beat:_sample_from_clip:614 - audio: 46s, pose: 46s, facial: 46s
2026-08-30 17:57:30.098 | INFO     | datasets.beat:_sample_from_clip:640 - pose from frame 0 to 690, length 34
2026-08-30 17:57:30.098 | INFO     | datasets.beat:_sample_from_clip:641 - 66 clips is expected with stride 10
2026-08-30 17:57:30.098 | INFO     | datasets.beat:_sample_from_clip:650 - audio from frame 0 to 736000, length 36266
2026-08-30 17:57:30.330 | INFO     | datasets.beat:cache_generation:496 - # ---- Building cache for Pose   2_scott_0_61_61 ---- #
2026-08-30 17:57:30.341 | INFO     | datasets.beat:cache_generation:504 - # ---- Building cache for Audio  2_scott_0_61_61 and Pose 2_scott_0_61_61 ---- #
2026-08-30 17:57:30.342 | INFO     | datasets.beat:cache_generation:525 - # ---- Building cache for Facial 2_scott_0_61_61 and Pose 2_scott_0_61_61 ---- #
2026-08-30 17:57:30.353 | INFO     | datasets.beat:cache_generation:548 - # ---- Building cache for Sem    2_scott_0_61_61 and Pose 2_scott_0_61_61 ---- #
2026-08-30 17:57:30.362 | INFO     | datasets.beat:_sample_from_clip:614 - audio: 62s, pose: 62s, facial: 62s
2026-08-30 17:57:30.362 | INFO     | datasets.beat:_sample_from_clip:640 - pose from frame 0 to 930, length 34
2026-08-30 17:57:30.362 | INFO     | datasets.beat:_sample_from_clip:641 - 90 clips is expected with stride 10
2026-08-30 17:57:30.362 | INFO     | datasets.beat:_sample_from_clip:650 - audio from frame 0 to 992000, length 36266
2026-08-30 17:57:30.673 | INFO     | datasets.beat:cache_generation:496 - # ---- Building cache for Pose   2_scott_0_62_62 ---- #
2026-08-30 17:57:30.685 | INFO     | datasets.beat:cache_generation:504 - # ---- Building cache for Audio  2_scott_0_62_62 and Pose 2_scott_0_62_62 ---- #
2026-08-30 17:57:30.686 | INFO     | datasets.beat:cache_generation:525 - # ---- Building cache for Facial 2_scott_0_62_62 and Pose 2_scott_0_62_62 ---- #
2026-08-30 17:57:30.699 | INFO     | datasets.beat:cache_generation:548 - # ---- Building cache for Sem    2_scott_0_62_62 and Pose 2_scott_0_62_62 ---- #
2026-08-30 17:57:30.709 | INFO     | datasets.beat:_sample_from_clip:614 - audio: 68s, pose: 68s, facial: 68s
2026-08-30 17:57:30.709 | INFO     | datasets.beat:_sample_from_clip:640 - pose from frame 0 to 1020, length 34
2026-08-30 17:57:30.709 | INFO     | datasets.beat:_sample_from_clip:641 - 99 clips is expected with stride 10
2026-08-30 17:57:30.709 | INFO     | datasets.beat:_sample_from_clip:650 - audio from frame 0 to 1088000, length 36266
2026-08-30 17:57:31.093 | INFO     | datasets.beat:cache_generation:496 - # ---- Building cache for Pose   2_scott_0_63_63 ---- #
2026-08-30 17:57:31.103 | INFO     | datasets.beat:cache_generation:504 - # ---- Building cache for Audio  2_scott_0_63_63 and Pose 2_scott_0_63_63 ---- #
2026-08-30 17:57:31.104 | INFO     | datasets.beat:cache_generation:525 - # ---- Building cache for Facial 2_scott_0_63_63 and Pose 2_scott_0_63_63 ---- #
2026-08-30 17:57:31.115 | INFO     | datasets.beat:cache_generation:548 - # ---- Building cache for Sem    2_scott_0_63_63 and Pose 2_scott_0_63_63 ---- #
2026-08-30 17:57:31.122 | INFO     | datasets.beat:_sample_from_clip:614 - audio: 53s, pose: 53s, facial: 53s
2026-08-30 17:57:31.122 | INFO     | datasets.beat:_sample_from_clip:640 - pose from frame 0 to 795, length 34
2026-08-30 17:57:31.122 | INFO     | datasets.beat:_sample_from_clip:641 - 77 clips is expected with stride 10
2026-08-30 17:57:31.122 | INFO     | datasets.beat:_sample_from_clip:650 - audio from frame 0 to 848000, length 36266
2026-08-30 17:57:31.385 | INFO     | datasets.beat:cache_generation:496 - # ---- Building cache for Pose   2_scott_0_64_64 ---- #
2026-08-30 17:57:31.396 | INFO     | datasets.beat:cache_generation:504 - # ---- Building cache for Audio  2_scott_0_64_64 and Pose 2_scott_0_64_64 ---- #
2026-08-30 17:57:31.397 | INFO     | datasets.beat:cache_generation:525 - # ---- Building cache for Facial 2_scott_0_64_64 and Pose 2_scott_0_64_64 ---- #
2026-08-30 17:57:31.410 | INFO     | datasets.beat:cache_generation:548 - # ---- Building cache for Sem    2_scott_0_64_64 and Pose 2_scott_0_64_64 ---- #
2026-08-30 17:57:31.419 | INFO     | datasets.beat:_sample_from_clip:614 - audio: 61s, pose: 61s, facial: 61s
2026-08-30 17:57:31.419 | INFO     | datasets.beat:_sample_from_clip:640 - pose from frame 0 to 915, length 34
2026-08-30 17:57:31.419 | INFO     | datasets.beat:_sample_from_clip:641 - 89 clips is expected with stride 10
2026-08-30 17:57:31.419 | INFO     | datasets.beat:_sample_from_clip:650 - audio from frame 0 to 976000, length 36266
2026-08-30 17:57:31.726 | INFO     | datasets.beat:cache_generation:496 - # ---- Building cache for Pose   2_scott_0_65_65 ---- #
2026-08-30 17:57:31.736 | INFO     | datasets.beat:cache_generation:504 - # ---- Building cache for Audio  2_scott_0_65_65 and Pose 2_scott_0_65_65 ---- #
2026-08-30 17:57:31.737 | INFO     | datasets.beat:cache_generation:525 - # ---- Building cache for Facial 2_scott_0_65_65 and Pose 2_scott_0_65_65 ---- #
2026-08-30 17:57:31.747 | INFO     | datasets.beat:cache_generation:548 - # ---- Building cache for Sem    2_scott_0_65_65 and Pose 2_scott_0_65_65 ---- #
2026-08-30 17:57:31.755 | INFO     | datasets.beat:_sample_from_clip:614 - audio: 53s, pose: 53s, facial: 53s
2026-08-30 17:57:31.755 | INFO     | datasets.beat:_sample_from_clip:640 - pose from frame 0 to 795, length 34
2026-08-30 17:57:31.755 | INFO     | datasets.beat:_sample_from_clip:641 - 77 clips is expected with stride 10
2026-08-30 17:57:31.755 | INFO     | datasets.beat:_sample_from_clip:650 - audio from frame 0 to 848000, length 36266
2026-08-30 17:57:32.031 | INFO     | datasets.beat:cache_generation:496 - # ---- Building cache for Pose   2_scott_0_66_66 ---- #
2026-08-30 17:57:32.045 | INFO     | datasets.beat:cache_generation:504 - # ---- Building cache for Audio  2_scott_0_66_66 and Pose 2_scott_0_66_66 ---- #
2026-08-30 17:57:32.046 | INFO     | datasets.beat:cache_generation:525 - # ---- Building cache for Facial 2_scott_0_66_66 and Pose 2_scott_0_66_66 ---- #
2026-08-30 17:57:32.062 | INFO     | datasets.beat:cache_generation:548 - # ---- Building cache for Sem    2_scott_0_66_66 and Pose 2_scott_0_66_66 ---- #
2026-08-30 17:57:32.073 | INFO     | datasets.beat:_sample_from_clip:614 - audio: 79s, pose: 79s, facial: 79s
2026-08-30 17:57:32.073 | INFO     | datasets.beat:_sample_from_clip:640 - pose from frame 0 to 1185, length 34
2026-08-30 17:57:32.073 | INFO     | datasets.beat:_sample_from_clip:641 - 116 clips is expected with stride 10
2026-08-30 17:57:32.073 | INFO     | datasets.beat:_sample_from_clip:650 - audio from frame 0 to 1264000, length 36266
2026-08-30 17:57:32.472 | INFO     | datasets.beat:cache_generation:496 - # ---- Building cache for Pose   2_scott_0_67_67 ---- #
2026-08-30 17:57:32.481 | INFO     | datasets.beat:cache_generation:504 - # ---- Building cache for Audio  2_scott_0_67_67 and Pose 2_scott_0_67_67 ---- #
2026-08-30 17:57:32.482 | INFO     | datasets.beat:cache_generation:525 - # ---- Building cache for Facial 2_scott_0_67_67 and Pose 2_scott_0_67_67 ---- #
2026-08-30 17:57:32.491 | INFO     | datasets.beat:cache_generation:548 - # ---- Building cache for Sem    2_scott_0_67_67 and Pose 2_scott_0_67_67 ---- #
2026-08-30 17:57:32.498 | INFO     | datasets.beat:_sample_from_clip:614 - audio: 46s, pose: 46s, facial: 46s
2026-08-30 17:57:32.498 | INFO     | datasets.beat:_sample_from_clip:640 - pose from frame 0 to 690, length 34
2026-08-30 17:57:32.498 | INFO     | datasets.beat:_sample_from_clip:641 - 66 clips is expected with stride 10
2026-08-30 17:57:32.498 | INFO     | datasets.beat:_sample_from_clip:650 - audio from frame 0 to 736000, length 36266
2026-08-30 17:57:32.732 | INFO     | datasets.beat:cache_generation:496 - # ---- Building cache for Pose   2_scott_0_68_68 ---- #
2026-08-30 17:57:32.743 | INFO     | datasets.beat:cache_generation:504 - # ---- Building cache for Audio  2_scott_0_68_68 and Pose 2_scott_0_68_68 ---- #
2026-08-30 17:57:32.743 | INFO     | datasets.beat:cache_generation:525 - # ---- Building cache for Facial 2_scott_0_68_68 and Pose 2_scott_0_68_68 ---- #
2026-08-30 17:57:32.755 | INFO     | datasets.beat:cache_generation:548 - # ---- Building cache for Sem    2_scott_0_68_68 and Pose 2_scott_0_68_68 ---- #
2026-08-30 17:57:32.765 | INFO     | datasets.beat:_sample_from_clip:614 - audio: 59s, pose: 59s, facial: 59s
2026-08-30 17:57:32.765 | INFO     | datasets.beat:_sample_from_clip:640 - pose from frame 0 to 885, length 34
2026-08-30 17:57:32.765 | INFO     | datasets.beat:_sample_from_clip:641 - 86 clips is expected with stride 10
2026-08-30 17:57:32.765 | INFO     | datasets.beat:_sample_from_clip:650 - audio from frame 0 to 944000, length 36266
2026-08-30 17:57:33.065 | INFO     | datasets.beat:cache_generation:496 - # ---- Building cache for Pose   2_scott_0_69_69 ---- #
2026-08-30 17:57:33.075 | INFO     | datasets.beat:cache_generation:504 - # ---- Building cache for Audio  2_scott_0_69_69 and Pose 2_scott_0_69_69 ---- #
2026-08-30 17:57:33.076 | INFO     | datasets.beat:cache_generation:525 - # ---- Building cache for Facial 2_scott_0_69_69 and Pose 2_scott_0_69_69 ---- #
2026-08-30 17:57:33.085 | INFO     | datasets.beat:cache_generation:548 - # ---- Building cache for Sem    2_scott_0_69_69 and Pose 2_scott_0_69_69 ---- #
2026-08-30 17:57:33.093 | INFO     | datasets.beat:_sample_from_clip:614 - audio: 51s, pose: 51s, facial: 51s
2026-08-30 17:57:33.093 | INFO     | datasets.beat:_sample_from_clip:640 - pose from frame 0 to 765, length 34
2026-08-30 17:57:33.093 | INFO     | datasets.beat:_sample_from_clip:641 - 74 clips is expected with stride 10
2026-08-30 17:57:33.093 | INFO     | datasets.beat:_sample_from_clip:650 - audio from frame 0 to 816000, length 36266
2026-08-30 17:57:33.353 | INFO     | datasets.beat:cache_generation:496 - # ---- Building cache for Pose   2_scott_0_6_6 ---- #
2026-08-30 17:57:33.368 | INFO     | datasets.beat:cache_generation:504 - # ---- Building cache for Audio  2_scott_0_6_6 and Pose 2_scott_0_6_6 ---- #
2026-08-30 17:57:33.369 | INFO     | datasets.beat:cache_generation:525 - # ---- Building cache for Facial 2_scott_0_6_6 and Pose 2_scott_0_6_6 ---- #
2026-08-30 17:57:33.384 | INFO     | datasets.beat:cache_generation:548 - # ---- Building cache for Sem    2_scott_0_6_6 and Pose 2_scott_0_6_6 ---- #
2026-08-30 17:57:33.395 | INFO     | datasets.beat:_sample_from_clip:614 - audio: 83s, pose: 83s, facial: 83s
2026-08-30 17:57:33.395 | INFO     | datasets.beat:_sample_from_clip:640 - pose from frame 0 to 1245, length 34
2026-08-30 17:57:33.395 | INFO     | datasets.beat:_sample_from_clip:641 - 122 clips is expected with stride 10
2026-08-30 17:57:33.395 | INFO     | datasets.beat:_sample_from_clip:650 - audio from frame 0 to 1328000, length 36266
2026-08-30 17:57:33.812 | INFO     | datasets.beat:cache_generation:496 - # ---- Building cache for Pose   2_scott_0_70_70 ---- #
2026-08-30 17:57:33.823 | INFO     | datasets.beat:cache_generation:504 - # ---- Building cache for Audio  2_scott_0_70_70 and Pose 2_scott_0_70_70 ---- #
2026-08-30 17:57:33.824 | INFO     | datasets.beat:cache_generation:525 - # ---- Building cache for Facial 2_scott_0_70_70 and Pose 2_scott_0_70_70 ---- #
2026-08-30 17:57:33.836 | INFO     | datasets.beat:cache_generation:548 - # ---- Building cache for Sem    2_scott_0_70_70 and Pose 2_scott_0_70_70 ---- #
2026-08-30 17:57:33.845 | INFO     | datasets.beat:_sample_from_clip:614 - audio: 61s, pose: 61s, facial: 61s
2026-08-30 17:57:33.845 | INFO     | datasets.beat:_sample_from_clip:640 - pose from frame 0 to 915, length 34
2026-08-30 17:57:33.845 | INFO     | datasets.beat:_sample_from_clip:641 - 89 clips is expected with stride 10
2026-08-30 17:57:33.845 | INFO     | datasets.beat:_sample_from_clip:650 - audio from frame 0 to 976000, length 36266
2026-08-30 17:57:34.165 | INFO     | datasets.beat:cache_generation:496 - # ---- Building cache for Pose   2_scott_0_71_71 ---- #
2026-08-30 17:57:34.174 | INFO     | datasets.beat:cache_generation:504 - # ---- Building cache for Audio  2_scott_0_71_71 and Pose 2_scott_0_71_71 ---- #
2026-08-30 17:57:34.174 | INFO     | datasets.beat:cache_generation:525 - # ---- Building cache for Facial 2_scott_0_71_71 and Pose 2_scott_0_71_71 ---- #
2026-08-30 17:57:34.183 | INFO     | datasets.beat:cache_generation:548 - # ---- Building cache for Sem    2_scott_0_71_71 and Pose 2_scott_0_71_71 ---- #
2026-08-30 17:57:34.189 | INFO     | datasets.beat:_sample_from_clip:614 - audio: 46s, pose: 46s, facial: 46s
2026-08-30 17:57:34.189 | INFO     | datasets.beat:_sample_from_clip:640 - pose from frame 0 to 690, length 34
2026-08-30 17:57:34.190 | INFO     | datasets.beat:_sample_from_clip:641 - 66 clips is expected with stride 10
2026-08-30 17:57:34.190 | INFO     | datasets.beat:_sample_from_clip:650 - audio from frame 0 to 736000, length 36266
2026-08-30 17:57:34.411 | INFO     | datasets.beat:cache_generation:496 - # ---- Building cache for Pose   2_scott_0_72_72 ---- #
2026-08-30 17:57:34.421 | INFO     | datasets.beat:cache_generation:504 - # ---- Building cache for Audio  2_scott_0_72_72 and Pose 2_scott_0_72_72 ---- #
2026-08-30 17:57:34.421 | INFO     | datasets.beat:cache_generation:525 - # ---- Building cache for Facial 2_scott_0_72_72 and Pose 2_scott_0_72_72 ---- #
2026-08-30 17:57:34.432 | INFO     | datasets.beat:cache_generation:548 - # ---- Building cache for Sem    2_scott_0_72_72 and Pose 2_scott_0_72_72 ---- #
2026-08-30 17:57:34.439 | INFO     | datasets.beat:_sample_from_clip:614 - audio: 53s, pose: 53s, facial: 53s
2026-08-30 17:57:34.439 | INFO     | datasets.beat:_sample_from_clip:640 - pose from frame 0 to 795, length 34
2026-08-30 17:57:34.440 | INFO     | datasets.beat:_sample_from_clip:641 - 77 clips is expected with stride 10
2026-08-30 17:57:34.440 | INFO     | datasets.beat:_sample_from_clip:650 - audio from frame 0 to 848000, length 36266
2026-08-30 17:57:34.698 | INFO     | datasets.beat:cache_generation:496 - # ---- Building cache for Pose   2_scott_0_73_73 ---- #
2026-08-30 17:57:34.709 | INFO     | datasets.beat:cache_generation:504 - # ---- Building cache for Audio  2_scott_0_73_73 and Pose 2_scott_0_73_73 ---- #
2026-08-30 17:57:34.709 | INFO     | datasets.beat:cache_generation:525 - # ---- Building cache for Facial 2_scott_0_73_73 and Pose 2_scott_0_73_73 ---- #
2026-08-30 17:57:34.721 | INFO     | datasets.beat:cache_generation:548 - # ---- Building cache for Sem    2_scott_0_73_73 and Pose 2_scott_0_73_73 ---- #
2026-08-30 17:57:34.729 | INFO     | datasets.beat:_sample_from_clip:614 - audio: 59s, pose: 59s, facial: 59s
2026-08-30 17:57:34.729 | INFO     | datasets.beat:_sample_from_clip:640 - pose from frame 0 to 885, length 34
2026-08-30 17:57:34.729 | INFO     | datasets.beat:_sample_from_clip:641 - 86 clips is expected with stride 10
2026-08-30 17:57:34.730 | INFO     | datasets.beat:_sample_from_clip:650 - audio from frame 0 to 944000, length 36266
2026-08-30 17:57:35.028 | INFO     | datasets.beat:cache_generation:496 - # ---- Building cache for Pose   2_scott_0_74_74 ---- #
2026-08-30 17:57:35.040 | INFO     | datasets.beat:cache_generation:504 - # ---- Building cache for Audio  2_scott_0_74_74 and Pose 2_scott_0_74_74 ---- #
2026-08-30 17:57:35.041 | INFO     | datasets.beat:cache_generation:525 - # ---- Building cache for Facial 2_scott_0_74_74 and Pose 2_scott_0_74_74 ---- #
2026-08-30 17:57:35.053 | INFO     | datasets.beat:cache_generation:548 - # ---- Building cache for Sem    2_scott_0_74_74 and Pose 2_scott_0_74_74 ---- #
2026-08-30 17:57:35.062 | INFO     | datasets.beat:_sample_from_clip:614 - audio: 65s, pose: 65s, facial: 65s
2026-08-30 17:57:35.062 | INFO     | datasets.beat:_sample_from_clip:640 - pose from frame 0 to 975, length 34
2026-08-30 17:57:35.062 | INFO     | datasets.beat:_sample_from_clip:641 - 95 clips is expected with stride 10
2026-08-30 17:57:35.062 | INFO     | datasets.beat:_sample_from_clip:650 - audio from frame 0 to 1040000, length 36266
2026-08-30 17:57:35.390 | INFO     | datasets.beat:cache_generation:496 - # ---- Building cache for Pose   2_scott_0_75_75 ---- #
2026-08-30 17:57:35.396 | INFO     | datasets.beat:cache_generation:504 - # ---- Building cache for Audio  2_scott_0_75_75 and Pose 2_scott_0_75_75 ---- #
2026-08-30 17:57:35.396 | INFO     | datasets.beat:cache_generation:525 - # ---- Building cache for Facial 2_scott_0_75_75 and Pose 2_scott_0_75_75 ---- #
2026-08-30 17:57:35.405 | INFO     | datasets.beat:cache_generation:548 - # ---- Building cache for Sem    2_scott_0_75_75 and Pose 2_scott_0_75_75 ---- #
2026-08-30 17:57:35.410 | INFO     | datasets.beat:_sample_from_clip:614 - audio: 28s, pose: 28s, facial: 28s
2026-08-30 17:57:35.410 | INFO     | datasets.beat:_sample_from_clip:640 - pose from frame 0 to 420, length 34
2026-08-30 17:57:35.410 | INFO     | datasets.beat:_sample_from_clip:641 - 39 clips is expected with stride 10
2026-08-30 17:57:35.410 | INFO     | datasets.beat:_sample_from_clip:650 - audio from frame 0 to 448000, length 36266
2026-08-30 17:57:35.553 | INFO     | datasets.beat:cache_generation:496 - # ---- Building cache for Pose   2_scott_0_76_76 ---- #
2026-08-30 17:57:35.569 | INFO     | datasets.beat:cache_generation:504 - # ---- Building cache for Audio  2_scott_0_76_76 and Pose 2_scott_0_76_76 ---- #
2026-08-30 17:57:35.570 | INFO     | datasets.beat:cache_generation:525 - # ---- Building cache for Facial 2_scott_0_76_76 and Pose 2_scott_0_76_76 ---- #
2026-08-30 17:57:35.587 | INFO     | datasets.beat:cache_generation:548 - # ---- Building cache for Sem    2_scott_0_76_76 and Pose 2_scott_0_76_76 ---- #
2026-08-30 17:57:35.601 | INFO     | datasets.beat:_sample_from_clip:614 - audio: 92s, pose: 92s, facial: 92s
2026-08-30 17:57:35.601 | INFO     | datasets.beat:_sample_from_clip:640 - pose from frame 0 to 1380, length 34
2026-08-30 17:57:35.601 | INFO     | datasets.beat:_sample_from_clip:641 - 135 clips is expected with stride 10
2026-08-30 17:57:35.601 | INFO     | datasets.beat:_sample_from_clip:650 - audio from frame 0 to 1472000, length 36266
2026-08-30 17:57:36.058 | INFO     | datasets.beat:cache_generation:496 - # ---- Building cache for Pose   2_scott_0_77_77 ---- #
2026-08-30 17:57:36.068 | INFO     | datasets.beat:cache_generation:504 - # ---- Building cache for Audio  2_scott_0_77_77 and Pose 2_scott_0_77_77 ---- #
2026-08-30 17:57:36.069 | INFO     | datasets.beat:cache_generation:525 - # ---- Building cache for Facial 2_scott_0_77_77 and Pose 2_scott_0_77_77 ---- #
2026-08-30 17:57:36.081 | INFO     | datasets.beat:cache_generation:548 - # ---- Building cache for Sem    2_scott_0_77_77 and Pose 2_scott_0_77_77 ---- #
2026-08-30 17:57:36.089 | INFO     | datasets.beat:_sample_from_clip:614 - audio: 56s, pose: 56s, facial: 56s
2026-08-30 17:57:36.089 | INFO     | datasets.beat:_sample_from_clip:640 - pose from frame 0 to 840, length 34
2026-08-30 17:57:36.089 | INFO     | datasets.beat:_sample_from_clip:641 - 81 clips is expected with stride 10
2026-08-30 17:57:36.089 | INFO     | datasets.beat:_sample_from_clip:650 - audio from frame 0 to 896000, length 36266
2026-08-30 17:57:36.369 | INFO     | datasets.beat:cache_generation:496 - # ---- Building cache for Pose   2_scott_0_78_78 ---- #
2026-08-30 17:57:36.375 | INFO     | datasets.beat:cache_generation:504 - # ---- Building cache for Audio  2_scott_0_78_78 and Pose 2_scott_0_78_78 ---- #
2026-08-30 17:57:36.376 | INFO     | datasets.beat:cache_generation:525 - # ---- Building cache for Facial 2_scott_0_78_78 and Pose 2_scott_0_78_78 ---- #
2026-08-30 17:57:36.383 | INFO     | datasets.beat:cache_generation:548 - # ---- Building cache for Sem    2_scott_0_78_78 and Pose 2_scott_0_78_78 ---- #
2026-08-30 17:57:36.387 | INFO     | datasets.beat:_sample_from_clip:614 - audio: 34s, pose: 34s, facial: 34s
2026-08-30 17:57:36.387 | INFO     | datasets.beat:_sample_from_clip:640 - pose from frame 0 to 510, length 34
2026-08-30 17:57:36.388 | INFO     | datasets.beat:_sample_from_clip:641 - 48 clips is expected with stride 10
2026-08-30 17:57:36.388 | INFO     | datasets.beat:_sample_from_clip:650 - audio from frame 0 to 544000, length 36266
2026-08-30 17:57:36.562 | INFO     | datasets.beat:cache_generation:496 - # ---- Building cache for Pose   2_scott_0_79_79 ---- #
2026-08-30 17:57:36.568 | INFO     | datasets.beat:cache_generation:504 - # ---- Building cache for Audio  2_scott_0_79_79 and Pose 2_scott_0_79_79 ---- #
2026-08-30 17:57:36.569 | INFO     | datasets.beat:cache_generation:525 - # ---- Building cache for Facial 2_scott_0_79_79 and Pose 2_scott_0_79_79 ---- #
2026-08-30 17:57:36.576 | INFO     | datasets.beat:cache_generation:548 - # ---- Building cache for Sem    2_scott_0_79_79 and Pose 2_scott_0_79_79 ---- #
2026-08-30 17:57:36.581 | INFO     | datasets.beat:_sample_from_clip:614 - audio: 34s, pose: 34s, facial: 34s
2026-08-30 17:57:36.581 | INFO     | datasets.beat:_sample_from_clip:640 - pose from frame 0 to 510, length 34
2026-08-30 17:57:36.581 | INFO     | datasets.beat:_sample_from_clip:641 - 48 clips is expected with stride 10
2026-08-30 17:57:36.581 | INFO     | datasets.beat:_sample_from_clip:650 - audio from frame 0 to 544000, length 36266
2026-08-30 17:57:36.752 | INFO     | datasets.beat:cache_generation:496 - # ---- Building cache for Pose   2_scott_0_7_7 ---- #
2026-08-30 17:57:36.765 | INFO     | datasets.beat:cache_generation:504 - # ---- Building cache for Audio  2_scott_0_7_7 and Pose 2_scott_0_7_7 ---- #
2026-08-30 17:57:36.766 | INFO     | datasets.beat:cache_generation:525 - # ---- Building cache for Facial 2_scott_0_7_7 and Pose 2_scott_0_7_7 ---- #
2026-08-30 17:57:36.779 | INFO     | datasets.beat:cache_generation:548 - # ---- Building cache for Sem    2_scott_0_7_7 and Pose 2_scott_0_7_7 ---- #
2026-08-30 17:57:36.789 | INFO     | datasets.beat:_sample_from_clip:614 - audio: 70s, pose: 70s, facial: 70s
2026-08-30 17:57:36.789 | INFO     | datasets.beat:_sample_from_clip:640 - pose from frame 0 to 1050, length 34
2026-08-30 17:57:36.790 | INFO     | datasets.beat:_sample_from_clip:641 - 102 clips is expected with stride 10
2026-08-30 17:57:36.790 | INFO     | datasets.beat:_sample_from_clip:650 - audio from frame 0 to 1120000, length 36266
2026-08-30 17:57:37.143 | INFO     | datasets.beat:cache_generation:496 - # ---- Building cache for Pose   2_scott_0_80_80 ---- #
2026-08-30 17:57:37.159 | INFO     | datasets.beat:cache_generation:504 - # ---- Building cache for Audio  2_scott_0_80_80 and Pose 2_scott_0_80_80 ---- #
2026-08-30 17:57:37.160 | INFO     | datasets.beat:cache_generation:525 - # ---- Building cache for Facial 2_scott_0_80_80 and Pose 2_scott_0_80_80 ---- #
2026-08-30 17:57:37.174 | INFO     | datasets.beat:cache_generation:548 - # ---- Building cache for Sem    2_scott_0_80_80 and Pose 2_scott_0_80_80 ---- #
2026-08-30 17:57:37.184 | INFO     | datasets.beat:_sample_from_clip:614 - audio: 71s, pose: 71s, facial: 71s
2026-08-30 17:57:37.184 | INFO     | datasets.beat:_sample_from_clip:640 - pose from frame 0 to 1065, length 34
2026-08-30 17:57:37.184 | INFO     | datasets.beat:_sample_from_clip:641 - 104 clips is expected with stride 10
2026-08-30 17:57:37.184 | INFO     | datasets.beat:_sample_from_clip:650 - audio from frame 0 to 1136000, length 36266
2026-08-30 17:57:37.547 | INFO     | datasets.beat:cache_generation:496 - # ---- Building cache for Pose   2_scott_0_81_81 ---- #
2026-08-30 17:57:37.559 | INFO     | datasets.beat:cache_generation:504 - # ---- Building cache for Audio  2_scott_0_81_81 and Pose 2_scott_0_81_81 ---- #
2026-08-30 17:57:37.560 | INFO     | datasets.beat:cache_generation:525 - # ---- Building cache for Facial 2_scott_0_81_81 and Pose 2_scott_0_81_81 ---- #
2026-08-30 17:57:37.573 | INFO     | datasets.beat:cache_generation:548 - # ---- Building cache for Sem    2_scott_0_81_81 and Pose 2_scott_0_81_81 ---- #
2026-08-30 17:57:37.580 | INFO     | datasets.beat:_sample_from_clip:614 - audio: 67s, pose: 67s, facial: 67s
2026-08-30 17:57:37.580 | INFO     | datasets.beat:_sample_from_clip:640 - pose from frame 0 to 1005, length 34
2026-08-30 17:57:37.580 | INFO     | datasets.beat:_sample_from_clip:641 - 98 clips is expected with stride 10
2026-08-30 17:57:37.580 | INFO     | datasets.beat:_sample_from_clip:650 - audio from frame 0 to 1072000, length 36266
2026-08-30 17:57:37.901 | INFO     | datasets.beat:cache_generation:496 - # ---- Building cache for Pose   2_scott_0_82_82 ---- #
2026-08-30 17:57:37.913 | INFO     | datasets.beat:cache_generation:504 - # ---- Building cache for Audio  2_scott_0_82_82 and Pose 2_scott_0_82_82 ---- #
2026-08-30 17:57:37.914 | INFO     | datasets.beat:cache_generation:525 - # ---- Building cache for Facial 2_scott_0_82_82 and Pose 2_scott_0_82_82 ---- #
2026-08-30 17:57:37.926 | INFO     | datasets.beat:cache_generation:548 - # ---- Building cache for Sem    2_scott_0_82_82 and Pose 2_scott_0_82_82 ---- #
2026-08-30 17:57:37.933 | INFO     | datasets.beat:_sample_from_clip:614 - audio: 66s, pose: 66s, facial: 66s
2026-08-30 17:57:37.933 | INFO     | datasets.beat:_sample_from_clip:640 - pose from frame 0 to 990, length 34
2026-08-30 17:57:37.933 | INFO     | datasets.beat:_sample_from_clip:641 - 96 clips is expected with stride 10
2026-08-30 17:57:37.933 | INFO     | datasets.beat:_sample_from_clip:650 - audio from frame 0 to 1056000, length 36266
2026-08-30 17:57:38.256 | INFO     | datasets.beat:cache_generation:496 - # ---- Building cache for Pose   2_scott_0_83_83 ---- #
2026-08-30 17:57:38.274 | INFO     | datasets.beat:cache_generation:504 - # ---- Building cache for Audio  2_scott_0_83_83 and Pose 2_scott_0_83_83 ---- #
2026-08-30 17:57:38.276 | INFO     | datasets.beat:cache_generation:525 - # ---- Building cache for Facial 2_scott_0_83_83 and Pose 2_scott_0_83_83 ---- #
2026-08-30 17:57:38.292 | INFO     | datasets.beat:cache_generation:548 - # ---- Building cache for Sem    2_scott_0_83_83 and Pose 2_scott_0_83_83 ---- #
2026-08-30 17:57:38.303 | INFO     | datasets.beat:_sample_from_clip:614 - audio: 86s, pose: 86s, facial: 86s
2026-08-30 17:57:38.303 | INFO     | datasets.beat:_sample_from_clip:640 - pose from frame 0 to 1290, length 34
2026-08-30 17:57:38.303 | INFO     | datasets.beat:_sample_from_clip:641 - 126 clips is expected with stride 10
2026-08-30 17:57:38.303 | INFO     | datasets.beat:_sample_from_clip:650 - audio from frame 0 to 1376000, length 36266
2026-08-30 17:57:38.715 | INFO     | datasets.beat:cache_generation:496 - # ---- Building cache for Pose   2_scott_0_84_84 ---- #
2026-08-30 17:57:38.725 | INFO     | datasets.beat:cache_generation:504 - # ---- Building cache for Audio  2_scott_0_84_84 and Pose 2_scott_0_84_84 ---- #
2026-08-30 17:57:38.726 | INFO     | datasets.beat:cache_generation:525 - # ---- Building cache for Facial 2_scott_0_84_84 and Pose 2_scott_0_84_84 ---- #
2026-08-30 17:57:38.737 | INFO     | datasets.beat:cache_generation:548 - # ---- Building cache for Sem    2_scott_0_84_84 and Pose 2_scott_0_84_84 ---- #
2026-08-30 17:57:38.743 | INFO     | datasets.beat:_sample_from_clip:614 - audio: 55s, pose: 55s, facial: 55s
2026-08-30 17:57:38.743 | INFO     | datasets.beat:_sample_from_clip:640 - pose from frame 0 to 825, length 34
2026-08-30 17:57:38.743 | INFO     | datasets.beat:_sample_from_clip:641 - 80 clips is expected with stride 10
2026-08-30 17:57:38.743 | INFO     | datasets.beat:_sample_from_clip:650 - audio from frame 0 to 880000, length 36266
2026-08-30 17:57:39.012 | INFO     | datasets.beat:cache_generation:496 - # ---- Building cache for Pose   2_scott_0_85_85 ---- #
2026-08-30 17:57:39.017 | INFO     | datasets.beat:cache_generation:504 - # ---- Building cache for Audio  2_scott_0_85_85 and Pose 2_scott_0_85_85 ---- #
2026-08-30 17:57:39.018 | INFO     | datasets.beat:cache_generation:525 - # ---- Building cache for Facial 2_scott_0_85_85 and Pose 2_scott_0_85_85 ---- #
2026-08-30 17:57:39.024 | INFO     | datasets.beat:cache_generation:548 - # ---- Building cache for Sem    2_scott_0_85_85 and Pose 2_scott_0_85_85 ---- #
2026-08-30 17:57:39.028 | INFO     | datasets.beat:_sample_from_clip:614 - audio: 29s, pose: 29s, facial: 29s
2026-08-30 17:57:39.028 | INFO     | datasets.beat:_sample_from_clip:640 - pose from frame 0 to 435, length 34
2026-08-30 17:57:39.028 | INFO     | datasets.beat:_sample_from_clip:641 - 41 clips is expected with stride 10
2026-08-30 17:57:39.028 | INFO     | datasets.beat:_sample_from_clip:650 - audio from frame 0 to 464000, length 36266
2026-08-30 17:57:39.176 | INFO     | datasets.beat:cache_generation:496 - # ---- Building cache for Pose   2_scott_0_86_86 ---- #
2026-08-30 17:57:39.186 | INFO     | datasets.beat:cache_generation:504 - # ---- Building cache for Audio  2_scott_0_86_86 and Pose 2_scott_0_86_86 ---- #
2026-08-30 17:57:39.186 | INFO     | datasets.beat:cache_generation:525 - # ---- Building cache for Facial 2_scott_0_86_86 and Pose 2_scott_0_86_86 ---- #
2026-08-30 17:57:39.196 | INFO     | datasets.beat:cache_generation:548 - # ---- Building cache for Sem    2_scott_0_86_86 and Pose 2_scott_0_86_86 ---- #
2026-08-30 17:57:39.203 | INFO     | datasets.beat:_sample_from_clip:614 - audio: 52s, pose: 52s, facial: 52s
2026-08-30 17:57:39.203 | INFO     | datasets.beat:_sample_from_clip:640 - pose from frame 0 to 780, length 34
2026-08-30 17:57:39.203 | INFO     | datasets.beat:_sample_from_clip:641 - 75 clips is expected with stride 10
2026-08-30 17:57:39.203 | INFO     | datasets.beat:_sample_from_clip:650 - audio from frame 0 to 832000, length 36266
2026-08-30 17:57:39.462 | INFO     | datasets.beat:cache_generation:496 - # ---- Building cache for Pose   2_scott_0_87_87 ---- #
2026-08-30 17:57:39.477 | INFO     | datasets.beat:cache_generation:504 - # ---- Building cache for Audio  2_scott_0_87_87 and Pose 2_scott_0_87_87 ---- #
2026-08-30 17:57:39.478 | INFO     | datasets.beat:cache_generation:525 - # ---- Building cache for Facial 2_scott_0_87_87 and Pose 2_scott_0_87_87 ---- #
2026-08-30 17:57:39.493 | INFO     | datasets.beat:cache_generation:548 - # ---- Building cache for Sem    2_scott_0_87_87 and Pose 2_scott_0_87_87 ---- #
2026-08-30 17:57:39.503 | INFO     | datasets.beat:_sample_from_clip:614 - audio: 78s, pose: 78s, facial: 78s
2026-08-30 17:57:39.504 | INFO     | datasets.beat:_sample_from_clip:640 - pose from frame 0 to 1170, length 34
2026-08-30 17:57:39.504 | INFO     | datasets.beat:_sample_from_clip:641 - 114 clips is expected with stride 10
2026-08-30 17:57:39.504 | INFO     | datasets.beat:_sample_from_clip:650 - audio from frame 0 to 1248000, length 36266
2026-08-30 17:57:39.992 | INFO     | datasets.beat:cache_generation:496 - # ---- Building cache for Pose   3_solomon_0_100_100 ---- #
2026-08-30 17:57:40.004 | INFO     | datasets.beat:cache_generation:504 - # ---- Building cache for Audio  3_solomon_0_100_100 and Pose 3_solomon_0_100_100 ---- #
2026-08-30 17:57:40.005 | INFO     | datasets.beat:cache_generation:525 - # ---- Building cache for Facial 3_solomon_0_100_100 and Pose 3_solomon_0_100_100 ---- #
2026-08-30 17:57:40.018 | INFO     | datasets.beat:cache_generation:548 - # ---- Building cache for Sem    3_solomon_0_100_100 and Pose 3_solomon_0_100_100 ---- #
2026-08-30 17:57:40.028 | INFO     | datasets.beat:_sample_from_clip:614 - audio: 65s, pose: 65s, facial: 65s
2026-08-30 17:57:40.028 | INFO     | datasets.beat:_sample_from_clip:640 - pose from frame 0 to 975, length 34
2026-08-30 17:57:40.028 | INFO     | datasets.beat:_sample_from_clip:641 - 95 clips is expected with stride 10
2026-08-30 17:57:40.028 | INFO     | datasets.beat:_sample_from_clip:650 - audio from frame 0 to 1040000, length 36266
2026-08-30 17:57:40.352 | INFO     | datasets.beat:cache_generation:496 - # ---- Building cache for Pose   3_solomon_0_101_101 ---- #
2026-08-30 17:57:40.366 | INFO     | datasets.beat:cache_generation:504 - # ---- Building cache for Audio  3_solomon_0_101_101 and Pose 3_solomon_0_101_101 ---- #
2026-08-30 17:57:40.367 | INFO     | datasets.beat:cache_generation:525 - # ---- Building cache for Facial 3_solomon_0_101_101 and Pose 3_solomon_0_101_101 ---- #
2026-08-30 17:57:40.381 | INFO     | datasets.beat:cache_generation:548 - # ---- Building cache for Sem    3_solomon_0_101_101 and Pose 3_solomon_0_101_101 ---- #
2026-08-30 17:57:40.390 | INFO     | datasets.beat:_sample_from_clip:614 - audio: 76s, pose: 76s, facial: 76s
2026-08-30 17:57:40.390 | INFO     | datasets.beat:_sample_from_clip:640 - pose from frame 0 to 1140, length 34
2026-08-30 17:57:40.390 | INFO     | datasets.beat:_sample_from_clip:641 - 111 clips is expected with stride 10
2026-08-30 17:57:40.390 | INFO     | datasets.beat:_sample_from_clip:650 - audio from frame 0 to 1216000, length 36266
2026-08-30 17:57:40.767 | INFO     | datasets.beat:cache_generation:496 - # ---- Building cache for Pose   3_solomon_0_102_102 ---- #
2026-08-30 17:57:40.779 | INFO     | datasets.beat:cache_generation:504 - # ---- Building cache for Audio  3_solomon_0_102_102 and Pose 3_solomon_0_102_102 ---- #
2026-08-30 17:57:40.779 | INFO     | datasets.beat:cache_generation:525 - # ---- Building cache for Facial 3_solomon_0_102_102 and Pose 3_solomon_0_102_102 ---- #
2026-08-30 17:57:40.793 | INFO     | datasets.beat:cache_generation:548 - # ---- Building cache for Sem    3_solomon_0_102_102 and Pose 3_solomon_0_102_102 ---- #
2026-08-30 17:57:40.800 | INFO     | datasets.beat:_sample_from_clip:614 - audio: 65s, pose: 65s, facial: 65s
2026-08-30 17:57:40.801 | INFO     | datasets.beat:_sample_from_clip:640 - pose from frame 0 to 975, length 34
2026-08-30 17:57:40.801 | INFO     | datasets.beat:_sample_from_clip:641 - 95 clips is expected with stride 10
2026-08-30 17:57:40.801 | INFO     | datasets.beat:_sample_from_clip:650 - audio from frame 0 to 1040000, length 36266
2026-08-30 17:57:41.167 | INFO     | datasets.beat:cache_generation:496 - # ---- Building cache for Pose   3_solomon_0_103_103 ---- #
2026-08-30 17:57:41.181 | INFO     | datasets.beat:cache_generation:504 - # ---- Building cache for Audio  3_solomon_0_103_103 and Pose 3_solomon_0_103_103 ---- #
2026-08-30 17:57:41.182 | INFO     | datasets.beat:cache_generation:525 - # ---- Building cache for Facial 3_solomon_0_103_103 and Pose 3_solomon_0_103_103 ---- #
2026-08-30 17:57:41.196 | INFO     | datasets.beat:cache_generation:548 - # ---- Building cache for Sem    3_solomon_0_103_103 and Pose 3_solomon_0_103_103 ---- #
2026-08-30 17:57:41.206 | INFO     | datasets.beat:_sample_from_clip:614 - audio: 76s, pose: 76s, facial: 76s
2026-08-30 17:57:41.206 | INFO     | datasets.beat:_sample_from_clip:640 - pose from frame 0 to 1140, length 34
2026-08-30 17:57:41.206 | INFO     | datasets.beat:_sample_from_clip:641 - 111 clips is expected with stride 10
2026-08-30 17:57:41.206 | INFO     | datasets.beat:_sample_from_clip:650 - audio from frame 0 to 1216000, length 36266
2026-08-30 17:57:41.598 | INFO     | datasets.beat:cache_generation:496 - # ---- Building cache for Pose   3_solomon_0_104_104 ---- #
2026-08-30 17:57:41.613 | INFO     | datasets.beat:cache_generation:504 - # ---- Building cache for Audio  3_solomon_0_104_104 and Pose 3_solomon_0_104_104 ---- #
2026-08-30 17:57:41.614 | INFO     | datasets.beat:cache_generation:525 - # ---- Building cache for Facial 3_solomon_0_104_104 and Pose 3_solomon_0_104_104 ---- #
2026-08-30 17:57:41.629 | INFO     | datasets.beat:cache_generation:548 - # ---- Building cache for Sem    3_solomon_0_104_104 and Pose 3_solomon_0_104_104 ---- #
2026-08-30 17:57:41.640 | INFO     | datasets.beat:_sample_from_clip:614 - audio: 83s, pose: 83s, facial: 83s
2026-08-30 17:57:41.640 | INFO     | datasets.beat:_sample_from_clip:640 - pose from frame 0 to 1245, length 34
2026-08-30 17:57:41.640 | INFO     | datasets.beat:_sample_from_clip:641 - 122 clips is expected with stride 10
2026-08-30 17:57:41.640 | INFO     | datasets.beat:_sample_from_clip:650 - audio from frame 0 to 1328000, length 36266
2026-08-30 17:57:42.050 | INFO     | datasets.beat:cache_generation:496 - # ---- Building cache for Pose   3_solomon_0_105_105 ---- #
2026-08-30 17:57:42.061 | INFO     | datasets.beat:cache_generation:504 - # ---- Building cache for Audio  3_solomon_0_105_105 and Pose 3_solomon_0_105_105 ---- #
2026-08-30 17:57:42.062 | INFO     | datasets.beat:cache_generation:525 - # ---- Building cache for Facial 3_solomon_0_105_105 and Pose 3_solomon_0_105_105 ---- #
2026-08-30 17:57:42.074 | INFO     | datasets.beat:cache_generation:548 - # ---- Building cache for Sem    3_solomon_0_105_105 and Pose 3_solomon_0_105_105 ---- #
2026-08-30 17:57:42.082 | INFO     | datasets.beat:_sample_from_clip:614 - audio: 59s, pose: 59s, facial: 59s
2026-08-30 17:57:42.082 | INFO     | datasets.beat:_sample_from_clip:640 - pose from frame 0 to 885, length 34
2026-08-30 17:57:42.082 | INFO     | datasets.beat:_sample_from_clip:641 - 86 clips is expected with stride 10
2026-08-30 17:57:42.082 | INFO     | datasets.beat:_sample_from_clip:650 - audio from frame 0 to 944000, length 36266
2026-08-30 17:57:42.371 | INFO     | datasets.beat:cache_generation:496 - # ---- Building cache for Pose   3_solomon_0_106_106 ---- #
2026-08-30 17:57:42.386 | INFO     | datasets.beat:cache_generation:504 - # ---- Building cache for Audio  3_solomon_0_106_106 and Pose 3_solomon_0_106_106 ---- #
2026-08-30 17:57:42.387 | INFO     | datasets.beat:cache_generation:525 - # ---- Building cache for Facial 3_solomon_0_106_106 and Pose 3_solomon_0_106_106 ---- #
2026-08-30 17:57:42.398 | INFO     | datasets.beat:cache_generation:548 - # ---- Building cache for Sem    3_solomon_0_106_106 and Pose 3_solomon_0_106_106 ---- #
2026-08-30 17:57:42.407 | INFO     | datasets.beat:_sample_from_clip:614 - audio: 57s, pose: 57s, facial: 57s
2026-08-30 17:57:42.407 | INFO     | datasets.beat:_sample_from_clip:640 - pose from frame 0 to 855, length 34
2026-08-30 17:57:42.407 | INFO     | datasets.beat:_sample_from_clip:641 - 83 clips is expected with stride 10
2026-08-30 17:57:42.407 | INFO     | datasets.beat:_sample_from_clip:650 - audio from frame 0 to 912000, length 36266
2026-08-30 17:57:42.695 | INFO     | datasets.beat:cache_generation:496 - # ---- Building cache for Pose   3_solomon_0_107_107 ---- #
2026-08-30 17:57:42.704 | INFO     | datasets.beat:cache_generation:504 - # ---- Building cache for Audio  3_solomon_0_107_107 and Pose 3_solomon_0_107_107 ---- #
2026-08-30 17:57:42.705 | INFO     | datasets.beat:cache_generation:525 - # ---- Building cache for Facial 3_solomon_0_107_107 and Pose 3_solomon_0_107_107 ---- #
2026-08-30 17:57:42.715 | INFO     | datasets.beat:cache_generation:548 - # ---- Building cache for Sem    3_solomon_0_107_107 and Pose 3_solomon_0_107_107 ---- #
2026-08-30 17:57:42.721 | INFO     | datasets.beat:_sample_from_clip:614 - audio: 49s, pose: 49s, facial: 49s
2026-08-30 17:57:42.721 | INFO     | datasets.beat:_sample_from_clip:640 - pose from frame 0 to 735, length 34
2026-08-30 17:57:42.721 | INFO     | datasets.beat:_sample_from_clip:641 - 71 clips is expected with stride 10
2026-08-30 17:57:42.721 | INFO     | datasets.beat:_sample_from_clip:650 - audio from frame 0 to 784000, length 36266
2026-08-30 17:57:42.967 | INFO     | datasets.beat:cache_generation:496 - # ---- Building cache for Pose   3_solomon_0_108_108 ---- #
2026-08-30 17:57:42.979 | INFO     | datasets.beat:cache_generation:504 - # ---- Building cache for Audio  3_solomon_0_108_108 and Pose 3_solomon_0_108_108 ---- #
2026-08-30 17:57:42.981 | INFO     | datasets.beat:cache_generation:525 - # ---- Building cache for Facial 3_solomon_0_108_108 and Pose 3_solomon_0_108_108 ---- #
2026-08-30 17:57:42.994 | INFO     | datasets.beat:cache_generation:548 - # ---- Building cache for Sem    3_solomon_0_108_108 and Pose 3_solomon_0_108_108 ---- #
2026-08-30 17:57:43.002 | INFO     | datasets.beat:_sample_from_clip:614 - audio: 69s, pose: 69s, facial: 69s
2026-08-30 17:57:43.003 | INFO     | datasets.beat:_sample_from_clip:640 - pose from frame 0 to 1035, length 34
2026-08-30 17:57:43.003 | INFO     | datasets.beat:_sample_from_clip:641 - 101 clips is expected with stride 10
2026-08-30 17:57:43.003 | INFO     | datasets.beat:_sample_from_clip:650 - audio from frame 0 to 1104000, length 36266
2026-08-30 17:57:43.349 | INFO     | datasets.beat:cache_generation:496 - # ---- Building cache for Pose   3_solomon_0_109_109 ---- #
2026-08-30 17:57:43.358 | INFO     | datasets.beat:cache_generation:504 - # ---- Building cache for Audio  3_solomon_0_109_109 and Pose 3_solomon_0_109_109 ---- #
2026-08-30 17:57:43.358 | INFO     | datasets.beat:cache_generation:525 - # ---- Building cache for Facial 3_solomon_0_109_109 and Pose 3_solomon_0_109_109 ---- #
2026-08-30 17:57:43.368 | INFO     | datasets.beat:cache_generation:548 - # ---- Building cache for Sem    3_solomon_0_109_109 and Pose 3_solomon_0_109_109 ---- #
2026-08-30 17:57:43.374 | INFO     | datasets.beat:_sample_from_clip:614 - audio: 48s, pose: 48s, facial: 48s
2026-08-30 17:57:43.374 | INFO     | datasets.beat:_sample_from_clip:640 - pose from frame 0 to 720, length 34
2026-08-30 17:57:43.375 | INFO     | datasets.beat:_sample_from_clip:641 - 69 clips is expected with stride 10
2026-08-30 17:57:43.375 | INFO     | datasets.beat:_sample_from_clip:650 - audio from frame 0 to 768000, length 36266
2026-08-30 17:57:43.605 | INFO     | datasets.beat:cache_generation:496 - # ---- Building cache for Pose   3_solomon_0_10_10 ---- #
2026-08-30 17:57:43.617 | INFO     | datasets.beat:cache_generation:504 - # ---- Building cache for Audio  3_solomon_0_10_10 and Pose 3_solomon_0_10_10 ---- #
2026-08-30 17:57:43.618 | INFO     | datasets.beat:cache_generation:525 - # ---- Building cache for Facial 3_solomon_0_10_10 and Pose 3_solomon_0_10_10 ---- #
2026-08-30 17:57:43.630 | INFO     | datasets.beat:cache_generation:548 - # ---- Building cache for Sem    3_solomon_0_10_10 and Pose 3_solomon_0_10_10 ---- #
2026-08-30 17:57:43.640 | INFO     | datasets.beat:_sample_from_clip:614 - audio: 66s, pose: 66s, facial: 66s
2026-08-30 17:57:43.640 | INFO     | datasets.beat:_sample_from_clip:640 - pose from frame 0 to 990, length 34
2026-08-30 17:57:43.640 | INFO     | datasets.beat:_sample_from_clip:641 - 96 clips is expected with stride 10
2026-08-30 17:57:43.640 | INFO     | datasets.beat:_sample_from_clip:650 - audio from frame 0 to 1056000, length 36266
2026-08-30 17:57:43.966 | INFO     | datasets.beat:cache_generation:496 - # ---- Building cache for Pose   3_solomon_0_110_110 ---- #
2026-08-30 17:57:43.976 | INFO     | datasets.beat:cache_generation:504 - # ---- Building cache for Audio  3_solomon_0_110_110 and Pose 3_solomon_0_110_110 ---- #
2026-08-30 17:57:43.976 | INFO     | datasets.beat:cache_generation:525 - # ---- Building cache for Facial 3_solomon_0_110_110 and Pose 3_solomon_0_110_110 ---- #
2026-08-30 17:57:43.986 | INFO     | datasets.beat:cache_generation:548 - # ---- Building cache for Sem    3_solomon_0_110_110 and Pose 3_solomon_0_110_110 ---- #
2026-08-30 17:57:43.993 | INFO     | datasets.beat:_sample_from_clip:614 - audio: 51s, pose: 51s, facial: 51s
2026-08-30 17:57:43.993 | INFO     | datasets.beat:_sample_from_clip:640 - pose from frame 0 to 765, length 34
2026-08-30 17:57:43.993 | INFO     | datasets.beat:_sample_from_clip:641 - 74 clips is expected with stride 10
2026-08-30 17:57:43.993 | INFO     | datasets.beat:_sample_from_clip:650 - audio from frame 0 to 816000, length 36266
2026-08-30 17:57:44.247 | INFO     | datasets.beat:cache_generation:496 - # ---- Building cache for Pose   3_solomon_0_111_111 ---- #
2026-08-30 17:57:44.260 | INFO     | datasets.beat:cache_generation:504 - # ---- Building cache for Audio  3_solomon_0_111_111 and Pose 3_solomon_0_111_111 ---- #
2026-08-30 17:57:44.261 | INFO     | datasets.beat:cache_generation:525 - # ---- Building cache for Facial 3_solomon_0_111_111 and Pose 3_solomon_0_111_111 ---- #
2026-08-30 17:57:44.274 | INFO     | datasets.beat:cache_generation:548 - # ---- Building cache for Sem    3_solomon_0_111_111 and Pose 3_solomon_0_111_111 ---- #
2026-08-30 17:57:44.284 | INFO     | datasets.beat:_sample_from_clip:614 - audio: 69s, pose: 69s, facial: 69s
2026-08-30 17:57:44.284 | INFO     | datasets.beat:_sample_from_clip:640 - pose from frame 0 to 1035, length 34
2026-08-30 17:57:44.284 | INFO     | datasets.beat:_sample_from_clip:641 - 101 clips is expected with stride 10
2026-08-30 17:57:44.284 | INFO     | datasets.beat:_sample_from_clip:650 - audio from frame 0 to 1104000, length 36266
2026-08-30 17:57:44.628 | INFO     | datasets.beat:cache_generation:496 - # ---- Building cache for Pose   3_solomon_0_112_112 ---- #
2026-08-30 17:57:44.640 | INFO     | datasets.beat:cache_generation:504 - # ---- Building cache for Audio  3_solomon_0_112_112 and Pose 3_solomon_0_112_112 ---- #
2026-08-30 17:57:44.641 | INFO     | datasets.beat:cache_generation:525 - # ---- Building cache for Facial 3_solomon_0_112_112 and Pose 3_solomon_0_112_112 ---- #
2026-08-30 17:57:44.653 | INFO     | datasets.beat:cache_generation:548 - # ---- Building cache for Sem    3_solomon_0_112_112 and Pose 3_solomon_0_112_112 ---- #
2026-08-30 17:57:44.662 | INFO     | datasets.beat:_sample_from_clip:614 - audio: 63s, pose: 63s, facial: 63s
2026-08-30 17:57:44.663 | INFO     | datasets.beat:_sample_from_clip:640 - pose from frame 0 to 945, length 34
2026-08-30 17:57:44.663 | INFO     | datasets.beat:_sample_from_clip:641 - 92 clips is expected with stride 10
2026-08-30 17:57:44.663 | INFO     | datasets.beat:_sample_from_clip:650 - audio from frame 0 to 1008000, length 36266
2026-08-30 17:57:44.981 | INFO     | datasets.beat:cache_generation:496 - # ---- Building cache for Pose   3_solomon_0_113_113 ---- #
2026-08-30 17:57:44.989 | INFO     | datasets.beat:cache_generation:504 - # ---- Building cache for Audio  3_solomon_0_113_113 and Pose 3_solomon_0_113_113 ---- #
2026-08-30 17:57:44.990 | INFO     | datasets.beat:cache_generation:525 - # ---- Building cache for Facial 3_solomon_0_113_113 and Pose 3_solomon_0_113_113 ---- #
2026-08-30 17:57:44.998 | INFO     | datasets.beat:cache_generation:548 - # ---- Building cache for Sem    3_solomon_0_113_113 and Pose 3_solomon_0_113_113 ---- #
2026-08-30 17:57:45.004 | INFO     | datasets.beat:_sample_from_clip:614 - audio: 41s, pose: 41s, facial: 41s
2026-08-30 17:57:45.004 | INFO     | datasets.beat:_sample_from_clip:640 - pose from frame 0 to 615, length 34
2026-08-30 17:57:45.004 | INFO     | datasets.beat:_sample_from_clip:641 - 59 clips is expected with stride 10
2026-08-30 17:57:45.004 | INFO     | datasets.beat:_sample_from_clip:650 - audio from frame 0 to 656000, length 36266
2026-08-30 17:57:45.209 | INFO     | datasets.beat:cache_generation:496 - # ---- Building cache for Pose   3_solomon_0_114_114 ---- #
2026-08-30 17:57:45.220 | INFO     | datasets.beat:cache_generation:504 - # ---- Building cache for Audio  3_solomon_0_114_114 and Pose 3_solomon_0_114_114 ---- #
2026-08-30 17:57:45.221 | INFO     | datasets.beat:cache_generation:525 - # ---- Building cache for Facial 3_solomon_0_114_114 and Pose 3_solomon_0_114_114 ---- #
2026-08-30 17:57:45.233 | INFO     | datasets.beat:cache_generation:548 - # ---- Building cache for Sem    3_solomon_0_114_114 and Pose 3_solomon_0_114_114 ---- #
2026-08-30 17:57:45.241 | INFO     | datasets.beat:_sample_from_clip:614 - audio: 61s, pose: 61s, facial: 61s
2026-08-30 17:57:45.241 | INFO     | datasets.beat:_sample_from_clip:640 - pose from frame 0 to 915, length 34
2026-08-30 17:57:45.241 | INFO     | datasets.beat:_sample_from_clip:641 - 89 clips is expected with stride 10
2026-08-30 17:57:45.241 | INFO     | datasets.beat:_sample_from_clip:650 - audio from frame 0 to 976000, length 36266
2026-08-30 17:57:45.575 | INFO     | datasets.beat:cache_generation:496 - # ---- Building cache for Pose   3_solomon_0_115_115 ---- #
2026-08-30 17:57:45.588 | INFO     | datasets.beat:cache_generation:504 - # ---- Building cache for Audio  3_solomon_0_115_115 and Pose 3_solomon_0_115_115 ---- #
2026-08-30 17:57:45.590 | INFO     | datasets.beat:cache_generation:525 - # ---- Building cache for Facial 3_solomon_0_115_115 and Pose 3_solomon_0_115_115 ---- #
2026-08-30 17:57:45.604 | INFO     | datasets.beat:cache_generation:548 - # ---- Building cache for Sem    3_solomon_0_115_115 and Pose 3_solomon_0_115_115 ---- #
2026-08-30 17:57:45.614 | INFO     | datasets.beat:_sample_from_clip:614 - audio: 73s, pose: 73s, facial: 73s
2026-08-30 17:57:45.614 | INFO     | datasets.beat:_sample_from_clip:640 - pose from frame 0 to 1095, length 34
2026-08-30 17:57:45.614 | INFO     | datasets.beat:_sample_from_clip:641 - 107 clips is expected with stride 10
2026-08-30 17:57:45.614 | INFO     | datasets.beat:_sample_from_clip:650 - audio from frame 0 to 1168000, length 36266
2026-08-30 17:57:45.962 | INFO     | datasets.beat:cache_generation:496 - # ---- Building cache for Pose   3_solomon_0_116_116 ---- #
2026-08-30 17:57:45.976 | INFO     | datasets.beat:cache_generation:504 - # ---- Building cache for Audio  3_solomon_0_116_116 and Pose 3_solomon_0_116_116 ---- #
2026-08-30 17:57:45.977 | INFO     | datasets.beat:cache_generation:525 - # ---- Building cache for Facial 3_solomon_0_116_116 and Pose 3_solomon_0_116_116 ---- #
2026-08-30 17:57:46.157 | INFO     | datasets.beat:cache_generation:548 - # ---- Building cache for Sem    3_solomon_0_116_116 and Pose 3_solomon_0_116_116 ---- #
2026-08-30 17:57:46.167 | INFO     | datasets.beat:_sample_from_clip:614 - audio: 76s, pose: 76s, facial: 76s
2026-08-30 17:57:46.167 | INFO     | datasets.beat:_sample_from_clip:640 - pose from frame 0 to 1140, length 34
2026-08-30 17:57:46.167 | INFO     | datasets.beat:_sample_from_clip:641 - 111 clips is expected with stride 10
2026-08-30 17:57:46.167 | INFO     | datasets.beat:_sample_from_clip:650 - audio from frame 0 to 1216000, length 36266
2026-08-30 17:57:46.540 | INFO     | datasets.beat:cache_generation:496 - # ---- Building cache for Pose   3_solomon_0_117_117 ---- #
2026-08-30 17:57:46.547 | INFO     | datasets.beat:cache_generation:504 - # ---- Building cache for Audio  3_solomon_0_117_117 and Pose 3_solomon_0_117_117 ---- #
2026-08-30 17:57:46.548 | INFO     | datasets.beat:cache_generation:525 - # ---- Building cache for Facial 3_solomon_0_117_117 and Pose 3_solomon_0_117_117 ---- #
2026-08-30 17:57:46.556 | INFO     | datasets.beat:cache_generation:548 - # ---- Building cache for Sem    3_solomon_0_117_117 and Pose 3_solomon_0_117_117 ---- #
2026-08-30 17:57:46.562 | INFO     | datasets.beat:_sample_from_clip:614 - audio: 41s, pose: 41s, facial: 41s
2026-08-30 17:57:46.562 | INFO     | datasets.beat:_sample_from_clip:640 - pose from frame 0 to 615, length 34
2026-08-30 17:57:46.562 | INFO     | datasets.beat:_sample_from_clip:641 - 59 clips is expected with stride 10
2026-08-30 17:57:46.562 | INFO     | datasets.beat:_sample_from_clip:650 - audio from frame 0 to 656000, length 36266
2026-08-30 17:57:46.767 | INFO     | datasets.beat:cache_generation:496 - # ---- Building cache for Pose   3_solomon_0_118_118 ---- #
2026-08-30 17:57:46.775 | INFO     | datasets.beat:cache_generation:504 - # ---- Building cache for Audio  3_solomon_0_118_118 and Pose 3_solomon_0_118_118 ---- #
2026-08-30 17:57:46.776 | INFO     | datasets.beat:cache_generation:525 - # ---- Building cache for Facial 3_solomon_0_118_118 and Pose 3_solomon_0_118_118 ---- #
2026-08-30 17:57:46.785 | INFO     | datasets.beat:cache_generation:548 - # ---- Building cache for Sem    3_solomon_0_118_118 and Pose 3_solomon_0_118_118 ---- #
2026-08-30 17:57:46.791 | INFO     | datasets.beat:_sample_from_clip:614 - audio: 45s, pose: 45s, facial: 45s
2026-08-30 17:57:46.791 | INFO     | datasets.beat:_sample_from_clip:640 - pose from frame 0 to 675, length 34
2026-08-30 17:57:46.791 | INFO     | datasets.beat:_sample_from_clip:641 - 65 clips is expected with stride 10
2026-08-30 17:57:46.791 | INFO     | datasets.beat:_sample_from_clip:650 - audio from frame 0 to 720000, length 36266
2026-08-30 17:57:47.012 | INFO     | datasets.beat:cache_generation:496 - # ---- Building cache for Pose   3_solomon_0_11_11 ---- #
2026-08-30 17:57:47.026 | INFO     | datasets.beat:cache_generation:504 - # ---- Building cache for Audio  3_solomon_0_11_11 and Pose 3_solomon_0_11_11 ---- #
2026-08-30 17:57:47.027 | INFO     | datasets.beat:cache_generation:525 - # ---- Building cache for Facial 3_solomon_0_11_11 and Pose 3_solomon_0_11_11 ---- #
2026-08-30 17:57:47.041 | INFO     | datasets.beat:cache_generation:548 - # ---- Building cache for Sem    3_solomon_0_11_11 and Pose 3_solomon_0_11_11 ---- #
2026-08-30 17:57:47.051 | INFO     | datasets.beat:_sample_from_clip:614 - audio: 75s, pose: 75s, facial: 75s
2026-08-30 17:57:47.051 | INFO     | datasets.beat:_sample_from_clip:640 - pose from frame 0 to 1125, length 34
2026-08-30 17:57:47.051 | INFO     | datasets.beat:_sample_from_clip:641 - 110 clips is expected with stride 10
2026-08-30 17:57:47.051 | INFO     | datasets.beat:_sample_from_clip:650 - audio from frame 0 to 1200000, length 36266
2026-08-30 17:57:47.419 | INFO     | datasets.beat:cache_generation:496 - # ---- Building cache for Pose   3_solomon_0_12_12 ---- #
2026-08-30 17:57:47.434 | INFO     | datasets.beat:cache_generation:504 - # ---- Building cache for Audio  3_solomon_0_12_12 and Pose 3_solomon_0_12_12 ---- #
2026-08-30 17:57:47.436 | INFO     | datasets.beat:cache_generation:525 - # ---- Building cache for Facial 3_solomon_0_12_12 and Pose 3_solomon_0_12_12 ---- #
2026-08-30 17:57:47.452 | INFO     | datasets.beat:cache_generation:548 - # ---- Building cache for Sem    3_solomon_0_12_12 and Pose 3_solomon_0_12_12 ---- #
2026-08-30 17:57:47.466 | INFO     | datasets.beat:_sample_from_clip:614 - audio: 85s, pose: 85s, facial: 85s
2026-08-30 17:57:47.466 | INFO     | datasets.beat:_sample_from_clip:640 - pose from frame 0 to 1275, length 34
2026-08-30 17:57:47.466 | INFO     | datasets.beat:_sample_from_clip:641 - 125 clips is expected with stride 10
2026-08-30 17:57:47.466 | INFO     | datasets.beat:_sample_from_clip:650 - audio from frame 0 to 1360000, length 36266
2026-08-30 17:57:47.904 | INFO     | datasets.beat:cache_generation:496 - # ---- Building cache for Pose   3_solomon_0_13_13 ---- #
2026-08-30 17:57:47.918 | INFO     | datasets.beat:cache_generation:504 - # ---- Building cache for Audio  3_solomon_0_13_13 and Pose 3_solomon_0_13_13 ---- #
2026-08-30 17:57:47.919 | INFO     | datasets.beat:cache_generation:525 - # ---- Building cache for Facial 3_solomon_0_13_13 and Pose 3_solomon_0_13_13 ---- #
2026-08-30 17:57:47.934 | INFO     | datasets.beat:cache_generation:548 - # ---- Building cache for Sem    3_solomon_0_13_13 and Pose 3_solomon_0_13_13 ---- #
2026-08-30 17:57:47.947 | INFO     | datasets.beat:_sample_from_clip:614 - audio: 79s, pose: 79s, facial: 79s
2026-08-30 17:57:47.947 | INFO     | datasets.beat:_sample_from_clip:640 - pose from frame 0 to 1185, length 34
2026-08-30 17:57:47.947 | INFO     | datasets.beat:_sample_from_clip:641 - 116 clips is expected with stride 10
2026-08-30 17:57:47.947 | INFO     | datasets.beat:_sample_from_clip:650 - audio from frame 0 to 1264000, length 36266
2026-08-30 17:57:48.338 | INFO     | datasets.beat:cache_generation:496 - # ---- Building cache for Pose   3_solomon_0_14_14 ---- #
2026-08-30 17:57:48.353 | INFO     | datasets.beat:cache_generation:504 - # ---- Building cache for Audio  3_solomon_0_14_14 and Pose 3_solomon_0_14_14 ---- #
2026-08-30 17:57:48.354 | INFO     | datasets.beat:cache_generation:525 - # ---- Building cache for Facial 3_solomon_0_14_14 and Pose 3_solomon_0_14_14 ---- #
2026-08-30 17:57:48.370 | INFO     | datasets.beat:cache_generation:548 - # ---- Building cache for Sem    3_solomon_0_14_14 and Pose 3_solomon_0_14_14 ---- #
2026-08-30 17:57:48.383 | INFO     | datasets.beat:_sample_from_clip:614 - audio: 83s, pose: 83s, facial: 83s
2026-08-30 17:57:48.383 | INFO     | datasets.beat:_sample_from_clip:640 - pose from frame 0 to 1245, length 34
2026-08-30 17:57:48.383 | INFO     | datasets.beat:_sample_from_clip:641 - 122 clips is expected with stride 10
2026-08-30 17:57:48.383 | INFO     | datasets.beat:_sample_from_clip:650 - audio from frame 0 to 1328000, length 36266
2026-08-30 17:57:48.794 | INFO     | datasets.beat:cache_generation:496 - # ---- Building cache for Pose   3_solomon_0_15_15 ---- #
2026-08-30 17:57:48.811 | INFO     | datasets.beat:cache_generation:504 - # ---- Building cache for Audio  3_solomon_0_15_15 and Pose 3_solomon_0_15_15 ---- #
2026-08-30 17:57:48.812 | INFO     | datasets.beat:cache_generation:525 - # ---- Building cache for Facial 3_solomon_0_15_15 and Pose 3_solomon_0_15_15 ---- #
2026-08-30 17:57:48.830 | INFO     | datasets.beat:cache_generation:548 - # ---- Building cache for Sem    3_solomon_0_15_15 and Pose 3_solomon_0_15_15 ---- #
2026-08-30 17:57:48.846 | INFO     | datasets.beat:_sample_from_clip:614 - audio: 96s, pose: 96s, facial: 96s
2026-08-30 17:57:48.846 | INFO     | datasets.beat:_sample_from_clip:640 - pose from frame 0 to 1440, length 34
2026-08-30 17:57:48.846 | INFO     | datasets.beat:_sample_from_clip:641 - 141 clips is expected with stride 10
2026-08-30 17:57:48.846 | INFO     | datasets.beat:_sample_from_clip:650 - audio from frame 0 to 1536000, length 36266
2026-08-30 17:57:49.320 | INFO     | datasets.beat:cache_generation:496 - # ---- Building cache for Pose   3_solomon_0_16_16 ---- #
2026-08-30 17:57:49.337 | INFO     | datasets.beat:cache_generation:504 - # ---- Building cache for Audio  3_solomon_0_16_16 and Pose 3_solomon_0_16_16 ---- #
2026-08-30 17:57:49.338 | INFO     | datasets.beat:cache_generation:525 - # ---- Building cache for Facial 3_solomon_0_16_16 and Pose 3_solomon_0_16_16 ---- #
2026-08-30 17:57:49.355 | INFO     | datasets.beat:cache_generation:548 - # ---- Building cache for Sem    3_solomon_0_16_16 and Pose 3_solomon_0_16_16 ---- #
2026-08-30 17:57:49.369 | INFO     | datasets.beat:_sample_from_clip:614 - audio: 89s, pose: 89s, facial: 89s
2026-08-30 17:57:49.369 | INFO     | datasets.beat:_sample_from_clip:640 - pose from frame 0 to 1335, length 34
2026-08-30 17:57:49.369 | INFO     | datasets.beat:_sample_from_clip:641 - 131 clips is expected with stride 10
2026-08-30 17:57:49.369 | INFO     | datasets.beat:_sample_from_clip:650 - audio from frame 0 to 1424000, length 36266
2026-08-30 17:57:49.795 | INFO     | datasets.beat:cache_generation:496 - # ---- Building cache for Pose   3_solomon_0_17_17 ---- #
2026-08-30 17:57:49.810 | INFO     | datasets.beat:cache_generation:504 - # ---- Building cache for Audio  3_solomon_0_17_17 and Pose 3_solomon_0_17_17 ---- #
2026-08-30 17:57:49.812 | INFO     | datasets.beat:cache_generation:525 - # ---- Building cache for Facial 3_solomon_0_17_17 and Pose 3_solomon_0_17_17 ---- #
2026-08-30 17:57:49.828 | INFO     | datasets.beat:cache_generation:548 - # ---- Building cache for Sem    3_solomon_0_17_17 and Pose 3_solomon_0_17_17 ---- #
2026-08-30 17:57:49.842 | INFO     | datasets.beat:_sample_from_clip:614 - audio: 87s, pose: 87s, facial: 87s
2026-08-30 17:57:49.842 | INFO     | datasets.beat:_sample_from_clip:640 - pose from frame 0 to 1305, length 34
2026-08-30 17:57:49.842 | INFO     | datasets.beat:_sample_from_clip:641 - 128 clips is expected with stride 10
2026-08-30 17:57:49.842 | INFO     | datasets.beat:_sample_from_clip:650 - audio from frame 0 to 1392000, length 36266
2026-08-30 17:57:50.260 | INFO     | datasets.beat:cache_generation:496 - # ---- Building cache for Pose   3_solomon_0_18_18 ---- #
2026-08-30 17:57:50.274 | INFO     | datasets.beat:cache_generation:504 - # ---- Building cache for Audio  3_solomon_0_18_18 and Pose 3_solomon_0_18_18 ---- #
2026-08-30 17:57:50.275 | INFO     | datasets.beat:cache_generation:525 - # ---- Building cache for Facial 3_solomon_0_18_18 and Pose 3_solomon_0_18_18 ---- #
2026-08-30 17:57:50.290 | INFO     | datasets.beat:cache_generation:548 - # ---- Building cache for Sem    3_solomon_0_18_18 and Pose 3_solomon_0_18_18 ---- #
2026-08-30 17:57:50.299 | INFO     | datasets.beat:_sample_from_clip:614 - audio: 74s, pose: 74s, facial: 74s
2026-08-30 17:57:50.299 | INFO     | datasets.beat:_sample_from_clip:640 - pose from frame 0 to 1110, length 34
2026-08-30 17:57:50.299 | INFO     | datasets.beat:_sample_from_clip:641 - 108 clips is expected with stride 10
2026-08-30 17:57:50.299 | INFO     | datasets.beat:_sample_from_clip:650 - audio from frame 0 to 1184000, length 36266
2026-08-30 17:57:50.678 | INFO     | datasets.beat:cache_generation:496 - # ---- Building cache for Pose   3_solomon_0_19_19 ---- #
2026-08-30 17:57:50.693 | INFO     | datasets.beat:cache_generation:504 - # ---- Building cache for Audio  3_solomon_0_19_19 and Pose 3_solomon_0_19_19 ---- #
2026-08-30 17:57:50.694 | INFO     | datasets.beat:cache_generation:525 - # ---- Building cache for Facial 3_solomon_0_19_19 and Pose 3_solomon_0_19_19 ---- #
2026-08-30 17:57:50.709 | INFO     | datasets.beat:cache_generation:548 - # ---- Building cache for Sem    3_solomon_0_19_19 and Pose 3_solomon_0_19_19 ---- #
2026-08-30 17:57:50.720 | INFO     | datasets.beat:_sample_from_clip:614 - audio: 81s, pose: 81s, facial: 81s
2026-08-30 17:57:50.720 | INFO     | datasets.beat:_sample_from_clip:640 - pose from frame 0 to 1215, length 34
2026-08-30 17:57:50.720 | INFO     | datasets.beat:_sample_from_clip:641 - 119 clips is expected with stride 10
2026-08-30 17:57:50.721 | INFO     | datasets.beat:_sample_from_clip:650 - audio from frame 0 to 1296000, length 36266
2026-08-30 17:57:51.114 | INFO     | datasets.beat:cache_generation:496 - # ---- Building cache for Pose   3_solomon_0_1_1 ---- #
2026-08-30 17:57:51.128 | INFO     | datasets.beat:cache_generation:504 - # ---- Building cache for Audio  3_solomon_0_1_1 and Pose 3_solomon_0_1_1 ---- #
2026-08-30 17:57:51.129 | INFO     | datasets.beat:cache_generation:525 - # ---- Building cache for Facial 3_solomon_0_1_1 and Pose 3_solomon_0_1_1 ---- #
2026-08-30 17:57:51.144 | INFO     | datasets.beat:cache_generation:548 - # ---- Building cache for Sem    3_solomon_0_1_1 and Pose 3_solomon_0_1_1 ---- #
2026-08-30 17:57:51.153 | INFO     | datasets.beat:_sample_from_clip:614 - audio: 75s, pose: 76s, facial: 75s
2026-08-30 17:57:51.153 | WARNING  | datasets.beat:_sample_from_clip:618 - reduce to 75s, ignore 1s
2026-08-30 17:57:51.153 | INFO     | datasets.beat:_sample_from_clip:640 - pose from frame 0 to 1125, length 34
2026-08-30 17:57:51.153 | INFO     | datasets.beat:_sample_from_clip:641 - 110 clips is expected with stride 10
2026-08-30 17:57:51.153 | INFO     | datasets.beat:_sample_from_clip:650 - audio from frame 0 to 1200000, length 36266
2026-08-30 17:57:51.511 | INFO     | datasets.beat:cache_generation:496 - # ---- Building cache for Pose   3_solomon_0_20_20 ---- #
2026-08-30 17:57:51.523 | INFO     | datasets.beat:cache_generation:504 - # ---- Building cache for Audio  3_solomon_0_20_20 and Pose 3_solomon_0_20_20 ---- #
2026-08-30 17:57:51.524 | INFO     | datasets.beat:cache_generation:525 - # ---- Building cache for Facial 3_solomon_0_20_20 and Pose 3_solomon_0_20_20 ---- #
2026-08-30 17:57:51.537 | INFO     | datasets.beat:cache_generation:548 - # ---- Building cache for Sem    3_solomon_0_20_20 and Pose 3_solomon_0_20_20 ---- #
2026-08-30 17:57:51.547 | INFO     | datasets.beat:_sample_from_clip:614 - audio: 68s, pose: 68s, facial: 68s
2026-08-30 17:57:51.547 | INFO     | datasets.beat:_sample_from_clip:640 - pose from frame 0 to 1020, length 34
2026-08-30 17:57:51.547 | INFO     | datasets.beat:_sample_from_clip:641 - 99 clips is expected with stride 10
2026-08-30 17:57:51.547 | INFO     | datasets.beat:_sample_from_clip:650 - audio from frame 0 to 1088000, length 36266
2026-08-30 17:57:51.897 | INFO     | datasets.beat:cache_generation:496 - # ---- Building cache for Pose   3_solomon_0_21_21 ---- #
2026-08-30 17:57:51.910 | INFO     | datasets.beat:cache_generation:504 - # ---- Building cache for Audio  3_solomon_0_21_21 and Pose 3_solomon_0_21_21 ---- #
2026-08-30 17:57:51.912 | INFO     | datasets.beat:cache_generation:525 - # ---- Building cache for Facial 3_solomon_0_21_21 and Pose 3_solomon_0_21_21 ---- #
2026-08-30 17:57:51.926 | INFO     | datasets.beat:cache_generation:548 - # ---- Building cache for Sem    3_solomon_0_21_21 and Pose 3_solomon_0_21_21 ---- #
2026-08-30 17:57:51.937 | INFO     | datasets.beat:_sample_from_clip:614 - audio: 76s, pose: 76s, facial: 76s
2026-08-30 17:57:51.937 | INFO     | datasets.beat:_sample_from_clip:640 - pose from frame 0 to 1140, length 34
2026-08-30 17:57:51.937 | INFO     | datasets.beat:_sample_from_clip:641 - 111 clips is expected with stride 10
2026-08-30 17:57:51.937 | INFO     | datasets.beat:_sample_from_clip:650 - audio from frame 0 to 1216000, length 36266
2026-08-30 17:57:52.307 | INFO     | datasets.beat:cache_generation:496 - # ---- Building cache for Pose   3_solomon_0_22_22 ---- #
2026-08-30 17:57:52.321 | INFO     | datasets.beat:cache_generation:504 - # ---- Building cache for Audio  3_solomon_0_22_22 and Pose 3_solomon_0_22_22 ---- #
2026-08-30 17:57:52.322 | INFO     | datasets.beat:cache_generation:525 - # ---- Building cache for Facial 3_solomon_0_22_22 and Pose 3_solomon_0_22_22 ---- #
2026-08-30 17:57:52.337 | INFO     | datasets.beat:cache_generation:548 - # ---- Building cache for Sem    3_solomon_0_22_22 and Pose 3_solomon_0_22_22 ---- #
2026-08-30 17:57:52.349 | INFO     | datasets.beat:_sample_from_clip:614 - audio: 80s, pose: 80s, facial: 80s
2026-08-30 17:57:52.349 | INFO     | datasets.beat:_sample_from_clip:640 - pose from frame 0 to 1200, length 34
2026-08-30 17:57:52.349 | INFO     | datasets.beat:_sample_from_clip:641 - 117 clips is expected with stride 10
2026-08-30 17:57:52.349 | INFO     | datasets.beat:_sample_from_clip:650 - audio from frame 0 to 1280000, length 36266
2026-08-30 17:57:52.738 | INFO     | datasets.beat:cache_generation:496 - # ---- Building cache for Pose   3_solomon_0_23_23 ---- #
2026-08-30 17:57:52.751 | INFO     | datasets.beat:cache_generation:504 - # ---- Building cache for Audio  3_solomon_0_23_23 and Pose 3_solomon_0_23_23 ---- #
2026-08-30 17:57:52.752 | INFO     | datasets.beat:cache_generation:525 - # ---- Building cache for Facial 3_solomon_0_23_23 and Pose 3_solomon_0_23_23 ---- #
2026-08-30 17:57:52.767 | INFO     | datasets.beat:cache_generation:548 - # ---- Building cache for Sem    3_solomon_0_23_23 and Pose 3_solomon_0_23_23 ---- #
2026-08-30 17:57:52.776 | INFO     | datasets.beat:_sample_from_clip:614 - audio: 74s, pose: 74s, facial: 74s
2026-08-30 17:57:52.776 | INFO     | datasets.beat:_sample_from_clip:640 - pose from frame 0 to 1110, length 34
2026-08-30 17:57:52.776 | INFO     | datasets.beat:_sample_from_clip:641 - 108 clips is expected with stride 10
2026-08-30 17:57:52.776 | INFO     | datasets.beat:_sample_from_clip:650 - audio from frame 0 to 1184000, length 36266
2026-08-30 17:57:53.127 | INFO     | datasets.beat:cache_generation:496 - # ---- Building cache for Pose   3_solomon_0_24_24 ---- #
2026-08-30 17:57:53.141 | INFO     | datasets.beat:cache_generation:504 - # ---- Building cache for Audio  3_solomon_0_24_24 and Pose 3_solomon_0_24_24 ---- #
2026-08-30 17:57:53.142 | INFO     | datasets.beat:cache_generation:525 - # ---- Building cache for Facial 3_solomon_0_24_24 and Pose 3_solomon_0_24_24 ---- #
2026-08-30 17:57:53.157 | INFO     | datasets.beat:cache_generation:548 - # ---- Building cache for Sem    3_solomon_0_24_24 and Pose 3_solomon_0_24_24 ---- #
2026-08-30 17:57:53.167 | INFO     | datasets.beat:_sample_from_clip:614 - audio: 78s, pose: 78s, facial: 78s
2026-08-30 17:57:53.168 | INFO     | datasets.beat:_sample_from_clip:640 - pose from frame 0 to 1170, length 34
2026-08-30 17:57:53.168 | INFO     | datasets.beat:_sample_from_clip:641 - 114 clips is expected with stride 10
2026-08-30 17:57:53.168 | INFO     | datasets.beat:_sample_from_clip:650 - audio from frame 0 to 1248000, length 36266
2026-08-30 17:57:53.559 | INFO     | datasets.beat:cache_generation:496 - # ---- Building cache for Pose   3_solomon_0_25_25 ---- #
2026-08-30 17:57:53.575 | INFO     | datasets.beat:cache_generation:504 - # ---- Building cache for Audio  3_solomon_0_25_25 and Pose 3_solomon_0_25_25 ---- #
2026-08-30 17:57:53.576 | INFO     | datasets.beat:cache_generation:525 - # ---- Building cache for Facial 3_solomon_0_25_25 and Pose 3_solomon_0_25_25 ---- #
2026-08-30 17:57:53.592 | INFO     | datasets.beat:cache_generation:548 - # ---- Building cache for Sem    3_solomon_0_25_25 and Pose 3_solomon_0_25_25 ---- #
2026-08-30 17:57:53.605 | INFO     | datasets.beat:_sample_from_clip:614 - audio: 88s, pose: 88s, facial: 88s
2026-08-30 17:57:53.605 | INFO     | datasets.beat:_sample_from_clip:640 - pose from frame 0 to 1320, length 34
2026-08-30 17:57:53.605 | INFO     | datasets.beat:_sample_from_clip:641 - 129 clips is expected with stride 10
2026-08-30 17:57:53.605 | INFO     | datasets.beat:_sample_from_clip:650 - audio from frame 0 to 1408000, length 36266
2026-08-30 17:57:54.040 | INFO     | datasets.beat:cache_generation:496 - # ---- Building cache for Pose   3_solomon_0_26_26 ---- #
2026-08-30 17:57:54.057 | INFO     | datasets.beat:cache_generation:504 - # ---- Building cache for Audio  3_solomon_0_26_26 and Pose 3_solomon_0_26_26 ---- #
2026-08-30 17:57:54.058 | INFO     | datasets.beat:cache_generation:525 - # ---- Building cache for Facial 3_solomon_0_26_26 and Pose 3_solomon_0_26_26 ---- #
2026-08-30 17:57:54.074 | INFO     | datasets.beat:cache_generation:548 - # ---- Building cache for Sem    3_solomon_0_26_26 and Pose 3_solomon_0_26_26 ---- #
2026-08-30 17:57:54.085 | INFO     | datasets.beat:_sample_from_clip:614 - audio: 79s, pose: 82s, facial: 79s
2026-08-30 17:57:54.085 | WARNING  | datasets.beat:_sample_from_clip:618 - reduce to 79s, ignore 3s
2026-08-30 17:57:54.086 | INFO     | datasets.beat:_sample_from_clip:640 - pose from frame 0 to 1185, length 34
2026-08-30 17:57:54.086 | INFO     | datasets.beat:_sample_from_clip:641 - 116 clips is expected with stride 10
2026-08-30 17:57:54.086 | INFO     | datasets.beat:_sample_from_clip:650 - audio from frame 0 to 1264000, length 36266
2026-08-30 17:57:54.470 | INFO     | datasets.beat:cache_generation:496 - # ---- Building cache for Pose   3_solomon_0_27_27 ---- #
2026-08-30 17:57:54.486 | INFO     | datasets.beat:cache_generation:504 - # ---- Building cache for Audio  3_solomon_0_27_27 and Pose 3_solomon_0_27_27 ---- #
2026-08-30 17:57:54.487 | INFO     | datasets.beat:cache_generation:525 - # ---- Building cache for Facial 3_solomon_0_27_27 and Pose 3_solomon_0_27_27 ---- #
2026-08-30 17:57:54.504 | INFO     | datasets.beat:cache_generation:548 - # ---- Building cache for Sem    3_solomon_0_27_27 and Pose 3_solomon_0_27_27 ---- #
2026-08-30 17:57:54.514 | INFO     | datasets.beat:_sample_from_clip:614 - audio: 88s, pose: 88s, facial: 88s
2026-08-30 17:57:54.514 | INFO     | datasets.beat:_sample_from_clip:640 - pose from frame 0 to 1320, length 34
2026-08-30 17:57:54.514 | INFO     | datasets.beat:_sample_from_clip:641 - 129 clips is expected with stride 10
2026-08-30 17:57:54.515 | INFO     | datasets.beat:_sample_from_clip:650 - audio from frame 0 to 1408000, length 36266
2026-08-30 17:57:54.974 | INFO     | datasets.beat:cache_generation:496 - # ---- Building cache for Pose   3_solomon_0_28_28 ---- #
2026-08-30 17:57:54.988 | INFO     | datasets.beat:cache_generation:504 - # ---- Building cache for Audio  3_solomon_0_28_28 and Pose 3_solomon_0_28_28 ---- #
2026-08-30 17:57:54.989 | INFO     | datasets.beat:cache_generation:525 - # ---- Building cache for Facial 3_solomon_0_28_28 and Pose 3_solomon_0_28_28 ---- #
2026-08-30 17:57:55.003 | INFO     | datasets.beat:cache_generation:548 - # ---- Building cache for Sem    3_solomon_0_28_28 and Pose 3_solomon_0_28_28 ---- #
2026-08-30 17:57:55.014 | INFO     | datasets.beat:_sample_from_clip:614 - audio: 76s, pose: 76s, facial: 76s
2026-08-30 17:57:55.014 | INFO     | datasets.beat:_sample_from_clip:640 - pose from frame 0 to 1140, length 34
2026-08-30 17:57:55.014 | INFO     | datasets.beat:_sample_from_clip:641 - 111 clips is expected with stride 10
2026-08-30 17:57:55.014 | INFO     | datasets.beat:_sample_from_clip:650 - audio from frame 0 to 1216000, length 36266
2026-08-30 17:57:55.387 | INFO     | datasets.beat:cache_generation:496 - # ---- Building cache for Pose   3_solomon_0_29_29 ---- #
2026-08-30 17:57:55.402 | INFO     | datasets.beat:cache_generation:504 - # ---- Building cache for Audio  3_solomon_0_29_29 and Pose 3_solomon_0_29_29 ---- #
2026-08-30 17:57:55.403 | INFO     | datasets.beat:cache_generation:525 - # ---- Building cache for Facial 3_solomon_0_29_29 and Pose 3_solomon_0_29_29 ---- #
2026-08-30 17:57:55.419 | INFO     | datasets.beat:cache_generation:548 - # ---- Building cache for Sem    3_solomon_0_29_29 and Pose 3_solomon_0_29_29 ---- #
2026-08-30 17:57:55.428 | INFO     | datasets.beat:_sample_from_clip:614 - audio: 82s, pose: 82s, facial: 82s
2026-08-30 17:57:55.428 | INFO     | datasets.beat:_sample_from_clip:640 - pose from frame 0 to 1230, length 34
2026-08-30 17:57:55.428 | INFO     | datasets.beat:_sample_from_clip:641 - 120 clips is expected with stride 10
2026-08-30 17:57:55.428 | INFO     | datasets.beat:_sample_from_clip:650 - audio from frame 0 to 1312000, length 36266
2026-08-30 17:57:55.831 | INFO     | datasets.beat:cache_generation:496 - # ---- Building cache for Pose   3_solomon_0_2_2 ---- #
2026-08-30 17:57:55.848 | INFO     | datasets.beat:cache_generation:504 - # ---- Building cache for Audio  3_solomon_0_2_2 and Pose 3_solomon_0_2_2 ---- #
2026-08-30 17:57:55.849 | INFO     | datasets.beat:cache_generation:525 - # ---- Building cache for Facial 3_solomon_0_2_2 and Pose 3_solomon_0_2_2 ---- #
2026-08-30 17:57:55.867 | INFO     | datasets.beat:cache_generation:548 - # ---- Building cache for Sem    3_solomon_0_2_2 and Pose 3_solomon_0_2_2 ---- #
2026-08-30 17:57:55.879 | INFO     | datasets.beat:_sample_from_clip:614 - audio: 94s, pose: 94s, facial: 94s
2026-08-30 17:57:55.879 | INFO     | datasets.beat:_sample_from_clip:640 - pose from frame 0 to 1410, length 34
2026-08-30 17:57:55.879 | INFO     | datasets.beat:_sample_from_clip:641 - 138 clips is expected with stride 10
2026-08-30 17:57:55.879 | INFO     | datasets.beat:_sample_from_clip:650 - audio from frame 0 to 1504000, length 36266
2026-08-30 17:57:56.336 | INFO     | datasets.beat:cache_generation:496 - # ---- Building cache for Pose   3_solomon_0_30_30 ---- #
2026-08-30 17:57:56.351 | INFO     | datasets.beat:cache_generation:504 - # ---- Building cache for Audio  3_solomon_0_30_30 and Pose 3_solomon_0_30_30 ---- #
2026-08-30 17:57:56.353 | INFO     | datasets.beat:cache_generation:525 - # ---- Building cache for Facial 3_solomon_0_30_30 and Pose 3_solomon_0_30_30 ---- #
2026-08-30 17:57:56.369 | INFO     | datasets.beat:cache_generation:548 - # ---- Building cache for Sem    3_solomon_0_30_30 and Pose 3_solomon_0_30_30 ---- #
2026-08-30 17:57:56.381 | INFO     | datasets.beat:_sample_from_clip:614 - audio: 86s, pose: 86s, facial: 86s
2026-08-30 17:57:56.381 | INFO     | datasets.beat:_sample_from_clip:640 - pose from frame 0 to 1290, length 34
2026-08-30 17:57:56.381 | INFO     | datasets.beat:_sample_from_clip:641 - 126 clips is expected with stride 10
2026-08-30 17:57:56.381 | INFO     | datasets.beat:_sample_from_clip:650 - audio from frame 0 to 1376000, length 36266
2026-08-30 17:57:56.798 | INFO     | datasets.beat:cache_generation:496 - # ---- Building cache for Pose   3_solomon_0_31_31 ---- #
2026-08-30 17:57:56.811 | INFO     | datasets.beat:cache_generation:504 - # ---- Building cache for Audio  3_solomon_0_31_31 and Pose 3_solomon_0_31_31 ---- #
2026-08-30 17:57:56.812 | INFO     | datasets.beat:cache_generation:525 - # ---- Building cache for Facial 3_solomon_0_31_31 and Pose 3_solomon_0_31_31 ---- #
2026-08-30 17:57:56.826 | INFO     | datasets.beat:cache_generation:548 - # ---- Building cache for Sem    3_solomon_0_31_31 and Pose 3_solomon_0_31_31 ---- #
2026-08-30 17:57:56.836 | INFO     | datasets.beat:_sample_from_clip:614 - audio: 73s, pose: 73s, facial: 73s
2026-08-30 17:57:56.836 | INFO     | datasets.beat:_sample_from_clip:640 - pose from frame 0 to 1095, length 34
2026-08-30 17:57:56.836 | INFO     | datasets.beat:_sample_from_clip:641 - 107 clips is expected with stride 10
2026-08-30 17:57:56.836 | INFO     | datasets.beat:_sample_from_clip:650 - audio from frame 0 to 1168000, length 36266
2026-08-30 17:57:57.193 | INFO     | datasets.beat:cache_generation:496 - # ---- Building cache for Pose   3_solomon_0_32_32 ---- #
2026-08-30 17:57:57.208 | INFO     | datasets.beat:cache_generation:504 - # ---- Building cache for Audio  3_solomon_0_32_32 and Pose 3_solomon_0_32_32 ---- #
2026-08-30 17:57:57.209 | INFO     | datasets.beat:cache_generation:525 - # ---- Building cache for Facial 3_solomon_0_32_32 and Pose 3_solomon_0_32_32 ---- #
2026-08-30 17:57:57.224 | INFO     | datasets.beat:cache_generation:548 - # ---- Building cache for Sem    3_solomon_0_32_32 and Pose 3_solomon_0_32_32 ---- #
2026-08-30 17:57:57.234 | INFO     | datasets.beat:_sample_from_clip:614 - audio: 78s, pose: 79s, facial: 78s
2026-08-30 17:57:57.234 | WARNING  | datasets.beat:_sample_from_clip:618 - reduce to 78s, ignore 1s
2026-08-30 17:57:57.234 | INFO     | datasets.beat:_sample_from_clip:640 - pose from frame 0 to 1170, length 34
2026-08-30 17:57:57.234 | INFO     | datasets.beat:_sample_from_clip:641 - 114 clips is expected with stride 10
2026-08-30 17:57:57.234 | INFO     | datasets.beat:_sample_from_clip:650 - audio from frame 0 to 1248000, length 36266
2026-08-30 17:57:57.638 | INFO     | datasets.beat:cache_generation:496 - # ---- Building cache for Pose   3_solomon_0_33_33 ---- #
2026-08-30 17:57:57.648 | INFO     | datasets.beat:cache_generation:504 - # ---- Building cache for Audio  3_solomon_0_33_33 and Pose 3_solomon_0_33_33 ---- #
2026-08-30 17:57:57.649 | INFO     | datasets.beat:cache_generation:525 - # ---- Building cache for Facial 3_solomon_0_33_33 and Pose 3_solomon_0_33_33 ---- #
2026-08-30 17:57:57.659 | INFO     | datasets.beat:cache_generation:548 - # ---- Building cache for Sem    3_solomon_0_33_33 and Pose 3_solomon_0_33_33 ---- #
2026-08-30 17:57:57.667 | INFO     | datasets.beat:_sample_from_clip:614 - audio: 51s, pose: 51s, facial: 51s
2026-08-30 17:57:57.667 | INFO     | datasets.beat:_sample_from_clip:640 - pose from frame 0 to 765, length 34
2026-08-30 17:57:57.667 | INFO     | datasets.beat:_sample_from_clip:641 - 74 clips is expected with stride 10
2026-08-30 17:57:57.667 | INFO     | datasets.beat:_sample_from_clip:650 - audio from frame 0 to 816000, length 36266
2026-08-30 17:57:57.924 | INFO     | datasets.beat:cache_generation:496 - # ---- Building cache for Pose   3_solomon_0_34_34 ---- #
2026-08-30 17:57:57.940 | INFO     | datasets.beat:cache_generation:504 - # ---- Building cache for Audio  3_solomon_0_34_34 and Pose 3_solomon_0_34_34 ---- #
2026-08-30 17:57:57.941 | INFO     | datasets.beat:cache_generation:525 - # ---- Building cache for Facial 3_solomon_0_34_34 and Pose 3_solomon_0_34_34 ---- #
2026-08-30 17:57:57.957 | INFO     | datasets.beat:cache_generation:548 - # ---- Building cache for Sem    3_solomon_0_34_34 and Pose 3_solomon_0_34_34 ---- #
2026-08-30 17:57:57.971 | INFO     | datasets.beat:_sample_from_clip:614 - audio: 86s, pose: 86s, facial: 86s
2026-08-30 17:57:57.972 | INFO     | datasets.beat:_sample_from_clip:640 - pose from frame 0 to 1290, length 34
2026-08-30 17:57:57.972 | INFO     | datasets.beat:_sample_from_clip:641 - 126 clips is expected with stride 10
2026-08-30 17:57:57.972 | INFO     | datasets.beat:_sample_from_clip:650 - audio from frame 0 to 1376000, length 36266
2026-08-30 17:57:58.423 | INFO     | datasets.beat:cache_generation:496 - # ---- Building cache for Pose   3_solomon_0_35_35 ---- #
2026-08-30 17:57:58.436 | INFO     | datasets.beat:cache_generation:504 - # ---- Building cache for Audio  3_solomon_0_35_35 and Pose 3_solomon_0_35_35 ---- #
2026-08-30 17:57:58.437 | INFO     | datasets.beat:cache_generation:525 - # ---- Building cache for Facial 3_solomon_0_35_35 and Pose 3_solomon_0_35_35 ---- #
2026-08-30 17:57:58.450 | INFO     | datasets.beat:cache_generation:548 - # ---- Building cache for Sem    3_solomon_0_35_35 and Pose 3_solomon_0_35_35 ---- #
2026-08-30 17:57:58.461 | INFO     | datasets.beat:_sample_from_clip:614 - audio: 71s, pose: 71s, facial: 71s
2026-08-30 17:57:58.462 | INFO     | datasets.beat:_sample_from_clip:640 - pose from frame 0 to 1065, length 34
2026-08-30 17:57:58.462 | INFO     | datasets.beat:_sample_from_clip:641 - 104 clips is expected with stride 10
2026-08-30 17:57:58.462 | INFO     | datasets.beat:_sample_from_clip:650 - audio from frame 0 to 1136000, length 36266
2026-08-30 17:57:58.867 | INFO     | datasets.beat:cache_generation:496 - # ---- Building cache for Pose   3_solomon_0_36_36 ---- #
2026-08-30 17:57:58.878 | INFO     | datasets.beat:cache_generation:504 - # ---- Building cache for Audio  3_solomon_0_36_36 and Pose 3_solomon_0_36_36 ---- #
2026-08-30 17:57:58.879 | INFO     | datasets.beat:cache_generation:525 - # ---- Building cache for Facial 3_solomon_0_36_36 and Pose 3_solomon_0_36_36 ---- #
2026-08-30 17:57:58.890 | INFO     | datasets.beat:cache_generation:548 - # ---- Building cache for Sem    3_solomon_0_36_36 and Pose 3_solomon_0_36_36 ---- #
2026-08-30 17:57:58.899 | INFO     | datasets.beat:_sample_from_clip:614 - audio: 57s, pose: 57s, facial: 57s
2026-08-30 17:57:58.899 | INFO     | datasets.beat:_sample_from_clip:640 - pose from frame 0 to 855, length 34
2026-08-30 17:57:58.899 | INFO     | datasets.beat:_sample_from_clip:641 - 83 clips is expected with stride 10
2026-08-30 17:57:58.899 | INFO     | datasets.beat:_sample_from_clip:650 - audio from frame 0 to 912000, length 36266
2026-08-30 17:57:59.181 | INFO     | datasets.beat:cache_generation:496 - # ---- Building cache for Pose   3_solomon_0_37_37 ---- #
2026-08-30 17:57:59.194 | INFO     | datasets.beat:cache_generation:504 - # ---- Building cache for Audio  3_solomon_0_37_37 and Pose 3_solomon_0_37_37 ---- #
2026-08-30 17:57:59.195 | INFO     | datasets.beat:cache_generation:525 - # ---- Building cache for Facial 3_solomon_0_37_37 and Pose 3_solomon_0_37_37 ---- #
2026-08-30 17:57:59.208 | INFO     | datasets.beat:cache_generation:548 - # ---- Building cache for Sem    3_solomon_0_37_37 and Pose 3_solomon_0_37_37 ---- #
2026-08-30 17:57:59.220 | INFO     | datasets.beat:_sample_from_clip:614 - audio: 71s, pose: 71s, facial: 71s
2026-08-30 17:57:59.220 | INFO     | datasets.beat:_sample_from_clip:640 - pose from frame 0 to 1065, length 34
2026-08-30 17:57:59.220 | INFO     | datasets.beat:_sample_from_clip:641 - 104 clips is expected with stride 10
2026-08-30 17:57:59.220 | INFO     | datasets.beat:_sample_from_clip:650 - audio from frame 0 to 1136000, length 36266
2026-08-30 17:57:59.568 | INFO     | datasets.beat:cache_generation:496 - # ---- Building cache for Pose   3_solomon_0_38_38 ---- #
2026-08-30 17:57:59.581 | INFO     | datasets.beat:cache_generation:504 - # ---- Building cache for Audio  3_solomon_0_38_38 and Pose 3_solomon_0_38_38 ---- #
2026-08-30 17:57:59.582 | INFO     | datasets.beat:cache_generation:525 - # ---- Building cache for Facial 3_solomon_0_38_38 and Pose 3_solomon_0_38_38 ---- #
2026-08-30 17:57:59.597 | INFO     | datasets.beat:cache_generation:548 - # ---- Building cache for Sem    3_solomon_0_38_38 and Pose 3_solomon_0_38_38 ---- #
2026-08-30 17:57:59.609 | INFO     | datasets.beat:_sample_from_clip:614 - audio: 73s, pose: 73s, facial: 73s
2026-08-30 17:57:59.609 | INFO     | datasets.beat:_sample_from_clip:640 - pose from frame 0 to 1095, length 34
2026-08-30 17:57:59.609 | INFO     | datasets.beat:_sample_from_clip:641 - 107 clips is expected with stride 10
2026-08-30 17:57:59.609 | INFO     | datasets.beat:_sample_from_clip:650 - audio from frame 0 to 1168000, length 36266
2026-08-30 17:57:59.973 | INFO     | datasets.beat:cache_generation:496 - # ---- Building cache for Pose   3_solomon_0_39_39 ---- #
2026-08-30 17:57:59.985 | INFO     | datasets.beat:cache_generation:504 - # ---- Building cache for Audio  3_solomon_0_39_39 and Pose 3_solomon_0_39_39 ---- #
2026-08-30 17:57:59.986 | INFO     | datasets.beat:cache_generation:525 - # ---- Building cache for Facial 3_solomon_0_39_39 and Pose 3_solomon_0_39_39 ---- #
2026-08-30 17:57:59.999 | INFO     | datasets.beat:cache_generation:548 - # ---- Building cache for Sem    3_solomon_0_39_39 and Pose 3_solomon_0_39_39 ---- #
2026-08-30 17:58:00.009 | INFO     | datasets.beat:_sample_from_clip:614 - audio: 66s, pose: 66s, facial: 66s
2026-08-30 17:58:00.009 | INFO     | datasets.beat:_sample_from_clip:640 - pose from frame 0 to 990, length 34
2026-08-30 17:58:00.009 | INFO     | datasets.beat:_sample_from_clip:641 - 96 clips is expected with stride 10
2026-08-30 17:58:00.009 | INFO     | datasets.beat:_sample_from_clip:650 - audio from frame 0 to 1056000, length 36266
2026-08-30 17:58:00.391 | INFO     | datasets.beat:cache_generation:496 - # ---- Building cache for Pose   3_solomon_0_3_3 ---- #
2026-08-30 17:58:00.406 | INFO     | datasets.beat:cache_generation:504 - # ---- Building cache for Audio  3_solomon_0_3_3 and Pose 3_solomon_0_3_3 ---- #
2026-08-30 17:58:00.407 | INFO     | datasets.beat:cache_generation:525 - # ---- Building cache for Facial 3_solomon_0_3_3 and Pose 3_solomon_0_3_3 ---- #
2026-08-30 17:58:00.422 | INFO     | datasets.beat:cache_generation:548 - # ---- Building cache for Sem    3_solomon_0_3_3 and Pose 3_solomon_0_3_3 ---- #
2026-08-30 17:58:00.433 | INFO     | datasets.beat:_sample_from_clip:614 - audio: 78s, pose: 78s, facial: 78s
2026-08-30 17:58:00.433 | INFO     | datasets.beat:_sample_from_clip:640 - pose from frame 0 to 1170, length 34
2026-08-30 17:58:00.433 | INFO     | datasets.beat:_sample_from_clip:641 - 114 clips is expected with stride 10
2026-08-30 17:58:00.433 | INFO     | datasets.beat:_sample_from_clip:650 - audio from frame 0 to 1248000, length 36266
2026-08-30 17:58:00.821 | INFO     | datasets.beat:cache_generation:496 - # ---- Building cache for Pose   3_solomon_0_40_40 ---- #
2026-08-30 17:58:00.834 | INFO     | datasets.beat:cache_generation:504 - # ---- Building cache for Audio  3_solomon_0_40_40 and Pose 3_solomon_0_40_40 ---- #
2026-08-30 17:58:00.835 | INFO     | datasets.beat:cache_generation:525 - # ---- Building cache for Facial 3_solomon_0_40_40 and Pose 3_solomon_0_40_40 ---- #
2026-08-30 17:58:00.850 | INFO     | datasets.beat:cache_generation:548 - # ---- Building cache for Sem    3_solomon_0_40_40 and Pose 3_solomon_0_40_40 ---- #
2026-08-30 17:58:00.861 | INFO     | datasets.beat:_sample_from_clip:614 - audio: 70s, pose: 72s, facial: 70s
2026-08-30 17:58:00.862 | WARNING  | datasets.beat:_sample_from_clip:618 - reduce to 70s, ignore 2s
2026-08-30 17:58:00.862 | INFO     | datasets.beat:_sample_from_clip:640 - pose from frame 0 to 1050, length 34
2026-08-30 17:58:00.862 | INFO     | datasets.beat:_sample_from_clip:641 - 102 clips is expected with stride 10
2026-08-30 17:58:00.862 | INFO     | datasets.beat:_sample_from_clip:650 - audio from frame 0 to 1120000, length 36266
2026-08-30 17:58:01.207 | INFO     | datasets.beat:cache_generation:496 - # ---- Building cache for Pose   3_solomon_0_41_41 ---- #
2026-08-30 17:58:01.217 | INFO     | datasets.beat:cache_generation:504 - # ---- Building cache for Audio  3_solomon_0_41_41 and Pose 3_solomon_0_41_41 ---- #
2026-08-30 17:58:01.218 | INFO     | datasets.beat:cache_generation:525 - # ---- Building cache for Facial 3_solomon_0_41_41 and Pose 3_solomon_0_41_41 ---- #
2026-08-30 17:58:01.230 | INFO     | datasets.beat:cache_generation:548 - # ---- Building cache for Sem    3_solomon_0_41_41 and Pose 3_solomon_0_41_41 ---- #
2026-08-30 17:58:01.238 | INFO     | datasets.beat:_sample_from_clip:614 - audio: 58s, pose: 58s, facial: 58s
2026-08-30 17:58:01.239 | INFO     | datasets.beat:_sample_from_clip:640 - pose from frame 0 to 870, length 34
2026-08-30 17:58:01.239 | INFO     | datasets.beat:_sample_from_clip:641 - 84 clips is expected with stride 10
2026-08-30 17:58:01.239 | INFO     | datasets.beat:_sample_from_clip:650 - audio from frame 0 to 928000, length 36266
2026-08-30 17:58:01.523 | INFO     | datasets.beat:cache_generation:496 - # ---- Building cache for Pose   3_solomon_0_42_42 ---- #
2026-08-30 17:58:01.533 | INFO     | datasets.beat:cache_generation:504 - # ---- Building cache for Audio  3_solomon_0_42_42 and Pose 3_solomon_0_42_42 ---- #
2026-08-30 17:58:01.534 | INFO     | datasets.beat:cache_generation:525 - # ---- Building cache for Facial 3_solomon_0_42_42 and Pose 3_solomon_0_42_42 ---- #
2026-08-30 17:58:01.546 | INFO     | datasets.beat:cache_generation:548 - # ---- Building cache for Sem    3_solomon_0_42_42 and Pose 3_solomon_0_42_42 ---- #
2026-08-30 17:58:01.555 | INFO     | datasets.beat:_sample_from_clip:614 - audio: 57s, pose: 57s, facial: 57s
2026-08-30 17:58:01.555 | INFO     | datasets.beat:_sample_from_clip:640 - pose from frame 0 to 855, length 34
2026-08-30 17:58:01.555 | INFO     | datasets.beat:_sample_from_clip:641 - 83 clips is expected with stride 10
2026-08-30 17:58:01.555 | INFO     | datasets.beat:_sample_from_clip:650 - audio from frame 0 to 912000, length 36266
2026-08-30 17:58:01.842 | INFO     | datasets.beat:cache_generation:496 - # ---- Building cache for Pose   3_solomon_0_43_43 ---- #
2026-08-30 17:58:01.851 | INFO     | datasets.beat:cache_generation:504 - # ---- Building cache for Audio  3_solomon_0_43_43 and Pose 3_solomon_0_43_43 ---- #
2026-08-30 17:58:01.852 | INFO     | datasets.beat:cache_generation:525 - # ---- Building cache for Facial 3_solomon_0_43_43 and Pose 3_solomon_0_43_43 ---- #
2026-08-30 17:58:01.863 | INFO     | datasets.beat:cache_generation:548 - # ---- Building cache for Sem    3_solomon_0_43_43 and Pose 3_solomon_0_43_43 ---- #
2026-08-30 17:58:01.871 | INFO     | datasets.beat:_sample_from_clip:614 - audio: 54s, pose: 54s, facial: 54s
2026-08-30 17:58:01.872 | INFO     | datasets.beat:_sample_from_clip:640 - pose from frame 0 to 810, length 34
2026-08-30 17:58:01.872 | INFO     | datasets.beat:_sample_from_clip:641 - 78 clips is expected with stride 10
2026-08-30 17:58:01.872 | INFO     | datasets.beat:_sample_from_clip:650 - audio from frame 0 to 864000, length 36266
2026-08-30 17:58:02.145 | INFO     | datasets.beat:cache_generation:496 - # ---- Building cache for Pose   3_solomon_0_44_44 ---- #
2026-08-30 17:58:02.157 | INFO     | datasets.beat:cache_generation:504 - # ---- Building cache for Audio  3_solomon_0_44_44 and Pose 3_solomon_0_44_44 ---- #
2026-08-30 17:58:02.158 | INFO     | datasets.beat:cache_generation:525 - # ---- Building cache for Facial 3_solomon_0_44_44 and Pose 3_solomon_0_44_44 ---- #
2026-08-30 17:58:02.170 | INFO     | datasets.beat:cache_generation:548 - # ---- Building cache for Sem    3_solomon_0_44_44 and Pose 3_solomon_0_44_44 ---- #
2026-08-30 17:58:02.179 | INFO     | datasets.beat:_sample_from_clip:614 - audio: 65s, pose: 65s, facial: 65s
2026-08-30 17:58:02.179 | INFO     | datasets.beat:_sample_from_clip:640 - pose from frame 0 to 975, length 34
2026-08-30 17:58:02.179 | INFO     | datasets.beat:_sample_from_clip:641 - 95 clips is expected with stride 10
2026-08-30 17:58:02.179 | INFO     | datasets.beat:_sample_from_clip:650 - audio from frame 0 to 1040000, length 36266
2026-08-30 17:58:02.505 | INFO     | datasets.beat:cache_generation:496 - # ---- Building cache for Pose   3_solomon_0_45_45 ---- #
2026-08-30 17:58:02.514 | INFO     | datasets.beat:cache_generation:504 - # ---- Building cache for Audio  3_solomon_0_45_45 and Pose 3_solomon_0_45_45 ---- #
2026-08-30 17:58:02.515 | INFO     | datasets.beat:cache_generation:525 - # ---- Building cache for Facial 3_solomon_0_45_45 and Pose 3_solomon_0_45_45 ---- #
2026-08-30 17:58:02.527 | INFO     | datasets.beat:cache_generation:548 - # ---- Building cache for Sem    3_solomon_0_45_45 and Pose 3_solomon_0_45_45 ---- #
2026-08-30 17:58:02.534 | INFO     | datasets.beat:_sample_from_clip:614 - audio: 45s, pose: 45s, facial: 45s
2026-08-30 17:58:02.534 | INFO     | datasets.beat:_sample_from_clip:640 - pose from frame 0 to 675, length 34
2026-08-30 17:58:02.534 | INFO     | datasets.beat:_sample_from_clip:641 - 65 clips is expected with stride 10
2026-08-30 17:58:02.534 | INFO     | datasets.beat:_sample_from_clip:650 - audio from frame 0 to 720000, length 36266
2026-08-30 17:58:02.760 | INFO     | datasets.beat:cache_generation:496 - # ---- Building cache for Pose   3_solomon_0_46_46 ---- #
2026-08-30 17:58:02.772 | INFO     | datasets.beat:cache_generation:504 - # ---- Building cache for Audio  3_solomon_0_46_46 and Pose 3_solomon_0_46_46 ---- #
2026-08-30 17:58:02.773 | INFO     | datasets.beat:cache_generation:525 - # ---- Building cache for Facial 3_solomon_0_46_46 and Pose 3_solomon_0_46_46 ---- #
2026-08-30 17:58:02.785 | INFO     | datasets.beat:cache_generation:548 - # ---- Building cache for Sem    3_solomon_0_46_46 and Pose 3_solomon_0_46_46 ---- #
2026-08-30 17:58:02.796 | INFO     | datasets.beat:_sample_from_clip:614 - audio: 67s, pose: 67s, facial: 67s
2026-08-30 17:58:02.796 | INFO     | datasets.beat:_sample_from_clip:640 - pose from frame 0 to 1005, length 34
2026-08-30 17:58:02.796 | INFO     | datasets.beat:_sample_from_clip:641 - 98 clips is expected with stride 10
2026-08-30 17:58:02.796 | INFO     | datasets.beat:_sample_from_clip:650 - audio from frame 0 to 1072000, length 36266
2026-08-30 17:58:03.140 | INFO     | datasets.beat:cache_generation:496 - # ---- Building cache for Pose   3_solomon_0_47_47 ---- #
2026-08-30 17:58:03.151 | INFO     | datasets.beat:cache_generation:504 - # ---- Building cache for Audio  3_solomon_0_47_47 and Pose 3_solomon_0_47_47 ---- #
2026-08-30 17:58:03.152 | INFO     | datasets.beat:cache_generation:525 - # ---- Building cache for Facial 3_solomon_0_47_47 and Pose 3_solomon_0_47_47 ---- #
2026-08-30 17:58:03.164 | INFO     | datasets.beat:cache_generation:548 - # ---- Building cache for Sem    3_solomon_0_47_47 and Pose 3_solomon_0_47_47 ---- #
2026-08-30 17:58:03.174 | INFO     | datasets.beat:_sample_from_clip:614 - audio: 60s, pose: 60s, facial: 60s
2026-08-30 17:58:03.174 | INFO     | datasets.beat:_sample_from_clip:640 - pose from frame 0 to 900, length 34
2026-08-30 17:58:03.174 | INFO     | datasets.beat:_sample_from_clip:641 - 87 clips is expected with stride 10
2026-08-30 17:58:03.174 | INFO     | datasets.beat:_sample_from_clip:650 - audio from frame 0 to 960000, length 36266
2026-08-30 17:58:03.479 | INFO     | datasets.beat:cache_generation:496 - # ---- Building cache for Pose   3_solomon_0_48_48 ---- #
2026-08-30 17:58:03.489 | INFO     | datasets.beat:cache_generation:504 - # ---- Building cache for Audio  3_solomon_0_48_48 and Pose 3_solomon_0_48_48 ---- #
2026-08-30 17:58:03.490 | INFO     | datasets.beat:cache_generation:525 - # ---- Building cache for Facial 3_solomon_0_48_48 and Pose 3_solomon_0_48_48 ---- #
2026-08-30 17:58:03.501 | INFO     | datasets.beat:cache_generation:548 - # ---- Building cache for Sem    3_solomon_0_48_48 and Pose 3_solomon_0_48_48 ---- #
2026-08-30 17:58:03.509 | INFO     | datasets.beat:_sample_from_clip:614 - audio: 56s, pose: 56s, facial: 56s
2026-08-30 17:58:03.510 | INFO     | datasets.beat:_sample_from_clip:640 - pose from frame 0 to 840, length 34
2026-08-30 17:58:03.510 | INFO     | datasets.beat:_sample_from_clip:641 - 81 clips is expected with stride 10
2026-08-30 17:58:03.510 | INFO     | datasets.beat:_sample_from_clip:650 - audio from frame 0 to 896000, length 36266
2026-08-30 17:58:03.809 | INFO     | datasets.beat:cache_generation:496 - # ---- Building cache for Pose   3_solomon_0_49_49 ---- #
2026-08-30 17:58:03.817 | INFO     | datasets.beat:cache_generation:504 - # ---- Building cache for Audio  3_solomon_0_49_49 and Pose 3_solomon_0_49_49 ---- #
2026-08-30 17:58:03.818 | INFO     | datasets.beat:cache_generation:525 - # ---- Building cache for Facial 3_solomon_0_49_49 and Pose 3_solomon_0_49_49 ---- #
2026-08-30 17:58:03.827 | INFO     | datasets.beat:cache_generation:548 - # ---- Building cache for Sem    3_solomon_0_49_49 and Pose 3_solomon_0_49_49 ---- #
2026-08-30 17:58:03.833 | INFO     | datasets.beat:_sample_from_clip:614 - audio: 42s, pose: 42s, facial: 42s
2026-08-30 17:58:03.833 | INFO     | datasets.beat:_sample_from_clip:640 - pose from frame 0 to 630, length 34
2026-08-30 17:58:03.833 | INFO     | datasets.beat:_sample_from_clip:641 - 60 clips is expected with stride 10
2026-08-30 17:58:03.833 | INFO     | datasets.beat:_sample_from_clip:650 - audio from frame 0 to 672000, length 36266
2026-08-30 17:58:04.045 | INFO     | datasets.beat:cache_generation:496 - # ---- Building cache for Pose   3_solomon_0_4_4 ---- #
2026-08-30 17:58:04.060 | INFO     | datasets.beat:cache_generation:504 - # ---- Building cache for Audio  3_solomon_0_4_4 and Pose 3_solomon_0_4_4 ---- #
2026-08-30 17:58:04.062 | INFO     | datasets.beat:cache_generation:525 - # ---- Building cache for Facial 3_solomon_0_4_4 and Pose 3_solomon_0_4_4 ---- #
2026-08-30 17:58:04.078 | INFO     | datasets.beat:cache_generation:548 - # ---- Building cache for Sem    3_solomon_0_4_4 and Pose 3_solomon_0_4_4 ---- #
2026-08-30 17:58:04.090 | INFO     | datasets.beat:_sample_from_clip:614 - audio: 83s, pose: 83s, facial: 83s
2026-08-30 17:58:04.090 | INFO     | datasets.beat:_sample_from_clip:640 - pose from frame 0 to 1245, length 34
2026-08-30 17:58:04.090 | INFO     | datasets.beat:_sample_from_clip:641 - 122 clips is expected with stride 10
2026-08-30 17:58:04.090 | INFO     | datasets.beat:_sample_from_clip:650 - audio from frame 0 to 1328000, length 36266
2026-08-30 17:58:04.533 | INFO     | datasets.beat:cache_generation:496 - # ---- Building cache for Pose   3_solomon_0_50_50 ---- #
2026-08-30 17:58:04.547 | INFO     | datasets.beat:cache_generation:504 - # ---- Building cache for Audio  3_solomon_0_50_50 and Pose 3_solomon_0_50_50 ---- #
2026-08-30 17:58:04.548 | INFO     | datasets.beat:cache_generation:525 - # ---- Building cache for Facial 3_solomon_0_50_50 and Pose 3_solomon_0_50_50 ---- #
2026-08-30 17:58:04.563 | INFO     | datasets.beat:cache_generation:548 - # ---- Building cache for Sem    3_solomon_0_50_50 and Pose 3_solomon_0_50_50 ---- #
2026-08-30 17:58:04.573 | INFO     | datasets.beat:_sample_from_clip:614 - audio: 80s, pose: 80s, facial: 80s
2026-08-30 17:58:04.573 | INFO     | datasets.beat:_sample_from_clip:640 - pose from frame 0 to 1200, length 34
2026-08-30 17:58:04.573 | INFO     | datasets.beat:_sample_from_clip:641 - 117 clips is expected with stride 10
2026-08-30 17:58:04.573 | INFO     | datasets.beat:_sample_from_clip:650 - audio from frame 0 to 1280000, length 36266
2026-08-30 17:58:04.971 | INFO     | datasets.beat:cache_generation:496 - # ---- Building cache for Pose   3_solomon_0_51_51 ---- #
2026-08-30 17:58:04.981 | INFO     | datasets.beat:cache_generation:504 - # ---- Building cache for Audio  3_solomon_0_51_51 and Pose 3_solomon_0_51_51 ---- #
2026-08-30 17:58:04.981 | INFO     | datasets.beat:cache_generation:525 - # ---- Building cache for Facial 3_solomon_0_51_51 and Pose 3_solomon_0_51_51 ---- #
2026-08-30 17:58:04.992 | INFO     | datasets.beat:cache_generation:548 - # ---- Building cache for Sem    3_solomon_0_51_51 and Pose 3_solomon_0_51_51 ---- #
2026-08-30 17:58:04.999 | INFO     | datasets.beat:_sample_from_clip:614 - audio: 51s, pose: 51s, facial: 51s
2026-08-30 17:58:04.999 | INFO     | datasets.beat:_sample_from_clip:640 - pose from frame 0 to 765, length 34
2026-08-30 17:58:04.999 | INFO     | datasets.beat:_sample_from_clip:641 - 74 clips is expected with stride 10
2026-08-30 17:58:04.999 | INFO     | datasets.beat:_sample_from_clip:650 - audio from frame 0 to 816000, length 36266
2026-08-30 17:58:05.258 | INFO     | datasets.beat:cache_generation:496 - # ---- Building cache for Pose   3_solomon_0_52_52 ---- #
2026-08-30 17:58:05.267 | INFO     | datasets.beat:cache_generation:504 - # ---- Building cache for Audio  3_solomon_0_52_52 and Pose 3_solomon_0_52_52 ---- #
2026-08-30 17:58:05.268 | INFO     | datasets.beat:cache_generation:525 - # ---- Building cache for Facial 3_solomon_0_52_52 and Pose 3_solomon_0_52_52 ---- #
2026-08-30 17:58:05.277 | INFO     | datasets.beat:cache_generation:548 - # ---- Building cache for Sem    3_solomon_0_52_52 and Pose 3_solomon_0_52_52 ---- #
2026-08-30 17:58:05.283 | INFO     | datasets.beat:_sample_from_clip:614 - audio: 47s, pose: 47s, facial: 47s
2026-08-30 17:58:05.283 | INFO     | datasets.beat:_sample_from_clip:640 - pose from frame 0 to 705, length 34
2026-08-30 17:58:05.284 | INFO     | datasets.beat:_sample_from_clip:641 - 68 clips is expected with stride 10
2026-08-30 17:58:05.284 | INFO     | datasets.beat:_sample_from_clip:650 - audio from frame 0 to 752000, length 36266
2026-08-30 17:58:05.541 | INFO     | datasets.beat:cache_generation:496 - # ---- Building cache for Pose   3_solomon_0_53_53 ---- #
2026-08-30 17:58:05.549 | INFO     | datasets.beat:cache_generation:504 - # ---- Building cache for Audio  3_solomon_0_53_53 and Pose 3_solomon_0_53_53 ---- #
2026-08-30 17:58:05.550 | INFO     | datasets.beat:cache_generation:525 - # ---- Building cache for Facial 3_solomon_0_53_53 and Pose 3_solomon_0_53_53 ---- #
2026-08-30 17:58:05.558 | INFO     | datasets.beat:cache_generation:548 - # ---- Building cache for Sem    3_solomon_0_53_53 and Pose 3_solomon_0_53_53 ---- #
2026-08-30 17:58:05.564 | INFO     | datasets.beat:_sample_from_clip:614 - audio: 42s, pose: 42s, facial: 42s
2026-08-30 17:58:05.564 | INFO     | datasets.beat:_sample_from_clip:640 - pose from frame 0 to 630, length 34
2026-08-30 17:58:05.564 | INFO     | datasets.beat:_sample_from_clip:641 - 60 clips is expected with stride 10
2026-08-30 17:58:05.564 | INFO     | datasets.beat:_sample_from_clip:650 - audio from frame 0 to 672000, length 36266
2026-08-30 17:58:05.781 | INFO     | datasets.beat:cache_generation:496 - # ---- Building cache for Pose   3_solomon_0_54_54 ---- #
2026-08-30 17:58:05.791 | INFO     | datasets.beat:cache_generation:504 - # ---- Building cache for Audio  3_solomon_0_54_54 and Pose 3_solomon_0_54_54 ---- #
2026-08-30 17:58:05.792 | INFO     | datasets.beat:cache_generation:525 - # ---- Building cache for Facial 3_solomon_0_54_54 and Pose 3_solomon_0_54_54 ---- #
2026-08-30 17:58:05.802 | INFO     | datasets.beat:cache_generation:548 - # ---- Building cache for Sem    3_solomon_0_54_54 and Pose 3_solomon_0_54_54 ---- #
2026-08-30 17:58:05.809 | INFO     | datasets.beat:_sample_from_clip:614 - audio: 54s, pose: 54s, facial: 54s
2026-08-30 17:58:05.809 | INFO     | datasets.beat:_sample_from_clip:640 - pose from frame 0 to 810, length 34
2026-08-30 17:58:05.809 | INFO     | datasets.beat:_sample_from_clip:641 - 78 clips is expected with stride 10
2026-08-30 17:58:05.809 | INFO     | datasets.beat:_sample_from_clip:650 - audio from frame 0 to 864000, length 36266
2026-08-30 17:58:06.086 | INFO     | datasets.beat:cache_generation:496 - # ---- Building cache for Pose   3_solomon_0_55_55 ---- #
2026-08-30 17:58:06.094 | INFO     | datasets.beat:cache_generation:504 - # ---- Building cache for Audio  3_solomon_0_55_55 and Pose 3_solomon_0_55_55 ---- #
2026-08-30 17:58:06.094 | INFO     | datasets.beat:cache_generation:525 - # ---- Building cache for Facial 3_solomon_0_55_55 and Pose 3_solomon_0_55_55 ---- #
2026-08-30 17:58:06.103 | INFO     | datasets.beat:cache_generation:548 - # ---- Building cache for Sem    3_solomon_0_55_55 and Pose 3_solomon_0_55_55 ---- #
2026-08-30 17:58:06.109 | INFO     | datasets.beat:_sample_from_clip:614 - audio: 43s, pose: 43s, facial: 43s
2026-08-30 17:58:06.109 | INFO     | datasets.beat:_sample_from_clip:640 - pose from frame 0 to 645, length 34
2026-08-30 17:58:06.109 | INFO     | datasets.beat:_sample_from_clip:641 - 62 clips is expected with stride 10
2026-08-30 17:58:06.109 | INFO     | datasets.beat:_sample_from_clip:650 - audio from frame 0 to 688000, length 36266
2026-08-30 17:58:06.324 | INFO     | datasets.beat:cache_generation:496 - # ---- Building cache for Pose   3_solomon_0_56_56 ---- #
2026-08-30 17:58:06.334 | INFO     | datasets.beat:cache_generation:504 - # ---- Building cache for Audio  3_solomon_0_56_56 and Pose 3_solomon_0_56_56 ---- #
2026-08-30 17:58:06.335 | INFO     | datasets.beat:cache_generation:525 - # ---- Building cache for Facial 3_solomon_0_56_56 and Pose 3_solomon_0_56_56 ---- #
2026-08-30 17:58:06.346 | INFO     | datasets.beat:cache_generation:548 - # ---- Building cache for Sem    3_solomon_0_56_56 and Pose 3_solomon_0_56_56 ---- #
2026-08-30 17:58:06.355 | INFO     | datasets.beat:_sample_from_clip:614 - audio: 56s, pose: 56s, facial: 56s
2026-08-30 17:58:06.355 | INFO     | datasets.beat:_sample_from_clip:640 - pose from frame 0 to 840, length 34
2026-08-30 17:58:06.355 | INFO     | datasets.beat:_sample_from_clip:641 - 81 clips is expected with stride 10
2026-08-30 17:58:06.355 | INFO     | datasets.beat:_sample_from_clip:650 - audio from frame 0 to 896000, length 36266
2026-08-30 17:58:06.638 | INFO     | datasets.beat:cache_generation:496 - # ---- Building cache for Pose   3_solomon_0_57_57 ---- #
2026-08-30 17:58:06.649 | INFO     | datasets.beat:cache_generation:504 - # ---- Building cache for Audio  3_solomon_0_57_57 and Pose 3_solomon_0_57_57 ---- #
2026-08-30 17:58:06.650 | INFO     | datasets.beat:cache_generation:525 - # ---- Building cache for Facial 3_solomon_0_57_57 and Pose 3_solomon_0_57_57 ---- #
2026-08-30 17:58:06.662 | INFO     | datasets.beat:cache_generation:548 - # ---- Building cache for Sem    3_solomon_0_57_57 and Pose 3_solomon_0_57_57 ---- #
2026-08-30 17:58:06.671 | INFO     | datasets.beat:_sample_from_clip:614 - audio: 60s, pose: 60s, facial: 60s
2026-08-30 17:58:06.671 | INFO     | datasets.beat:_sample_from_clip:640 - pose from frame 0 to 900, length 34
2026-08-30 17:58:06.671 | INFO     | datasets.beat:_sample_from_clip:641 - 87 clips is expected with stride 10
2026-08-30 17:58:06.671 | INFO     | datasets.beat:_sample_from_clip:650 - audio from frame 0 to 960000, length 36266
2026-08-30 17:58:06.987 | INFO     | datasets.beat:cache_generation:496 - # ---- Building cache for Pose   3_solomon_0_58_58 ---- #
2026-08-30 17:58:06.995 | INFO     | datasets.beat:cache_generation:504 - # ---- Building cache for Audio  3_solomon_0_58_58 and Pose 3_solomon_0_58_58 ---- #
2026-08-30 17:58:06.996 | INFO     | datasets.beat:cache_generation:525 - # ---- Building cache for Facial 3_solomon_0_58_58 and Pose 3_solomon_0_58_58 ---- #
2026-08-30 17:58:07.004 | INFO     | datasets.beat:cache_generation:548 - # ---- Building cache for Sem    3_solomon_0_58_58 and Pose 3_solomon_0_58_58 ---- #
2026-08-30 17:58:07.010 | INFO     | datasets.beat:_sample_from_clip:614 - audio: 42s, pose: 42s, facial: 42s
2026-08-30 17:58:07.010 | INFO     | datasets.beat:_sample_from_clip:640 - pose from frame 0 to 630, length 34
2026-08-30 17:58:07.010 | INFO     | datasets.beat:_sample_from_clip:641 - 60 clips is expected with stride 10
2026-08-30 17:58:07.010 | INFO     | datasets.beat:_sample_from_clip:650 - audio from frame 0 to 672000, length 36266
2026-08-30 17:58:07.217 | INFO     | datasets.beat:cache_generation:496 - # ---- Building cache for Pose   3_solomon_0_59_59 ---- #
2026-08-30 17:58:07.226 | INFO     | datasets.beat:cache_generation:504 - # ---- Building cache for Audio  3_solomon_0_59_59 and Pose 3_solomon_0_59_59 ---- #
2026-08-30 17:58:07.227 | INFO     | datasets.beat:cache_generation:525 - # ---- Building cache for Facial 3_solomon_0_59_59 and Pose 3_solomon_0_59_59 ---- #
2026-08-30 17:58:07.237 | INFO     | datasets.beat:cache_generation:548 - # ---- Building cache for Sem    3_solomon_0_59_59 and Pose 3_solomon_0_59_59 ---- #
2026-08-30 17:58:07.245 | INFO     | datasets.beat:_sample_from_clip:614 - audio: 53s, pose: 53s, facial: 53s
2026-08-30 17:58:07.245 | INFO     | datasets.beat:_sample_from_clip:640 - pose from frame 0 to 795, length 34
2026-08-30 17:58:07.245 | INFO     | datasets.beat:_sample_from_clip:641 - 77 clips is expected with stride 10
2026-08-30 17:58:07.245 | INFO     | datasets.beat:_sample_from_clip:650 - audio from frame 0 to 848000, length 36266
2026-08-30 17:58:07.515 | INFO     | datasets.beat:cache_generation:496 - # ---- Building cache for Pose   3_solomon_0_5_5 ---- #
2026-08-30 17:58:07.530 | INFO     | datasets.beat:cache_generation:504 - # ---- Building cache for Audio  3_solomon_0_5_5 and Pose 3_solomon_0_5_5 ---- #
2026-08-30 17:58:07.531 | INFO     | datasets.beat:cache_generation:525 - # ---- Building cache for Facial 3_solomon_0_5_5 and Pose 3_solomon_0_5_5 ---- #
2026-08-30 17:58:07.548 | INFO     | datasets.beat:cache_generation:548 - # ---- Building cache for Sem    3_solomon_0_5_5 and Pose 3_solomon_0_5_5 ---- #
2026-08-30 17:58:07.559 | INFO     | datasets.beat:_sample_from_clip:614 - audio: 85s, pose: 85s, facial: 85s
2026-08-30 17:58:07.559 | INFO     | datasets.beat:_sample_from_clip:640 - pose from frame 0 to 1275, length 34
2026-08-30 17:58:07.559 | INFO     | datasets.beat:_sample_from_clip:641 - 125 clips is expected with stride 10
2026-08-30 17:58:07.559 | INFO     | datasets.beat:_sample_from_clip:650 - audio from frame 0 to 1360000, length 36266
2026-08-30 17:58:08.014 | INFO     | datasets.beat:cache_generation:496 - # ---- Building cache for Pose   3_solomon_0_60_60 ---- #
2026-08-30 17:58:08.025 | INFO     | datasets.beat:cache_generation:504 - # ---- Building cache for Audio  3_solomon_0_60_60 and Pose 3_solomon_0_60_60 ---- #
2026-08-30 17:58:08.026 | INFO     | datasets.beat:cache_generation:525 - # ---- Building cache for Facial 3_solomon_0_60_60 and Pose 3_solomon_0_60_60 ---- #
2026-08-30 17:58:08.038 | INFO     | datasets.beat:cache_generation:548 - # ---- Building cache for Sem    3_solomon_0_60_60 and Pose 3_solomon_0_60_60 ---- #
2026-08-30 17:58:08.046 | INFO     | datasets.beat:_sample_from_clip:614 - audio: 61s, pose: 61s, facial: 61s
2026-08-30 17:58:08.046 | INFO     | datasets.beat:_sample_from_clip:640 - pose from frame 0 to 915, length 34
2026-08-30 17:58:08.046 | INFO     | datasets.beat:_sample_from_clip:641 - 89 clips is expected with stride 10
2026-08-30 17:58:08.046 | INFO     | datasets.beat:_sample_from_clip:650 - audio from frame 0 to 976000, length 36266
2026-08-30 17:58:08.348 | INFO     | datasets.beat:cache_generation:496 - # ---- Building cache for Pose   3_solomon_0_61_61 ---- #
2026-08-30 17:58:08.360 | INFO     | datasets.beat:cache_generation:504 - # ---- Building cache for Audio  3_solomon_0_61_61 and Pose 3_solomon_0_61_61 ---- #
2026-08-30 17:58:08.361 | INFO     | datasets.beat:cache_generation:525 - # ---- Building cache for Facial 3_solomon_0_61_61 and Pose 3_solomon_0_61_61 ---- #
2026-08-30 17:58:08.374 | INFO     | datasets.beat:cache_generation:548 - # ---- Building cache for Sem    3_solomon_0_61_61 and Pose 3_solomon_0_61_61 ---- #
2026-08-30 17:58:08.383 | INFO     | datasets.beat:_sample_from_clip:614 - audio: 69s, pose: 69s, facial: 69s
2026-08-30 17:58:08.383 | INFO     | datasets.beat:_sample_from_clip:640 - pose from frame 0 to 1035, length 34
2026-08-30 17:58:08.383 | INFO     | datasets.beat:_sample_from_clip:641 - 101 clips is expected with stride 10
2026-08-30 17:58:08.383 | INFO     | datasets.beat:_sample_from_clip:650 - audio from frame 0 to 1104000, length 36266
2026-08-30 17:58:08.726 | INFO     | datasets.beat:cache_generation:496 - # ---- Building cache for Pose   3_solomon_0_62_62 ---- #
2026-08-30 17:58:08.740 | INFO     | datasets.beat:cache_generation:504 - # ---- Building cache for Audio  3_solomon_0_62_62 and Pose 3_solomon_0_62_62 ---- #
2026-08-30 17:58:08.742 | INFO     | datasets.beat:cache_generation:525 - # ---- Building cache for Facial 3_solomon_0_62_62 and Pose 3_solomon_0_62_62 ---- #
2026-08-30 17:58:08.757 | INFO     | datasets.beat:cache_generation:548 - # ---- Building cache for Sem    3_solomon_0_62_62 and Pose 3_solomon_0_62_62 ---- #
2026-08-30 17:58:08.766 | INFO     | datasets.beat:_sample_from_clip:614 - audio: 77s, pose: 77s, facial: 77s
2026-08-30 17:58:08.766 | INFO     | datasets.beat:_sample_from_clip:640 - pose from frame 0 to 1155, length 34
2026-08-30 17:58:08.766 | INFO     | datasets.beat:_sample_from_clip:641 - 113 clips is expected with stride 10
2026-08-30 17:58:08.766 | INFO     | datasets.beat:_sample_from_clip:650 - audio from frame 0 to 1232000, length 36266
2026-08-30 17:58:09.145 | INFO     | datasets.beat:cache_generation:496 - # ---- Building cache for Pose   3_solomon_0_63_63 ---- #
2026-08-30 17:58:09.155 | INFO     | datasets.beat:cache_generation:504 - # ---- Building cache for Audio  3_solomon_0_63_63 and Pose 3_solomon_0_63_63 ---- #
2026-08-30 17:58:09.156 | INFO     | datasets.beat:cache_generation:525 - # ---- Building cache for Facial 3_solomon_0_63_63 and Pose 3_solomon_0_63_63 ---- #
2026-08-30 17:58:09.167 | INFO     | datasets.beat:cache_generation:548 - # ---- Building cache for Sem    3_solomon_0_63_63 and Pose 3_solomon_0_63_63 ---- #
2026-08-30 17:58:09.174 | INFO     | datasets.beat:_sample_from_clip:614 - audio: 59s, pose: 59s, facial: 59s
2026-08-30 17:58:09.174 | INFO     | datasets.beat:_sample_from_clip:640 - pose from frame 0 to 885, length 34
2026-08-30 17:58:09.174 | INFO     | datasets.beat:_sample_from_clip:641 - 86 clips is expected with stride 10
2026-08-30 17:58:09.174 | INFO     | datasets.beat:_sample_from_clip:650 - audio from frame 0 to 944000, length 36266
2026-08-30 17:58:09.464 | INFO     | datasets.beat:cache_generation:496 - # ---- Building cache for Pose   3_solomon_0_64_64 ---- #
2026-08-30 17:58:09.477 | INFO     | datasets.beat:cache_generation:504 - # ---- Building cache for Audio  3_solomon_0_64_64 and Pose 3_solomon_0_64_64 ---- #
2026-08-30 17:58:09.479 | INFO     | datasets.beat:cache_generation:525 - # ---- Building cache for Facial 3_solomon_0_64_64 and Pose 3_solomon_0_64_64 ---- #
2026-08-30 17:58:09.492 | INFO     | datasets.beat:cache_generation:548 - # ---- Building cache for Sem    3_solomon_0_64_64 and Pose 3_solomon_0_64_64 ---- #
2026-08-30 17:58:09.501 | INFO     | datasets.beat:_sample_from_clip:614 - audio: 74s, pose: 74s, facial: 74s
2026-08-30 17:58:09.501 | INFO     | datasets.beat:_sample_from_clip:640 - pose from frame 0 to 1110, length 34
2026-08-30 17:58:09.501 | INFO     | datasets.beat:_sample_from_clip:641 - 108 clips is expected with stride 10
2026-08-30 17:58:09.501 | INFO     | datasets.beat:_sample_from_clip:650 - audio from frame 0 to 1184000, length 36266
2026-08-30 17:58:09.869 | INFO     | datasets.beat:cache_generation:496 - # ---- Building cache for Pose   3_solomon_0_65_65 ---- #
2026-08-30 17:58:09.882 | INFO     | datasets.beat:cache_generation:504 - # ---- Building cache for Audio  3_solomon_0_65_65 and Pose 3_solomon_0_65_65 ---- #
2026-08-30 17:58:09.883 | INFO     | datasets.beat:cache_generation:525 - # ---- Building cache for Facial 3_solomon_0_65_65 and Pose 3_solomon_0_65_65 ---- #
2026-08-30 17:58:09.896 | INFO     | datasets.beat:cache_generation:548 - # ---- Building cache for Sem    3_solomon_0_65_65 and Pose 3_solomon_0_65_65 ---- #
2026-08-30 17:58:09.906 | INFO     | datasets.beat:_sample_from_clip:614 - audio: 70s, pose: 70s, facial: 70s
2026-08-30 17:58:09.906 | INFO     | datasets.beat:_sample_from_clip:640 - pose from frame 0 to 1050, length 34
2026-08-30 17:58:09.906 | INFO     | datasets.beat:_sample_from_clip:641 - 102 clips is expected with stride 10
2026-08-30 17:58:09.906 | INFO     | datasets.beat:_sample_from_clip:650 - audio from frame 0 to 1120000, length 36266
2026-08-30 17:58:10.281 | INFO     | datasets.beat:cache_generation:496 - # ---- Building cache for Pose   3_solomon_0_66_66 ---- #
2026-08-30 17:58:10.294 | INFO     | datasets.beat:cache_generation:504 - # ---- Building cache for Audio  3_solomon_0_66_66 and Pose 3_solomon_0_66_66 ---- #
2026-08-30 17:58:10.295 | INFO     | datasets.beat:cache_generation:525 - # ---- Building cache for Facial 3_solomon_0_66_66 and Pose 3_solomon_0_66_66 ---- #
2026-08-30 17:58:10.307 | INFO     | datasets.beat:cache_generation:548 - # ---- Building cache for Sem    3_solomon_0_66_66 and Pose 3_solomon_0_66_66 ---- #
2026-08-30 17:58:10.316 | INFO     | datasets.beat:_sample_from_clip:614 - audio: 66s, pose: 66s, facial: 66s
2026-08-30 17:58:10.316 | INFO     | datasets.beat:_sample_from_clip:640 - pose from frame 0 to 990, length 34
2026-08-30 17:58:10.316 | INFO     | datasets.beat:_sample_from_clip:641 - 96 clips is expected with stride 10
2026-08-30 17:58:10.316 | INFO     | datasets.beat:_sample_from_clip:650 - audio from frame 0 to 1056000, length 36266
2026-08-30 17:58:10.707 | INFO     | datasets.beat:cache_generation:496 - # ---- Building cache for Pose   3_solomon_0_67_67 ---- #
2026-08-30 17:58:10.716 | INFO     | datasets.beat:cache_generation:504 - # ---- Building cache for Audio  3_solomon_0_67_67 and Pose 3_solomon_0_67_67 ---- #
2026-08-30 17:58:10.717 | INFO     | datasets.beat:cache_generation:525 - # ---- Building cache for Facial 3_solomon_0_67_67 and Pose 3_solomon_0_67_67 ---- #
2026-08-30 17:58:10.727 | INFO     | datasets.beat:cache_generation:548 - # ---- Building cache for Sem    3_solomon_0_67_67 and Pose 3_solomon_0_67_67 ---- #
2026-08-30 17:58:10.734 | INFO     | datasets.beat:_sample_from_clip:614 - audio: 51s, pose: 51s, facial: 51s
2026-08-30 17:58:10.734 | INFO     | datasets.beat:_sample_from_clip:640 - pose from frame 0 to 765, length 34
2026-08-30 17:58:10.734 | INFO     | datasets.beat:_sample_from_clip:641 - 74 clips is expected with stride 10
2026-08-30 17:58:10.734 | INFO     | datasets.beat:_sample_from_clip:650 - audio from frame 0 to 816000, length 36266
2026-08-30 17:58:10.989 | INFO     | datasets.beat:cache_generation:496 - # ---- Building cache for Pose   3_solomon_0_68_68 ---- #
2026-08-30 17:58:11.000 | INFO     | datasets.beat:cache_generation:504 - # ---- Building cache for Audio  3_solomon_0_68_68 and Pose 3_solomon_0_68_68 ---- #
2026-08-30 17:58:11.001 | INFO     | datasets.beat:cache_generation:525 - # ---- Building cache for Facial 3_solomon_0_68_68 and Pose 3_solomon_0_68_68 ---- #
2026-08-30 17:58:11.013 | INFO     | datasets.beat:cache_generation:548 - # ---- Building cache for Sem    3_solomon_0_68_68 and Pose 3_solomon_0_68_68 ---- #
2026-08-30 17:58:11.021 | INFO     | datasets.beat:_sample_from_clip:614 - audio: 63s, pose: 63s, facial: 63s
2026-08-30 17:58:11.021 | INFO     | datasets.beat:_sample_from_clip:640 - pose from frame 0 to 945, length 34
2026-08-30 17:58:11.021 | INFO     | datasets.beat:_sample_from_clip:641 - 92 clips is expected with stride 10
2026-08-30 17:58:11.021 | INFO     | datasets.beat:_sample_from_clip:650 - audio from frame 0 to 1008000, length 36266
2026-08-30 17:58:11.333 | INFO     | datasets.beat:cache_generation:496 - # ---- Building cache for Pose   3_solomon_0_69_69 ---- #
2026-08-30 17:58:11.345 | INFO     | datasets.beat:cache_generation:504 - # ---- Building cache for Audio  3_solomon_0_69_69 and Pose 3_solomon_0_69_69 ---- #
2026-08-30 17:58:11.346 | INFO     | datasets.beat:cache_generation:525 - # ---- Building cache for Facial 3_solomon_0_69_69 and Pose 3_solomon_0_69_69 ---- #
2026-08-30 17:58:11.359 | INFO     | datasets.beat:cache_generation:548 - # ---- Building cache for Sem    3_solomon_0_69_69 and Pose 3_solomon_0_69_69 ---- #
2026-08-30 17:58:11.368 | INFO     | datasets.beat:_sample_from_clip:614 - audio: 66s, pose: 66s, facial: 66s
2026-08-30 17:58:11.368 | INFO     | datasets.beat:_sample_from_clip:640 - pose from frame 0 to 990, length 34
2026-08-30 17:58:11.368 | INFO     | datasets.beat:_sample_from_clip:641 - 96 clips is expected with stride 10
2026-08-30 17:58:11.368 | INFO     | datasets.beat:_sample_from_clip:650 - audio from frame 0 to 1056000, length 36266
2026-08-30 17:58:11.696 | INFO     | datasets.beat:cache_generation:496 - # ---- Building cache for Pose   3_solomon_0_6_6 ---- #
2026-08-30 17:58:11.711 | INFO     | datasets.beat:cache_generation:504 - # ---- Building cache for Audio  3_solomon_0_6_6 and Pose 3_solomon_0_6_6 ---- #
2026-08-30 17:58:11.712 | INFO     | datasets.beat:cache_generation:525 - # ---- Building cache for Facial 3_solomon_0_6_6 and Pose 3_solomon_0_6_6 ---- #
2026-08-30 17:58:11.727 | INFO     | datasets.beat:cache_generation:548 - # ---- Building cache for Sem    3_solomon_0_6_6 and Pose 3_solomon_0_6_6 ---- #
2026-08-30 17:58:11.739 | INFO     | datasets.beat:_sample_from_clip:614 - audio: 82s, pose: 82s, facial: 82s
2026-08-30 17:58:11.739 | INFO     | datasets.beat:_sample_from_clip:640 - pose from frame 0 to 1230, length 34
2026-08-30 17:58:11.739 | INFO     | datasets.beat:_sample_from_clip:641 - 120 clips is expected with stride 10
2026-08-30 17:58:11.739 | INFO     | datasets.beat:_sample_from_clip:650 - audio from frame 0 to 1312000, length 36266
2026-08-30 17:58:12.137 | INFO     | datasets.beat:cache_generation:496 - # ---- Building cache for Pose   3_solomon_0_70_70 ---- #
2026-08-30 17:58:12.147 | INFO     | datasets.beat:cache_generation:504 - # ---- Building cache for Audio  3_solomon_0_70_70 and Pose 3_solomon_0_70_70 ---- #
2026-08-30 17:58:12.148 | INFO     | datasets.beat:cache_generation:525 - # ---- Building cache for Facial 3_solomon_0_70_70 and Pose 3_solomon_0_70_70 ---- #
2026-08-30 17:58:12.159 | INFO     | datasets.beat:cache_generation:548 - # ---- Building cache for Sem    3_solomon_0_70_70 and Pose 3_solomon_0_70_70 ---- #
2026-08-30 17:58:12.167 | INFO     | datasets.beat:_sample_from_clip:614 - audio: 57s, pose: 57s, facial: 57s
2026-08-30 17:58:12.167 | INFO     | datasets.beat:_sample_from_clip:640 - pose from frame 0 to 855, length 34
2026-08-30 17:58:12.167 | INFO     | datasets.beat:_sample_from_clip:641 - 83 clips is expected with stride 10
2026-08-30 17:58:12.167 | INFO     | datasets.beat:_sample_from_clip:650 - audio from frame 0 to 912000, length 36266
2026-08-30 17:58:12.517 | INFO     | datasets.beat:cache_generation:496 - # ---- Building cache for Pose   3_solomon_0_71_71 ---- #
2026-08-30 17:58:12.526 | INFO     | datasets.beat:cache_generation:504 - # ---- Building cache for Audio  3_solomon_0_71_71 and Pose 3_solomon_0_71_71 ---- #
2026-08-30 17:58:12.527 | INFO     | datasets.beat:cache_generation:525 - # ---- Building cache for Facial 3_solomon_0_71_71 and Pose 3_solomon_0_71_71 ---- #
2026-08-30 17:58:12.537 | INFO     | datasets.beat:cache_generation:548 - # ---- Building cache for Sem    3_solomon_0_71_71 and Pose 3_solomon_0_71_71 ---- #
2026-08-30 17:58:12.543 | INFO     | datasets.beat:_sample_from_clip:614 - audio: 48s, pose: 48s, facial: 48s
2026-08-30 17:58:12.543 | INFO     | datasets.beat:_sample_from_clip:640 - pose from frame 0 to 720, length 34
2026-08-30 17:58:12.543 | INFO     | datasets.beat:_sample_from_clip:641 - 69 clips is expected with stride 10
2026-08-30 17:58:12.543 | INFO     | datasets.beat:_sample_from_clip:650 - audio from frame 0 to 768000, length 36266
2026-08-30 17:58:12.781 | INFO     | datasets.beat:cache_generation:496 - # ---- Building cache for Pose   3_solomon_0_72_72 ---- #
2026-08-30 17:58:12.793 | INFO     | datasets.beat:cache_generation:504 - # ---- Building cache for Audio  3_solomon_0_72_72 and Pose 3_solomon_0_72_72 ---- #
2026-08-30 17:58:12.794 | INFO     | datasets.beat:cache_generation:525 - # ---- Building cache for Facial 3_solomon_0_72_72 and Pose 3_solomon_0_72_72 ---- #
2026-08-30 17:58:12.806 | INFO     | datasets.beat:cache_generation:548 - # ---- Building cache for Sem    3_solomon_0_72_72 and Pose 3_solomon_0_72_72 ---- #
2026-08-30 17:58:12.815 | INFO     | datasets.beat:_sample_from_clip:614 - audio: 64s, pose: 66s, facial: 64s
2026-08-30 17:58:12.815 | WARNING  | datasets.beat:_sample_from_clip:618 - reduce to 64s, ignore 2s
2026-08-30 17:58:12.815 | INFO     | datasets.beat:_sample_from_clip:640 - pose from frame 0 to 960, length 34
2026-08-30 17:58:12.815 | INFO     | datasets.beat:_sample_from_clip:641 - 93 clips is expected with stride 10
2026-08-30 17:58:12.815 | INFO     | datasets.beat:_sample_from_clip:650 - audio from frame 0 to 1024000, length 36266
2026-08-30 17:58:13.131 | INFO     | datasets.beat:cache_generation:496 - # ---- Building cache for Pose   3_solomon_0_73_73 ---- #
2026-08-30 17:58:13.140 | INFO     | datasets.beat:cache_generation:504 - # ---- Building cache for Audio  3_solomon_0_73_73 and Pose 3_solomon_0_73_73 ---- #
2026-08-30 17:58:13.141 | INFO     | datasets.beat:cache_generation:525 - # ---- Building cache for Facial 3_solomon_0_73_73 and Pose 3_solomon_0_73_73 ---- #
2026-08-30 17:58:13.152 | INFO     | datasets.beat:cache_generation:548 - # ---- Building cache for Sem    3_solomon_0_73_73 and Pose 3_solomon_0_73_73 ---- #
2026-08-30 17:58:13.159 | INFO     | datasets.beat:_sample_from_clip:614 - audio: 54s, pose: 54s, facial: 54s
2026-08-30 17:58:13.159 | INFO     | datasets.beat:_sample_from_clip:640 - pose from frame 0 to 810, length 34
2026-08-30 17:58:13.159 | INFO     | datasets.beat:_sample_from_clip:641 - 78 clips is expected with stride 10
2026-08-30 17:58:13.159 | INFO     | datasets.beat:_sample_from_clip:650 - audio from frame 0 to 864000, length 36266
2026-08-30 17:58:13.430 | INFO     | datasets.beat:cache_generation:496 - # ---- Building cache for Pose   3_solomon_0_74_74 ---- #
2026-08-30 17:58:13.441 | INFO     | datasets.beat:cache_generation:504 - # ---- Building cache for Audio  3_solomon_0_74_74 and Pose 3_solomon_0_74_74 ---- #
2026-08-30 17:58:13.442 | INFO     | datasets.beat:cache_generation:525 - # ---- Building cache for Facial 3_solomon_0_74_74 and Pose 3_solomon_0_74_74 ---- #
2026-08-30 17:58:13.454 | INFO     | datasets.beat:cache_generation:548 - # ---- Building cache for Sem    3_solomon_0_74_74 and Pose 3_solomon_0_74_74 ---- #
2026-08-30 17:58:13.462 | INFO     | datasets.beat:_sample_from_clip:614 - audio: 62s, pose: 62s, facial: 62s
2026-08-30 17:58:13.462 | INFO     | datasets.beat:_sample_from_clip:640 - pose from frame 0 to 930, length 34
2026-08-30 17:58:13.462 | INFO     | datasets.beat:_sample_from_clip:641 - 90 clips is expected with stride 10
2026-08-30 17:58:13.462 | INFO     | datasets.beat:_sample_from_clip:650 - audio from frame 0 to 992000, length 36266
2026-08-30 17:58:13.774 | INFO     | datasets.beat:cache_generation:496 - # ---- Building cache for Pose   3_solomon_0_75_75 ---- #
2026-08-30 17:58:13.780 | INFO     | datasets.beat:cache_generation:504 - # ---- Building cache for Audio  3_solomon_0_75_75 and Pose 3_solomon_0_75_75 ---- #
2026-08-30 17:58:13.781 | INFO     | datasets.beat:cache_generation:525 - # ---- Building cache for Facial 3_solomon_0_75_75 and Pose 3_solomon_0_75_75 ---- #
2026-08-30 17:58:13.788 | INFO     | datasets.beat:cache_generation:548 - # ---- Building cache for Sem    3_solomon_0_75_75 and Pose 3_solomon_0_75_75 ---- #
2026-08-30 17:58:13.793 | INFO     | datasets.beat:_sample_from_clip:614 - audio: 35s, pose: 35s, facial: 35s
2026-08-30 17:58:13.793 | INFO     | datasets.beat:_sample_from_clip:640 - pose from frame 0 to 525, length 34
2026-08-30 17:58:13.793 | INFO     | datasets.beat:_sample_from_clip:641 - 50 clips is expected with stride 10
2026-08-30 17:58:13.793 | INFO     | datasets.beat:_sample_from_clip:650 - audio from frame 0 to 560000, length 36266
2026-08-30 17:58:13.971 | INFO     | datasets.beat:cache_generation:496 - # ---- Building cache for Pose   3_solomon_0_76_76 ---- #
2026-08-30 17:58:13.981 | INFO     | datasets.beat:cache_generation:504 - # ---- Building cache for Audio  3_solomon_0_76_76 and Pose 3_solomon_0_76_76 ---- #
2026-08-30 17:58:13.982 | INFO     | datasets.beat:cache_generation:525 - # ---- Building cache for Facial 3_solomon_0_76_76 and Pose 3_solomon_0_76_76 ---- #
2026-08-30 17:58:13.992 | INFO     | datasets.beat:cache_generation:548 - # ---- Building cache for Sem    3_solomon_0_76_76 and Pose 3_solomon_0_76_76 ---- #
2026-08-30 17:58:14.000 | INFO     | datasets.beat:_sample_from_clip:614 - audio: 53s, pose: 53s, facial: 53s
2026-08-30 17:58:14.000 | INFO     | datasets.beat:_sample_from_clip:640 - pose from frame 0 to 795, length 34
2026-08-30 17:58:14.000 | INFO     | datasets.beat:_sample_from_clip:641 - 77 clips is expected with stride 10
2026-08-30 17:58:14.000 | INFO     | datasets.beat:_sample_from_clip:650 - audio from frame 0 to 848000, length 36266
2026-08-30 17:58:14.270 | INFO     | datasets.beat:cache_generation:496 - # ---- Building cache for Pose   3_solomon_0_77_77 ---- #
2026-08-30 17:58:14.280 | INFO     | datasets.beat:cache_generation:504 - # ---- Building cache for Audio  3_solomon_0_77_77 and Pose 3_solomon_0_77_77 ---- #
2026-08-30 17:58:14.281 | INFO     | datasets.beat:cache_generation:525 - # ---- Building cache for Facial 3_solomon_0_77_77 and Pose 3_solomon_0_77_77 ---- #
2026-08-30 17:58:14.291 | INFO     | datasets.beat:cache_generation:548 - # ---- Building cache for Sem    3_solomon_0_77_77 and Pose 3_solomon_0_77_77 ---- #
2026-08-30 17:58:14.298 | INFO     | datasets.beat:_sample_from_clip:614 - audio: 52s, pose: 52s, facial: 52s
2026-08-30 17:58:14.298 | INFO     | datasets.beat:_sample_from_clip:640 - pose from frame 0 to 780, length 34
2026-08-30 17:58:14.298 | INFO     | datasets.beat:_sample_from_clip:641 - 75 clips is expected with stride 10
2026-08-30 17:58:14.298 | INFO     | datasets.beat:_sample_from_clip:650 - audio from frame 0 to 832000, length 36266
2026-08-30 17:58:14.559 | INFO     | datasets.beat:cache_generation:496 - # ---- Building cache for Pose   3_solomon_0_78_78 ---- #
2026-08-30 17:58:14.569 | INFO     | datasets.beat:cache_generation:504 - # ---- Building cache for Audio  3_solomon_0_78_78 and Pose 3_solomon_0_78_78 ---- #
2026-08-30 17:58:14.570 | INFO     | datasets.beat:cache_generation:525 - # ---- Building cache for Facial 3_solomon_0_78_78 and Pose 3_solomon_0_78_78 ---- #
2026-08-30 17:58:14.580 | INFO     | datasets.beat:cache_generation:548 - # ---- Building cache for Sem    3_solomon_0_78_78 and Pose 3_solomon_0_78_78 ---- #
2026-08-30 17:58:14.589 | INFO     | datasets.beat:_sample_from_clip:614 - audio: 55s, pose: 55s, facial: 55s
2026-08-30 17:58:14.589 | INFO     | datasets.beat:_sample_from_clip:640 - pose from frame 0 to 825, length 34
2026-08-30 17:58:14.589 | INFO     | datasets.beat:_sample_from_clip:641 - 80 clips is expected with stride 10
2026-08-30 17:58:14.589 | INFO     | datasets.beat:_sample_from_clip:650 - audio from frame 0 to 880000, length 36266
2026-08-30 17:58:14.866 | INFO     | datasets.beat:cache_generation:496 - # ---- Building cache for Pose   3_solomon_0_79_79 ---- #
2026-08-30 17:58:14.877 | INFO     | datasets.beat:cache_generation:504 - # ---- Building cache for Audio  3_solomon_0_79_79 and Pose 3_solomon_0_79_79 ---- #
2026-08-30 17:58:14.878 | INFO     | datasets.beat:cache_generation:525 - # ---- Building cache for Facial 3_solomon_0_79_79 and Pose 3_solomon_0_79_79 ---- #
2026-08-30 17:58:14.890 | INFO     | datasets.beat:cache_generation:548 - # ---- Building cache for Sem    3_solomon_0_79_79 and Pose 3_solomon_0_79_79 ---- #
2026-08-30 17:58:14.898 | INFO     | datasets.beat:_sample_from_clip:614 - audio: 63s, pose: 63s, facial: 63s
2026-08-30 17:58:14.898 | INFO     | datasets.beat:_sample_from_clip:640 - pose from frame 0 to 945, length 34
2026-08-30 17:58:14.898 | INFO     | datasets.beat:_sample_from_clip:641 - 92 clips is expected with stride 10
2026-08-30 17:58:14.898 | INFO     | datasets.beat:_sample_from_clip:650 - audio from frame 0 to 1008000, length 36266
2026-08-30 17:58:15.216 | INFO     | datasets.beat:cache_generation:496 - # ---- Building cache for Pose   3_solomon_0_7_7 ---- #
2026-08-30 17:58:15.230 | INFO     | datasets.beat:cache_generation:504 - # ---- Building cache for Audio  3_solomon_0_7_7 and Pose 3_solomon_0_7_7 ---- #
2026-08-30 17:58:15.232 | INFO     | datasets.beat:cache_generation:525 - # ---- Building cache for Facial 3_solomon_0_7_7 and Pose 3_solomon_0_7_7 ---- #
2026-08-30 17:58:15.247 | INFO     | datasets.beat:cache_generation:548 - # ---- Building cache for Sem    3_solomon_0_7_7 and Pose 3_solomon_0_7_7 ---- #
2026-08-30 17:58:15.258 | INFO     | datasets.beat:_sample_from_clip:614 - audio: 81s, pose: 81s, facial: 81s
2026-08-30 17:58:15.258 | INFO     | datasets.beat:_sample_from_clip:640 - pose from frame 0 to 1215, length 34
2026-08-30 17:58:15.258 | INFO     | datasets.beat:_sample_from_clip:641 - 119 clips is expected with stride 10
2026-08-30 17:58:15.258 | INFO     | datasets.beat:_sample_from_clip:650 - audio from frame 0 to 1296000, length 36266
2026-08-30 17:58:15.658 | INFO     | datasets.beat:cache_generation:496 - # ---- Building cache for Pose   3_solomon_0_80_80 ---- #
2026-08-30 17:58:15.671 | INFO     | datasets.beat:cache_generation:504 - # ---- Building cache for Audio  3_solomon_0_80_80 and Pose 3_solomon_0_80_80 ---- #
2026-08-30 17:58:15.672 | INFO     | datasets.beat:cache_generation:525 - # ---- Building cache for Facial 3_solomon_0_80_80 and Pose 3_solomon_0_80_80 ---- #
2026-08-30 17:58:15.686 | INFO     | datasets.beat:cache_generation:548 - # ---- Building cache for Sem    3_solomon_0_80_80 and Pose 3_solomon_0_80_80 ---- #
2026-08-30 17:58:15.694 | INFO     | datasets.beat:_sample_from_clip:614 - audio: 73s, pose: 73s, facial: 73s
2026-08-30 17:58:15.695 | INFO     | datasets.beat:_sample_from_clip:640 - pose from frame 0 to 1095, length 34
2026-08-30 17:58:15.695 | INFO     | datasets.beat:_sample_from_clip:641 - 107 clips is expected with stride 10
2026-08-30 17:58:15.695 | INFO     | datasets.beat:_sample_from_clip:650 - audio from frame 0 to 1168000, length 36266
2026-08-30 17:58:16.054 | INFO     | datasets.beat:cache_generation:496 - # ---- Building cache for Pose   3_solomon_0_81_81 ---- #
2026-08-30 17:58:16.066 | INFO     | datasets.beat:cache_generation:504 - # ---- Building cache for Audio  3_solomon_0_81_81 and Pose 3_solomon_0_81_81 ---- #
2026-08-30 17:58:16.067 | INFO     | datasets.beat:cache_generation:525 - # ---- Building cache for Facial 3_solomon_0_81_81 and Pose 3_solomon_0_81_81 ---- #
2026-08-30 17:58:16.080 | INFO     | datasets.beat:cache_generation:548 - # ---- Building cache for Sem    3_solomon_0_81_81 and Pose 3_solomon_0_81_81 ---- #
2026-08-30 17:58:16.088 | INFO     | datasets.beat:_sample_from_clip:614 - audio: 68s, pose: 68s, facial: 68s
2026-08-30 17:58:16.088 | INFO     | datasets.beat:_sample_from_clip:640 - pose from frame 0 to 1020, length 34
2026-08-30 17:58:16.088 | INFO     | datasets.beat:_sample_from_clip:641 - 99 clips is expected with stride 10
2026-08-30 17:58:16.088 | INFO     | datasets.beat:_sample_from_clip:650 - audio from frame 0 to 1088000, length 36266
2026-08-30 17:58:16.425 | INFO     | datasets.beat:cache_generation:496 - # ---- Building cache for Pose   3_solomon_0_82_82 ---- #
2026-08-30 17:58:16.439 | INFO     | datasets.beat:cache_generation:504 - # ---- Building cache for Audio  3_solomon_0_82_82 and Pose 3_solomon_0_82_82 ---- #
2026-08-30 17:58:16.440 | INFO     | datasets.beat:cache_generation:525 - # ---- Building cache for Facial 3_solomon_0_82_82 and Pose 3_solomon_0_82_82 ---- #
2026-08-30 17:58:16.455 | INFO     | datasets.beat:cache_generation:548 - # ---- Building cache for Sem    3_solomon_0_82_82 and Pose 3_solomon_0_82_82 ---- #
2026-08-30 17:58:16.464 | INFO     | datasets.beat:_sample_from_clip:614 - audio: 77s, pose: 77s, facial: 77s
2026-08-30 17:58:16.464 | INFO     | datasets.beat:_sample_from_clip:640 - pose from frame 0 to 1155, length 34
2026-08-30 17:58:16.464 | INFO     | datasets.beat:_sample_from_clip:641 - 113 clips is expected with stride 10
2026-08-30 17:58:16.464 | INFO     | datasets.beat:_sample_from_clip:650 - audio from frame 0 to 1232000, length 36266
2026-08-30 17:58:16.857 | INFO     | datasets.beat:cache_generation:496 - # ---- Building cache for Pose   3_solomon_0_83_83 ---- #
2026-08-30 17:58:16.866 | INFO     | datasets.beat:cache_generation:504 - # ---- Building cache for Audio  3_solomon_0_83_83 and Pose 3_solomon_0_83_83 ---- #
2026-08-30 17:58:16.867 | INFO     | datasets.beat:cache_generation:525 - # ---- Building cache for Facial 3_solomon_0_83_83 and Pose 3_solomon_0_83_83 ---- #
2026-08-30 17:58:16.876 | INFO     | datasets.beat:cache_generation:548 - # ---- Building cache for Sem    3_solomon_0_83_83 and Pose 3_solomon_0_83_83 ---- #
2026-08-30 17:58:16.882 | INFO     | datasets.beat:_sample_from_clip:614 - audio: 49s, pose: 49s, facial: 49s
2026-08-30 17:58:16.883 | INFO     | datasets.beat:_sample_from_clip:640 - pose from frame 0 to 735, length 34
2026-08-30 17:58:16.883 | INFO     | datasets.beat:_sample_from_clip:641 - 71 clips is expected with stride 10
2026-08-30 17:58:16.883 | INFO     | datasets.beat:_sample_from_clip:650 - audio from frame 0 to 784000, length 36266
2026-08-30 17:58:17.124 | INFO     | datasets.beat:cache_generation:496 - # ---- Building cache for Pose   3_solomon_0_84_84 ---- #
2026-08-30 17:58:17.133 | INFO     | datasets.beat:cache_generation:504 - # ---- Building cache for Audio  3_solomon_0_84_84 and Pose 3_solomon_0_84_84 ---- #
2026-08-30 17:58:17.134 | INFO     | datasets.beat:cache_generation:525 - # ---- Building cache for Facial 3_solomon_0_84_84 and Pose 3_solomon_0_84_84 ---- #
2026-08-30 17:58:17.144 | INFO     | datasets.beat:cache_generation:548 - # ---- Building cache for Sem    3_solomon_0_84_84 and Pose 3_solomon_0_84_84 ---- #
2026-08-30 17:58:17.150 | INFO     | datasets.beat:_sample_from_clip:614 - audio: 50s, pose: 50s, facial: 50s
2026-08-30 17:58:17.150 | INFO     | datasets.beat:_sample_from_clip:640 - pose from frame 0 to 750, length 34
2026-08-30 17:58:17.150 | INFO     | datasets.beat:_sample_from_clip:641 - 72 clips is expected with stride 10
2026-08-30 17:58:17.150 | INFO     | datasets.beat:_sample_from_clip:650 - audio from frame 0 to 800000, length 36266
2026-08-30 17:58:17.400 | INFO     | datasets.beat:cache_generation:496 - # ---- Building cache for Pose   3_solomon_0_85_85 ---- #
2026-08-30 17:58:17.414 | INFO     | datasets.beat:cache_generation:504 - # ---- Building cache for Audio  3_solomon_0_85_85 and Pose 3_solomon_0_85_85 ---- #
2026-08-30 17:58:17.415 | INFO     | datasets.beat:cache_generation:525 - # ---- Building cache for Facial 3_solomon_0_85_85 and Pose 3_solomon_0_85_85 ---- #
2026-08-30 17:58:17.590 | INFO     | datasets.beat:cache_generation:548 - # ---- Building cache for Sem    3_solomon_0_85_85 and Pose 3_solomon_0_85_85 ---- #
2026-08-30 17:58:17.599 | INFO     | datasets.beat:_sample_from_clip:614 - audio: 77s, pose: 77s, facial: 77s
2026-08-30 17:58:17.599 | INFO     | datasets.beat:_sample_from_clip:640 - pose from frame 0 to 1155, length 34
2026-08-30 17:58:17.599 | INFO     | datasets.beat:_sample_from_clip:641 - 113 clips is expected with stride 10
2026-08-30 17:58:17.599 | INFO     | datasets.beat:_sample_from_clip:650 - audio from frame 0 to 1232000, length 36266
2026-08-30 17:58:17.981 | INFO     | datasets.beat:cache_generation:496 - # ---- Building cache for Pose   3_solomon_0_86_86 ---- #
2026-08-30 17:58:17.993 | INFO     | datasets.beat:cache_generation:504 - # ---- Building cache for Audio  3_solomon_0_86_86 and Pose 3_solomon_0_86_86 ---- #
2026-08-30 17:58:17.994 | INFO     | datasets.beat:cache_generation:525 - # ---- Building cache for Facial 3_solomon_0_86_86 and Pose 3_solomon_0_86_86 ---- #
2026-08-30 17:58:18.006 | INFO     | datasets.beat:cache_generation:548 - # ---- Building cache for Sem    3_solomon_0_86_86 and Pose 3_solomon_0_86_86 ---- #
2026-08-30 17:58:18.013 | INFO     | datasets.beat:_sample_from_clip:614 - audio: 63s, pose: 64s, facial: 63s
2026-08-30 17:58:18.013 | WARNING  | datasets.beat:_sample_from_clip:618 - reduce to 63s, ignore 1s
2026-08-30 17:58:18.014 | INFO     | datasets.beat:_sample_from_clip:640 - pose from frame 0 to 945, length 34
2026-08-30 17:58:18.014 | INFO     | datasets.beat:_sample_from_clip:641 - 92 clips is expected with stride 10
2026-08-30 17:58:18.014 | INFO     | datasets.beat:_sample_from_clip:650 - audio from frame 0 to 1008000, length 36266
2026-08-30 17:58:18.330 | INFO     | datasets.beat:cache_generation:496 - # ---- Building cache for Pose   3_solomon_0_87_87 ---- #
2026-08-30 17:58:18.345 | INFO     | datasets.beat:cache_generation:504 - # ---- Building cache for Audio  3_solomon_0_87_87 and Pose 3_solomon_0_87_87 ---- #
2026-08-30 17:58:18.346 | INFO     | datasets.beat:cache_generation:525 - # ---- Building cache for Facial 3_solomon_0_87_87 and Pose 3_solomon_0_87_87 ---- #
2026-08-30 17:58:18.361 | INFO     | datasets.beat:cache_generation:548 - # ---- Building cache for Sem    3_solomon_0_87_87 and Pose 3_solomon_0_87_87 ---- #
2026-08-30 17:58:18.372 | INFO     | datasets.beat:_sample_from_clip:614 - audio: 84s, pose: 84s, facial: 84s
2026-08-30 17:58:18.372 | INFO     | datasets.beat:_sample_from_clip:640 - pose from frame 0 to 1260, length 34
2026-08-30 17:58:18.372 | INFO     | datasets.beat:_sample_from_clip:641 - 123 clips is expected with stride 10
2026-08-30 17:58:18.372 | INFO     | datasets.beat:_sample_from_clip:650 - audio from frame 0 to 1344000, length 36266
2026-08-30 17:58:18.787 | INFO     | datasets.beat:cache_generation:496 - # ---- Building cache for Pose   4_lawrence_0_100_100 ---- #
2026-08-30 17:58:18.802 | INFO     | datasets.beat:cache_generation:504 - # ---- Building cache for Audio  4_lawrence_0_100_100 and Pose 4_lawrence_0_100_100 ---- #
2026-08-30 17:58:18.803 | INFO     | datasets.beat:cache_generation:525 - # ---- Building cache for Facial 4_lawrence_0_100_100 and Pose 4_lawrence_0_100_100 ---- #
2026-08-30 17:58:18.819 | INFO     | datasets.beat:cache_generation:548 - # ---- Building cache for Sem    4_lawrence_0_100_100 and Pose 4_lawrence_0_100_100 ---- #
2026-08-30 17:58:18.831 | INFO     | datasets.beat:_sample_from_clip:614 - audio: 81s, pose: 81s, facial: 81s
2026-08-30 17:58:18.831 | INFO     | datasets.beat:_sample_from_clip:640 - pose from frame 0 to 1215, length 34
2026-08-30 17:58:18.831 | INFO     | datasets.beat:_sample_from_clip:641 - 119 clips is expected with stride 10
2026-08-30 17:58:18.831 | INFO     | datasets.beat:_sample_from_clip:650 - audio from frame 0 to 1296000, length 36266
2026-08-30 17:58:19.230 | INFO     | datasets.beat:cache_generation:496 - # ---- Building cache for Pose   4_lawrence_0_101_101 ---- #
2026-08-30 17:58:19.246 | INFO     | datasets.beat:cache_generation:504 - # ---- Building cache for Audio  4_lawrence_0_101_101 and Pose 4_lawrence_0_101_101 ---- #
2026-08-30 17:58:19.247 | INFO     | datasets.beat:cache_generation:525 - # ---- Building cache for Facial 4_lawrence_0_101_101 and Pose 4_lawrence_0_101_101 ---- #
2026-08-30 17:58:19.264 | INFO     | datasets.beat:cache_generation:548 - # ---- Building cache for Sem    4_lawrence_0_101_101 and Pose 4_lawrence_0_101_101 ---- #
2026-08-30 17:58:19.275 | INFO     | datasets.beat:_sample_from_clip:614 - audio: 88s, pose: 88s, facial: 88s
2026-08-30 17:58:19.276 | INFO     | datasets.beat:_sample_from_clip:640 - pose from frame 0 to 1320, length 34
2026-08-30 17:58:19.276 | INFO     | datasets.beat:_sample_from_clip:641 - 129 clips is expected with stride 10
2026-08-30 17:58:19.276 | INFO     | datasets.beat:_sample_from_clip:650 - audio from frame 0 to 1408000, length 36266
2026-08-30 17:58:19.698 | INFO     | datasets.beat:cache_generation:496 - # ---- Building cache for Pose   4_lawrence_0_102_102 ---- #
2026-08-30 17:58:19.712 | INFO     | datasets.beat:cache_generation:504 - # ---- Building cache for Audio  4_lawrence_0_102_102 and Pose 4_lawrence_0_102_102 ---- #
2026-08-30 17:58:19.714 | INFO     | datasets.beat:cache_generation:525 - # ---- Building cache for Facial 4_lawrence_0_102_102 and Pose 4_lawrence_0_102_102 ---- #
2026-08-30 17:58:19.729 | INFO     | datasets.beat:cache_generation:548 - # ---- Building cache for Sem    4_lawrence_0_102_102 and Pose 4_lawrence_0_102_102 ---- #
2026-08-30 17:58:19.742 | INFO     | datasets.beat:_sample_from_clip:614 - audio: 78s, pose: 78s, facial: 78s
2026-08-30 17:58:19.742 | INFO     | datasets.beat:_sample_from_clip:640 - pose from frame 0 to 1170, length 34
2026-08-30 17:58:19.742 | INFO     | datasets.beat:_sample_from_clip:641 - 114 clips is expected with stride 10
2026-08-30 17:58:19.742 | INFO     | datasets.beat:_sample_from_clip:650 - audio from frame 0 to 1248000, length 36266
2026-08-30 17:58:20.119 | INFO     | datasets.beat:cache_generation:496 - # ---- Building cache for Pose   4_lawrence_0_103_103 ---- #
2026-08-30 17:58:20.134 | INFO     | datasets.beat:cache_generation:504 - # ---- Building cache for Audio  4_lawrence_0_103_103 and Pose 4_lawrence_0_103_103 ---- #
2026-08-30 17:58:20.135 | INFO     | datasets.beat:cache_generation:525 - # ---- Building cache for Facial 4_lawrence_0_103_103 and Pose 4_lawrence_0_103_103 ---- #
2026-08-30 17:58:20.151 | INFO     | datasets.beat:cache_generation:548 - # ---- Building cache for Sem    4_lawrence_0_103_103 and Pose 4_lawrence_0_103_103 ---- #
2026-08-30 17:58:20.163 | INFO     | datasets.beat:_sample_from_clip:614 - audio: 82s, pose: 82s, facial: 82s
2026-08-30 17:58:20.163 | INFO     | datasets.beat:_sample_from_clip:640 - pose from frame 0 to 1230, length 34
2026-08-30 17:58:20.163 | INFO     | datasets.beat:_sample_from_clip:641 - 120 clips is expected with stride 10
2026-08-30 17:58:20.163 | INFO     | datasets.beat:_sample_from_clip:650 - audio from frame 0 to 1312000, length 36266
2026-08-30 17:58:20.567 | INFO     | datasets.beat:cache_generation:496 - # ---- Building cache for Pose   4_lawrence_0_104_104 ---- #
2026-08-30 17:58:20.582 | INFO     | datasets.beat:cache_generation:504 - # ---- Building cache for Audio  4_lawrence_0_104_104 and Pose 4_lawrence_0_104_104 ---- #
2026-08-30 17:58:20.583 | INFO     | datasets.beat:cache_generation:525 - # ---- Building cache for Facial 4_lawrence_0_104_104 and Pose 4_lawrence_0_104_104 ---- #
2026-08-30 17:58:20.598 | INFO     | datasets.beat:cache_generation:548 - # ---- Building cache for Sem    4_lawrence_0_104_104 and Pose 4_lawrence_0_104_104 ---- #
2026-08-30 17:58:20.608 | INFO     | datasets.beat:_sample_from_clip:614 - audio: 79s, pose: 79s, facial: 79s
2026-08-30 17:58:20.608 | INFO     | datasets.beat:_sample_from_clip:640 - pose from frame 0 to 1185, length 34
2026-08-30 17:58:20.608 | INFO     | datasets.beat:_sample_from_clip:641 - 116 clips is expected with stride 10
2026-08-30 17:58:20.608 | INFO     | datasets.beat:_sample_from_clip:650 - audio from frame 0 to 1264000, length 36266
2026-08-30 17:58:20.997 | INFO     | datasets.beat:cache_generation:496 - # ---- Building cache for Pose   4_lawrence_0_105_105 ---- #
2026-08-30 17:58:21.009 | INFO     | datasets.beat:cache_generation:504 - # ---- Building cache for Audio  4_lawrence_0_105_105 and Pose 4_lawrence_0_105_105 ---- #
2026-08-30 17:58:21.010 | INFO     | datasets.beat:cache_generation:525 - # ---- Building cache for Facial 4_lawrence_0_105_105 and Pose 4_lawrence_0_105_105 ---- #
2026-08-30 17:58:21.023 | INFO     | datasets.beat:cache_generation:548 - # ---- Building cache for Sem    4_lawrence_0_105_105 and Pose 4_lawrence_0_105_105 ---- #
2026-08-30 17:58:21.032 | INFO     | datasets.beat:_sample_from_clip:614 - audio: 64s, pose: 64s, facial: 64s
2026-08-30 17:58:21.032 | INFO     | datasets.beat:_sample_from_clip:640 - pose from frame 0 to 960, length 34
2026-08-30 17:58:21.032 | INFO     | datasets.beat:_sample_from_clip:641 - 93 clips is expected with stride 10
2026-08-30 17:58:21.032 | INFO     | datasets.beat:_sample_from_clip:650 - audio from frame 0 to 1024000, length 36266
2026-08-30 17:58:21.345 | INFO     | datasets.beat:cache_generation:496 - # ---- Building cache for Pose   4_lawrence_0_106_106 ---- #
2026-08-30 17:58:21.357 | INFO     | datasets.beat:cache_generation:504 - # ---- Building cache for Audio  4_lawrence_0_106_106 and Pose 4_lawrence_0_106_106 ---- #
2026-08-30 17:58:21.358 | INFO     | datasets.beat:cache_generation:525 - # ---- Building cache for Facial 4_lawrence_0_106_106 and Pose 4_lawrence_0_106_106 ---- #
2026-08-30 17:58:21.370 | INFO     | datasets.beat:cache_generation:548 - # ---- Building cache for Sem    4_lawrence_0_106_106 and Pose 4_lawrence_0_106_106 ---- #
2026-08-30 17:58:21.379 | INFO     | datasets.beat:_sample_from_clip:614 - audio: 62s, pose: 62s, facial: 62s
2026-08-30 17:58:21.379 | INFO     | datasets.beat:_sample_from_clip:640 - pose from frame 0 to 930, length 34
2026-08-30 17:58:21.379 | INFO     | datasets.beat:_sample_from_clip:641 - 90 clips is expected with stride 10
2026-08-30 17:58:21.379 | INFO     | datasets.beat:_sample_from_clip:650 - audio from frame 0 to 992000, length 36266
2026-08-30 17:58:21.685 | INFO     | datasets.beat:cache_generation:496 - # ---- Building cache for Pose   4_lawrence_0_107_107 ---- #
2026-08-30 17:58:21.695 | INFO     | datasets.beat:cache_generation:504 - # ---- Building cache for Audio  4_lawrence_0_107_107 and Pose 4_lawrence_0_107_107 ---- #
2026-08-30 17:58:21.696 | INFO     | datasets.beat:cache_generation:525 - # ---- Building cache for Facial 4_lawrence_0_107_107 and Pose 4_lawrence_0_107_107 ---- #
2026-08-30 17:58:21.707 | INFO     | datasets.beat:cache_generation:548 - # ---- Building cache for Sem    4_lawrence_0_107_107 and Pose 4_lawrence_0_107_107 ---- #
2026-08-30 17:58:21.714 | INFO     | datasets.beat:_sample_from_clip:614 - audio: 56s, pose: 56s, facial: 56s
2026-08-30 17:58:21.714 | INFO     | datasets.beat:_sample_from_clip:640 - pose from frame 0 to 840, length 34
2026-08-30 17:58:21.714 | INFO     | datasets.beat:_sample_from_clip:641 - 81 clips is expected with stride 10
2026-08-30 17:58:21.714 | INFO     | datasets.beat:_sample_from_clip:650 - audio from frame 0 to 896000, length 36266
2026-08-30 17:58:21.990 | INFO     | datasets.beat:cache_generation:496 - # ---- Building cache for Pose   4_lawrence_0_108_108 ---- #
2026-08-30 17:58:22.004 | INFO     | datasets.beat:cache_generation:504 - # ---- Building cache for Audio  4_lawrence_0_108_108 and Pose 4_lawrence_0_108_108 ---- #
2026-08-30 17:58:22.005 | INFO     | datasets.beat:cache_generation:525 - # ---- Building cache for Facial 4_lawrence_0_108_108 and Pose 4_lawrence_0_108_108 ---- #
2026-08-30 17:58:22.019 | INFO     | datasets.beat:cache_generation:548 - # ---- Building cache for Sem    4_lawrence_0_108_108 and Pose 4_lawrence_0_108_108 ---- #
2026-08-30 17:58:22.030 | INFO     | datasets.beat:_sample_from_clip:614 - audio: 76s, pose: 76s, facial: 76s
2026-08-30 17:58:22.030 | INFO     | datasets.beat:_sample_from_clip:640 - pose from frame 0 to 1140, length 34
2026-08-30 17:58:22.030 | INFO     | datasets.beat:_sample_from_clip:641 - 111 clips is expected with stride 10
2026-08-30 17:58:22.030 | INFO     | datasets.beat:_sample_from_clip:650 - audio from frame 0 to 1216000, length 36266
2026-08-30 17:58:22.404 | INFO     | datasets.beat:cache_generation:496 - # ---- Building cache for Pose   4_lawrence_0_109_109 ---- #
2026-08-30 17:58:22.415 | INFO     | datasets.beat:cache_generation:504 - # ---- Building cache for Audio  4_lawrence_0_109_109 and Pose 4_lawrence_0_109_109 ---- #
2026-08-30 17:58:22.416 | INFO     | datasets.beat:cache_generation:525 - # ---- Building cache for Facial 4_lawrence_0_109_109 and Pose 4_lawrence_0_109_109 ---- #
2026-08-30 17:58:22.429 | INFO     | datasets.beat:cache_generation:548 - # ---- Building cache for Sem    4_lawrence_0_109_109 and Pose 4_lawrence_0_109_109 ---- #
2026-08-30 17:58:22.437 | INFO     | datasets.beat:_sample_from_clip:614 - audio: 64s, pose: 64s, facial: 64s
2026-08-30 17:58:22.437 | INFO     | datasets.beat:_sample_from_clip:640 - pose from frame 0 to 960, length 34
2026-08-30 17:58:22.437 | INFO     | datasets.beat:_sample_from_clip:641 - 93 clips is expected with stride 10
2026-08-30 17:58:22.437 | INFO     | datasets.beat:_sample_from_clip:650 - audio from frame 0 to 1024000, length 36266
2026-08-30 17:58:22.754 | INFO     | datasets.beat:cache_generation:496 - # ---- Building cache for Pose   4_lawrence_0_10_10 ---- #
2026-08-30 17:58:22.766 | INFO     | datasets.beat:cache_generation:504 - # ---- Building cache for Audio  4_lawrence_0_10_10 and Pose 4_lawrence_0_10_10 ---- #
2026-08-30 17:58:22.767 | INFO     | datasets.beat:cache_generation:525 - # ---- Building cache for Facial 4_lawrence_0_10_10 and Pose 4_lawrence_0_10_10 ---- #
2026-08-30 17:58:22.779 | INFO     | datasets.beat:cache_generation:548 - # ---- Building cache for Sem    4_lawrence_0_10_10 and Pose 4_lawrence_0_10_10 ---- #
2026-08-30 17:58:22.787 | INFO     | datasets.beat:_sample_from_clip:614 - audio: 65s, pose: 65s, facial: 65s
2026-08-30 17:58:22.788 | INFO     | datasets.beat:_sample_from_clip:640 - pose from frame 0 to 975, length 34
2026-08-30 17:58:22.788 | INFO     | datasets.beat:_sample_from_clip:641 - 95 clips is expected with stride 10
2026-08-30 17:58:22.788 | INFO     | datasets.beat:_sample_from_clip:650 - audio from frame 0 to 1040000, length 36266
2026-08-30 17:58:23.146 | INFO     | datasets.beat:cache_generation:496 - # ---- Building cache for Pose   4_lawrence_0_110_110 ---- #
2026-08-30 17:58:23.158 | INFO     | datasets.beat:cache_generation:504 - # ---- Building cache for Audio  4_lawrence_0_110_110 and Pose 4_lawrence_0_110_110 ---- #
2026-08-30 17:58:23.159 | INFO     | datasets.beat:cache_generation:525 - # ---- Building cache for Facial 4_lawrence_0_110_110 and Pose 4_lawrence_0_110_110 ---- #
2026-08-30 17:58:23.174 | INFO     | datasets.beat:cache_generation:548 - # ---- Building cache for Sem    4_lawrence_0_110_110 and Pose 4_lawrence_0_110_110 ---- #
2026-08-30 17:58:23.184 | INFO     | datasets.beat:_sample_from_clip:614 - audio: 67s, pose: 67s, facial: 67s
2026-08-30 17:58:23.184 | INFO     | datasets.beat:_sample_from_clip:640 - pose from frame 0 to 1005, length 34
2026-08-30 17:58:23.184 | INFO     | datasets.beat:_sample_from_clip:641 - 98 clips is expected with stride 10
2026-08-30 17:58:23.184 | INFO     | datasets.beat:_sample_from_clip:650 - audio from frame 0 to 1072000, length 36266
2026-08-30 17:58:23.524 | INFO     | datasets.beat:cache_generation:496 - # ---- Building cache for Pose   4_lawrence_0_111_111 ---- #
2026-08-30 17:58:23.540 | INFO     | datasets.beat:cache_generation:504 - # ---- Building cache for Audio  4_lawrence_0_111_111 and Pose 4_lawrence_0_111_111 ---- #
2026-08-30 17:58:23.541 | INFO     | datasets.beat:cache_generation:525 - # ---- Building cache for Facial 4_lawrence_0_111_111 and Pose 4_lawrence_0_111_111 ---- #
2026-08-30 17:58:23.557 | INFO     | datasets.beat:cache_generation:548 - # ---- Building cache for Sem    4_lawrence_0_111_111 and Pose 4_lawrence_0_111_111 ---- #
2026-08-30 17:58:23.568 | INFO     | datasets.beat:_sample_from_clip:614 - audio: 85s, pose: 85s, facial: 85s
2026-08-30 17:58:23.568 | INFO     | datasets.beat:_sample_from_clip:640 - pose from frame 0 to 1275, length 34
2026-08-30 17:58:23.568 | INFO     | datasets.beat:_sample_from_clip:641 - 125 clips is expected with stride 10
2026-08-30 17:58:23.568 | INFO     | datasets.beat:_sample_from_clip:650 - audio from frame 0 to 1360000, length 36266
2026-08-30 17:58:23.991 | INFO     | datasets.beat:cache_generation:496 - # ---- Building cache for Pose   4_lawrence_0_112_112 ---- #
2026-08-30 17:58:24.004 | INFO     | datasets.beat:cache_generation:504 - # ---- Building cache for Audio  4_lawrence_0_112_112 and Pose 4_lawrence_0_112_112 ---- #
2026-08-30 17:58:24.005 | INFO     | datasets.beat:cache_generation:525 - # ---- Building cache for Facial 4_lawrence_0_112_112 and Pose 4_lawrence_0_112_112 ---- #
2026-08-30 17:58:24.022 | INFO     | datasets.beat:cache_generation:548 - # ---- Building cache for Sem    4_lawrence_0_112_112 and Pose 4_lawrence_0_112_112 ---- #
2026-08-30 17:58:24.032 | INFO     | datasets.beat:_sample_from_clip:614 - audio: 73s, pose: 73s, facial: 73s
2026-08-30 17:58:24.032 | INFO     | datasets.beat:_sample_from_clip:640 - pose from frame 0 to 1095, length 34
2026-08-30 17:58:24.032 | INFO     | datasets.beat:_sample_from_clip:641 - 107 clips is expected with stride 10
2026-08-30 17:58:24.032 | INFO     | datasets.beat:_sample_from_clip:650 - audio from frame 0 to 1168000, length 36266
2026-08-30 17:58:24.395 | INFO     | datasets.beat:cache_generation:496 - # ---- Building cache for Pose   4_lawrence_0_113_113 ---- #
2026-08-30 17:58:24.404 | INFO     | datasets.beat:cache_generation:504 - # ---- Building cache for Audio  4_lawrence_0_113_113 and Pose 4_lawrence_0_113_113 ---- #
2026-08-30 17:58:24.405 | INFO     | datasets.beat:cache_generation:525 - # ---- Building cache for Facial 4_lawrence_0_113_113 and Pose 4_lawrence_0_113_113 ---- #
2026-08-30 17:58:24.415 | INFO     | datasets.beat:cache_generation:548 - # ---- Building cache for Sem    4_lawrence_0_113_113 and Pose 4_lawrence_0_113_113 ---- #
2026-08-30 17:58:24.422 | INFO     | datasets.beat:_sample_from_clip:614 - audio: 51s, pose: 51s, facial: 51s
2026-08-30 17:58:24.422 | INFO     | datasets.beat:_sample_from_clip:640 - pose from frame 0 to 765, length 34
2026-08-30 17:58:24.422 | INFO     | datasets.beat:_sample_from_clip:641 - 74 clips is expected with stride 10
2026-08-30 17:58:24.422 | INFO     | datasets.beat:_sample_from_clip:650 - audio from frame 0 to 816000, length 36266
2026-08-30 17:58:24.683 | INFO     | datasets.beat:cache_generation:496 - # ---- Building cache for Pose   4_lawrence_0_114_114 ---- #
2026-08-30 17:58:24.697 | INFO     | datasets.beat:cache_generation:504 - # ---- Building cache for Audio  4_lawrence_0_114_114 and Pose 4_lawrence_0_114_114 ---- #
2026-08-30 17:58:24.698 | INFO     | datasets.beat:cache_generation:525 - # ---- Building cache for Facial 4_lawrence_0_114_114 and Pose 4_lawrence_0_114_114 ---- #
2026-08-30 17:58:24.713 | INFO     | datasets.beat:cache_generation:548 - # ---- Building cache for Sem    4_lawrence_0_114_114 and Pose 4_lawrence_0_114_114 ---- #
2026-08-30 17:58:24.724 | INFO     | datasets.beat:_sample_from_clip:614 - audio: 77s, pose: 77s, facial: 77s
2026-08-30 17:58:24.724 | INFO     | datasets.beat:_sample_from_clip:640 - pose from frame 0 to 1155, length 34
2026-08-30 17:58:24.724 | INFO     | datasets.beat:_sample_from_clip:641 - 113 clips is expected with stride 10
2026-08-30 17:58:24.724 | INFO     | datasets.beat:_sample_from_clip:650 - audio from frame 0 to 1232000, length 36266
2026-08-30 17:58:25.143 | INFO     | datasets.beat:cache_generation:496 - # ---- Building cache for Pose   4_lawrence_0_115_115 ---- #
2026-08-30 17:58:25.159 | INFO     | datasets.beat:cache_generation:504 - # ---- Building cache for Audio  4_lawrence_0_115_115 and Pose 4_lawrence_0_115_115 ---- #
2026-08-30 17:58:25.160 | INFO     | datasets.beat:cache_generation:525 - # ---- Building cache for Facial 4_lawrence_0_115_115 and Pose 4_lawrence_0_115_115 ---- #
2026-08-30 17:58:25.177 | INFO     | datasets.beat:cache_generation:548 - # ---- Building cache for Sem    4_lawrence_0_115_115 and Pose 4_lawrence_0_115_115 ---- #
2026-08-30 17:58:25.189 | INFO     | datasets.beat:_sample_from_clip:614 - audio: 89s, pose: 89s, facial: 89s
2026-08-30 17:58:25.189 | INFO     | datasets.beat:_sample_from_clip:640 - pose from frame 0 to 1335, length 34
2026-08-30 17:58:25.189 | INFO     | datasets.beat:_sample_from_clip:641 - 131 clips is expected with stride 10
2026-08-30 17:58:25.189 | INFO     | datasets.beat:_sample_from_clip:650 - audio from frame 0 to 1424000, length 36266
2026-08-30 17:58:25.628 | INFO     | datasets.beat:cache_generation:496 - # ---- Building cache for Pose   4_lawrence_0_116_116 ---- #
2026-08-30 17:58:25.645 | INFO     | datasets.beat:cache_generation:504 - # ---- Building cache for Audio  4_lawrence_0_116_116 and Pose 4_lawrence_0_116_116 ---- #
2026-08-30 17:58:25.646 | INFO     | datasets.beat:cache_generation:525 - # ---- Building cache for Facial 4_lawrence_0_116_116 and Pose 4_lawrence_0_116_116 ---- #
2026-08-30 17:58:25.664 | INFO     | datasets.beat:cache_generation:548 - # ---- Building cache for Sem    4_lawrence_0_116_116 and Pose 4_lawrence_0_116_116 ---- #
2026-08-30 17:58:25.676 | INFO     | datasets.beat:_sample_from_clip:614 - audio: 91s, pose: 91s, facial: 91s
2026-08-30 17:58:25.676 | INFO     | datasets.beat:_sample_from_clip:640 - pose from frame 0 to 1365, length 34
2026-08-30 17:58:25.676 | INFO     | datasets.beat:_sample_from_clip:641 - 134 clips is expected with stride 10
2026-08-30 17:58:25.676 | INFO     | datasets.beat:_sample_from_clip:650 - audio from frame 0 to 1456000, length 36266
2026-08-30 17:58:26.122 | INFO     | datasets.beat:cache_generation:496 - # ---- Building cache for Pose   4_lawrence_0_117_117 ---- #
2026-08-30 17:58:26.132 | INFO     | datasets.beat:cache_generation:504 - # ---- Building cache for Audio  4_lawrence_0_117_117 and Pose 4_lawrence_0_117_117 ---- #
2026-08-30 17:58:26.132 | INFO     | datasets.beat:cache_generation:525 - # ---- Building cache for Facial 4_lawrence_0_117_117 and Pose 4_lawrence_0_117_117 ---- #
2026-08-30 17:58:26.142 | INFO     | datasets.beat:cache_generation:548 - # ---- Building cache for Sem    4_lawrence_0_117_117 and Pose 4_lawrence_0_117_117 ---- #
2026-08-30 17:58:26.149 | INFO     | datasets.beat:_sample_from_clip:614 - audio: 50s, pose: 50s, facial: 50s
2026-08-30 17:58:26.149 | INFO     | datasets.beat:_sample_from_clip:640 - pose from frame 0 to 750, length 34
2026-08-30 17:58:26.149 | INFO     | datasets.beat:_sample_from_clip:641 - 72 clips is expected with stride 10
2026-08-30 17:58:26.149 | INFO     | datasets.beat:_sample_from_clip:650 - audio from frame 0 to 800000, length 36266
2026-08-30 17:58:26.406 | INFO     | datasets.beat:cache_generation:496 - # ---- Building cache for Pose   4_lawrence_0_118_118 ---- #
2026-08-30 17:58:26.416 | INFO     | datasets.beat:cache_generation:504 - # ---- Building cache for Audio  4_lawrence_0_118_118 and Pose 4_lawrence_0_118_118 ---- #
2026-08-30 17:58:26.417 | INFO     | datasets.beat:cache_generation:525 - # ---- Building cache for Facial 4_lawrence_0_118_118 and Pose 4_lawrence_0_118_118 ---- #
2026-08-30 17:58:26.428 | INFO     | datasets.beat:cache_generation:548 - # ---- Building cache for Sem    4_lawrence_0_118_118 and Pose 4_lawrence_0_118_118 ---- #
2026-08-30 17:58:26.436 | INFO     | datasets.beat:_sample_from_clip:614 - audio: 58s, pose: 58s, facial: 58s
2026-08-30 17:58:26.436 | INFO     | datasets.beat:_sample_from_clip:640 - pose from frame 0 to 870, length 34
2026-08-30 17:58:26.436 | INFO     | datasets.beat:_sample_from_clip:641 - 84 clips is expected with stride 10
2026-08-30 17:58:26.436 | INFO     | datasets.beat:_sample_from_clip:650 - audio from frame 0 to 928000, length 36266
2026-08-30 17:58:26.756 | INFO     | datasets.beat:cache_generation:496 - # ---- Building cache for Pose   4_lawrence_0_11_11 ---- #
2026-08-30 17:58:26.769 | INFO     | datasets.beat:cache_generation:504 - # ---- Building cache for Audio  4_lawrence_0_11_11 and Pose 4_lawrence_0_11_11 ---- #
2026-08-30 17:58:26.771 | INFO     | datasets.beat:cache_generation:525 - # ---- Building cache for Facial 4_lawrence_0_11_11 and Pose 4_lawrence_0_11_11 ---- #
2026-08-30 17:58:26.785 | INFO     | datasets.beat:cache_generation:548 - # ---- Building cache for Sem    4_lawrence_0_11_11 and Pose 4_lawrence_0_11_11 ---- #
2026-08-30 17:58:26.794 | INFO     | datasets.beat:_sample_from_clip:614 - audio: 75s, pose: 75s, facial: 75s
2026-08-30 17:58:26.794 | INFO     | datasets.beat:_sample_from_clip:640 - pose from frame 0 to 1125, length 34
2026-08-30 17:58:26.794 | INFO     | datasets.beat:_sample_from_clip:641 - 110 clips is expected with stride 10
2026-08-30 17:58:26.794 | INFO     | datasets.beat:_sample_from_clip:650 - audio from frame 0 to 1200000, length 36266
2026-08-30 17:58:27.206 | INFO     | datasets.beat:cache_generation:496 - # ---- Building cache for Pose   4_lawrence_0_12_12 ---- #
2026-08-30 17:58:27.220 | INFO     | datasets.beat:cache_generation:504 - # ---- Building cache for Audio  4_lawrence_0_12_12 and Pose 4_lawrence_0_12_12 ---- #
2026-08-30 17:58:27.222 | INFO     | datasets.beat:cache_generation:525 - # ---- Building cache for Facial 4_lawrence_0_12_12 and Pose 4_lawrence_0_12_12 ---- #
2026-08-30 17:58:27.237 | INFO     | datasets.beat:cache_generation:548 - # ---- Building cache for Sem    4_lawrence_0_12_12 and Pose 4_lawrence_0_12_12 ---- #
2026-08-30 17:58:27.248 | INFO     | datasets.beat:_sample_from_clip:614 - audio: 81s, pose: 81s, facial: 81s
2026-08-30 17:58:27.248 | INFO     | datasets.beat:_sample_from_clip:640 - pose from frame 0 to 1215, length 34
2026-08-30 17:58:27.248 | INFO     | datasets.beat:_sample_from_clip:641 - 119 clips is expected with stride 10
2026-08-30 17:58:27.248 | INFO     | datasets.beat:_sample_from_clip:650 - audio from frame 0 to 1296000, length 36266
2026-08-30 17:58:27.655 | INFO     | datasets.beat:cache_generation:496 - # ---- Building cache for Pose   4_lawrence_0_13_13 ---- #
2026-08-30 17:58:27.670 | INFO     | datasets.beat:cache_generation:504 - # ---- Building cache for Audio  4_lawrence_0_13_13 and Pose 4_lawrence_0_13_13 ---- #
2026-08-30 17:58:27.671 | INFO     | datasets.beat:cache_generation:525 - # ---- Building cache for Facial 4_lawrence_0_13_13 and Pose 4_lawrence_0_13_13 ---- #
2026-08-30 17:58:27.686 | INFO     | datasets.beat:cache_generation:548 - # ---- Building cache for Sem    4_lawrence_0_13_13 and Pose 4_lawrence_0_13_13 ---- #
2026-08-30 17:58:27.699 | INFO     | datasets.beat:_sample_from_clip:614 - audio: 81s, pose: 81s, facial: 81s
2026-08-30 17:58:27.699 | INFO     | datasets.beat:_sample_from_clip:640 - pose from frame 0 to 1215, length 34
2026-08-30 17:58:27.699 | INFO     | datasets.beat:_sample_from_clip:641 - 119 clips is expected with stride 10
2026-08-30 17:58:27.699 | INFO     | datasets.beat:_sample_from_clip:650 - audio from frame 0 to 1296000, length 36266
2026-08-30 17:58:28.112 | INFO     | datasets.beat:cache_generation:496 - # ---- Building cache for Pose   4_lawrence_0_14_14 ---- #
2026-08-30 17:58:28.129 | INFO     | datasets.beat:cache_generation:504 - # ---- Building cache for Audio  4_lawrence_0_14_14 and Pose 4_lawrence_0_14_14 ---- #
2026-08-30 17:58:28.130 | INFO     | datasets.beat:cache_generation:525 - # ---- Building cache for Facial 4_lawrence_0_14_14 and Pose 4_lawrence_0_14_14 ---- #
2026-08-30 17:58:28.148 | INFO     | datasets.beat:cache_generation:548 - # ---- Building cache for Sem    4_lawrence_0_14_14 and Pose 4_lawrence_0_14_14 ---- #
2026-08-30 17:58:28.161 | INFO     | datasets.beat:_sample_from_clip:614 - audio: 92s, pose: 92s, facial: 92s
2026-08-30 17:58:28.161 | INFO     | datasets.beat:_sample_from_clip:640 - pose from frame 0 to 1380, length 34
2026-08-30 17:58:28.161 | INFO     | datasets.beat:_sample_from_clip:641 - 135 clips is expected with stride 10
2026-08-30 17:58:28.161 | INFO     | datasets.beat:_sample_from_clip:650 - audio from frame 0 to 1472000, length 36266
2026-08-30 17:58:28.661 | INFO     | datasets.beat:cache_generation:496 - # ---- Building cache for Pose   4_lawrence_0_15_15 ---- #
2026-08-30 17:58:28.692 | INFO     | datasets.beat:cache_generation:504 - # ---- Building cache for Audio  4_lawrence_0_15_15 and Pose 4_lawrence_0_15_15 ---- #
2026-08-30 17:58:28.694 | INFO     | datasets.beat:cache_generation:525 - # ---- Building cache for Facial 4_lawrence_0_15_15 and Pose 4_lawrence_0_15_15 ---- #
2026-08-30 17:58:28.716 | INFO     | datasets.beat:cache_generation:548 - # ---- Building cache for Sem    4_lawrence_0_15_15 and Pose 4_lawrence_0_15_15 ---- #
2026-08-30 17:58:28.728 | INFO     | datasets.beat:_sample_from_clip:614 - audio: 96s, pose: 96s, facial: 96s
2026-08-30 17:58:28.728 | INFO     | datasets.beat:_sample_from_clip:640 - pose from frame 0 to 1440, length 34
2026-08-30 17:58:28.728 | INFO     | datasets.beat:_sample_from_clip:641 - 141 clips is expected with stride 10
2026-08-30 17:58:28.728 | INFO     | datasets.beat:_sample_from_clip:650 - audio from frame 0 to 1536000, length 36266
2026-08-30 17:58:29.208 | INFO     | datasets.beat:cache_generation:496 - # ---- Building cache for Pose   4_lawrence_0_16_16 ---- #
2026-08-30 17:58:29.226 | INFO     | datasets.beat:cache_generation:504 - # ---- Building cache for Audio  4_lawrence_0_16_16 and Pose 4_lawrence_0_16_16 ---- #
2026-08-30 17:58:29.227 | INFO     | datasets.beat:cache_generation:525 - # ---- Building cache for Facial 4_lawrence_0_16_16 and Pose 4_lawrence_0_16_16 ---- #
2026-08-30 17:58:29.246 | INFO     | datasets.beat:cache_generation:548 - # ---- Building cache for Sem    4_lawrence_0_16_16 and Pose 4_lawrence_0_16_16 ---- #
2026-08-30 17:58:29.259 | INFO     | datasets.beat:_sample_from_clip:614 - audio: 96s, pose: 96s, facial: 96s
2026-08-30 17:58:29.259 | INFO     | datasets.beat:_sample_from_clip:640 - pose from frame 0 to 1440, length 34
2026-08-30 17:58:29.259 | INFO     | datasets.beat:_sample_from_clip:641 - 141 clips is expected with stride 10
2026-08-30 17:58:29.259 | INFO     | datasets.beat:_sample_from_clip:650 - audio from frame 0 to 1536000, length 36266
2026-08-30 17:58:29.744 | INFO     | datasets.beat:cache_generation:496 - # ---- Building cache for Pose   4_lawrence_0_17_17 ---- #
2026-08-30 17:58:29.761 | INFO     | datasets.beat:cache_generation:504 - # ---- Building cache for Audio  4_lawrence_0_17_17 and Pose 4_lawrence_0_17_17 ---- #
2026-08-30 17:58:29.762 | INFO     | datasets.beat:cache_generation:525 - # ---- Building cache for Facial 4_lawrence_0_17_17 and Pose 4_lawrence_0_17_17 ---- #
2026-08-30 17:58:29.780 | INFO     | datasets.beat:cache_generation:548 - # ---- Building cache for Sem    4_lawrence_0_17_17 and Pose 4_lawrence_0_17_17 ---- #
2026-08-30 17:58:29.793 | INFO     | datasets.beat:_sample_from_clip:614 - audio: 92s, pose: 92s, facial: 92s
2026-08-30 17:58:29.793 | INFO     | datasets.beat:_sample_from_clip:640 - pose from frame 0 to 1380, length 34
2026-08-30 17:58:29.793 | INFO     | datasets.beat:_sample_from_clip:641 - 135 clips is expected with stride 10
2026-08-30 17:58:29.793 | INFO     | datasets.beat:_sample_from_clip:650 - audio from frame 0 to 1472000, length 36266
2026-08-30 17:58:30.292 | INFO     | datasets.beat:cache_generation:496 - # ---- Building cache for Pose   4_lawrence_0_18_18 ---- #
2026-08-30 17:58:30.305 | INFO     | datasets.beat:cache_generation:504 - # ---- Building cache for Audio  4_lawrence_0_18_18 and Pose 4_lawrence_0_18_18 ---- #
2026-08-30 17:58:30.306 | INFO     | datasets.beat:cache_generation:525 - # ---- Building cache for Facial 4_lawrence_0_18_18 and Pose 4_lawrence_0_18_18 ---- #
2026-08-30 17:58:30.320 | INFO     | datasets.beat:cache_generation:548 - # ---- Building cache for Sem    4_lawrence_0_18_18 and Pose 4_lawrence_0_18_18 ---- #
2026-08-30 17:58:30.328 | INFO     | datasets.beat:_sample_from_clip:614 - audio: 72s, pose: 72s, facial: 72s
2026-08-30 17:58:30.328 | INFO     | datasets.beat:_sample_from_clip:640 - pose from frame 0 to 1080, length 34
2026-08-30 17:58:30.328 | INFO     | datasets.beat:_sample_from_clip:641 - 105 clips is expected with stride 10
2026-08-30 17:58:30.328 | INFO     | datasets.beat:_sample_from_clip:650 - audio from frame 0 to 1152000, length 36266
2026-08-30 17:58:30.674 | INFO     | datasets.beat:cache_generation:496 - # ---- Building cache for Pose   4_lawrence_0_19_19 ---- #
2026-08-30 17:58:30.689 | INFO     | datasets.beat:cache_generation:504 - # ---- Building cache for Audio  4_lawrence_0_19_19 and Pose 4_lawrence_0_19_19 ---- #
2026-08-30 17:58:30.690 | INFO     | datasets.beat:cache_generation:525 - # ---- Building cache for Facial 4_lawrence_0_19_19 and Pose 4_lawrence_0_19_19 ---- #
2026-08-30 17:58:30.706 | INFO     | datasets.beat:cache_generation:548 - # ---- Building cache for Sem    4_lawrence_0_19_19 and Pose 4_lawrence_0_19_19 ---- #
2026-08-30 17:58:30.716 | INFO     | datasets.beat:_sample_from_clip:614 - audio: 82s, pose: 82s, facial: 82s
2026-08-30 17:58:30.716 | INFO     | datasets.beat:_sample_from_clip:640 - pose from frame 0 to 1230, length 34
2026-08-30 17:58:30.716 | INFO     | datasets.beat:_sample_from_clip:641 - 120 clips is expected with stride 10
2026-08-30 17:58:30.716 | INFO     | datasets.beat:_sample_from_clip:650 - audio from frame 0 to 1312000, length 36266
2026-08-30 17:58:31.119 | INFO     | datasets.beat:cache_generation:496 - # ---- Building cache for Pose   4_lawrence_0_1_1 ---- #
2026-08-30 17:58:31.133 | INFO     | datasets.beat:cache_generation:504 - # ---- Building cache for Audio  4_lawrence_0_1_1 and Pose 4_lawrence_0_1_1 ---- #
2026-08-30 17:58:31.134 | INFO     | datasets.beat:cache_generation:525 - # ---- Building cache for Facial 4_lawrence_0_1_1 and Pose 4_lawrence_0_1_1 ---- #
2026-08-30 17:58:31.148 | INFO     | datasets.beat:cache_generation:548 - # ---- Building cache for Sem    4_lawrence_0_1_1 and Pose 4_lawrence_0_1_1 ---- #
2026-08-30 17:58:31.160 | INFO     | datasets.beat:_sample_from_clip:614 - audio: 73s, pose: 74s, facial: 73s
2026-08-30 17:58:31.160 | WARNING  | datasets.beat:_sample_from_clip:618 - reduce to 73s, ignore 1s
2026-08-30 17:58:31.160 | INFO     | datasets.beat:_sample_from_clip:640 - pose from frame 0 to 1095, length 34
2026-08-30 17:58:31.160 | INFO     | datasets.beat:_sample_from_clip:641 - 107 clips is expected with stride 10
2026-08-30 17:58:31.160 | INFO     | datasets.beat:_sample_from_clip:650 - audio from frame 0 to 1168000, length 36266
2026-08-30 17:58:31.521 | INFO     | datasets.beat:cache_generation:496 - # ---- Building cache for Pose   4_lawrence_0_20_20 ---- #
2026-08-30 17:58:31.535 | INFO     | datasets.beat:cache_generation:504 - # ---- Building cache for Audio  4_lawrence_0_20_20 and Pose 4_lawrence_0_20_20 ---- #
2026-08-30 17:58:31.537 | INFO     | datasets.beat:cache_generation:525 - # ---- Building cache for Facial 4_lawrence_0_20_20 and Pose 4_lawrence_0_20_20 ---- #
2026-08-30 17:58:31.551 | INFO     | datasets.beat:cache_generation:548 - # ---- Building cache for Sem    4_lawrence_0_20_20 and Pose 4_lawrence_0_20_20 ---- #
2026-08-30 17:58:31.561 | INFO     | datasets.beat:_sample_from_clip:614 - audio: 77s, pose: 77s, facial: 77s
2026-08-30 17:58:31.561 | INFO     | datasets.beat:_sample_from_clip:640 - pose from frame 0 to 1155, length 34
2026-08-30 17:58:31.561 | INFO     | datasets.beat:_sample_from_clip:641 - 113 clips is expected with stride 10
2026-08-30 17:58:31.562 | INFO     | datasets.beat:_sample_from_clip:650 - audio from frame 0 to 1232000, length 36266
2026-08-30 17:58:31.946 | INFO     | datasets.beat:cache_generation:496 - # ---- Building cache for Pose   4_lawrence_0_21_21 ---- #
2026-08-30 17:58:31.959 | INFO     | datasets.beat:cache_generation:504 - # ---- Building cache for Audio  4_lawrence_0_21_21 and Pose 4_lawrence_0_21_21 ---- #
2026-08-30 17:58:31.960 | INFO     | datasets.beat:cache_generation:525 - # ---- Building cache for Facial 4_lawrence_0_21_21 and Pose 4_lawrence_0_21_21 ---- #
2026-08-30 17:58:31.975 | INFO     | datasets.beat:cache_generation:548 - # ---- Building cache for Sem    4_lawrence_0_21_21 and Pose 4_lawrence_0_21_21 ---- #
2026-08-30 17:58:31.984 | INFO     | datasets.beat:_sample_from_clip:614 - audio: 74s, pose: 74s, facial: 74s
2026-08-30 17:58:31.984 | INFO     | datasets.beat:_sample_from_clip:640 - pose from frame 0 to 1110, length 34
2026-08-30 17:58:31.984 | INFO     | datasets.beat:_sample_from_clip:641 - 108 clips is expected with stride 10
2026-08-30 17:58:31.984 | INFO     | datasets.beat:_sample_from_clip:650 - audio from frame 0 to 1184000, length 36266
2026-08-30 17:58:32.342 | INFO     | datasets.beat:cache_generation:496 - # ---- Building cache for Pose   4_lawrence_0_22_22 ---- #
2026-08-30 17:58:32.356 | INFO     | datasets.beat:cache_generation:504 - # ---- Building cache for Audio  4_lawrence_0_22_22 and Pose 4_lawrence_0_22_22 ---- #
2026-08-30 17:58:32.357 | INFO     | datasets.beat:cache_generation:525 - # ---- Building cache for Facial 4_lawrence_0_22_22 and Pose 4_lawrence_0_22_22 ---- #
2026-08-30 17:58:32.372 | INFO     | datasets.beat:cache_generation:548 - # ---- Building cache for Sem    4_lawrence_0_22_22 and Pose 4_lawrence_0_22_22 ---- #
2026-08-30 17:58:32.381 | INFO     | datasets.beat:_sample_from_clip:614 - audio: 79s, pose: 79s, facial: 79s
2026-08-30 17:58:32.381 | INFO     | datasets.beat:_sample_from_clip:640 - pose from frame 0 to 1185, length 34
2026-08-30 17:58:32.381 | INFO     | datasets.beat:_sample_from_clip:641 - 116 clips is expected with stride 10
2026-08-30 17:58:32.381 | INFO     | datasets.beat:_sample_from_clip:650 - audio from frame 0 to 1264000, length 36266
2026-08-30 17:58:32.775 | INFO     | datasets.beat:cache_generation:496 - # ---- Building cache for Pose   4_lawrence_0_23_23 ---- #
2026-08-30 17:58:32.784 | INFO     | datasets.beat:cache_generation:504 - # ---- Building cache for Audio  4_lawrence_0_23_23 and Pose 4_lawrence_0_23_23 ---- #
2026-08-30 17:58:32.785 | INFO     | datasets.beat:cache_generation:525 - # ---- Building cache for Facial 4_lawrence_0_23_23 and Pose 4_lawrence_0_23_23 ---- #
2026-08-30 17:58:32.794 | INFO     | datasets.beat:cache_generation:548 - # ---- Building cache for Sem    4_lawrence_0_23_23 and Pose 4_lawrence_0_23_23 ---- #
2026-08-30 17:58:32.801 | INFO     | datasets.beat:_sample_from_clip:614 - audio: 50s, pose: 50s, facial: 50s
2026-08-30 17:58:32.801 | INFO     | datasets.beat:_sample_from_clip:640 - pose from frame 0 to 750, length 34
2026-08-30 17:58:32.801 | INFO     | datasets.beat:_sample_from_clip:641 - 72 clips is expected with stride 10
2026-08-30 17:58:32.801 | INFO     | datasets.beat:_sample_from_clip:650 - audio from frame 0 to 800000, length 36266
2026-08-30 17:58:33.048 | INFO     | datasets.beat:cache_generation:496 - # ---- Building cache for Pose   4_lawrence_0_24_24 ---- #
2026-08-30 17:58:33.066 | INFO     | datasets.beat:cache_generation:504 - # ---- Building cache for Audio  4_lawrence_0_24_24 and Pose 4_lawrence_0_24_24 ---- #
2026-08-30 17:58:33.068 | INFO     | datasets.beat:cache_generation:525 - # ---- Building cache for Facial 4_lawrence_0_24_24 and Pose 4_lawrence_0_24_24 ---- #
2026-08-30 17:58:33.085 | INFO     | datasets.beat:cache_generation:548 - # ---- Building cache for Sem    4_lawrence_0_24_24 and Pose 4_lawrence_0_24_24 ---- #
2026-08-30 17:58:33.099 | INFO     | datasets.beat:_sample_from_clip:614 - audio: 96s, pose: 97s, facial: 96s
2026-08-30 17:58:33.099 | WARNING  | datasets.beat:_sample_from_clip:618 - reduce to 96s, ignore 1s
2026-08-30 17:58:33.099 | INFO     | datasets.beat:_sample_from_clip:640 - pose from frame 0 to 1440, length 34
2026-08-30 17:58:33.099 | INFO     | datasets.beat:_sample_from_clip:641 - 141 clips is expected with stride 10
2026-08-30 17:58:33.099 | INFO     | datasets.beat:_sample_from_clip:650 - audio from frame 0 to 1536000, length 36266
2026-08-30 17:58:33.571 | INFO     | datasets.beat:cache_generation:496 - # ---- Building cache for Pose   4_lawrence_0_25_25 ---- #
2026-08-30 17:58:33.587 | INFO     | datasets.beat:cache_generation:504 - # ---- Building cache for Audio  4_lawrence_0_25_25 and Pose 4_lawrence_0_25_25 ---- #
2026-08-30 17:58:33.589 | INFO     | datasets.beat:cache_generation:525 - # ---- Building cache for Facial 4_lawrence_0_25_25 and Pose 4_lawrence_0_25_25 ---- #
2026-08-30 17:58:33.606 | INFO     | datasets.beat:cache_generation:548 - # ---- Building cache for Sem    4_lawrence_0_25_25 and Pose 4_lawrence_0_25_25 ---- #
2026-08-30 17:58:33.622 | INFO     | datasets.beat:_sample_from_clip:614 - audio: 91s, pose: 91s, facial: 91s
2026-08-30 17:58:33.622 | INFO     | datasets.beat:_sample_from_clip:640 - pose from frame 0 to 1365, length 34
2026-08-30 17:58:33.622 | INFO     | datasets.beat:_sample_from_clip:641 - 134 clips is expected with stride 10
2026-08-30 17:58:33.622 | INFO     | datasets.beat:_sample_from_clip:650 - audio from frame 0 to 1456000, length 36266
2026-08-30 17:58:34.059 | INFO     | datasets.beat:cache_generation:496 - # ---- Building cache for Pose   4_lawrence_0_26_26 ---- #
2026-08-30 17:58:34.075 | INFO     | datasets.beat:cache_generation:504 - # ---- Building cache for Audio  4_lawrence_0_26_26 and Pose 4_lawrence_0_26_26 ---- #
2026-08-30 17:58:34.076 | INFO     | datasets.beat:cache_generation:525 - # ---- Building cache for Facial 4_lawrence_0_26_26 and Pose 4_lawrence_0_26_26 ---- #
2026-08-30 17:58:34.093 | INFO     | datasets.beat:cache_generation:548 - # ---- Building cache for Sem    4_lawrence_0_26_26 and Pose 4_lawrence_0_26_26 ---- #
2026-08-30 17:58:34.107 | INFO     | datasets.beat:_sample_from_clip:614 - audio: 88s, pose: 88s, facial: 88s
2026-08-30 17:58:34.107 | INFO     | datasets.beat:_sample_from_clip:640 - pose from frame 0 to 1320, length 34
2026-08-30 17:58:34.107 | INFO     | datasets.beat:_sample_from_clip:641 - 129 clips is expected with stride 10
2026-08-30 17:58:34.107 | INFO     | datasets.beat:_sample_from_clip:650 - audio from frame 0 to 1408000, length 36266
2026-08-30 17:58:34.538 | INFO     | datasets.beat:cache_generation:496 - # ---- Building cache for Pose   4_lawrence_0_27_27 ---- #
2026-08-30 17:58:34.552 | INFO     | datasets.beat:cache_generation:504 - # ---- Building cache for Audio  4_lawrence_0_27_27 and Pose 4_lawrence_0_27_27 ---- #
2026-08-30 17:58:34.554 | INFO     | datasets.beat:cache_generation:525 - # ---- Building cache for Facial 4_lawrence_0_27_27 and Pose 4_lawrence_0_27_27 ---- #
2026-08-30 17:58:34.569 | INFO     | datasets.beat:cache_generation:548 - # ---- Building cache for Sem    4_lawrence_0_27_27 and Pose 4_lawrence_0_27_27 ---- #
2026-08-30 17:58:34.580 | INFO     | datasets.beat:_sample_from_clip:614 - audio: 82s, pose: 82s, facial: 82s
2026-08-30 17:58:34.580 | INFO     | datasets.beat:_sample_from_clip:640 - pose from frame 0 to 1230, length 34
2026-08-30 17:58:34.580 | INFO     | datasets.beat:_sample_from_clip:641 - 120 clips is expected with stride 10
2026-08-30 17:58:34.580 | INFO     | datasets.beat:_sample_from_clip:650 - audio from frame 0 to 1312000, length 36266
2026-08-30 17:58:34.991 | INFO     | datasets.beat:cache_generation:496 - # ---- Building cache for Pose   4_lawrence_0_28_28 ---- #
2026-08-30 17:58:35.005 | INFO     | datasets.beat:cache_generation:504 - # ---- Building cache for Audio  4_lawrence_0_28_28 and Pose 4_lawrence_0_28_28 ---- #
2026-08-30 17:58:35.006 | INFO     | datasets.beat:cache_generation:525 - # ---- Building cache for Facial 4_lawrence_0_28_28 and Pose 4_lawrence_0_28_28 ---- #
2026-08-30 17:58:35.021 | INFO     | datasets.beat:cache_generation:548 - # ---- Building cache for Sem    4_lawrence_0_28_28 and Pose 4_lawrence_0_28_28 ---- #
2026-08-30 17:58:35.031 | INFO     | datasets.beat:_sample_from_clip:614 - audio: 77s, pose: 77s, facial: 77s
2026-08-30 17:58:35.031 | INFO     | datasets.beat:_sample_from_clip:640 - pose from frame 0 to 1155, length 34
2026-08-30 17:58:35.031 | INFO     | datasets.beat:_sample_from_clip:641 - 113 clips is expected with stride 10
2026-08-30 17:58:35.031 | INFO     | datasets.beat:_sample_from_clip:650 - audio from frame 0 to 1232000, length 36266
2026-08-30 17:58:35.406 | INFO     | datasets.beat:cache_generation:496 - # ---- Building cache for Pose   4_lawrence_0_29_29 ---- #
2026-08-30 17:58:35.421 | INFO     | datasets.beat:cache_generation:504 - # ---- Building cache for Audio  4_lawrence_0_29_29 and Pose 4_lawrence_0_29_29 ---- #
2026-08-30 17:58:35.422 | INFO     | datasets.beat:cache_generation:525 - # ---- Building cache for Facial 4_lawrence_0_29_29 and Pose 4_lawrence_0_29_29 ---- #
2026-08-30 17:58:35.437 | INFO     | datasets.beat:cache_generation:548 - # ---- Building cache for Sem    4_lawrence_0_29_29 and Pose 4_lawrence_0_29_29 ---- #
2026-08-30 17:58:35.449 | INFO     | datasets.beat:_sample_from_clip:614 - audio: 81s, pose: 81s, facial: 81s
2026-08-30 17:58:35.449 | INFO     | datasets.beat:_sample_from_clip:640 - pose from frame 0 to 1215, length 34
2026-08-30 17:58:35.449 | INFO     | datasets.beat:_sample_from_clip:641 - 119 clips is expected with stride 10
2026-08-30 17:58:35.449 | INFO     | datasets.beat:_sample_from_clip:650 - audio from frame 0 to 1296000, length 36266
2026-08-30 17:58:35.840 | INFO     | datasets.beat:cache_generation:496 - # ---- Building cache for Pose   4_lawrence_0_2_2 ---- #
2026-08-30 17:58:35.855 | INFO     | datasets.beat:cache_generation:504 - # ---- Building cache for Audio  4_lawrence_0_2_2 and Pose 4_lawrence_0_2_2 ---- #
2026-08-30 17:58:35.856 | INFO     | datasets.beat:cache_generation:525 - # ---- Building cache for Facial 4_lawrence_0_2_2 and Pose 4_lawrence_0_2_2 ---- #
2026-08-30 17:58:35.871 | INFO     | datasets.beat:cache_generation:548 - # ---- Building cache for Sem    4_lawrence_0_2_2 and Pose 4_lawrence_0_2_2 ---- #
2026-08-30 17:58:35.883 | INFO     | datasets.beat:_sample_from_clip:614 - audio: 82s, pose: 82s, facial: 82s
2026-08-30 17:58:35.883 | INFO     | datasets.beat:_sample_from_clip:640 - pose from frame 0 to 1230, length 34
2026-08-30 17:58:35.883 | INFO     | datasets.beat:_sample_from_clip:641 - 120 clips is expected with stride 10
2026-08-30 17:58:35.883 | INFO     | datasets.beat:_sample_from_clip:650 - audio from frame 0 to 1312000, length 36266
2026-08-30 17:58:36.285 | INFO     | datasets.beat:cache_generation:496 - # ---- Building cache for Pose   4_lawrence_0_30_30 ---- #
2026-08-30 17:58:36.300 | INFO     | datasets.beat:cache_generation:504 - # ---- Building cache for Audio  4_lawrence_0_30_30 and Pose 4_lawrence_0_30_30 ---- #
2026-08-30 17:58:36.301 | INFO     | datasets.beat:cache_generation:525 - # ---- Building cache for Facial 4_lawrence_0_30_30 and Pose 4_lawrence_0_30_30 ---- #
2026-08-30 17:58:36.317 | INFO     | datasets.beat:cache_generation:548 - # ---- Building cache for Sem    4_lawrence_0_30_30 and Pose 4_lawrence_0_30_30 ---- #
2026-08-30 17:58:36.330 | INFO     | datasets.beat:_sample_from_clip:614 - audio: 83s, pose: 83s, facial: 83s
2026-08-30 17:58:36.330 | INFO     | datasets.beat:_sample_from_clip:640 - pose from frame 0 to 1245, length 34
2026-08-30 17:58:36.330 | INFO     | datasets.beat:_sample_from_clip:641 - 122 clips is expected with stride 10
2026-08-30 17:58:36.330 | INFO     | datasets.beat:_sample_from_clip:650 - audio from frame 0 to 1328000, length 36266
2026-08-30 17:58:36.747 | INFO     | datasets.beat:cache_generation:496 - # ---- Building cache for Pose   4_lawrence_0_31_31 ---- #
2026-08-30 17:58:36.762 | INFO     | datasets.beat:cache_generation:504 - # ---- Building cache for Audio  4_lawrence_0_31_31 and Pose 4_lawrence_0_31_31 ---- #
2026-08-30 17:58:36.763 | INFO     | datasets.beat:cache_generation:525 - # ---- Building cache for Facial 4_lawrence_0_31_31 and Pose 4_lawrence_0_31_31 ---- #
2026-08-30 17:58:36.777 | INFO     | datasets.beat:cache_generation:548 - # ---- Building cache for Sem    4_lawrence_0_31_31 and Pose 4_lawrence_0_31_31 ---- #
2026-08-30 17:58:36.789 | INFO     | datasets.beat:_sample_from_clip:614 - audio: 78s, pose: 78s, facial: 78s
2026-08-30 17:58:36.789 | INFO     | datasets.beat:_sample_from_clip:640 - pose from frame 0 to 1170, length 34
2026-08-30 17:58:36.789 | INFO     | datasets.beat:_sample_from_clip:641 - 114 clips is expected with stride 10
2026-08-30 17:58:36.789 | INFO     | datasets.beat:_sample_from_clip:650 - audio from frame 0 to 1248000, length 36266
2026-08-30 17:58:37.209 | INFO     | datasets.beat:cache_generation:496 - # ---- Building cache for Pose   4_lawrence_0_32_32 ---- #
2026-08-30 17:58:37.225 | INFO     | datasets.beat:cache_generation:504 - # ---- Building cache for Audio  4_lawrence_0_32_32 and Pose 4_lawrence_0_32_32 ---- #
2026-08-30 17:58:37.226 | INFO     | datasets.beat:cache_generation:525 - # ---- Building cache for Facial 4_lawrence_0_32_32 and Pose 4_lawrence_0_32_32 ---- #
2026-08-30 17:58:37.242 | INFO     | datasets.beat:cache_generation:548 - # ---- Building cache for Sem    4_lawrence_0_32_32 and Pose 4_lawrence_0_32_32 ---- #
2026-08-30 17:58:37.254 | INFO     | datasets.beat:_sample_from_clip:614 - audio: 85s, pose: 85s, facial: 85s
2026-08-30 17:58:37.254 | INFO     | datasets.beat:_sample_from_clip:640 - pose from frame 0 to 1275, length 34
2026-08-30 17:58:37.254 | INFO     | datasets.beat:_sample_from_clip:641 - 125 clips is expected with stride 10
2026-08-30 17:58:37.254 | INFO     | datasets.beat:_sample_from_clip:650 - audio from frame 0 to 1360000, length 36266
2026-08-30 17:58:37.678 | INFO     | datasets.beat:cache_generation:496 - # ---- Building cache for Pose   4_lawrence_0_33_33 ---- #
2026-08-30 17:58:37.695 | INFO     | datasets.beat:cache_generation:504 - # ---- Building cache for Audio  4_lawrence_0_33_33 and Pose 4_lawrence_0_33_33 ---- #
2026-08-30 17:58:37.696 | INFO     | datasets.beat:cache_generation:525 - # ---- Building cache for Facial 4_lawrence_0_33_33 and Pose 4_lawrence_0_33_33 ---- #
2026-08-30 17:58:37.710 | INFO     | datasets.beat:cache_generation:548 - # ---- Building cache for Sem    4_lawrence_0_33_33 and Pose 4_lawrence_0_33_33 ---- #
2026-08-30 17:58:37.720 | INFO     | datasets.beat:_sample_from_clip:614 - audio: 75s, pose: 75s, facial: 75s
2026-08-30 17:58:37.720 | INFO     | datasets.beat:_sample_from_clip:640 - pose from frame 0 to 1125, length 34
2026-08-30 17:58:37.720 | INFO     | datasets.beat:_sample_from_clip:641 - 110 clips is expected with stride 10
2026-08-30 17:58:37.720 | INFO     | datasets.beat:_sample_from_clip:650 - audio from frame 0 to 1200000, length 36266
2026-08-30 17:58:38.088 | INFO     | datasets.beat:cache_generation:496 - # ---- Building cache for Pose   4_lawrence_0_34_34 ---- #
2026-08-30 17:58:38.100 | INFO     | datasets.beat:cache_generation:504 - # ---- Building cache for Audio  4_lawrence_0_34_34 and Pose 4_lawrence_0_34_34 ---- #
2026-08-30 17:58:38.101 | INFO     | datasets.beat:cache_generation:525 - # ---- Building cache for Facial 4_lawrence_0_34_34 and Pose 4_lawrence_0_34_34 ---- #
2026-08-30 17:58:38.114 | INFO     | datasets.beat:cache_generation:548 - # ---- Building cache for Sem    4_lawrence_0_34_34 and Pose 4_lawrence_0_34_34 ---- #
2026-08-30 17:58:38.123 | INFO     | datasets.beat:_sample_from_clip:614 - audio: 67s, pose: 67s, facial: 67s
2026-08-30 17:58:38.123 | INFO     | datasets.beat:_sample_from_clip:640 - pose from frame 0 to 1005, length 34
2026-08-30 17:58:38.123 | INFO     | datasets.beat:_sample_from_clip:641 - 98 clips is expected with stride 10
2026-08-30 17:58:38.123 | INFO     | datasets.beat:_sample_from_clip:650 - audio from frame 0 to 1072000, length 36266
2026-08-30 17:58:38.450 | INFO     | datasets.beat:cache_generation:496 - # ---- Building cache for Pose   4_lawrence_0_35_35 ---- #
2026-08-30 17:58:38.464 | INFO     | datasets.beat:cache_generation:504 - # ---- Building cache for Audio  4_lawrence_0_35_35 and Pose 4_lawrence_0_35_35 ---- #
2026-08-30 17:58:38.465 | INFO     | datasets.beat:cache_generation:525 - # ---- Building cache for Facial 4_lawrence_0_35_35 and Pose 4_lawrence_0_35_35 ---- #
2026-08-30 17:58:38.479 | INFO     | datasets.beat:cache_generation:548 - # ---- Building cache for Sem    4_lawrence_0_35_35 and Pose 4_lawrence_0_35_35 ---- #
2026-08-30 17:58:38.489 | INFO     | datasets.beat:_sample_from_clip:614 - audio: 74s, pose: 74s, facial: 74s
2026-08-30 17:58:38.489 | INFO     | datasets.beat:_sample_from_clip:640 - pose from frame 0 to 1110, length 34
2026-08-30 17:58:38.489 | INFO     | datasets.beat:_sample_from_clip:641 - 108 clips is expected with stride 10
2026-08-30 17:58:38.489 | INFO     | datasets.beat:_sample_from_clip:650 - audio from frame 0 to 1184000, length 36266
2026-08-30 17:58:38.855 | INFO     | datasets.beat:cache_generation:496 - # ---- Building cache for Pose   4_lawrence_0_36_36 ---- #
2026-08-30 17:58:38.865 | INFO     | datasets.beat:cache_generation:504 - # ---- Building cache for Audio  4_lawrence_0_36_36 and Pose 4_lawrence_0_36_36 ---- #
2026-08-30 17:58:38.866 | INFO     | datasets.beat:cache_generation:525 - # ---- Building cache for Facial 4_lawrence_0_36_36 and Pose 4_lawrence_0_36_36 ---- #
2026-08-30 17:58:38.877 | INFO     | datasets.beat:cache_generation:548 - # ---- Building cache for Sem    4_lawrence_0_36_36 and Pose 4_lawrence_0_36_36 ---- #
2026-08-30 17:58:38.885 | INFO     | datasets.beat:_sample_from_clip:614 - audio: 56s, pose: 56s, facial: 56s
2026-08-30 17:58:38.885 | INFO     | datasets.beat:_sample_from_clip:640 - pose from frame 0 to 840, length 34
2026-08-30 17:58:38.885 | INFO     | datasets.beat:_sample_from_clip:641 - 81 clips is expected with stride 10
2026-08-30 17:58:38.885 | INFO     | datasets.beat:_sample_from_clip:650 - audio from frame 0 to 896000, length 36266
2026-08-30 17:58:39.205 | INFO     | datasets.beat:cache_generation:496 - # ---- Building cache for Pose   4_lawrence_0_37_37 ---- #
2026-08-30 17:58:39.218 | INFO     | datasets.beat:cache_generation:504 - # ---- Building cache for Audio  4_lawrence_0_37_37 and Pose 4_lawrence_0_37_37 ---- #
2026-08-30 17:58:39.219 | INFO     | datasets.beat:cache_generation:525 - # ---- Building cache for Facial 4_lawrence_0_37_37 and Pose 4_lawrence_0_37_37 ---- #
2026-08-30 17:58:39.233 | INFO     | datasets.beat:cache_generation:548 - # ---- Building cache for Sem    4_lawrence_0_37_37 and Pose 4_lawrence_0_37_37 ---- #
2026-08-30 17:58:39.243 | INFO     | datasets.beat:_sample_from_clip:614 - audio: 73s, pose: 73s, facial: 73s
2026-08-30 17:58:39.243 | INFO     | datasets.beat:_sample_from_clip:640 - pose from frame 0 to 1095, length 34
2026-08-30 17:58:39.243 | INFO     | datasets.beat:_sample_from_clip:641 - 107 clips is expected with stride 10
2026-08-30 17:58:39.243 | INFO     | datasets.beat:_sample_from_clip:650 - audio from frame 0 to 1168000, length 36266
2026-08-30 17:58:39.637 | INFO     | datasets.beat:cache_generation:496 - # ---- Building cache for Pose   4_lawrence_0_38_38 ---- #
2026-08-30 17:58:39.650 | INFO     | datasets.beat:cache_generation:504 - # ---- Building cache for Audio  4_lawrence_0_38_38 and Pose 4_lawrence_0_38_38 ---- #
2026-08-30 17:58:39.652 | INFO     | datasets.beat:cache_generation:525 - # ---- Building cache for Facial 4_lawrence_0_38_38 and Pose 4_lawrence_0_38_38 ---- #
2026-08-30 17:58:39.668 | INFO     | datasets.beat:cache_generation:548 - # ---- Building cache for Sem    4_lawrence_0_38_38 and Pose 4_lawrence_0_38_38 ---- #
2026-08-30 17:58:39.676 | INFO     | datasets.beat:_sample_from_clip:614 - audio: 72s, pose: 72s, facial: 72s
2026-08-30 17:58:39.676 | INFO     | datasets.beat:_sample_from_clip:640 - pose from frame 0 to 1080, length 34
2026-08-30 17:58:39.676 | INFO     | datasets.beat:_sample_from_clip:641 - 105 clips is expected with stride 10
2026-08-30 17:58:39.676 | INFO     | datasets.beat:_sample_from_clip:650 - audio from frame 0 to 1152000, length 36266
2026-08-30 17:58:40.029 | INFO     | datasets.beat:cache_generation:496 - # ---- Building cache for Pose   4_lawrence_0_39_39 ---- #
2026-08-30 17:58:40.042 | INFO     | datasets.beat:cache_generation:504 - # ---- Building cache for Audio  4_lawrence_0_39_39 and Pose 4_lawrence_0_39_39 ---- #
2026-08-30 17:58:40.043 | INFO     | datasets.beat:cache_generation:525 - # ---- Building cache for Facial 4_lawrence_0_39_39 and Pose 4_lawrence_0_39_39 ---- #
2026-08-30 17:58:40.056 | INFO     | datasets.beat:cache_generation:548 - # ---- Building cache for Sem    4_lawrence_0_39_39 and Pose 4_lawrence_0_39_39 ---- #
2026-08-30 17:58:40.065 | INFO     | datasets.beat:_sample_from_clip:614 - audio: 68s, pose: 68s, facial: 68s
2026-08-30 17:58:40.065 | INFO     | datasets.beat:_sample_from_clip:640 - pose from frame 0 to 1020, length 34
2026-08-30 17:58:40.065 | INFO     | datasets.beat:_sample_from_clip:641 - 99 clips is expected with stride 10
2026-08-30 17:58:40.065 | INFO     | datasets.beat:_sample_from_clip:650 - audio from frame 0 to 1088000, length 36266
2026-08-30 17:58:40.423 | INFO     | datasets.beat:cache_generation:496 - # ---- Building cache for Pose   4_lawrence_0_3_3 ---- #
2026-08-30 17:58:40.439 | INFO     | datasets.beat:cache_generation:504 - # ---- Building cache for Audio  4_lawrence_0_3_3 and Pose 4_lawrence_0_3_3 ---- #
2026-08-30 17:58:40.440 | INFO     | datasets.beat:cache_generation:525 - # ---- Building cache for Facial 4_lawrence_0_3_3 and Pose 4_lawrence_0_3_3 ---- #
2026-08-30 17:58:40.455 | INFO     | datasets.beat:cache_generation:548 - # ---- Building cache for Sem    4_lawrence_0_3_3 and Pose 4_lawrence_0_3_3 ---- #
2026-08-30 17:58:40.468 | INFO     | datasets.beat:_sample_from_clip:614 - audio: 85s, pose: 85s, facial: 85s
2026-08-30 17:58:40.468 | INFO     | datasets.beat:_sample_from_clip:640 - pose from frame 0 to 1275, length 34
2026-08-30 17:58:40.468 | INFO     | datasets.beat:_sample_from_clip:641 - 125 clips is expected with stride 10
2026-08-30 17:58:40.468 | INFO     | datasets.beat:_sample_from_clip:650 - audio from frame 0 to 1360000, length 36266
2026-08-30 17:58:40.892 | INFO     | datasets.beat:cache_generation:496 - # ---- Building cache for Pose   4_lawrence_0_40_40 ---- #
2026-08-30 17:58:40.909 | INFO     | datasets.beat:cache_generation:504 - # ---- Building cache for Audio  4_lawrence_0_40_40 and Pose 4_lawrence_0_40_40 ---- #
2026-08-30 17:58:40.910 | INFO     | datasets.beat:cache_generation:525 - # ---- Building cache for Facial 4_lawrence_0_40_40 and Pose 4_lawrence_0_40_40 ---- #
2026-08-30 17:58:40.926 | INFO     | datasets.beat:cache_generation:548 - # ---- Building cache for Sem    4_lawrence_0_40_40 and Pose 4_lawrence_0_40_40 ---- #
2026-08-30 17:58:40.938 | INFO     | datasets.beat:_sample_from_clip:614 - audio: 80s, pose: 81s, facial: 80s
2026-08-30 17:58:40.938 | WARNING  | datasets.beat:_sample_from_clip:618 - reduce to 80s, ignore 1s
2026-08-30 17:58:40.938 | INFO     | datasets.beat:_sample_from_clip:640 - pose from frame 0 to 1200, length 34
2026-08-30 17:58:40.938 | INFO     | datasets.beat:_sample_from_clip:641 - 117 clips is expected with stride 10
2026-08-30 17:58:40.938 | INFO     | datasets.beat:_sample_from_clip:650 - audio from frame 0 to 1280000, length 36266
2026-08-30 17:58:41.347 | INFO     | datasets.beat:cache_generation:496 - # ---- Building cache for Pose   4_lawrence_0_41_41 ---- #
2026-08-30 17:58:41.357 | INFO     | datasets.beat:cache_generation:504 - # ---- Building cache for Audio  4_lawrence_0_41_41 and Pose 4_lawrence_0_41_41 ---- #
2026-08-30 17:58:41.358 | INFO     | datasets.beat:cache_generation:525 - # ---- Building cache for Facial 4_lawrence_0_41_41 and Pose 4_lawrence_0_41_41 ---- #
2026-08-30 17:58:41.369 | INFO     | datasets.beat:cache_generation:548 - # ---- Building cache for Sem    4_lawrence_0_41_41 and Pose 4_lawrence_0_41_41 ---- #
2026-08-30 17:58:41.378 | INFO     | datasets.beat:_sample_from_clip:614 - audio: 58s, pose: 58s, facial: 58s
2026-08-30 17:58:41.378 | INFO     | datasets.beat:_sample_from_clip:640 - pose from frame 0 to 870, length 34
2026-08-30 17:58:41.378 | INFO     | datasets.beat:_sample_from_clip:641 - 84 clips is expected with stride 10
2026-08-30 17:58:41.378 | INFO     | datasets.beat:_sample_from_clip:650 - audio from frame 0 to 928000, length 36266
2026-08-30 17:58:41.679 | INFO     | datasets.beat:cache_generation:496 - # ---- Building cache for Pose   4_lawrence_0_42_42 ---- #
2026-08-30 17:58:41.689 | INFO     | datasets.beat:cache_generation:504 - # ---- Building cache for Audio  4_lawrence_0_42_42 and Pose 4_lawrence_0_42_42 ---- #
2026-08-30 17:58:41.690 | INFO     | datasets.beat:cache_generation:525 - # ---- Building cache for Facial 4_lawrence_0_42_42 and Pose 4_lawrence_0_42_42 ---- #
2026-08-30 17:58:41.701 | INFO     | datasets.beat:cache_generation:548 - # ---- Building cache for Sem    4_lawrence_0_42_42 and Pose 4_lawrence_0_42_42 ---- #
2026-08-30 17:58:41.709 | INFO     | datasets.beat:_sample_from_clip:614 - audio: 55s, pose: 55s, facial: 55s
2026-08-30 17:58:41.709 | INFO     | datasets.beat:_sample_from_clip:640 - pose from frame 0 to 825, length 34
2026-08-30 17:58:41.709 | INFO     | datasets.beat:_sample_from_clip:641 - 80 clips is expected with stride 10
2026-08-30 17:58:41.709 | INFO     | datasets.beat:_sample_from_clip:650 - audio from frame 0 to 880000, length 36266
2026-08-30 17:58:41.984 | INFO     | datasets.beat:cache_generation:496 - # ---- Building cache for Pose   4_lawrence_0_43_43 ---- #
2026-08-30 17:58:41.995 | INFO     | datasets.beat:cache_generation:504 - # ---- Building cache for Audio  4_lawrence_0_43_43 and Pose 4_lawrence_0_43_43 ---- #
2026-08-30 17:58:41.996 | INFO     | datasets.beat:cache_generation:525 - # ---- Building cache for Facial 4_lawrence_0_43_43 and Pose 4_lawrence_0_43_43 ---- #
2026-08-30 17:58:42.008 | INFO     | datasets.beat:cache_generation:548 - # ---- Building cache for Sem    4_lawrence_0_43_43 and Pose 4_lawrence_0_43_43 ---- #
2026-08-30 17:58:42.016 | INFO     | datasets.beat:_sample_from_clip:614 - audio: 60s, pose: 60s, facial: 60s
2026-08-30 17:58:42.016 | INFO     | datasets.beat:_sample_from_clip:640 - pose from frame 0 to 900, length 34
2026-08-30 17:58:42.016 | INFO     | datasets.beat:_sample_from_clip:641 - 87 clips is expected with stride 10
2026-08-30 17:58:42.016 | INFO     | datasets.beat:_sample_from_clip:650 - audio from frame 0 to 960000, length 36266
2026-08-30 17:58:42.312 | INFO     | datasets.beat:cache_generation:496 - # ---- Building cache for Pose   4_lawrence_0_44_44 ---- #
2026-08-30 17:58:42.323 | INFO     | datasets.beat:cache_generation:504 - # ---- Building cache for Audio  4_lawrence_0_44_44 and Pose 4_lawrence_0_44_44 ---- #
2026-08-30 17:58:42.324 | INFO     | datasets.beat:cache_generation:525 - # ---- Building cache for Facial 4_lawrence_0_44_44 and Pose 4_lawrence_0_44_44 ---- #
2026-08-30 17:58:42.336 | INFO     | datasets.beat:cache_generation:548 - # ---- Building cache for Sem    4_lawrence_0_44_44 and Pose 4_lawrence_0_44_44 ---- #
2026-08-30 17:58:42.343 | INFO     | datasets.beat:_sample_from_clip:614 - audio: 60s, pose: 60s, facial: 60s
2026-08-30 17:58:42.343 | INFO     | datasets.beat:_sample_from_clip:640 - pose from frame 0 to 900, length 34
2026-08-30 17:58:42.343 | INFO     | datasets.beat:_sample_from_clip:641 - 87 clips is expected with stride 10
2026-08-30 17:58:42.343 | INFO     | datasets.beat:_sample_from_clip:650 - audio from frame 0 to 960000, length 36266
2026-08-30 17:58:42.639 | INFO     | datasets.beat:cache_generation:496 - # ---- Building cache for Pose   4_lawrence_0_45_45 ---- #
2026-08-30 17:58:42.648 | INFO     | datasets.beat:cache_generation:504 - # ---- Building cache for Audio  4_lawrence_0_45_45 and Pose 4_lawrence_0_45_45 ---- #
2026-08-30 17:58:42.649 | INFO     | datasets.beat:cache_generation:525 - # ---- Building cache for Facial 4_lawrence_0_45_45 and Pose 4_lawrence_0_45_45 ---- #
2026-08-30 17:58:42.658 | INFO     | datasets.beat:cache_generation:548 - # ---- Building cache for Sem    4_lawrence_0_45_45 and Pose 4_lawrence_0_45_45 ---- #
2026-08-30 17:58:42.665 | INFO     | datasets.beat:_sample_from_clip:614 - audio: 47s, pose: 47s, facial: 47s
2026-08-30 17:58:42.665 | INFO     | datasets.beat:_sample_from_clip:640 - pose from frame 0 to 705, length 34
2026-08-30 17:58:42.665 | INFO     | datasets.beat:_sample_from_clip:641 - 68 clips is expected with stride 10
2026-08-30 17:58:42.665 | INFO     | datasets.beat:_sample_from_clip:650 - audio from frame 0 to 752000, length 36266
2026-08-30 17:58:42.900 | INFO     | datasets.beat:cache_generation:496 - # ---- Building cache for Pose   4_lawrence_0_46_46 ---- #
2026-08-30 17:58:42.914 | INFO     | datasets.beat:cache_generation:504 - # ---- Building cache for Audio  4_lawrence_0_46_46 and Pose 4_lawrence_0_46_46 ---- #
2026-08-30 17:58:42.915 | INFO     | datasets.beat:cache_generation:525 - # ---- Building cache for Facial 4_lawrence_0_46_46 and Pose 4_lawrence_0_46_46 ---- #
2026-08-30 17:58:42.929 | INFO     | datasets.beat:cache_generation:548 - # ---- Building cache for Sem    4_lawrence_0_46_46 and Pose 4_lawrence_0_46_46 ---- #
2026-08-30 17:58:42.939 | INFO     | datasets.beat:_sample_from_clip:614 - audio: 74s, pose: 74s, facial: 74s
2026-08-30 17:58:42.939 | INFO     | datasets.beat:_sample_from_clip:640 - pose from frame 0 to 1110, length 34
2026-08-30 17:58:42.940 | INFO     | datasets.beat:_sample_from_clip:641 - 108 clips is expected with stride 10
2026-08-30 17:58:42.940 | INFO     | datasets.beat:_sample_from_clip:650 - audio from frame 0 to 1184000, length 36266
2026-08-30 17:58:43.312 | INFO     | datasets.beat:cache_generation:496 - # ---- Building cache for Pose   4_lawrence_0_47_47 ---- #
2026-08-30 17:58:43.324 | INFO     | datasets.beat:cache_generation:504 - # ---- Building cache for Audio  4_lawrence_0_47_47 and Pose 4_lawrence_0_47_47 ---- #
2026-08-30 17:58:43.325 | INFO     | datasets.beat:cache_generation:525 - # ---- Building cache for Facial 4_lawrence_0_47_47 and Pose 4_lawrence_0_47_47 ---- #
2026-08-30 17:58:43.337 | INFO     | datasets.beat:cache_generation:548 - # ---- Building cache for Sem    4_lawrence_0_47_47 and Pose 4_lawrence_0_47_47 ---- #
2026-08-30 17:58:43.347 | INFO     | datasets.beat:_sample_from_clip:614 - audio: 66s, pose: 66s, facial: 66s
2026-08-30 17:58:43.347 | INFO     | datasets.beat:_sample_from_clip:640 - pose from frame 0 to 990, length 34
2026-08-30 17:58:43.347 | INFO     | datasets.beat:_sample_from_clip:641 - 96 clips is expected with stride 10
2026-08-30 17:58:43.347 | INFO     | datasets.beat:_sample_from_clip:650 - audio from frame 0 to 1056000, length 36266
2026-08-30 17:58:43.722 | INFO     | datasets.beat:cache_generation:496 - # ---- Building cache for Pose   4_lawrence_0_48_48 ---- #
2026-08-30 17:58:43.733 | INFO     | datasets.beat:cache_generation:504 - # ---- Building cache for Audio  4_lawrence_0_48_48 and Pose 4_lawrence_0_48_48 ---- #
2026-08-30 17:58:43.734 | INFO     | datasets.beat:cache_generation:525 - # ---- Building cache for Facial 4_lawrence_0_48_48 and Pose 4_lawrence_0_48_48 ---- #
2026-08-30 17:58:43.746 | INFO     | datasets.beat:cache_generation:548 - # ---- Building cache for Sem    4_lawrence_0_48_48 and Pose 4_lawrence_0_48_48 ---- #
2026-08-30 17:58:43.754 | INFO     | datasets.beat:_sample_from_clip:614 - audio: 60s, pose: 61s, facial: 60s
2026-08-30 17:58:43.754 | WARNING  | datasets.beat:_sample_from_clip:618 - reduce to 60s, ignore 1s
2026-08-30 17:58:43.754 | INFO     | datasets.beat:_sample_from_clip:640 - pose from frame 0 to 900, length 34
2026-08-30 17:58:43.754 | INFO     | datasets.beat:_sample_from_clip:641 - 87 clips is expected with stride 10
2026-08-30 17:58:43.754 | INFO     | datasets.beat:_sample_from_clip:650 - audio from frame 0 to 960000, length 36266
2026-08-30 17:58:44.049 | INFO     | datasets.beat:cache_generation:496 - # ---- Building cache for Pose   4_lawrence_0_49_49 ---- #
2026-08-30 17:58:44.057 | INFO     | datasets.beat:cache_generation:504 - # ---- Building cache for Audio  4_lawrence_0_49_49 and Pose 4_lawrence_0_49_49 ---- #
2026-08-30 17:58:44.058 | INFO     | datasets.beat:cache_generation:525 - # ---- Building cache for Facial 4_lawrence_0_49_49 and Pose 4_lawrence_0_49_49 ---- #
2026-08-30 17:58:44.067 | INFO     | datasets.beat:cache_generation:548 - # ---- Building cache for Sem    4_lawrence_0_49_49 and Pose 4_lawrence_0_49_49 ---- #
2026-08-30 17:58:44.074 | INFO     | datasets.beat:_sample_from_clip:614 - audio: 44s, pose: 44s, facial: 44s
2026-08-30 17:58:44.074 | INFO     | datasets.beat:_sample_from_clip:640 - pose from frame 0 to 660, length 34
2026-08-30 17:58:44.074 | INFO     | datasets.beat:_sample_from_clip:641 - 63 clips is expected with stride 10
2026-08-30 17:58:44.074 | INFO     | datasets.beat:_sample_from_clip:650 - audio from frame 0 to 704000, length 36266
2026-08-30 17:58:44.294 | INFO     | datasets.beat:cache_generation:496 - # ---- Building cache for Pose   4_lawrence_0_4_4 ---- #
2026-08-30 17:58:44.311 | INFO     | datasets.beat:cache_generation:504 - # ---- Building cache for Audio  4_lawrence_0_4_4 and Pose 4_lawrence_0_4_4 ---- #
2026-08-30 17:58:44.312 | INFO     | datasets.beat:cache_generation:525 - # ---- Building cache for Facial 4_lawrence_0_4_4 and Pose 4_lawrence_0_4_4 ---- #
2026-08-30 17:58:44.328 | INFO     | datasets.beat:cache_generation:548 - # ---- Building cache for Sem    4_lawrence_0_4_4 and Pose 4_lawrence_0_4_4 ---- #
2026-08-30 17:58:44.340 | INFO     | datasets.beat:_sample_from_clip:614 - audio: 91s, pose: 91s, facial: 91s
2026-08-30 17:58:44.340 | INFO     | datasets.beat:_sample_from_clip:640 - pose from frame 0 to 1365, length 34
2026-08-30 17:58:44.340 | INFO     | datasets.beat:_sample_from_clip:641 - 134 clips is expected with stride 10
2026-08-30 17:58:44.340 | INFO     | datasets.beat:_sample_from_clip:650 - audio from frame 0 to 1456000, length 36266
2026-08-30 17:58:44.784 | INFO     | datasets.beat:cache_generation:496 - # ---- Building cache for Pose   4_lawrence_0_50_50 ---- #
2026-08-30 17:58:44.799 | INFO     | datasets.beat:cache_generation:504 - # ---- Building cache for Audio  4_lawrence_0_50_50 and Pose 4_lawrence_0_50_50 ---- #
2026-08-30 17:58:44.801 | INFO     | datasets.beat:cache_generation:525 - # ---- Building cache for Facial 4_lawrence_0_50_50 and Pose 4_lawrence_0_50_50 ---- #
2026-08-30 17:58:44.817 | INFO     | datasets.beat:cache_generation:548 - # ---- Building cache for Sem    4_lawrence_0_50_50 and Pose 4_lawrence_0_50_50 ---- #
2026-08-30 17:58:44.829 | INFO     | datasets.beat:_sample_from_clip:614 - audio: 87s, pose: 87s, facial: 87s
2026-08-30 17:58:44.829 | INFO     | datasets.beat:_sample_from_clip:640 - pose from frame 0 to 1305, length 34
2026-08-30 17:58:44.829 | INFO     | datasets.beat:_sample_from_clip:641 - 128 clips is expected with stride 10
2026-08-30 17:58:44.829 | INFO     | datasets.beat:_sample_from_clip:650 - audio from frame 0 to 1392000, length 36266
2026-08-30 17:58:45.241 | INFO     | datasets.beat:cache_generation:496 - # ---- Building cache for Pose   4_lawrence_0_51_51 ---- #
2026-08-30 17:58:45.252 | INFO     | datasets.beat:cache_generation:504 - # ---- Building cache for Audio  4_lawrence_0_51_51 and Pose 4_lawrence_0_51_51 ---- #
2026-08-30 17:58:45.253 | INFO     | datasets.beat:cache_generation:525 - # ---- Building cache for Facial 4_lawrence_0_51_51 and Pose 4_lawrence_0_51_51 ---- #
2026-08-30 17:58:45.264 | INFO     | datasets.beat:cache_generation:548 - # ---- Building cache for Sem    4_lawrence_0_51_51 and Pose 4_lawrence_0_51_51 ---- #
2026-08-30 17:58:45.273 | INFO     | datasets.beat:_sample_from_clip:614 - audio: 58s, pose: 58s, facial: 58s
2026-08-30 17:58:45.273 | INFO     | datasets.beat:_sample_from_clip:640 - pose from frame 0 to 870, length 34
2026-08-30 17:58:45.273 | INFO     | datasets.beat:_sample_from_clip:641 - 84 clips is expected with stride 10
2026-08-30 17:58:45.273 | INFO     | datasets.beat:_sample_from_clip:650 - audio from frame 0 to 928000, length 36266
2026-08-30 17:58:45.548 | INFO     | datasets.beat:cache_generation:496 - # ---- Building cache for Pose   4_lawrence_0_52_52 ---- #
2026-08-30 17:58:45.558 | INFO     | datasets.beat:cache_generation:504 - # ---- Building cache for Audio  4_lawrence_0_52_52 and Pose 4_lawrence_0_52_52 ---- #
2026-08-30 17:58:45.559 | INFO     | datasets.beat:cache_generation:525 - # ---- Building cache for Facial 4_lawrence_0_52_52 and Pose 4_lawrence_0_52_52 ---- #
2026-08-30 17:58:45.570 | INFO     | datasets.beat:cache_generation:548 - # ---- Building cache for Sem    4_lawrence_0_52_52 and Pose 4_lawrence_0_52_52 ---- #
2026-08-30 17:58:45.579 | INFO     | datasets.beat:_sample_from_clip:614 - audio: 58s, pose: 58s, facial: 58s
2026-08-30 17:58:45.579 | INFO     | datasets.beat:_sample_from_clip:640 - pose from frame 0 to 870, length 34
2026-08-30 17:58:45.579 | INFO     | datasets.beat:_sample_from_clip:641 - 84 clips is expected with stride 10
2026-08-30 17:58:45.579 | INFO     | datasets.beat:_sample_from_clip:650 - audio from frame 0 to 928000, length 36266
2026-08-30 17:58:45.862 | INFO     | datasets.beat:cache_generation:496 - # ---- Building cache for Pose   4_lawrence_0_53_53 ---- #
2026-08-30 17:58:45.869 | INFO     | datasets.beat:cache_generation:504 - # ---- Building cache for Audio  4_lawrence_0_53_53 and Pose 4_lawrence_0_53_53 ---- #
2026-08-30 17:58:45.870 | INFO     | datasets.beat:cache_generation:525 - # ---- Building cache for Facial 4_lawrence_0_53_53 and Pose 4_lawrence_0_53_53 ---- #
2026-08-30 17:58:45.877 | INFO     | datasets.beat:cache_generation:548 - # ---- Building cache for Sem    4_lawrence_0_53_53 and Pose 4_lawrence_0_53_53 ---- #
2026-08-30 17:58:45.883 | INFO     | datasets.beat:_sample_from_clip:614 - audio: 38s, pose: 38s, facial: 38s
2026-08-30 17:58:45.883 | INFO     | datasets.beat:_sample_from_clip:640 - pose from frame 0 to 570, length 34
2026-08-30 17:58:45.883 | INFO     | datasets.beat:_sample_from_clip:641 - 54 clips is expected with stride 10
2026-08-30 17:58:45.883 | INFO     | datasets.beat:_sample_from_clip:650 - audio from frame 0 to 608000, length 36266
2026-08-30 17:58:46.070 | INFO     | datasets.beat:cache_generation:496 - # ---- Building cache for Pose   4_lawrence_0_54_54 ---- #
2026-08-30 17:58:46.080 | INFO     | datasets.beat:cache_generation:504 - # ---- Building cache for Audio  4_lawrence_0_54_54 and Pose 4_lawrence_0_54_54 ---- #
2026-08-30 17:58:46.080 | INFO     | datasets.beat:cache_generation:525 - # ---- Building cache for Facial 4_lawrence_0_54_54 and Pose 4_lawrence_0_54_54 ---- #
2026-08-30 17:58:46.090 | INFO     | datasets.beat:cache_generation:548 - # ---- Building cache for Sem    4_lawrence_0_54_54 and Pose 4_lawrence_0_54_54 ---- #
2026-08-30 17:58:46.097 | INFO     | datasets.beat:_sample_from_clip:614 - audio: 50s, pose: 50s, facial: 50s
2026-08-30 17:58:46.097 | INFO     | datasets.beat:_sample_from_clip:640 - pose from frame 0 to 750, length 34
2026-08-30 17:58:46.097 | INFO     | datasets.beat:_sample_from_clip:641 - 72 clips is expected with stride 10
2026-08-30 17:58:46.097 | INFO     | datasets.beat:_sample_from_clip:650 - audio from frame 0 to 800000, length 36266
2026-08-30 17:58:46.347 | INFO     | datasets.beat:cache_generation:496 - # ---- Building cache for Pose   4_lawrence_0_55_55 ---- #
2026-08-30 17:58:46.354 | INFO     | datasets.beat:cache_generation:504 - # ---- Building cache for Audio  4_lawrence_0_55_55 and Pose 4_lawrence_0_55_55 ---- #
2026-08-30 17:58:46.355 | INFO     | datasets.beat:cache_generation:525 - # ---- Building cache for Facial 4_lawrence_0_55_55 and Pose 4_lawrence_0_55_55 ---- #
2026-08-30 17:58:46.363 | INFO     | datasets.beat:cache_generation:548 - # ---- Building cache for Sem    4_lawrence_0_55_55 and Pose 4_lawrence_0_55_55 ---- #
2026-08-30 17:58:46.368 | INFO     | datasets.beat:_sample_from_clip:614 - audio: 39s, pose: 39s, facial: 39s
2026-08-30 17:58:46.368 | INFO     | datasets.beat:_sample_from_clip:640 - pose from frame 0 to 585, length 34
2026-08-30 17:58:46.368 | INFO     | datasets.beat:_sample_from_clip:641 - 56 clips is expected with stride 10
2026-08-30 17:58:46.369 | INFO     | datasets.beat:_sample_from_clip:650 - audio from frame 0 to 624000, length 36266
2026-08-30 17:58:46.570 | INFO     | datasets.beat:cache_generation:496 - # ---- Building cache for Pose   4_lawrence_0_56_56 ---- #
2026-08-30 17:58:46.578 | INFO     | datasets.beat:cache_generation:504 - # ---- Building cache for Audio  4_lawrence_0_56_56 and Pose 4_lawrence_0_56_56 ---- #
2026-08-30 17:58:46.579 | INFO     | datasets.beat:cache_generation:525 - # ---- Building cache for Facial 4_lawrence_0_56_56 and Pose 4_lawrence_0_56_56 ---- #
2026-08-30 17:58:46.588 | INFO     | datasets.beat:cache_generation:548 - # ---- Building cache for Sem    4_lawrence_0_56_56 and Pose 4_lawrence_0_56_56 ---- #
2026-08-30 17:58:46.595 | INFO     | datasets.beat:_sample_from_clip:614 - audio: 47s, pose: 47s, facial: 47s
2026-08-30 17:58:46.595 | INFO     | datasets.beat:_sample_from_clip:640 - pose from frame 0 to 705, length 34
2026-08-30 17:58:46.596 | INFO     | datasets.beat:_sample_from_clip:641 - 68 clips is expected with stride 10
2026-08-30 17:58:46.596 | INFO     | datasets.beat:_sample_from_clip:650 - audio from frame 0 to 752000, length 36266
2026-08-30 17:58:46.833 | INFO     | datasets.beat:cache_generation:496 - # ---- Building cache for Pose   4_lawrence_0_57_57 ---- #
2026-08-30 17:58:46.845 | INFO     | datasets.beat:cache_generation:504 - # ---- Building cache for Audio  4_lawrence_0_57_57 and Pose 4_lawrence_0_57_57 ---- #
2026-08-30 17:58:46.846 | INFO     | datasets.beat:cache_generation:525 - # ---- Building cache for Facial 4_lawrence_0_57_57 and Pose 4_lawrence_0_57_57 ---- #
2026-08-30 17:58:46.859 | INFO     | datasets.beat:cache_generation:548 - # ---- Building cache for Sem    4_lawrence_0_57_57 and Pose 4_lawrence_0_57_57 ---- #
2026-08-30 17:58:46.870 | INFO     | datasets.beat:_sample_from_clip:614 - audio: 69s, pose: 69s, facial: 69s
2026-08-30 17:58:46.870 | INFO     | datasets.beat:_sample_from_clip:640 - pose from frame 0 to 1035, length 34
2026-08-30 17:58:46.870 | INFO     | datasets.beat:_sample_from_clip:641 - 101 clips is expected with stride 10
2026-08-30 17:58:46.870 | INFO     | datasets.beat:_sample_from_clip:650 - audio from frame 0 to 1104000, length 36266
2026-08-30 17:58:47.219 | INFO     | datasets.beat:cache_generation:496 - # ---- Building cache for Pose   4_lawrence_0_58_58 ---- #
2026-08-30 17:58:47.228 | INFO     | datasets.beat:cache_generation:504 - # ---- Building cache for Audio  4_lawrence_0_58_58 and Pose 4_lawrence_0_58_58 ---- #
2026-08-30 17:58:47.228 | INFO     | datasets.beat:cache_generation:525 - # ---- Building cache for Facial 4_lawrence_0_58_58 and Pose 4_lawrence_0_58_58 ---- #
2026-08-30 17:58:47.237 | INFO     | datasets.beat:cache_generation:548 - # ---- Building cache for Sem    4_lawrence_0_58_58 and Pose 4_lawrence_0_58_58 ---- #
2026-08-30 17:58:47.244 | INFO     | datasets.beat:_sample_from_clip:614 - audio: 47s, pose: 47s, facial: 47s
2026-08-30 17:58:47.244 | INFO     | datasets.beat:_sample_from_clip:640 - pose from frame 0 to 705, length 34
2026-08-30 17:58:47.244 | INFO     | datasets.beat:_sample_from_clip:641 - 68 clips is expected with stride 10
2026-08-30 17:58:47.244 | INFO     | datasets.beat:_sample_from_clip:650 - audio from frame 0 to 752000, length 36266
2026-08-30 17:58:47.480 | INFO     | datasets.beat:cache_generation:496 - # ---- Building cache for Pose   4_lawrence_0_59_59 ---- #
2026-08-30 17:58:47.491 | INFO     | datasets.beat:cache_generation:504 - # ---- Building cache for Audio  4_lawrence_0_59_59 and Pose 4_lawrence_0_59_59 ---- #
2026-08-30 17:58:47.492 | INFO     | datasets.beat:cache_generation:525 - # ---- Building cache for Facial 4_lawrence_0_59_59 and Pose 4_lawrence_0_59_59 ---- #
2026-08-30 17:58:47.671 | INFO     | datasets.beat:cache_generation:548 - # ---- Building cache for Sem    4_lawrence_0_59_59 and Pose 4_lawrence_0_59_59 ---- #
2026-08-30 17:58:47.679 | INFO     | datasets.beat:_sample_from_clip:614 - audio: 59s, pose: 59s, facial: 59s
2026-08-30 17:58:47.679 | INFO     | datasets.beat:_sample_from_clip:640 - pose from frame 0 to 885, length 34
2026-08-30 17:58:47.679 | INFO     | datasets.beat:_sample_from_clip:641 - 86 clips is expected with stride 10
2026-08-30 17:58:47.679 | INFO     | datasets.beat:_sample_from_clip:650 - audio from frame 0 to 944000, length 36266
2026-08-30 17:58:47.974 | INFO     | datasets.beat:cache_generation:496 - # ---- Building cache for Pose   4_lawrence_0_5_5 ---- #
2026-08-30 17:58:47.991 | INFO     | datasets.beat:cache_generation:504 - # ---- Building cache for Audio  4_lawrence_0_5_5 and Pose 4_lawrence_0_5_5 ---- #
2026-08-30 17:58:47.993 | INFO     | datasets.beat:cache_generation:525 - # ---- Building cache for Facial 4_lawrence_0_5_5 and Pose 4_lawrence_0_5_5 ---- #
2026-08-30 17:58:48.011 | INFO     | datasets.beat:cache_generation:548 - # ---- Building cache for Sem    4_lawrence_0_5_5 and Pose 4_lawrence_0_5_5 ---- #
2026-08-30 17:58:48.024 | INFO     | datasets.beat:_sample_from_clip:614 - audio: 99s, pose: 99s, facial: 99s
2026-08-30 17:58:48.024 | INFO     | datasets.beat:_sample_from_clip:640 - pose from frame 0 to 1485, length 34
2026-08-30 17:58:48.024 | INFO     | datasets.beat:_sample_from_clip:641 - 146 clips is expected with stride 10
2026-08-30 17:58:48.024 | INFO     | datasets.beat:_sample_from_clip:650 - audio from frame 0 to 1584000, length 36266
2026-08-30 17:58:48.517 | INFO     | datasets.beat:cache_generation:496 - # ---- Building cache for Pose   4_lawrence_0_60_60 ---- #
2026-08-30 17:58:48.528 | INFO     | datasets.beat:cache_generation:504 - # ---- Building cache for Audio  4_lawrence_0_60_60 and Pose 4_lawrence_0_60_60 ---- #
2026-08-30 17:58:48.529 | INFO     | datasets.beat:cache_generation:525 - # ---- Building cache for Facial 4_lawrence_0_60_60 and Pose 4_lawrence_0_60_60 ---- #
2026-08-30 17:58:48.542 | INFO     | datasets.beat:cache_generation:548 - # ---- Building cache for Sem    4_lawrence_0_60_60 and Pose 4_lawrence_0_60_60 ---- #
2026-08-30 17:58:48.550 | INFO     | datasets.beat:_sample_from_clip:614 - audio: 61s, pose: 61s, facial: 61s
2026-08-30 17:58:48.550 | INFO     | datasets.beat:_sample_from_clip:640 - pose from frame 0 to 915, length 34
2026-08-30 17:58:48.550 | INFO     | datasets.beat:_sample_from_clip:641 - 89 clips is expected with stride 10
2026-08-30 17:58:48.550 | INFO     | datasets.beat:_sample_from_clip:650 - audio from frame 0 to 976000, length 36266
2026-08-30 17:58:48.852 | INFO     | datasets.beat:cache_generation:496 - # ---- Building cache for Pose   4_lawrence_0_61_61 ---- #
2026-08-30 17:58:48.866 | INFO     | datasets.beat:cache_generation:504 - # ---- Building cache for Audio  4_lawrence_0_61_61 and Pose 4_lawrence_0_61_61 ---- #
2026-08-30 17:58:48.867 | INFO     | datasets.beat:cache_generation:525 - # ---- Building cache for Facial 4_lawrence_0_61_61 and Pose 4_lawrence_0_61_61 ---- #
2026-08-30 17:58:48.881 | INFO     | datasets.beat:cache_generation:548 - # ---- Building cache for Sem    4_lawrence_0_61_61 and Pose 4_lawrence_0_61_61 ---- #
2026-08-30 17:58:48.891 | INFO     | datasets.beat:_sample_from_clip:614 - audio: 76s, pose: 76s, facial: 76s
2026-08-30 17:58:48.891 | INFO     | datasets.beat:_sample_from_clip:640 - pose from frame 0 to 1140, length 34
2026-08-30 17:58:48.891 | INFO     | datasets.beat:_sample_from_clip:641 - 111 clips is expected with stride 10
2026-08-30 17:58:48.891 | INFO     | datasets.beat:_sample_from_clip:650 - audio from frame 0 to 1216000, length 36266
2026-08-30 17:58:49.274 | INFO     | datasets.beat:cache_generation:496 - # ---- Building cache for Pose   4_lawrence_0_62_62 ---- #
2026-08-30 17:58:49.288 | INFO     | datasets.beat:cache_generation:504 - # ---- Building cache for Audio  4_lawrence_0_62_62 and Pose 4_lawrence_0_62_62 ---- #
2026-08-30 17:58:49.289 | INFO     | datasets.beat:cache_generation:525 - # ---- Building cache for Facial 4_lawrence_0_62_62 and Pose 4_lawrence_0_62_62 ---- #
2026-08-30 17:58:49.303 | INFO     | datasets.beat:cache_generation:548 - # ---- Building cache for Sem    4_lawrence_0_62_62 and Pose 4_lawrence_0_62_62 ---- #
2026-08-30 17:58:49.313 | INFO     | datasets.beat:_sample_from_clip:614 - audio: 76s, pose: 76s, facial: 76s
2026-08-30 17:58:49.313 | INFO     | datasets.beat:_sample_from_clip:640 - pose from frame 0 to 1140, length 34
2026-08-30 17:58:49.313 | INFO     | datasets.beat:_sample_from_clip:641 - 111 clips is expected with stride 10
2026-08-30 17:58:49.313 | INFO     | datasets.beat:_sample_from_clip:650 - audio from frame 0 to 1216000, length 36266
2026-08-30 17:58:49.677 | INFO     | datasets.beat:cache_generation:496 - # ---- Building cache for Pose   4_lawrence_0_63_63 ---- #
2026-08-30 17:58:49.687 | INFO     | datasets.beat:cache_generation:504 - # ---- Building cache for Audio  4_lawrence_0_63_63 and Pose 4_lawrence_0_63_63 ---- #
2026-08-30 17:58:49.688 | INFO     | datasets.beat:cache_generation:525 - # ---- Building cache for Facial 4_lawrence_0_63_63 and Pose 4_lawrence_0_63_63 ---- #
2026-08-30 17:58:49.699 | INFO     | datasets.beat:cache_generation:548 - # ---- Building cache for Sem    4_lawrence_0_63_63 and Pose 4_lawrence_0_63_63 ---- #
2026-08-30 17:58:49.706 | INFO     | datasets.beat:_sample_from_clip:614 - audio: 56s, pose: 56s, facial: 56s
2026-08-30 17:58:49.707 | INFO     | datasets.beat:_sample_from_clip:640 - pose from frame 0 to 840, length 34
2026-08-30 17:58:49.707 | INFO     | datasets.beat:_sample_from_clip:641 - 81 clips is expected with stride 10
2026-08-30 17:58:49.707 | INFO     | datasets.beat:_sample_from_clip:650 - audio from frame 0 to 896000, length 36266
2026-08-30 17:58:50.006 | INFO     | datasets.beat:cache_generation:496 - # ---- Building cache for Pose   4_lawrence_0_64_64 ---- #
2026-08-30 17:58:50.019 | INFO     | datasets.beat:cache_generation:504 - # ---- Building cache for Audio  4_lawrence_0_64_64 and Pose 4_lawrence_0_64_64 ---- #
2026-08-30 17:58:50.020 | INFO     | datasets.beat:cache_generation:525 - # ---- Building cache for Facial 4_lawrence_0_64_64 and Pose 4_lawrence_0_64_64 ---- #
2026-08-30 17:58:50.033 | INFO     | datasets.beat:cache_generation:548 - # ---- Building cache for Sem    4_lawrence_0_64_64 and Pose 4_lawrence_0_64_64 ---- #
2026-08-30 17:58:50.042 | INFO     | datasets.beat:_sample_from_clip:614 - audio: 67s, pose: 68s, facial: 67s
2026-08-30 17:58:50.042 | WARNING  | datasets.beat:_sample_from_clip:618 - reduce to 67s, ignore 1s
2026-08-30 17:58:50.042 | INFO     | datasets.beat:_sample_from_clip:640 - pose from frame 0 to 1005, length 34
2026-08-30 17:58:50.042 | INFO     | datasets.beat:_sample_from_clip:641 - 98 clips is expected with stride 10
2026-08-30 17:58:50.042 | INFO     | datasets.beat:_sample_from_clip:650 - audio from frame 0 to 1072000, length 36266
2026-08-30 17:58:50.376 | INFO     | datasets.beat:cache_generation:496 - # ---- Building cache for Pose   4_lawrence_0_65_65 ---- #
2026-08-30 17:58:50.386 | INFO     | datasets.beat:cache_generation:504 - # ---- Building cache for Audio  4_lawrence_0_65_65 and Pose 4_lawrence_0_65_65 ---- #
2026-08-30 17:58:50.387 | INFO     | datasets.beat:cache_generation:525 - # ---- Building cache for Facial 4_lawrence_0_65_65 and Pose 4_lawrence_0_65_65 ---- #
2026-08-30 17:58:50.397 | INFO     | datasets.beat:cache_generation:548 - # ---- Building cache for Sem    4_lawrence_0_65_65 and Pose 4_lawrence_0_65_65 ---- #
2026-08-30 17:58:50.403 | INFO     | datasets.beat:_sample_from_clip:614 - audio: 53s, pose: 53s, facial: 53s
2026-08-30 17:58:50.404 | INFO     | datasets.beat:_sample_from_clip:640 - pose from frame 0 to 795, length 34
2026-08-30 17:58:50.404 | INFO     | datasets.beat:_sample_from_clip:641 - 77 clips is expected with stride 10
2026-08-30 17:58:50.404 | INFO     | datasets.beat:_sample_from_clip:650 - audio from frame 0 to 848000, length 36266
2026-08-30 17:58:50.674 | INFO     | datasets.beat:cache_generation:496 - # ---- Building cache for Pose   4_lawrence_0_66_66 ---- #
2026-08-30 17:58:50.685 | INFO     | datasets.beat:cache_generation:504 - # ---- Building cache for Audio  4_lawrence_0_66_66 and Pose 4_lawrence_0_66_66 ---- #
2026-08-30 17:58:50.686 | INFO     | datasets.beat:cache_generation:525 - # ---- Building cache for Facial 4_lawrence_0_66_66 and Pose 4_lawrence_0_66_66 ---- #
2026-08-30 17:58:50.697 | INFO     | datasets.beat:cache_generation:548 - # ---- Building cache for Sem    4_lawrence_0_66_66 and Pose 4_lawrence_0_66_66 ---- #
2026-08-30 17:58:50.705 | INFO     | datasets.beat:_sample_from_clip:614 - audio: 61s, pose: 61s, facial: 61s
2026-08-30 17:58:50.705 | INFO     | datasets.beat:_sample_from_clip:640 - pose from frame 0 to 915, length 34
2026-08-30 17:58:50.705 | INFO     | datasets.beat:_sample_from_clip:641 - 89 clips is expected with stride 10
2026-08-30 17:58:50.705 | INFO     | datasets.beat:_sample_from_clip:650 - audio from frame 0 to 976000, length 36266
2026-08-30 17:58:51.010 | INFO     | datasets.beat:cache_generation:496 - # ---- Building cache for Pose   4_lawrence_0_67_67 ---- #
2026-08-30 17:58:51.018 | INFO     | datasets.beat:cache_generation:504 - # ---- Building cache for Audio  4_lawrence_0_67_67 and Pose 4_lawrence_0_67_67 ---- #
2026-08-30 17:58:51.019 | INFO     | datasets.beat:cache_generation:525 - # ---- Building cache for Facial 4_lawrence_0_67_67 and Pose 4_lawrence_0_67_67 ---- #
2026-08-30 17:58:51.028 | INFO     | datasets.beat:cache_generation:548 - # ---- Building cache for Sem    4_lawrence_0_67_67 and Pose 4_lawrence_0_67_67 ---- #
2026-08-30 17:58:51.033 | INFO     | datasets.beat:_sample_from_clip:614 - audio: 44s, pose: 44s, facial: 44s
2026-08-30 17:58:51.034 | INFO     | datasets.beat:_sample_from_clip:640 - pose from frame 0 to 660, length 34
2026-08-30 17:58:51.034 | INFO     | datasets.beat:_sample_from_clip:641 - 63 clips is expected with stride 10
2026-08-30 17:58:51.034 | INFO     | datasets.beat:_sample_from_clip:650 - audio from frame 0 to 704000, length 36266
2026-08-30 17:58:51.255 | INFO     | datasets.beat:cache_generation:496 - # ---- Building cache for Pose   4_lawrence_0_68_68 ---- #
2026-08-30 17:58:51.265 | INFO     | datasets.beat:cache_generation:504 - # ---- Building cache for Audio  4_lawrence_0_68_68 and Pose 4_lawrence_0_68_68 ---- #
2026-08-30 17:58:51.266 | INFO     | datasets.beat:cache_generation:525 - # ---- Building cache for Facial 4_lawrence_0_68_68 and Pose 4_lawrence_0_68_68 ---- #
2026-08-30 17:58:51.276 | INFO     | datasets.beat:cache_generation:548 - # ---- Building cache for Sem    4_lawrence_0_68_68 and Pose 4_lawrence_0_68_68 ---- #
2026-08-30 17:58:51.284 | INFO     | datasets.beat:_sample_from_clip:614 - audio: 54s, pose: 54s, facial: 54s
2026-08-30 17:58:51.284 | INFO     | datasets.beat:_sample_from_clip:640 - pose from frame 0 to 810, length 34
2026-08-30 17:58:51.284 | INFO     | datasets.beat:_sample_from_clip:641 - 78 clips is expected with stride 10
2026-08-30 17:58:51.284 | INFO     | datasets.beat:_sample_from_clip:650 - audio from frame 0 to 864000, length 36266
2026-08-30 17:58:51.556 | INFO     | datasets.beat:cache_generation:496 - # ---- Building cache for Pose   4_lawrence_0_69_69 ---- #
2026-08-30 17:58:51.565 | INFO     | datasets.beat:cache_generation:504 - # ---- Building cache for Audio  4_lawrence_0_69_69 and Pose 4_lawrence_0_69_69 ---- #
2026-08-30 17:58:51.566 | INFO     | datasets.beat:cache_generation:525 - # ---- Building cache for Facial 4_lawrence_0_69_69 and Pose 4_lawrence_0_69_69 ---- #
2026-08-30 17:58:51.576 | INFO     | datasets.beat:cache_generation:548 - # ---- Building cache for Sem    4_lawrence_0_69_69 and Pose 4_lawrence_0_69_69 ---- #
2026-08-30 17:58:51.583 | INFO     | datasets.beat:_sample_from_clip:614 - audio: 52s, pose: 52s, facial: 52s
2026-08-30 17:58:51.583 | INFO     | datasets.beat:_sample_from_clip:640 - pose from frame 0 to 780, length 34
2026-08-30 17:58:51.583 | INFO     | datasets.beat:_sample_from_clip:641 - 75 clips is expected with stride 10
2026-08-30 17:58:51.583 | INFO     | datasets.beat:_sample_from_clip:650 - audio from frame 0 to 832000, length 36266
2026-08-30 17:58:51.844 | INFO     | datasets.beat:cache_generation:496 - # ---- Building cache for Pose   4_lawrence_0_6_6 ---- #
2026-08-30 17:58:51.861 | INFO     | datasets.beat:cache_generation:504 - # ---- Building cache for Audio  4_lawrence_0_6_6 and Pose 4_lawrence_0_6_6 ---- #
2026-08-30 17:58:51.863 | INFO     | datasets.beat:cache_generation:525 - # ---- Building cache for Facial 4_lawrence_0_6_6 and Pose 4_lawrence_0_6_6 ---- #
2026-08-30 17:58:51.879 | INFO     | datasets.beat:cache_generation:548 - # ---- Building cache for Sem    4_lawrence_0_6_6 and Pose 4_lawrence_0_6_6 ---- #
2026-08-30 17:58:51.891 | INFO     | datasets.beat:_sample_from_clip:614 - audio: 93s, pose: 93s, facial: 93s
2026-08-30 17:58:51.892 | INFO     | datasets.beat:_sample_from_clip:640 - pose from frame 0 to 1395, length 34
2026-08-30 17:58:51.892 | INFO     | datasets.beat:_sample_from_clip:641 - 137 clips is expected with stride 10
2026-08-30 17:58:51.892 | INFO     | datasets.beat:_sample_from_clip:650 - audio from frame 0 to 1488000, length 36266
2026-08-30 17:58:52.358 | INFO     | datasets.beat:cache_generation:496 - # ---- Building cache for Pose   4_lawrence_0_70_70 ---- #
2026-08-30 17:58:52.369 | INFO     | datasets.beat:cache_generation:504 - # ---- Building cache for Audio  4_lawrence_0_70_70 and Pose 4_lawrence_0_70_70 ---- #
2026-08-30 17:58:52.369 | INFO     | datasets.beat:cache_generation:525 - # ---- Building cache for Facial 4_lawrence_0_70_70 and Pose 4_lawrence_0_70_70 ---- #
2026-08-30 17:58:52.381 | INFO     | datasets.beat:cache_generation:548 - # ---- Building cache for Sem    4_lawrence_0_70_70 and Pose 4_lawrence_0_70_70 ---- #
2026-08-30 17:58:52.388 | INFO     | datasets.beat:_sample_from_clip:614 - audio: 56s, pose: 56s, facial: 56s
2026-08-30 17:58:52.388 | INFO     | datasets.beat:_sample_from_clip:640 - pose from frame 0 to 840, length 34
2026-08-30 17:58:52.388 | INFO     | datasets.beat:_sample_from_clip:641 - 81 clips is expected with stride 10
2026-08-30 17:58:52.389 | INFO     | datasets.beat:_sample_from_clip:650 - audio from frame 0 to 896000, length 36266
2026-08-30 17:58:52.688 | INFO     | datasets.beat:cache_generation:496 - # ---- Building cache for Pose   4_lawrence_0_71_71 ---- #
2026-08-30 17:58:52.697 | INFO     | datasets.beat:cache_generation:504 - # ---- Building cache for Audio  4_lawrence_0_71_71 and Pose 4_lawrence_0_71_71 ---- #
2026-08-30 17:58:52.698 | INFO     | datasets.beat:cache_generation:525 - # ---- Building cache for Facial 4_lawrence_0_71_71 and Pose 4_lawrence_0_71_71 ---- #
2026-08-30 17:58:52.706 | INFO     | datasets.beat:cache_generation:548 - # ---- Building cache for Sem    4_lawrence_0_71_71 and Pose 4_lawrence_0_71_71 ---- #
2026-08-30 17:58:52.712 | INFO     | datasets.beat:_sample_from_clip:614 - audio: 46s, pose: 46s, facial: 46s
2026-08-30 17:58:52.712 | INFO     | datasets.beat:_sample_from_clip:640 - pose from frame 0 to 690, length 34
2026-08-30 17:58:52.713 | INFO     | datasets.beat:_sample_from_clip:641 - 66 clips is expected with stride 10
2026-08-30 17:58:52.713 | INFO     | datasets.beat:_sample_from_clip:650 - audio from frame 0 to 736000, length 36266
2026-08-30 17:58:52.931 | INFO     | datasets.beat:cache_generation:496 - # ---- Building cache for Pose   4_lawrence_0_72_72 ---- #
2026-08-30 17:58:52.941 | INFO     | datasets.beat:cache_generation:504 - # ---- Building cache for Audio  4_lawrence_0_72_72 and Pose 4_lawrence_0_72_72 ---- #
2026-08-30 17:58:52.942 | INFO     | datasets.beat:cache_generation:525 - # ---- Building cache for Facial 4_lawrence_0_72_72 and Pose 4_lawrence_0_72_72 ---- #
2026-08-30 17:58:52.952 | INFO     | datasets.beat:cache_generation:548 - # ---- Building cache for Sem    4_lawrence_0_72_72 and Pose 4_lawrence_0_72_72 ---- #
2026-08-30 17:58:52.959 | INFO     | datasets.beat:_sample_from_clip:614 - audio: 54s, pose: 54s, facial: 54s
2026-08-30 17:58:52.959 | INFO     | datasets.beat:_sample_from_clip:640 - pose from frame 0 to 810, length 34
2026-08-30 17:58:52.959 | INFO     | datasets.beat:_sample_from_clip:641 - 78 clips is expected with stride 10
2026-08-30 17:58:52.959 | INFO     | datasets.beat:_sample_from_clip:650 - audio from frame 0 to 864000, length 36266
2026-08-30 17:58:53.218 | INFO     | datasets.beat:cache_generation:496 - # ---- Building cache for Pose   4_lawrence_0_73_73 ---- #
2026-08-30 17:58:53.226 | INFO     | datasets.beat:cache_generation:504 - # ---- Building cache for Audio  4_lawrence_0_73_73 and Pose 4_lawrence_0_73_73 ---- #
2026-08-30 17:58:53.227 | INFO     | datasets.beat:cache_generation:525 - # ---- Building cache for Facial 4_lawrence_0_73_73 and Pose 4_lawrence_0_73_73 ---- #
2026-08-30 17:58:53.236 | INFO     | datasets.beat:cache_generation:548 - # ---- Building cache for Sem    4_lawrence_0_73_73 and Pose 4_lawrence_0_73_73 ---- #
2026-08-30 17:58:53.242 | INFO     | datasets.beat:_sample_from_clip:614 - audio: 46s, pose: 46s, facial: 46s
2026-08-30 17:58:53.242 | INFO     | datasets.beat:_sample_from_clip:640 - pose from frame 0 to 690, length 34
2026-08-30 17:58:53.242 | INFO     | datasets.beat:_sample_from_clip:641 - 66 clips is expected with stride 10
2026-08-30 17:58:53.242 | INFO     | datasets.beat:_sample_from_clip:650 - audio from frame 0 to 736000, length 36266
2026-08-30 17:58:53.464 | INFO     | datasets.beat:cache_generation:496 - # ---- Building cache for Pose   4_lawrence_0_74_74 ---- #
2026-08-30 17:58:53.473 | INFO     | datasets.beat:cache_generation:504 - # ---- Building cache for Audio  4_lawrence_0_74_74 and Pose 4_lawrence_0_74_74 ---- #
2026-08-30 17:58:53.474 | INFO     | datasets.beat:cache_generation:525 - # ---- Building cache for Facial 4_lawrence_0_74_74 and Pose 4_lawrence_0_74_74 ---- #
2026-08-30 17:58:53.484 | INFO     | datasets.beat:cache_generation:548 - # ---- Building cache for Sem    4_lawrence_0_74_74 and Pose 4_lawrence_0_74_74 ---- #
2026-08-30 17:58:53.490 | INFO     | datasets.beat:_sample_from_clip:614 - audio: 51s, pose: 51s, facial: 51s
2026-08-30 17:58:53.490 | INFO     | datasets.beat:_sample_from_clip:640 - pose from frame 0 to 765, length 34
2026-08-30 17:58:53.490 | INFO     | datasets.beat:_sample_from_clip:641 - 74 clips is expected with stride 10
2026-08-30 17:58:53.490 | INFO     | datasets.beat:_sample_from_clip:650 - audio from frame 0 to 816000, length 36266
2026-08-30 17:58:53.749 | INFO     | datasets.beat:cache_generation:496 - # ---- Building cache for Pose   4_lawrence_0_75_75 ---- #
2026-08-30 17:58:53.754 | INFO     | datasets.beat:cache_generation:504 - # ---- Building cache for Audio  4_lawrence_0_75_75 and Pose 4_lawrence_0_75_75 ---- #
2026-08-30 17:58:53.755 | INFO     | datasets.beat:cache_generation:525 - # ---- Building cache for Facial 4_lawrence_0_75_75 and Pose 4_lawrence_0_75_75 ---- #
2026-08-30 17:58:53.761 | INFO     | datasets.beat:cache_generation:548 - # ---- Building cache for Sem    4_lawrence_0_75_75 and Pose 4_lawrence_0_75_75 ---- #
2026-08-30 17:58:53.765 | INFO     | datasets.beat:_sample_from_clip:614 - audio: 28s, pose: 28s, facial: 28s
2026-08-30 17:58:53.765 | INFO     | datasets.beat:_sample_from_clip:640 - pose from frame 0 to 420, length 34
2026-08-30 17:58:53.765 | INFO     | datasets.beat:_sample_from_clip:641 - 39 clips is expected with stride 10
2026-08-30 17:58:53.765 | INFO     | datasets.beat:_sample_from_clip:650 - audio from frame 0 to 448000, length 36266
2026-08-30 17:58:53.912 | INFO     | datasets.beat:cache_generation:496 - # ---- Building cache for Pose   4_lawrence_0_76_76 ---- #
2026-08-30 17:58:53.921 | INFO     | datasets.beat:cache_generation:504 - # ---- Building cache for Audio  4_lawrence_0_76_76 and Pose 4_lawrence_0_76_76 ---- #
2026-08-30 17:58:53.921 | INFO     | datasets.beat:cache_generation:525 - # ---- Building cache for Facial 4_lawrence_0_76_76 and Pose 4_lawrence_0_76_76 ---- #
2026-08-30 17:58:53.930 | INFO     | datasets.beat:cache_generation:548 - # ---- Building cache for Sem    4_lawrence_0_76_76 and Pose 4_lawrence_0_76_76 ---- #
2026-08-30 17:58:53.936 | INFO     | datasets.beat:_sample_from_clip:614 - audio: 45s, pose: 45s, facial: 45s
2026-08-30 17:58:53.936 | INFO     | datasets.beat:_sample_from_clip:640 - pose from frame 0 to 675, length 34
2026-08-30 17:58:53.936 | INFO     | datasets.beat:_sample_from_clip:641 - 65 clips is expected with stride 10
2026-08-30 17:58:53.936 | INFO     | datasets.beat:_sample_from_clip:650 - audio from frame 0 to 720000, length 36266
2026-08-30 17:58:54.161 | INFO     | datasets.beat:cache_generation:496 - # ---- Building cache for Pose   4_lawrence_0_77_77 ---- #
2026-08-30 17:58:54.169 | INFO     | datasets.beat:cache_generation:504 - # ---- Building cache for Audio  4_lawrence_0_77_77 and Pose 4_lawrence_0_77_77 ---- #
2026-08-30 17:58:54.169 | INFO     | datasets.beat:cache_generation:525 - # ---- Building cache for Facial 4_lawrence_0_77_77 and Pose 4_lawrence_0_77_77 ---- #
2026-08-30 17:58:54.178 | INFO     | datasets.beat:cache_generation:548 - # ---- Building cache for Sem    4_lawrence_0_77_77 and Pose 4_lawrence_0_77_77 ---- #
2026-08-30 17:58:54.183 | INFO     | datasets.beat:_sample_from_clip:614 - audio: 42s, pose: 42s, facial: 42s
2026-08-30 17:58:54.183 | INFO     | datasets.beat:_sample_from_clip:640 - pose from frame 0 to 630, length 34
2026-08-30 17:58:54.183 | INFO     | datasets.beat:_sample_from_clip:641 - 60 clips is expected with stride 10
2026-08-30 17:58:54.183 | INFO     | datasets.beat:_sample_from_clip:650 - audio from frame 0 to 672000, length 36266
2026-08-30 17:58:54.397 | INFO     | datasets.beat:cache_generation:496 - # ---- Building cache for Pose   4_lawrence_0_78_78 ---- #
2026-08-30 17:58:54.406 | INFO     | datasets.beat:cache_generation:504 - # ---- Building cache for Audio  4_lawrence_0_78_78 and Pose 4_lawrence_0_78_78 ---- #
2026-08-30 17:58:54.407 | INFO     | datasets.beat:cache_generation:525 - # ---- Building cache for Facial 4_lawrence_0_78_78 and Pose 4_lawrence_0_78_78 ---- #
2026-08-30 17:58:54.416 | INFO     | datasets.beat:cache_generation:548 - # ---- Building cache for Sem    4_lawrence_0_78_78 and Pose 4_lawrence_0_78_78 ---- #
2026-08-30 17:58:54.422 | INFO     | datasets.beat:_sample_from_clip:614 - audio: 47s, pose: 47s, facial: 47s
2026-08-30 17:58:54.422 | INFO     | datasets.beat:_sample_from_clip:640 - pose from frame 0 to 705, length 34
2026-08-30 17:58:54.422 | INFO     | datasets.beat:_sample_from_clip:641 - 68 clips is expected with stride 10
2026-08-30 17:58:54.423 | INFO     | datasets.beat:_sample_from_clip:650 - audio from frame 0 to 752000, length 36266
2026-08-30 17:58:54.663 | INFO     | datasets.beat:cache_generation:496 - # ---- Building cache for Pose   4_lawrence_0_79_79 ---- #
2026-08-30 17:58:54.673 | INFO     | datasets.beat:cache_generation:504 - # ---- Building cache for Audio  4_lawrence_0_79_79 and Pose 4_lawrence_0_79_79 ---- #
2026-08-30 17:58:54.673 | INFO     | datasets.beat:cache_generation:525 - # ---- Building cache for Facial 4_lawrence_0_79_79 and Pose 4_lawrence_0_79_79 ---- #
2026-08-30 17:58:54.684 | INFO     | datasets.beat:cache_generation:548 - # ---- Building cache for Sem    4_lawrence_0_79_79 and Pose 4_lawrence_0_79_79 ---- #
2026-08-30 17:58:54.693 | INFO     | datasets.beat:_sample_from_clip:614 - audio: 54s, pose: 54s, facial: 54s
2026-08-30 17:58:54.693 | INFO     | datasets.beat:_sample_from_clip:640 - pose from frame 0 to 810, length 34
2026-08-30 17:58:54.693 | INFO     | datasets.beat:_sample_from_clip:641 - 78 clips is expected with stride 10
2026-08-30 17:58:54.693 | INFO     | datasets.beat:_sample_from_clip:650 - audio from frame 0 to 864000, length 36266
2026-08-30 17:58:54.971 | INFO     | datasets.beat:cache_generation:496 - # ---- Building cache for Pose   4_lawrence_0_7_7 ---- #
2026-08-30 17:58:54.987 | INFO     | datasets.beat:cache_generation:504 - # ---- Building cache for Audio  4_lawrence_0_7_7 and Pose 4_lawrence_0_7_7 ---- #
2026-08-30 17:58:54.988 | INFO     | datasets.beat:cache_generation:525 - # ---- Building cache for Facial 4_lawrence_0_7_7 and Pose 4_lawrence_0_7_7 ---- #
2026-08-30 17:58:55.004 | INFO     | datasets.beat:cache_generation:548 - # ---- Building cache for Sem    4_lawrence_0_7_7 and Pose 4_lawrence_0_7_7 ---- #
2026-08-30 17:58:55.016 | INFO     | datasets.beat:_sample_from_clip:614 - audio: 86s, pose: 86s, facial: 86s
2026-08-30 17:58:55.016 | INFO     | datasets.beat:_sample_from_clip:640 - pose from frame 0 to 1290, length 34
2026-08-30 17:58:55.016 | INFO     | datasets.beat:_sample_from_clip:641 - 126 clips is expected with stride 10
2026-08-30 17:58:55.016 | INFO     | datasets.beat:_sample_from_clip:650 - audio from frame 0 to 1376000, length 36266
2026-08-30 17:58:55.445 | INFO     | datasets.beat:cache_generation:496 - # ---- Building cache for Pose   4_lawrence_0_80_80 ---- #
2026-08-30 17:58:55.456 | INFO     | datasets.beat:cache_generation:504 - # ---- Building cache for Audio  4_lawrence_0_80_80 and Pose 4_lawrence_0_80_80 ---- #
2026-08-30 17:58:55.457 | INFO     | datasets.beat:cache_generation:525 - # ---- Building cache for Facial 4_lawrence_0_80_80 and Pose 4_lawrence_0_80_80 ---- #
2026-08-30 17:58:55.468 | INFO     | datasets.beat:cache_generation:548 - # ---- Building cache for Sem    4_lawrence_0_80_80 and Pose 4_lawrence_0_80_80 ---- #
2026-08-30 17:58:55.477 | INFO     | datasets.beat:_sample_from_clip:614 - audio: 59s, pose: 59s, facial: 59s
2026-08-30 17:58:55.477 | INFO     | datasets.beat:_sample_from_clip:640 - pose from frame 0 to 885, length 34
2026-08-30 17:58:55.477 | INFO     | datasets.beat:_sample_from_clip:641 - 86 clips is expected with stride 10
2026-08-30 17:58:55.477 | INFO     | datasets.beat:_sample_from_clip:650 - audio from frame 0 to 944000, length 36266
2026-08-30 17:58:55.772 | INFO     | datasets.beat:cache_generation:496 - # ---- Building cache for Pose   4_lawrence_0_81_81 ---- #
2026-08-30 17:58:55.789 | INFO     | datasets.beat:cache_generation:504 - # ---- Building cache for Audio  4_lawrence_0_81_81 and Pose 4_lawrence_0_81_81 ---- #
2026-08-30 17:58:55.791 | INFO     | datasets.beat:cache_generation:525 - # ---- Building cache for Facial 4_lawrence_0_81_81 and Pose 4_lawrence_0_81_81 ---- #
2026-08-30 17:58:55.809 | INFO     | datasets.beat:cache_generation:548 - # ---- Building cache for Sem    4_lawrence_0_81_81 and Pose 4_lawrence_0_81_81 ---- #
2026-08-30 17:58:55.820 | INFO     | datasets.beat:_sample_from_clip:614 - audio: 96s, pose: 96s, facial: 96s
2026-08-30 17:58:55.820 | INFO     | datasets.beat:_sample_from_clip:640 - pose from frame 0 to 1440, length 34
2026-08-30 17:58:55.820 | INFO     | datasets.beat:_sample_from_clip:641 - 141 clips is expected with stride 10
2026-08-30 17:58:55.820 | INFO     | datasets.beat:_sample_from_clip:650 - audio from frame 0 to 1536000, length 36266
2026-08-30 17:58:56.295 | INFO     | datasets.beat:cache_generation:496 - # ---- Building cache for Pose   4_lawrence_0_82_82 ---- #
2026-08-30 17:58:56.313 | INFO     | datasets.beat:cache_generation:504 - # ---- Building cache for Audio  4_lawrence_0_82_82 and Pose 4_lawrence_0_82_82 ---- #
2026-08-30 17:58:56.315 | INFO     | datasets.beat:cache_generation:525 - # ---- Building cache for Facial 4_lawrence_0_82_82 and Pose 4_lawrence_0_82_82 ---- #
2026-08-30 17:58:56.334 | INFO     | datasets.beat:cache_generation:548 - # ---- Building cache for Sem    4_lawrence_0_82_82 and Pose 4_lawrence_0_82_82 ---- #
2026-08-30 17:58:56.346 | INFO     | datasets.beat:_sample_from_clip:614 - audio: 102s, pose: 102s, facial: 102s
2026-08-30 17:58:56.346 | INFO     | datasets.beat:_sample_from_clip:640 - pose from frame 0 to 1530, length 34
2026-08-30 17:58:56.346 | INFO     | datasets.beat:_sample_from_clip:641 - 150 clips is expected with stride 10
2026-08-30 17:58:56.346 | INFO     | datasets.beat:_sample_from_clip:650 - audio from frame 0 to 1632000, length 36266
2026-08-30 17:58:56.850 | INFO     | datasets.beat:cache_generation:496 - # ---- Building cache for Pose   4_lawrence_0_83_83 ---- #
2026-08-30 17:58:56.864 | INFO     | datasets.beat:cache_generation:504 - # ---- Building cache for Audio  4_lawrence_0_83_83 and Pose 4_lawrence_0_83_83 ---- #
2026-08-30 17:58:56.865 | INFO     | datasets.beat:cache_generation:525 - # ---- Building cache for Facial 4_lawrence_0_83_83 and Pose 4_lawrence_0_83_83 ---- #
2026-08-30 17:58:56.879 | INFO     | datasets.beat:cache_generation:548 - # ---- Building cache for Sem    4_lawrence_0_83_83 and Pose 4_lawrence_0_83_83 ---- #
2026-08-30 17:58:56.888 | INFO     | datasets.beat:_sample_from_clip:614 - audio: 75s, pose: 75s, facial: 75s
2026-08-30 17:58:56.888 | INFO     | datasets.beat:_sample_from_clip:640 - pose from frame 0 to 1125, length 34
2026-08-30 17:58:56.888 | INFO     | datasets.beat:_sample_from_clip:641 - 110 clips is expected with stride 10
2026-08-30 17:58:56.888 | INFO     | datasets.beat:_sample_from_clip:650 - audio from frame 0 to 1200000, length 36266
2026-08-30 17:58:57.266 | INFO     | datasets.beat:cache_generation:496 - # ---- Building cache for Pose   4_lawrence_0_84_84 ---- #
2026-08-30 17:58:57.279 | INFO     | datasets.beat:cache_generation:504 - # ---- Building cache for Audio  4_lawrence_0_84_84 and Pose 4_lawrence_0_84_84 ---- #
2026-08-30 17:58:57.280 | INFO     | datasets.beat:cache_generation:525 - # ---- Building cache for Facial 4_lawrence_0_84_84 and Pose 4_lawrence_0_84_84 ---- #
2026-08-30 17:58:57.293 | INFO     | datasets.beat:cache_generation:548 - # ---- Building cache for Sem    4_lawrence_0_84_84 and Pose 4_lawrence_0_84_84 ---- #
2026-08-30 17:58:57.301 | INFO     | datasets.beat:_sample_from_clip:614 - audio: 67s, pose: 67s, facial: 67s
2026-08-30 17:58:57.301 | INFO     | datasets.beat:_sample_from_clip:640 - pose from frame 0 to 1005, length 34
2026-08-30 17:58:57.301 | INFO     | datasets.beat:_sample_from_clip:641 - 98 clips is expected with stride 10
2026-08-30 17:58:57.301 | INFO     | datasets.beat:_sample_from_clip:650 - audio from frame 0 to 1072000, length 36266
2026-08-30 17:58:57.622 | INFO     | datasets.beat:cache_generation:496 - # ---- Building cache for Pose   4_lawrence_0_85_85 ---- #
2026-08-30 17:58:57.639 | INFO     | datasets.beat:cache_generation:504 - # ---- Building cache for Audio  4_lawrence_0_85_85 and Pose 4_lawrence_0_85_85 ---- #
2026-08-30 17:58:57.641 | INFO     | datasets.beat:cache_generation:525 - # ---- Building cache for Facial 4_lawrence_0_85_85 and Pose 4_lawrence_0_85_85 ---- #
2026-08-30 17:58:57.658 | INFO     | datasets.beat:cache_generation:548 - # ---- Building cache for Sem    4_lawrence_0_85_85 and Pose 4_lawrence_0_85_85 ---- #
2026-08-30 17:58:57.669 | INFO     | datasets.beat:_sample_from_clip:614 - audio: 98s, pose: 98s, facial: 98s
2026-08-30 17:58:57.669 | INFO     | datasets.beat:_sample_from_clip:640 - pose from frame 0 to 1470, length 34
2026-08-30 17:58:57.669 | INFO     | datasets.beat:_sample_from_clip:641 - 144 clips is expected with stride 10
2026-08-30 17:58:57.669 | INFO     | datasets.beat:_sample_from_clip:650 - audio from frame 0 to 1568000, length 36266
2026-08-30 17:58:58.149 | INFO     | datasets.beat:cache_generation:496 - # ---- Building cache for Pose   4_lawrence_0_86_86 ---- #
2026-08-30 17:58:58.164 | INFO     | datasets.beat:cache_generation:504 - # ---- Building cache for Audio  4_lawrence_0_86_86 and Pose 4_lawrence_0_86_86 ---- #
2026-08-30 17:58:58.165 | INFO     | datasets.beat:cache_generation:525 - # ---- Building cache for Facial 4_lawrence_0_86_86 and Pose 4_lawrence_0_86_86 ---- #
2026-08-30 17:58:58.181 | INFO     | datasets.beat:cache_generation:548 - # ---- Building cache for Sem    4_lawrence_0_86_86 and Pose 4_lawrence_0_86_86 ---- #
2026-08-30 17:58:58.191 | INFO     | datasets.beat:_sample_from_clip:614 - audio: 83s, pose: 83s, facial: 83s
2026-08-30 17:58:58.191 | INFO     | datasets.beat:_sample_from_clip:640 - pose from frame 0 to 1245, length 34
2026-08-30 17:58:58.191 | INFO     | datasets.beat:_sample_from_clip:641 - 122 clips is expected with stride 10
2026-08-30 17:58:58.191 | INFO     | datasets.beat:_sample_from_clip:650 - audio from frame 0 to 1328000, length 36266
2026-08-30 17:58:58.602 | INFO     | datasets.beat:cache_generation:496 - # ---- Building cache for Pose   4_lawrence_0_87_87 ---- #
2026-08-30 17:58:58.618 | INFO     | datasets.beat:cache_generation:504 - # ---- Building cache for Audio  4_lawrence_0_87_87 and Pose 4_lawrence_0_87_87 ---- #
2026-08-30 17:58:58.619 | INFO     | datasets.beat:cache_generation:525 - # ---- Building cache for Facial 4_lawrence_0_87_87 and Pose 4_lawrence_0_87_87 ---- #
2026-08-30 17:58:58.637 | INFO     | datasets.beat:cache_generation:548 - # ---- Building cache for Sem    4_lawrence_0_87_87 and Pose 4_lawrence_0_87_87 ---- #
2026-08-30 17:58:58.648 | INFO     | datasets.beat:_sample_from_clip:614 - audio: 92s, pose: 92s, facial: 92s
2026-08-30 17:58:58.649 | INFO     | datasets.beat:_sample_from_clip:640 - pose from frame 0 to 1380, length 34
2026-08-30 17:58:58.649 | INFO     | datasets.beat:_sample_from_clip:641 - 135 clips is expected with stride 10
2026-08-30 17:58:58.649 | INFO     | datasets.beat:_sample_from_clip:650 - audio from frame 0 to 1472000, length 36266
2026-08-30 17:58:59.076 | INFO     | datasets.beat:cache_generation:585 - no. of samples: 38468
2026-08-30 17:58:59.076 | INFO     | datasets.beat:cache_generation:590 - no. of excluded samples: 0 (0.0%)
2026-08-30 17:58:59.079 | INFO     | datasets.beat:build_cache:440 - Audio bit rate: 16000
2026-08-30 17:58:59.079 | INFO     | datasets.beat:build_cache:441 - Reading data 'data/BEAT/beat_cache/beat_4english_15_141_sync_v1/val/'...
2026-08-30 17:58:59.079 | INFO     | datasets.beat:build_cache:444 - Creating the dataset cache...
2026-08-30 17:58:59.080 | INFO     | datasets.beat:cache_generation:496 - # ---- Building cache for Pose   1_wayne_0_88_88 ---- #
2026-08-30 17:58:59.093 | INFO     | datasets.beat:cache_generation:504 - # ---- Building cache for Audio  1_wayne_0_88_88 and Pose 1_wayne_0_88_88 ---- #
2026-08-30 17:58:59.095 | INFO     | datasets.beat:cache_generation:525 - # ---- Building cache for Facial 1_wayne_0_88_88 and Pose 1_wayne_0_88_88 ---- #
2026-08-30 17:58:59.108 | INFO     | datasets.beat:cache_generation:548 - # ---- Building cache for Sem    1_wayne_0_88_88 and Pose 1_wayne_0_88_88 ---- #
2026-08-30 17:58:59.118 | INFO     | datasets.beat:_sample_from_clip:614 - audio: 77s, pose: 77s, facial: 77s
2026-08-30 17:58:59.118 | INFO     | datasets.beat:_sample_from_clip:640 - pose from frame 0 to 1155, length 34
2026-08-30 17:58:59.118 | INFO     | datasets.beat:_sample_from_clip:641 - 113 clips is expected with stride 10
2026-08-30 17:58:59.118 | INFO     | datasets.beat:_sample_from_clip:650 - audio from frame 0 to 1232000, length 36266
2026-08-30 17:58:59.485 | INFO     | datasets.beat:cache_generation:496 - # ---- Building cache for Pose   1_wayne_0_89_89 ---- #
2026-08-30 17:58:59.498 | INFO     | datasets.beat:cache_generation:504 - # ---- Building cache for Audio  1_wayne_0_89_89 and Pose 1_wayne_0_89_89 ---- #
2026-08-30 17:58:59.499 | INFO     | datasets.beat:cache_generation:525 - # ---- Building cache for Facial 1_wayne_0_89_89 and Pose 1_wayne_0_89_89 ---- #
2026-08-30 17:58:59.513 | INFO     | datasets.beat:cache_generation:548 - # ---- Building cache for Sem    1_wayne_0_89_89 and Pose 1_wayne_0_89_89 ---- #
2026-08-30 17:58:59.521 | INFO     | datasets.beat:_sample_from_clip:614 - audio: 70s, pose: 70s, facial: 70s
2026-08-30 17:58:59.521 | INFO     | datasets.beat:_sample_from_clip:640 - pose from frame 0 to 1050, length 34
2026-08-30 17:58:59.521 | INFO     | datasets.beat:_sample_from_clip:641 - 102 clips is expected with stride 10
2026-08-30 17:58:59.521 | INFO     | datasets.beat:_sample_from_clip:650 - audio from frame 0 to 1120000, length 36266
2026-08-30 17:58:59.864 | INFO     | datasets.beat:cache_generation:496 - # ---- Building cache for Pose   1_wayne_0_8_8 ---- #
2026-08-30 17:58:59.877 | INFO     | datasets.beat:cache_generation:504 - # ---- Building cache for Audio  1_wayne_0_8_8 and Pose 1_wayne_0_8_8 ---- #
2026-08-30 17:58:59.879 | INFO     | datasets.beat:cache_generation:525 - # ---- Building cache for Facial 1_wayne_0_8_8 and Pose 1_wayne_0_8_8 ---- #
2026-08-30 17:58:59.892 | INFO     | datasets.beat:cache_generation:548 - # ---- Building cache for Sem    1_wayne_0_8_8 and Pose 1_wayne_0_8_8 ---- #
2026-08-30 17:58:59.901 | INFO     | datasets.beat:_sample_from_clip:614 - audio: 73s, pose: 73s, facial: 73s
2026-08-30 17:58:59.901 | INFO     | datasets.beat:_sample_from_clip:640 - pose from frame 0 to 1095, length 34
2026-08-30 17:58:59.901 | INFO     | datasets.beat:_sample_from_clip:641 - 107 clips is expected with stride 10
2026-08-30 17:58:59.901 | INFO     | datasets.beat:_sample_from_clip:650 - audio from frame 0 to 1168000, length 36266
2026-08-30 17:59:00.260 | INFO     | datasets.beat:cache_generation:496 - # ---- Building cache for Pose   1_wayne_0_90_90 ---- #
2026-08-30 17:59:00.273 | INFO     | datasets.beat:cache_generation:504 - # ---- Building cache for Audio  1_wayne_0_90_90 and Pose 1_wayne_0_90_90 ---- #
2026-08-30 17:59:00.274 | INFO     | datasets.beat:cache_generation:525 - # ---- Building cache for Facial 1_wayne_0_90_90 and Pose 1_wayne_0_90_90 ---- #
2026-08-30 17:59:00.287 | INFO     | datasets.beat:cache_generation:548 - # ---- Building cache for Sem    1_wayne_0_90_90 and Pose 1_wayne_0_90_90 ---- #
2026-08-30 17:59:00.294 | INFO     | datasets.beat:_sample_from_clip:614 - audio: 68s, pose: 68s, facial: 68s
2026-08-30 17:59:00.295 | INFO     | datasets.beat:_sample_from_clip:640 - pose from frame 0 to 1020, length 34
2026-08-30 17:59:00.295 | INFO     | datasets.beat:_sample_from_clip:641 - 99 clips is expected with stride 10
2026-08-30 17:59:00.295 | INFO     | datasets.beat:_sample_from_clip:650 - audio from frame 0 to 1088000, length 36266
2026-08-30 17:59:00.617 | INFO     | datasets.beat:cache_generation:496 - # ---- Building cache for Pose   1_wayne_0_91_91 ---- #
2026-08-30 17:59:00.626 | INFO     | datasets.beat:cache_generation:504 - # ---- Building cache for Audio  1_wayne_0_91_91 and Pose 1_wayne_0_91_91 ---- #
2026-08-30 17:59:00.627 | INFO     | datasets.beat:cache_generation:525 - # ---- Building cache for Facial 1_wayne_0_91_91 and Pose 1_wayne_0_91_91 ---- #
2026-08-30 17:59:00.637 | INFO     | datasets.beat:cache_generation:548 - # ---- Building cache for Sem    1_wayne_0_91_91 and Pose 1_wayne_0_91_91 ---- #
2026-08-30 17:59:00.643 | INFO     | datasets.beat:_sample_from_clip:614 - audio: 51s, pose: 51s, facial: 51s
2026-08-30 17:59:00.643 | INFO     | datasets.beat:_sample_from_clip:640 - pose from frame 0 to 765, length 34
2026-08-30 17:59:00.643 | INFO     | datasets.beat:_sample_from_clip:641 - 74 clips is expected with stride 10
2026-08-30 17:59:00.643 | INFO     | datasets.beat:_sample_from_clip:650 - audio from frame 0 to 816000, length 36266
2026-08-30 17:59:00.890 | INFO     | datasets.beat:cache_generation:496 - # ---- Building cache for Pose   1_wayne_0_92_92 ---- #
2026-08-30 17:59:00.900 | INFO     | datasets.beat:cache_generation:504 - # ---- Building cache for Audio  1_wayne_0_92_92 and Pose 1_wayne_0_92_92 ---- #
2026-08-30 17:59:00.901 | INFO     | datasets.beat:cache_generation:525 - # ---- Building cache for Facial 1_wayne_0_92_92 and Pose 1_wayne_0_92_92 ---- #
2026-08-30 17:59:00.910 | INFO     | datasets.beat:cache_generation:548 - # ---- Building cache for Sem    1_wayne_0_92_92 and Pose 1_wayne_0_92_92 ---- #
2026-08-30 17:59:00.916 | INFO     | datasets.beat:_sample_from_clip:614 - audio: 51s, pose: 51s, facial: 51s
2026-08-30 17:59:00.916 | INFO     | datasets.beat:_sample_from_clip:640 - pose from frame 0 to 765, length 34
2026-08-30 17:59:00.916 | INFO     | datasets.beat:_sample_from_clip:641 - 74 clips is expected with stride 10
2026-08-30 17:59:00.916 | INFO     | datasets.beat:_sample_from_clip:650 - audio from frame 0 to 816000, length 36266
2026-08-30 17:59:01.160 | INFO     | datasets.beat:cache_generation:496 - # ---- Building cache for Pose   1_wayne_0_93_93 ---- #
2026-08-30 17:59:01.167 | INFO     | datasets.beat:cache_generation:504 - # ---- Building cache for Audio  1_wayne_0_93_93 and Pose 1_wayne_0_93_93 ---- #
2026-08-30 17:59:01.167 | INFO     | datasets.beat:cache_generation:525 - # ---- Building cache for Facial 1_wayne_0_93_93 and Pose 1_wayne_0_93_93 ---- #
2026-08-30 17:59:01.174 | INFO     | datasets.beat:cache_generation:548 - # ---- Building cache for Sem    1_wayne_0_93_93 and Pose 1_wayne_0_93_93 ---- #
2026-08-30 17:59:01.179 | INFO     | datasets.beat:_sample_from_clip:614 - audio: 35s, pose: 35s, facial: 35s
2026-08-30 17:59:01.179 | INFO     | datasets.beat:_sample_from_clip:640 - pose from frame 0 to 525, length 34
2026-08-30 17:59:01.179 | INFO     | datasets.beat:_sample_from_clip:641 - 50 clips is expected with stride 10
2026-08-30 17:59:01.179 | INFO     | datasets.beat:_sample_from_clip:650 - audio from frame 0 to 560000, length 36266
2026-08-30 17:59:01.356 | INFO     | datasets.beat:cache_generation:496 - # ---- Building cache for Pose   1_wayne_0_94_94 ---- #
2026-08-30 17:59:01.369 | INFO     | datasets.beat:cache_generation:504 - # ---- Building cache for Audio  1_wayne_0_94_94 and Pose 1_wayne_0_94_94 ---- #
2026-08-30 17:59:01.370 | INFO     | datasets.beat:cache_generation:525 - # ---- Building cache for Facial 1_wayne_0_94_94 and Pose 1_wayne_0_94_94 ---- #
2026-08-30 17:59:01.382 | INFO     | datasets.beat:cache_generation:548 - # ---- Building cache for Sem    1_wayne_0_94_94 and Pose 1_wayne_0_94_94 ---- #
2026-08-30 17:59:01.390 | INFO     | datasets.beat:_sample_from_clip:614 - audio: 68s, pose: 68s, facial: 68s
2026-08-30 17:59:01.390 | INFO     | datasets.beat:_sample_from_clip:640 - pose from frame 0 to 1020, length 34
2026-08-30 17:59:01.390 | INFO     | datasets.beat:_sample_from_clip:641 - 99 clips is expected with stride 10
2026-08-30 17:59:01.390 | INFO     | datasets.beat:_sample_from_clip:650 - audio from frame 0 to 1088000, length 36266
2026-08-30 17:59:01.729 | INFO     | datasets.beat:cache_generation:496 - # ---- Building cache for Pose   1_wayne_0_95_95 ---- #
2026-08-30 17:59:01.738 | INFO     | datasets.beat:cache_generation:504 - # ---- Building cache for Audio  1_wayne_0_95_95 and Pose 1_wayne_0_95_95 ---- #
2026-08-30 17:59:01.739 | INFO     | datasets.beat:cache_generation:525 - # ---- Building cache for Facial 1_wayne_0_95_95 and Pose 1_wayne_0_95_95 ---- #
2026-08-30 17:59:01.750 | INFO     | datasets.beat:cache_generation:548 - # ---- Building cache for Sem    1_wayne_0_95_95 and Pose 1_wayne_0_95_95 ---- #
2026-08-30 17:59:01.757 | INFO     | datasets.beat:_sample_from_clip:614 - audio: 52s, pose: 52s, facial: 52s
2026-08-30 17:59:01.757 | INFO     | datasets.beat:_sample_from_clip:640 - pose from frame 0 to 780, length 34
2026-08-30 17:59:01.757 | INFO     | datasets.beat:_sample_from_clip:641 - 75 clips is expected with stride 10
2026-08-30 17:59:01.757 | INFO     | datasets.beat:_sample_from_clip:650 - audio from frame 0 to 832000, length 36266
2026-08-30 17:59:02.020 | INFO     | datasets.beat:cache_generation:496 - # ---- Building cache for Pose   1_wayne_0_96_96 ---- #
2026-08-30 17:59:02.029 | INFO     | datasets.beat:cache_generation:504 - # ---- Building cache for Audio  1_wayne_0_96_96 and Pose 1_wayne_0_96_96 ---- #
2026-08-30 17:59:02.030 | INFO     | datasets.beat:cache_generation:525 - # ---- Building cache for Facial 1_wayne_0_96_96 and Pose 1_wayne_0_96_96 ---- #
2026-08-30 17:59:02.039 | INFO     | datasets.beat:cache_generation:548 - # ---- Building cache for Sem    1_wayne_0_96_96 and Pose 1_wayne_0_96_96 ---- #
2026-08-30 17:59:02.045 | INFO     | datasets.beat:_sample_from_clip:614 - audio: 49s, pose: 49s, facial: 49s
2026-08-30 17:59:02.046 | INFO     | datasets.beat:_sample_from_clip:640 - pose from frame 0 to 735, length 34
2026-08-30 17:59:02.046 | INFO     | datasets.beat:_sample_from_clip:641 - 71 clips is expected with stride 10
2026-08-30 17:59:02.046 | INFO     | datasets.beat:_sample_from_clip:650 - audio from frame 0 to 784000, length 36266
2026-08-30 17:59:02.291 | INFO     | datasets.beat:cache_generation:496 - # ---- Building cache for Pose   1_wayne_0_97_97 ---- #
2026-08-30 17:59:02.300 | INFO     | datasets.beat:cache_generation:504 - # ---- Building cache for Audio  1_wayne_0_97_97 and Pose 1_wayne_0_97_97 ---- #
2026-08-30 17:59:02.301 | INFO     | datasets.beat:cache_generation:525 - # ---- Building cache for Facial 1_wayne_0_97_97 and Pose 1_wayne_0_97_97 ---- #
2026-08-30 17:59:02.310 | INFO     | datasets.beat:cache_generation:548 - # ---- Building cache for Sem    1_wayne_0_97_97 and Pose 1_wayne_0_97_97 ---- #
2026-08-30 17:59:02.315 | INFO     | datasets.beat:_sample_from_clip:614 - audio: 48s, pose: 48s, facial: 48s
2026-08-30 17:59:02.315 | INFO     | datasets.beat:_sample_from_clip:640 - pose from frame 0 to 720, length 34
2026-08-30 17:59:02.315 | INFO     | datasets.beat:_sample_from_clip:641 - 69 clips is expected with stride 10
2026-08-30 17:59:02.316 | INFO     | datasets.beat:_sample_from_clip:650 - audio from frame 0 to 768000, length 36266
2026-08-30 17:59:02.555 | INFO     | datasets.beat:cache_generation:496 - # ---- Building cache for Pose   1_wayne_0_98_98 ---- #
2026-08-30 17:59:02.563 | INFO     | datasets.beat:cache_generation:504 - # ---- Building cache for Audio  1_wayne_0_98_98 and Pose 1_wayne_0_98_98 ---- #
2026-08-30 17:59:02.564 | INFO     | datasets.beat:cache_generation:525 - # ---- Building cache for Facial 1_wayne_0_98_98 and Pose 1_wayne_0_98_98 ---- #
2026-08-30 17:59:02.573 | INFO     | datasets.beat:cache_generation:548 - # ---- Building cache for Sem    1_wayne_0_98_98 and Pose 1_wayne_0_98_98 ---- #
2026-08-30 17:59:02.578 | INFO     | datasets.beat:_sample_from_clip:614 - audio: 45s, pose: 45s, facial: 45s
2026-08-30 17:59:02.578 | INFO     | datasets.beat:_sample_from_clip:640 - pose from frame 0 to 675, length 34
2026-08-30 17:59:02.578 | INFO     | datasets.beat:_sample_from_clip:641 - 65 clips is expected with stride 10
2026-08-30 17:59:02.578 | INFO     | datasets.beat:_sample_from_clip:650 - audio from frame 0 to 720000, length 36266
2026-08-30 17:59:02.805 | INFO     | datasets.beat:cache_generation:496 - # ---- Building cache for Pose   1_wayne_0_99_99 ---- #
2026-08-30 17:59:02.815 | INFO     | datasets.beat:cache_generation:504 - # ---- Building cache for Audio  1_wayne_0_99_99 and Pose 1_wayne_0_99_99 ---- #
2026-08-30 17:59:02.816 | INFO     | datasets.beat:cache_generation:525 - # ---- Building cache for Facial 1_wayne_0_99_99 and Pose 1_wayne_0_99_99 ---- #
2026-08-30 17:59:02.827 | INFO     | datasets.beat:cache_generation:548 - # ---- Building cache for Sem    1_wayne_0_99_99 and Pose 1_wayne_0_99_99 ---- #
2026-08-30 17:59:02.833 | INFO     | datasets.beat:_sample_from_clip:614 - audio: 55s, pose: 55s, facial: 55s
2026-08-30 17:59:02.833 | INFO     | datasets.beat:_sample_from_clip:640 - pose from frame 0 to 825, length 34
2026-08-30 17:59:02.833 | INFO     | datasets.beat:_sample_from_clip:641 - 80 clips is expected with stride 10
2026-08-30 17:59:02.833 | INFO     | datasets.beat:_sample_from_clip:650 - audio from frame 0 to 880000, length 36266
2026-08-30 17:59:03.114 | INFO     | datasets.beat:cache_generation:496 - # ---- Building cache for Pose   2_scott_0_88_88 ---- #
2026-08-30 17:59:03.127 | INFO     | datasets.beat:cache_generation:504 - # ---- Building cache for Audio  2_scott_0_88_88 and Pose 2_scott_0_88_88 ---- #
2026-08-30 17:59:03.128 | INFO     | datasets.beat:cache_generation:525 - # ---- Building cache for Facial 2_scott_0_88_88 and Pose 2_scott_0_88_88 ---- #
2026-08-30 17:59:03.142 | INFO     | datasets.beat:cache_generation:548 - # ---- Building cache for Sem    2_scott_0_88_88 and Pose 2_scott_0_88_88 ---- #
2026-08-30 17:59:03.152 | INFO     | datasets.beat:_sample_from_clip:614 - audio: 72s, pose: 72s, facial: 72s
2026-08-30 17:59:03.152 | INFO     | datasets.beat:_sample_from_clip:640 - pose from frame 0 to 1080, length 34
2026-08-30 17:59:03.152 | INFO     | datasets.beat:_sample_from_clip:641 - 105 clips is expected with stride 10
2026-08-30 17:59:03.152 | INFO     | datasets.beat:_sample_from_clip:650 - audio from frame 0 to 1152000, length 36266
2026-08-30 17:59:03.516 | INFO     | datasets.beat:cache_generation:496 - # ---- Building cache for Pose   2_scott_0_89_89 ---- #
2026-08-30 17:59:03.527 | INFO     | datasets.beat:cache_generation:504 - # ---- Building cache for Audio  2_scott_0_89_89 and Pose 2_scott_0_89_89 ---- #
2026-08-30 17:59:03.528 | INFO     | datasets.beat:cache_generation:525 - # ---- Building cache for Facial 2_scott_0_89_89 and Pose 2_scott_0_89_89 ---- #
2026-08-30 17:59:03.539 | INFO     | datasets.beat:cache_generation:548 - # ---- Building cache for Sem    2_scott_0_89_89 and Pose 2_scott_0_89_89 ---- #
2026-08-30 17:59:03.547 | INFO     | datasets.beat:_sample_from_clip:614 - audio: 58s, pose: 58s, facial: 58s
2026-08-30 17:59:03.547 | INFO     | datasets.beat:_sample_from_clip:640 - pose from frame 0 to 870, length 34
2026-08-30 17:59:03.547 | INFO     | datasets.beat:_sample_from_clip:641 - 84 clips is expected with stride 10
2026-08-30 17:59:03.547 | INFO     | datasets.beat:_sample_from_clip:650 - audio from frame 0 to 928000, length 36266
2026-08-30 17:59:03.834 | INFO     | datasets.beat:cache_generation:496 - # ---- Building cache for Pose   2_scott_0_8_8 ---- #
2026-08-30 17:59:03.848 | INFO     | datasets.beat:cache_generation:504 - # ---- Building cache for Audio  2_scott_0_8_8 and Pose 2_scott_0_8_8 ---- #
2026-08-30 17:59:03.850 | INFO     | datasets.beat:cache_generation:525 - # ---- Building cache for Facial 2_scott_0_8_8 and Pose 2_scott_0_8_8 ---- #
2026-08-30 17:59:03.864 | INFO     | datasets.beat:cache_generation:548 - # ---- Building cache for Sem    2_scott_0_8_8 and Pose 2_scott_0_8_8 ---- #
2026-08-30 17:59:03.874 | INFO     | datasets.beat:_sample_from_clip:614 - audio: 77s, pose: 78s, facial: 77s
2026-08-30 17:59:03.874 | WARNING  | datasets.beat:_sample_from_clip:618 - reduce to 77s, ignore 1s
2026-08-30 17:59:03.874 | INFO     | datasets.beat:_sample_from_clip:640 - pose from frame 0 to 1155, length 34
2026-08-30 17:59:03.874 | INFO     | datasets.beat:_sample_from_clip:641 - 113 clips is expected with stride 10
2026-08-30 17:59:03.874 | INFO     | datasets.beat:_sample_from_clip:650 - audio from frame 0 to 1232000, length 36266
2026-08-30 17:59:04.250 | INFO     | datasets.beat:cache_generation:496 - # ---- Building cache for Pose   2_scott_0_90_90 ---- #
2026-08-30 17:59:04.262 | INFO     | datasets.beat:cache_generation:504 - # ---- Building cache for Audio  2_scott_0_90_90 and Pose 2_scott_0_90_90 ---- #
2026-08-30 17:59:04.263 | INFO     | datasets.beat:cache_generation:525 - # ---- Building cache for Facial 2_scott_0_90_90 and Pose 2_scott_0_90_90 ---- #
2026-08-30 17:59:04.275 | INFO     | datasets.beat:cache_generation:548 - # ---- Building cache for Sem    2_scott_0_90_90 and Pose 2_scott_0_90_90 ---- #
2026-08-30 17:59:04.285 | INFO     | datasets.beat:_sample_from_clip:614 - audio: 64s, pose: 64s, facial: 64s
2026-08-30 17:59:04.285 | INFO     | datasets.beat:_sample_from_clip:640 - pose from frame 0 to 960, length 34
2026-08-30 17:59:04.285 | INFO     | datasets.beat:_sample_from_clip:641 - 93 clips is expected with stride 10
2026-08-30 17:59:04.285 | INFO     | datasets.beat:_sample_from_clip:650 - audio from frame 0 to 1024000, length 36266
2026-08-30 17:59:04.595 | INFO     | datasets.beat:cache_generation:496 - # ---- Building cache for Pose   2_scott_0_91_91 ---- #
2026-08-30 17:59:04.604 | INFO     | datasets.beat:cache_generation:504 - # ---- Building cache for Audio  2_scott_0_91_91 and Pose 2_scott_0_91_91 ---- #
2026-08-30 17:59:04.604 | INFO     | datasets.beat:cache_generation:525 - # ---- Building cache for Facial 2_scott_0_91_91 and Pose 2_scott_0_91_91 ---- #
2026-08-30 17:59:04.613 | INFO     | datasets.beat:cache_generation:548 - # ---- Building cache for Sem    2_scott_0_91_91 and Pose 2_scott_0_91_91 ---- #
2026-08-30 17:59:04.619 | INFO     | datasets.beat:_sample_from_clip:614 - audio: 45s, pose: 45s, facial: 45s
2026-08-30 17:59:04.619 | INFO     | datasets.beat:_sample_from_clip:640 - pose from frame 0 to 675, length 34
2026-08-30 17:59:04.620 | INFO     | datasets.beat:_sample_from_clip:641 - 65 clips is expected with stride 10
2026-08-30 17:59:04.620 | INFO     | datasets.beat:_sample_from_clip:650 - audio from frame 0 to 720000, length 36266
2026-08-30 17:59:04.841 | INFO     | datasets.beat:cache_generation:496 - # ---- Building cache for Pose   2_scott_0_92_92 ---- #
2026-08-30 17:59:04.848 | INFO     | datasets.beat:cache_generation:504 - # ---- Building cache for Audio  2_scott_0_92_92 and Pose 2_scott_0_92_92 ---- #
2026-08-30 17:59:04.849 | INFO     | datasets.beat:cache_generation:525 - # ---- Building cache for Facial 2_scott_0_92_92 and Pose 2_scott_0_92_92 ---- #
2026-08-30 17:59:04.856 | INFO     | datasets.beat:cache_generation:548 - # ---- Building cache for Sem    2_scott_0_92_92 and Pose 2_scott_0_92_92 ---- #
2026-08-30 17:59:04.862 | INFO     | datasets.beat:_sample_from_clip:614 - audio: 39s, pose: 39s, facial: 39s
2026-08-30 17:59:04.862 | INFO     | datasets.beat:_sample_from_clip:640 - pose from frame 0 to 585, length 34
2026-08-30 17:59:04.862 | INFO     | datasets.beat:_sample_from_clip:641 - 56 clips is expected with stride 10
2026-08-30 17:59:04.862 | INFO     | datasets.beat:_sample_from_clip:650 - audio from frame 0 to 624000, length 36266
2026-08-30 17:59:05.065 | INFO     | datasets.beat:cache_generation:496 - # ---- Building cache for Pose   2_scott_0_93_93 ---- #
2026-08-30 17:59:05.074 | INFO     | datasets.beat:cache_generation:504 - # ---- Building cache for Audio  2_scott_0_93_93 and Pose 2_scott_0_93_93 ---- #
2026-08-30 17:59:05.075 | INFO     | datasets.beat:cache_generation:525 - # ---- Building cache for Facial 2_scott_0_93_93 and Pose 2_scott_0_93_93 ---- #
2026-08-30 17:59:05.084 | INFO     | datasets.beat:cache_generation:548 - # ---- Building cache for Sem    2_scott_0_93_93 and Pose 2_scott_0_93_93 ---- #
2026-08-30 17:59:05.090 | INFO     | datasets.beat:_sample_from_clip:614 - audio: 49s, pose: 49s, facial: 49s
2026-08-30 17:59:05.090 | INFO     | datasets.beat:_sample_from_clip:640 - pose from frame 0 to 735, length 34
2026-08-30 17:59:05.090 | INFO     | datasets.beat:_sample_from_clip:641 - 71 clips is expected with stride 10
2026-08-30 17:59:05.090 | INFO     | datasets.beat:_sample_from_clip:650 - audio from frame 0 to 784000, length 36266
2026-08-30 17:59:05.339 | INFO     | datasets.beat:cache_generation:496 - # ---- Building cache for Pose   2_scott_0_94_94 ---- #
2026-08-30 17:59:05.346 | INFO     | datasets.beat:cache_generation:504 - # ---- Building cache for Audio  2_scott_0_94_94 and Pose 2_scott_0_94_94 ---- #
2026-08-30 17:59:05.347 | INFO     | datasets.beat:cache_generation:525 - # ---- Building cache for Facial 2_scott_0_94_94 and Pose 2_scott_0_94_94 ---- #
2026-08-30 17:59:05.354 | INFO     | datasets.beat:cache_generation:548 - # ---- Building cache for Sem    2_scott_0_94_94 and Pose 2_scott_0_94_94 ---- #
2026-08-30 17:59:05.359 | INFO     | datasets.beat:_sample_from_clip:614 - audio: 38s, pose: 39s, facial: 38s
2026-08-30 17:59:05.359 | WARNING  | datasets.beat:_sample_from_clip:618 - reduce to 38s, ignore 1s
2026-08-30 17:59:05.359 | INFO     | datasets.beat:_sample_from_clip:640 - pose from frame 0 to 570, length 34
2026-08-30 17:59:05.359 | INFO     | datasets.beat:_sample_from_clip:641 - 54 clips is expected with stride 10
2026-08-30 17:59:05.359 | INFO     | datasets.beat:_sample_from_clip:650 - audio from frame 0 to 608000, length 36266
2026-08-30 17:59:05.553 | INFO     | datasets.beat:cache_generation:496 - # ---- Building cache for Pose   2_scott_0_95_95 ---- #
2026-08-30 17:59:05.562 | INFO     | datasets.beat:cache_generation:504 - # ---- Building cache for Audio  2_scott_0_95_95 and Pose 2_scott_0_95_95 ---- #
2026-08-30 17:59:05.563 | INFO     | datasets.beat:cache_generation:525 - # ---- Building cache for Facial 2_scott_0_95_95 and Pose 2_scott_0_95_95 ---- #
2026-08-30 17:59:05.573 | INFO     | datasets.beat:cache_generation:548 - # ---- Building cache for Sem    2_scott_0_95_95 and Pose 2_scott_0_95_95 ---- #
2026-08-30 17:59:05.580 | INFO     | datasets.beat:_sample_from_clip:614 - audio: 49s, pose: 49s, facial: 49s
2026-08-30 17:59:05.580 | INFO     | datasets.beat:_sample_from_clip:640 - pose from frame 0 to 735, length 34
2026-08-30 17:59:05.580 | INFO     | datasets.beat:_sample_from_clip:641 - 71 clips is expected with stride 10
2026-08-30 17:59:05.580 | INFO     | datasets.beat:_sample_from_clip:650 - audio from frame 0 to 784000, length 36266
2026-08-30 17:59:05.827 | INFO     | datasets.beat:cache_generation:496 - # ---- Building cache for Pose   2_scott_0_96_96 ---- #
2026-08-30 17:59:05.835 | INFO     | datasets.beat:cache_generation:504 - # ---- Building cache for Audio  2_scott_0_96_96 and Pose 2_scott_0_96_96 ---- #
2026-08-30 17:59:05.835 | INFO     | datasets.beat:cache_generation:525 - # ---- Building cache for Facial 2_scott_0_96_96 and Pose 2_scott_0_96_96 ---- #
2026-08-30 17:59:05.843 | INFO     | datasets.beat:cache_generation:548 - # ---- Building cache for Sem    2_scott_0_96_96 and Pose 2_scott_0_96_96 ---- #
2026-08-30 17:59:05.849 | INFO     | datasets.beat:_sample_from_clip:614 - audio: 41s, pose: 41s, facial: 41s
2026-08-30 17:59:05.849 | INFO     | datasets.beat:_sample_from_clip:640 - pose from frame 0 to 615, length 34
2026-08-30 17:59:05.849 | INFO     | datasets.beat:_sample_from_clip:641 - 59 clips is expected with stride 10
2026-08-30 17:59:05.849 | INFO     | datasets.beat:_sample_from_clip:650 - audio from frame 0 to 656000, length 36266
2026-08-30 17:59:06.062 | INFO     | datasets.beat:cache_generation:496 - # ---- Building cache for Pose   2_scott_0_97_97 ---- #
2026-08-30 17:59:06.070 | INFO     | datasets.beat:cache_generation:504 - # ---- Building cache for Audio  2_scott_0_97_97 and Pose 2_scott_0_97_97 ---- #
2026-08-30 17:59:06.071 | INFO     | datasets.beat:cache_generation:525 - # ---- Building cache for Facial 2_scott_0_97_97 and Pose 2_scott_0_97_97 ---- #
2026-08-30 17:59:06.079 | INFO     | datasets.beat:cache_generation:548 - # ---- Building cache for Sem    2_scott_0_97_97 and Pose 2_scott_0_97_97 ---- #
2026-08-30 17:59:06.085 | INFO     | datasets.beat:_sample_from_clip:614 - audio: 44s, pose: 44s, facial: 44s
2026-08-30 17:59:06.085 | INFO     | datasets.beat:_sample_from_clip:640 - pose from frame 0 to 660, length 34
2026-08-30 17:59:06.085 | INFO     | datasets.beat:_sample_from_clip:641 - 63 clips is expected with stride 10
2026-08-30 17:59:06.085 | INFO     | datasets.beat:_sample_from_clip:650 - audio from frame 0 to 704000, length 36266
2026-08-30 17:59:06.305 | INFO     | datasets.beat:cache_generation:496 - # ---- Building cache for Pose   2_scott_0_98_98 ---- #
2026-08-30 17:59:06.313 | INFO     | datasets.beat:cache_generation:504 - # ---- Building cache for Audio  2_scott_0_98_98 and Pose 2_scott_0_98_98 ---- #
2026-08-30 17:59:06.314 | INFO     | datasets.beat:cache_generation:525 - # ---- Building cache for Facial 2_scott_0_98_98 and Pose 2_scott_0_98_98 ---- #
2026-08-30 17:59:06.322 | INFO     | datasets.beat:cache_generation:548 - # ---- Building cache for Sem    2_scott_0_98_98 and Pose 2_scott_0_98_98 ---- #
2026-08-30 17:59:06.328 | INFO     | datasets.beat:_sample_from_clip:614 - audio: 43s, pose: 43s, facial: 43s
2026-08-30 17:59:06.328 | INFO     | datasets.beat:_sample_from_clip:640 - pose from frame 0 to 645, length 34
2026-08-30 17:59:06.328 | INFO     | datasets.beat:_sample_from_clip:641 - 62 clips is expected with stride 10
2026-08-30 17:59:06.328 | INFO     | datasets.beat:_sample_from_clip:650 - audio from frame 0 to 688000, length 36266
2026-08-30 17:59:06.546 | INFO     | datasets.beat:cache_generation:496 - # ---- Building cache for Pose   2_scott_0_99_99 ---- #
2026-08-30 17:59:06.555 | INFO     | datasets.beat:cache_generation:504 - # ---- Building cache for Audio  2_scott_0_99_99 and Pose 2_scott_0_99_99 ---- #
2026-08-30 17:59:06.556 | INFO     | datasets.beat:cache_generation:525 - # ---- Building cache for Facial 2_scott_0_99_99 and Pose 2_scott_0_99_99 ---- #
2026-08-30 17:59:06.565 | INFO     | datasets.beat:cache_generation:548 - # ---- Building cache for Sem    2_scott_0_99_99 and Pose 2_scott_0_99_99 ---- #
2026-08-30 17:59:06.571 | INFO     | datasets.beat:_sample_from_clip:614 - audio: 47s, pose: 47s, facial: 47s
2026-08-30 17:59:06.571 | INFO     | datasets.beat:_sample_from_clip:640 - pose from frame 0 to 705, length 34
2026-08-30 17:59:06.571 | INFO     | datasets.beat:_sample_from_clip:641 - 68 clips is expected with stride 10
2026-08-30 17:59:06.571 | INFO     | datasets.beat:_sample_from_clip:650 - audio from frame 0 to 752000, length 36266
2026-08-30 17:59:06.809 | INFO     | datasets.beat:cache_generation:496 - # ---- Building cache for Pose   3_solomon_0_88_88 ---- #
2026-08-30 17:59:06.824 | INFO     | datasets.beat:cache_generation:504 - # ---- Building cache for Audio  3_solomon_0_88_88 and Pose 3_solomon_0_88_88 ---- #
2026-08-30 17:59:06.825 | INFO     | datasets.beat:cache_generation:525 - # ---- Building cache for Facial 3_solomon_0_88_88 and Pose 3_solomon_0_88_88 ---- #
2026-08-30 17:59:06.840 | INFO     | datasets.beat:cache_generation:548 - # ---- Building cache for Sem    3_solomon_0_88_88 and Pose 3_solomon_0_88_88 ---- #
2026-08-30 17:59:06.850 | INFO     | datasets.beat:_sample_from_clip:614 - audio: 81s, pose: 81s, facial: 81s
2026-08-30 17:59:06.850 | INFO     | datasets.beat:_sample_from_clip:640 - pose from frame 0 to 1215, length 34
2026-08-30 17:59:06.850 | INFO     | datasets.beat:_sample_from_clip:641 - 119 clips is expected with stride 10
2026-08-30 17:59:06.850 | INFO     | datasets.beat:_sample_from_clip:650 - audio from frame 0 to 1296000, length 36266
2026-08-30 17:59:07.254 | INFO     | datasets.beat:cache_generation:496 - # ---- Building cache for Pose   3_solomon_0_89_89 ---- #
2026-08-30 17:59:07.267 | INFO     | datasets.beat:cache_generation:504 - # ---- Building cache for Audio  3_solomon_0_89_89 and Pose 3_solomon_0_89_89 ---- #
2026-08-30 17:59:07.268 | INFO     | datasets.beat:cache_generation:525 - # ---- Building cache for Facial 3_solomon_0_89_89 and Pose 3_solomon_0_89_89 ---- #
2026-08-30 17:59:07.280 | INFO     | datasets.beat:cache_generation:548 - # ---- Building cache for Sem    3_solomon_0_89_89 and Pose 3_solomon_0_89_89 ---- #
2026-08-30 17:59:07.290 | INFO     | datasets.beat:_sample_from_clip:614 - audio: 68s, pose: 68s, facial: 68s
2026-08-30 17:59:07.290 | INFO     | datasets.beat:_sample_from_clip:640 - pose from frame 0 to 1020, length 34
2026-08-30 17:59:07.290 | INFO     | datasets.beat:_sample_from_clip:641 - 99 clips is expected with stride 10
2026-08-30 17:59:07.290 | INFO     | datasets.beat:_sample_from_clip:650 - audio from frame 0 to 1088000, length 36266
2026-08-30 17:59:07.625 | INFO     | datasets.beat:cache_generation:496 - # ---- Building cache for Pose   3_solomon_0_8_8 ---- #
2026-08-30 17:59:07.641 | INFO     | datasets.beat:cache_generation:504 - # ---- Building cache for Audio  3_solomon_0_8_8 and Pose 3_solomon_0_8_8 ---- #
2026-08-30 17:59:07.642 | INFO     | datasets.beat:cache_generation:525 - # ---- Building cache for Facial 3_solomon_0_8_8 and Pose 3_solomon_0_8_8 ---- #
2026-08-30 17:59:07.657 | INFO     | datasets.beat:cache_generation:548 - # ---- Building cache for Sem    3_solomon_0_8_8 and Pose 3_solomon_0_8_8 ---- #
2026-08-30 17:59:07.670 | INFO     | datasets.beat:_sample_from_clip:614 - audio: 85s, pose: 86s, facial: 85s
2026-08-30 17:59:07.670 | WARNING  | datasets.beat:_sample_from_clip:618 - reduce to 85s, ignore 1s
2026-08-30 17:59:07.670 | INFO     | datasets.beat:_sample_from_clip:640 - pose from frame 0 to 1275, length 34
2026-08-30 17:59:07.670 | INFO     | datasets.beat:_sample_from_clip:641 - 125 clips is expected with stride 10
2026-08-30 17:59:07.670 | INFO     | datasets.beat:_sample_from_clip:650 - audio from frame 0 to 1360000, length 36266
2026-08-30 17:59:08.087 | INFO     | datasets.beat:cache_generation:496 - # ---- Building cache for Pose   3_solomon_0_90_90 ---- #
2026-08-30 17:59:08.101 | INFO     | datasets.beat:cache_generation:504 - # ---- Building cache for Audio  3_solomon_0_90_90 and Pose 3_solomon_0_90_90 ---- #
2026-08-30 17:59:08.102 | INFO     | datasets.beat:cache_generation:525 - # ---- Building cache for Facial 3_solomon_0_90_90 and Pose 3_solomon_0_90_90 ---- #
2026-08-30 17:59:08.116 | INFO     | datasets.beat:cache_generation:548 - # ---- Building cache for Sem    3_solomon_0_90_90 and Pose 3_solomon_0_90_90 ---- #
2026-08-30 17:59:08.126 | INFO     | datasets.beat:_sample_from_clip:614 - audio: 75s, pose: 75s, facial: 75s
2026-08-30 17:59:08.126 | INFO     | datasets.beat:_sample_from_clip:640 - pose from frame 0 to 1125, length 34
2026-08-30 17:59:08.126 | INFO     | datasets.beat:_sample_from_clip:641 - 110 clips is expected with stride 10
2026-08-30 17:59:08.126 | INFO     | datasets.beat:_sample_from_clip:650 - audio from frame 0 to 1200000, length 36266
2026-08-30 17:59:08.494 | INFO     | datasets.beat:cache_generation:496 - # ---- Building cache for Pose   3_solomon_0_91_91 ---- #
2026-08-30 17:59:08.505 | INFO     | datasets.beat:cache_generation:504 - # ---- Building cache for Audio  3_solomon_0_91_91 and Pose 3_solomon_0_91_91 ---- #
2026-08-30 17:59:08.505 | INFO     | datasets.beat:cache_generation:525 - # ---- Building cache for Facial 3_solomon_0_91_91 and Pose 3_solomon_0_91_91 ---- #
2026-08-30 17:59:08.516 | INFO     | datasets.beat:cache_generation:548 - # ---- Building cache for Sem    3_solomon_0_91_91 and Pose 3_solomon_0_91_91 ---- #
2026-08-30 17:59:08.523 | INFO     | datasets.beat:_sample_from_clip:614 - audio: 55s, pose: 55s, facial: 55s
2026-08-30 17:59:08.523 | INFO     | datasets.beat:_sample_from_clip:640 - pose from frame 0 to 825, length 34
2026-08-30 17:59:08.523 | INFO     | datasets.beat:_sample_from_clip:641 - 80 clips is expected with stride 10
2026-08-30 17:59:08.523 | INFO     | datasets.beat:_sample_from_clip:650 - audio from frame 0 to 880000, length 36266
2026-08-30 17:59:08.794 | INFO     | datasets.beat:cache_generation:496 - # ---- Building cache for Pose   3_solomon_0_92_92 ---- #
2026-08-30 17:59:08.803 | INFO     | datasets.beat:cache_generation:504 - # ---- Building cache for Audio  3_solomon_0_92_92 and Pose 3_solomon_0_92_92 ---- #
2026-08-30 17:59:08.804 | INFO     | datasets.beat:cache_generation:525 - # ---- Building cache for Facial 3_solomon_0_92_92 and Pose 3_solomon_0_92_92 ---- #
2026-08-30 17:59:08.814 | INFO     | datasets.beat:cache_generation:548 - # ---- Building cache for Sem    3_solomon_0_92_92 and Pose 3_solomon_0_92_92 ---- #
2026-08-30 17:59:08.820 | INFO     | datasets.beat:_sample_from_clip:614 - audio: 50s, pose: 50s, facial: 50s
2026-08-30 17:59:08.820 | INFO     | datasets.beat:_sample_from_clip:640 - pose from frame 0 to 750, length 34
2026-08-30 17:59:08.820 | INFO     | datasets.beat:_sample_from_clip:641 - 72 clips is expected with stride 10
2026-08-30 17:59:08.820 | INFO     | datasets.beat:_sample_from_clip:650 - audio from frame 0 to 800000, length 36266
2026-08-30 17:59:09.071 | INFO     | datasets.beat:cache_generation:496 - # ---- Building cache for Pose   3_solomon_0_93_93 ---- #
2026-08-30 17:59:09.082 | INFO     | datasets.beat:cache_generation:504 - # ---- Building cache for Audio  3_solomon_0_93_93 and Pose 3_solomon_0_93_93 ---- #
2026-08-30 17:59:09.083 | INFO     | datasets.beat:cache_generation:525 - # ---- Building cache for Facial 3_solomon_0_93_93 and Pose 3_solomon_0_93_93 ---- #
2026-08-30 17:59:09.095 | INFO     | datasets.beat:cache_generation:548 - # ---- Building cache for Sem    3_solomon_0_93_93 and Pose 3_solomon_0_93_93 ---- #
2026-08-30 17:59:09.102 | INFO     | datasets.beat:_sample_from_clip:614 - audio: 62s, pose: 62s, facial: 62s
2026-08-30 17:59:09.102 | INFO     | datasets.beat:_sample_from_clip:640 - pose from frame 0 to 930, length 34
2026-08-30 17:59:09.102 | INFO     | datasets.beat:_sample_from_clip:641 - 90 clips is expected with stride 10
2026-08-30 17:59:09.102 | INFO     | datasets.beat:_sample_from_clip:650 - audio from frame 0 to 992000, length 36266
2026-08-30 17:59:09.418 | INFO     | datasets.beat:cache_generation:496 - # ---- Building cache for Pose   3_solomon_0_94_94 ---- #
2026-08-30 17:59:09.426 | INFO     | datasets.beat:cache_generation:504 - # ---- Building cache for Audio  3_solomon_0_94_94 and Pose 3_solomon_0_94_94 ---- #
2026-08-30 17:59:09.427 | INFO     | datasets.beat:cache_generation:525 - # ---- Building cache for Facial 3_solomon_0_94_94 and Pose 3_solomon_0_94_94 ---- #
2026-08-30 17:59:09.436 | INFO     | datasets.beat:cache_generation:548 - # ---- Building cache for Sem    3_solomon_0_94_94 and Pose 3_solomon_0_94_94 ---- #
2026-08-30 17:59:09.442 | INFO     | datasets.beat:_sample_from_clip:614 - audio: 48s, pose: 48s, facial: 48s
2026-08-30 17:59:09.443 | INFO     | datasets.beat:_sample_from_clip:640 - pose from frame 0 to 720, length 34
2026-08-30 17:59:09.443 | INFO     | datasets.beat:_sample_from_clip:641 - 69 clips is expected with stride 10
2026-08-30 17:59:09.443 | INFO     | datasets.beat:_sample_from_clip:650 - audio from frame 0 to 768000, length 36266
2026-08-30 17:59:09.684 | INFO     | datasets.beat:cache_generation:496 - # ---- Building cache for Pose   3_solomon_0_95_95 ---- #
2026-08-30 17:59:09.697 | INFO     | datasets.beat:cache_generation:504 - # ---- Building cache for Audio  3_solomon_0_95_95 and Pose 3_solomon_0_95_95 ---- #
2026-08-30 17:59:09.698 | INFO     | datasets.beat:cache_generation:525 - # ---- Building cache for Facial 3_solomon_0_95_95 and Pose 3_solomon_0_95_95 ---- #
2026-08-30 17:59:09.710 | INFO     | datasets.beat:cache_generation:548 - # ---- Building cache for Sem    3_solomon_0_95_95 and Pose 3_solomon_0_95_95 ---- #
2026-08-30 17:59:09.719 | INFO     | datasets.beat:_sample_from_clip:614 - audio: 68s, pose: 68s, facial: 68s
2026-08-30 17:59:09.719 | INFO     | datasets.beat:_sample_from_clip:640 - pose from frame 0 to 1020, length 34
2026-08-30 17:59:09.719 | INFO     | datasets.beat:_sample_from_clip:641 - 99 clips is expected with stride 10
2026-08-30 17:59:09.719 | INFO     | datasets.beat:_sample_from_clip:650 - audio from frame 0 to 1088000, length 36266
2026-08-30 17:59:10.069 | INFO     | datasets.beat:cache_generation:496 - # ---- Building cache for Pose   3_solomon_0_96_96 ---- #
2026-08-30 17:59:10.079 | INFO     | datasets.beat:cache_generation:504 - # ---- Building cache for Audio  3_solomon_0_96_96 and Pose 3_solomon_0_96_96 ---- #
2026-08-30 17:59:10.080 | INFO     | datasets.beat:cache_generation:525 - # ---- Building cache for Facial 3_solomon_0_96_96 and Pose 3_solomon_0_96_96 ---- #
2026-08-30 17:59:10.090 | INFO     | datasets.beat:cache_generation:548 - # ---- Building cache for Sem    3_solomon_0_96_96 and Pose 3_solomon_0_96_96 ---- #
2026-08-30 17:59:10.097 | INFO     | datasets.beat:_sample_from_clip:614 - audio: 55s, pose: 55s, facial: 55s
2026-08-30 17:59:10.097 | INFO     | datasets.beat:_sample_from_clip:640 - pose from frame 0 to 825, length 34
2026-08-30 17:59:10.098 | INFO     | datasets.beat:_sample_from_clip:641 - 80 clips is expected with stride 10
2026-08-30 17:59:10.098 | INFO     | datasets.beat:_sample_from_clip:650 - audio from frame 0 to 880000, length 36266
2026-08-30 17:59:10.376 | INFO     | datasets.beat:cache_generation:496 - # ---- Building cache for Pose   3_solomon_0_97_97 ---- #
2026-08-30 17:59:10.387 | INFO     | datasets.beat:cache_generation:504 - # ---- Building cache for Audio  3_solomon_0_97_97 and Pose 3_solomon_0_97_97 ---- #
2026-08-30 17:59:10.389 | INFO     | datasets.beat:cache_generation:525 - # ---- Building cache for Facial 3_solomon_0_97_97 and Pose 3_solomon_0_97_97 ---- #
2026-08-30 17:59:10.403 | INFO     | datasets.beat:cache_generation:548 - # ---- Building cache for Sem    3_solomon_0_97_97 and Pose 3_solomon_0_97_97 ---- #
2026-08-30 17:59:10.411 | INFO     | datasets.beat:_sample_from_clip:614 - audio: 65s, pose: 65s, facial: 65s
2026-08-30 17:59:10.411 | INFO     | datasets.beat:_sample_from_clip:640 - pose from frame 0 to 975, length 34
2026-08-30 17:59:10.411 | INFO     | datasets.beat:_sample_from_clip:641 - 95 clips is expected with stride 10
2026-08-30 17:59:10.411 | INFO     | datasets.beat:_sample_from_clip:650 - audio from frame 0 to 1040000, length 36266
2026-08-30 17:59:10.738 | INFO     | datasets.beat:cache_generation:496 - # ---- Building cache for Pose   3_solomon_0_98_98 ---- #
2026-08-30 17:59:10.748 | INFO     | datasets.beat:cache_generation:504 - # ---- Building cache for Audio  3_solomon_0_98_98 and Pose 3_solomon_0_98_98 ---- #
2026-08-30 17:59:10.748 | INFO     | datasets.beat:cache_generation:525 - # ---- Building cache for Facial 3_solomon_0_98_98 and Pose 3_solomon_0_98_98 ---- #
2026-08-30 17:59:10.758 | INFO     | datasets.beat:cache_generation:548 - # ---- Building cache for Sem    3_solomon_0_98_98 and Pose 3_solomon_0_98_98 ---- #
2026-08-30 17:59:10.764 | INFO     | datasets.beat:_sample_from_clip:614 - audio: 50s, pose: 50s, facial: 50s
2026-08-30 17:59:10.764 | INFO     | datasets.beat:_sample_from_clip:640 - pose from frame 0 to 750, length 34
2026-08-30 17:59:10.764 | INFO     | datasets.beat:_sample_from_clip:641 - 72 clips is expected with stride 10
2026-08-30 17:59:10.764 | INFO     | datasets.beat:_sample_from_clip:650 - audio from frame 0 to 800000, length 36266
2026-08-30 17:59:11.019 | INFO     | datasets.beat:cache_generation:496 - # ---- Building cache for Pose   3_solomon_0_99_99 ---- #
2026-08-30 17:59:11.030 | INFO     | datasets.beat:cache_generation:504 - # ---- Building cache for Audio  3_solomon_0_99_99 and Pose 3_solomon_0_99_99 ---- #
2026-08-30 17:59:11.031 | INFO     | datasets.beat:cache_generation:525 - # ---- Building cache for Facial 3_solomon_0_99_99 and Pose 3_solomon_0_99_99 ---- #
2026-08-30 17:59:11.042 | INFO     | datasets.beat:cache_generation:548 - # ---- Building cache for Sem    3_solomon_0_99_99 and Pose 3_solomon_0_99_99 ---- #
2026-08-30 17:59:11.050 | INFO     | datasets.beat:_sample_from_clip:614 - audio: 61s, pose: 61s, facial: 61s
2026-08-30 17:59:11.050 | INFO     | datasets.beat:_sample_from_clip:640 - pose from frame 0 to 915, length 34
2026-08-30 17:59:11.050 | INFO     | datasets.beat:_sample_from_clip:641 - 89 clips is expected with stride 10
2026-08-30 17:59:11.050 | INFO     | datasets.beat:_sample_from_clip:650 - audio from frame 0 to 976000, length 36266
2026-08-30 17:59:11.357 | INFO     | datasets.beat:cache_generation:496 - # ---- Building cache for Pose   4_lawrence_0_88_88 ---- #
2026-08-30 17:59:11.373 | INFO     | datasets.beat:cache_generation:504 - # ---- Building cache for Audio  4_lawrence_0_88_88 and Pose 4_lawrence_0_88_88 ---- #
2026-08-30 17:59:11.375 | INFO     | datasets.beat:cache_generation:525 - # ---- Building cache for Facial 4_lawrence_0_88_88 and Pose 4_lawrence_0_88_88 ---- #
2026-08-30 17:59:11.392 | INFO     | datasets.beat:cache_generation:548 - # ---- Building cache for Sem    4_lawrence_0_88_88 and Pose 4_lawrence_0_88_88 ---- #
2026-08-30 17:59:11.403 | INFO     | datasets.beat:_sample_from_clip:614 - audio: 91s, pose: 91s, facial: 91s
2026-08-30 17:59:11.404 | INFO     | datasets.beat:_sample_from_clip:640 - pose from frame 0 to 1365, length 34
2026-08-30 17:59:11.404 | INFO     | datasets.beat:_sample_from_clip:641 - 134 clips is expected with stride 10
2026-08-30 17:59:11.404 | INFO     | datasets.beat:_sample_from_clip:650 - audio from frame 0 to 1456000, length 36266
2026-08-30 17:59:11.876 | INFO     | datasets.beat:cache_generation:496 - # ---- Building cache for Pose   4_lawrence_0_89_89 ---- #
2026-08-30 17:59:11.895 | INFO     | datasets.beat:cache_generation:504 - # ---- Building cache for Audio  4_lawrence_0_89_89 and Pose 4_lawrence_0_89_89 ---- #
2026-08-30 17:59:11.896 | INFO     | datasets.beat:cache_generation:525 - # ---- Building cache for Facial 4_lawrence_0_89_89 and Pose 4_lawrence_0_89_89 ---- #
2026-08-30 17:59:11.912 | INFO     | datasets.beat:cache_generation:548 - # ---- Building cache for Sem    4_lawrence_0_89_89 and Pose 4_lawrence_0_89_89 ---- #
2026-08-30 17:59:11.923 | INFO     | datasets.beat:_sample_from_clip:614 - audio: 92s, pose: 92s, facial: 92s
2026-08-30 17:59:11.924 | INFO     | datasets.beat:_sample_from_clip:640 - pose from frame 0 to 1380, length 34
2026-08-30 17:59:11.924 | INFO     | datasets.beat:_sample_from_clip:641 - 135 clips is expected with stride 10
2026-08-30 17:59:11.924 | INFO     | datasets.beat:_sample_from_clip:650 - audio from frame 0 to 1472000, length 36266
2026-08-30 17:59:12.379 | INFO     | datasets.beat:cache_generation:496 - # ---- Building cache for Pose   4_lawrence_0_8_8 ---- #
2026-08-30 17:59:12.400 | INFO     | datasets.beat:cache_generation:504 - # ---- Building cache for Audio  4_lawrence_0_8_8 and Pose 4_lawrence_0_8_8 ---- #
2026-08-30 17:59:12.401 | INFO     | datasets.beat:cache_generation:525 - # ---- Building cache for Facial 4_lawrence_0_8_8 and Pose 4_lawrence_0_8_8 ---- #
2026-08-30 17:59:12.420 | INFO     | datasets.beat:cache_generation:548 - # ---- Building cache for Sem    4_lawrence_0_8_8 and Pose 4_lawrence_0_8_8 ---- #
2026-08-30 17:59:12.434 | INFO     | datasets.beat:_sample_from_clip:614 - audio: 101s, pose: 102s, facial: 101s
2026-08-30 17:59:12.434 | WARNING  | datasets.beat:_sample_from_clip:618 - reduce to 101s, ignore 1s
2026-08-30 17:59:12.434 | INFO     | datasets.beat:_sample_from_clip:640 - pose from frame 0 to 1515, length 34
2026-08-30 17:59:12.434 | INFO     | datasets.beat:_sample_from_clip:641 - 149 clips is expected with stride 10
2026-08-30 17:59:12.434 | INFO     | datasets.beat:_sample_from_clip:650 - audio from frame 0 to 1616000, length 36266
2026-08-30 17:59:12.933 | INFO     | datasets.beat:cache_generation:496 - # ---- Building cache for Pose   4_lawrence_0_90_90 ---- #
2026-08-30 17:59:12.949 | INFO     | datasets.beat:cache_generation:504 - # ---- Building cache for Audio  4_lawrence_0_90_90 and Pose 4_lawrence_0_90_90 ---- #
2026-08-30 17:59:12.950 | INFO     | datasets.beat:cache_generation:525 - # ---- Building cache for Facial 4_lawrence_0_90_90 and Pose 4_lawrence_0_90_90 ---- #
2026-08-30 17:59:12.967 | INFO     | datasets.beat:cache_generation:548 - # ---- Building cache for Sem    4_lawrence_0_90_90 and Pose 4_lawrence_0_90_90 ---- #
2026-08-30 17:59:12.983 | INFO     | datasets.beat:_sample_from_clip:614 - audio: 90s, pose: 90s, facial: 90s
2026-08-30 17:59:12.983 | INFO     | datasets.beat:_sample_from_clip:640 - pose from frame 0 to 1350, length 34
2026-08-30 17:59:12.983 | INFO     | datasets.beat:_sample_from_clip:641 - 132 clips is expected with stride 10
2026-08-30 17:59:12.983 | INFO     | datasets.beat:_sample_from_clip:650 - audio from frame 0 to 1440000, length 36266
2026-08-30 17:59:13.426 | INFO     | datasets.beat:cache_generation:496 - # ---- Building cache for Pose   4_lawrence_0_91_91 ---- #
2026-08-30 17:59:13.438 | INFO     | datasets.beat:cache_generation:504 - # ---- Building cache for Audio  4_lawrence_0_91_91 and Pose 4_lawrence_0_91_91 ---- #
2026-08-30 17:59:13.439 | INFO     | datasets.beat:cache_generation:525 - # ---- Building cache for Facial 4_lawrence_0_91_91 and Pose 4_lawrence_0_91_91 ---- #
2026-08-30 17:59:13.450 | INFO     | datasets.beat:cache_generation:548 - # ---- Building cache for Sem    4_lawrence_0_91_91 and Pose 4_lawrence_0_91_91 ---- #
2026-08-30 17:59:13.458 | INFO     | datasets.beat:_sample_from_clip:614 - audio: 62s, pose: 62s, facial: 62s
2026-08-30 17:59:13.459 | INFO     | datasets.beat:_sample_from_clip:640 - pose from frame 0 to 930, length 34
2026-08-30 17:59:13.459 | INFO     | datasets.beat:_sample_from_clip:641 - 90 clips is expected with stride 10
2026-08-30 17:59:13.459 | INFO     | datasets.beat:_sample_from_clip:650 - audio from frame 0 to 992000, length 36266
2026-08-30 17:59:13.765 | INFO     | datasets.beat:cache_generation:496 - # ---- Building cache for Pose   4_lawrence_0_92_92 ---- #
2026-08-30 17:59:13.776 | INFO     | datasets.beat:cache_generation:504 - # ---- Building cache for Audio  4_lawrence_0_92_92 and Pose 4_lawrence_0_92_92 ---- #
2026-08-30 17:59:13.776 | INFO     | datasets.beat:cache_generation:525 - # ---- Building cache for Facial 4_lawrence_0_92_92 and Pose 4_lawrence_0_92_92 ---- #
2026-08-30 17:59:13.787 | INFO     | datasets.beat:cache_generation:548 - # ---- Building cache for Sem    4_lawrence_0_92_92 and Pose 4_lawrence_0_92_92 ---- #
2026-08-30 17:59:13.795 | INFO     | datasets.beat:_sample_from_clip:614 - audio: 58s, pose: 58s, facial: 58s
2026-08-30 17:59:13.795 | INFO     | datasets.beat:_sample_from_clip:640 - pose from frame 0 to 870, length 34
2026-08-30 17:59:13.795 | INFO     | datasets.beat:_sample_from_clip:641 - 84 clips is expected with stride 10
2026-08-30 17:59:13.796 | INFO     | datasets.beat:_sample_from_clip:650 - audio from frame 0 to 928000, length 36266
2026-08-30 17:59:14.106 | INFO     | datasets.beat:cache_generation:496 - # ---- Building cache for Pose   4_lawrence_0_93_93 ---- #
2026-08-30 17:59:14.119 | INFO     | datasets.beat:cache_generation:504 - # ---- Building cache for Audio  4_lawrence_0_93_93 and Pose 4_lawrence_0_93_93 ---- #
2026-08-30 17:59:14.120 | INFO     | datasets.beat:cache_generation:525 - # ---- Building cache for Facial 4_lawrence_0_93_93 and Pose 4_lawrence_0_93_93 ---- #
2026-08-30 17:59:14.134 | INFO     | datasets.beat:cache_generation:548 - # ---- Building cache for Sem    4_lawrence_0_93_93 and Pose 4_lawrence_0_93_93 ---- #
2026-08-30 17:59:14.143 | INFO     | datasets.beat:_sample_from_clip:614 - audio: 71s, pose: 71s, facial: 71s
2026-08-30 17:59:14.143 | INFO     | datasets.beat:_sample_from_clip:640 - pose from frame 0 to 1065, length 34
2026-08-30 17:59:14.143 | INFO     | datasets.beat:_sample_from_clip:641 - 104 clips is expected with stride 10
2026-08-30 17:59:14.143 | INFO     | datasets.beat:_sample_from_clip:650 - audio from frame 0 to 1136000, length 36266
2026-08-30 17:59:14.488 | INFO     | datasets.beat:cache_generation:496 - # ---- Building cache for Pose   4_lawrence_0_94_94 ---- #
2026-08-30 17:59:14.499 | INFO     | datasets.beat:cache_generation:504 - # ---- Building cache for Audio  4_lawrence_0_94_94 and Pose 4_lawrence_0_94_94 ---- #
2026-08-30 17:59:14.500 | INFO     | datasets.beat:cache_generation:525 - # ---- Building cache for Facial 4_lawrence_0_94_94 and Pose 4_lawrence_0_94_94 ---- #
2026-08-30 17:59:14.510 | INFO     | datasets.beat:cache_generation:548 - # ---- Building cache for Sem    4_lawrence_0_94_94 and Pose 4_lawrence_0_94_94 ---- #
2026-08-30 17:59:14.518 | INFO     | datasets.beat:_sample_from_clip:614 - audio: 57s, pose: 58s, facial: 57s
2026-08-30 17:59:14.518 | WARNING  | datasets.beat:_sample_from_clip:618 - reduce to 57s, ignore 1s
2026-08-30 17:59:14.518 | INFO     | datasets.beat:_sample_from_clip:640 - pose from frame 0 to 855, length 34
2026-08-30 17:59:14.518 | INFO     | datasets.beat:_sample_from_clip:641 - 83 clips is expected with stride 10
2026-08-30 17:59:14.518 | INFO     | datasets.beat:_sample_from_clip:650 - audio from frame 0 to 912000, length 36266
2026-08-30 17:59:14.800 | INFO     | datasets.beat:cache_generation:496 - # ---- Building cache for Pose   4_lawrence_0_95_95 ---- #
2026-08-30 17:59:14.811 | INFO     | datasets.beat:cache_generation:504 - # ---- Building cache for Audio  4_lawrence_0_95_95 and Pose 4_lawrence_0_95_95 ---- #
2026-08-30 17:59:14.812 | INFO     | datasets.beat:cache_generation:525 - # ---- Building cache for Facial 4_lawrence_0_95_95 and Pose 4_lawrence_0_95_95 ---- #
2026-08-30 17:59:14.824 | INFO     | datasets.beat:cache_generation:548 - # ---- Building cache for Sem    4_lawrence_0_95_95 and Pose 4_lawrence_0_95_95 ---- #
2026-08-30 17:59:14.835 | INFO     | datasets.beat:_sample_from_clip:614 - audio: 65s, pose: 65s, facial: 65s
2026-08-30 17:59:14.835 | INFO     | datasets.beat:_sample_from_clip:640 - pose from frame 0 to 975, length 34
2026-08-30 17:59:14.835 | INFO     | datasets.beat:_sample_from_clip:641 - 95 clips is expected with stride 10
2026-08-30 17:59:14.835 | INFO     | datasets.beat:_sample_from_clip:650 - audio from frame 0 to 1040000, length 36266
2026-08-30 17:59:15.162 | INFO     | datasets.beat:cache_generation:496 - # ---- Building cache for Pose   4_lawrence_0_96_96 ---- #
2026-08-30 17:59:15.172 | INFO     | datasets.beat:cache_generation:504 - # ---- Building cache for Audio  4_lawrence_0_96_96 and Pose 4_lawrence_0_96_96 ---- #
2026-08-30 17:59:15.173 | INFO     | datasets.beat:cache_generation:525 - # ---- Building cache for Facial 4_lawrence_0_96_96 and Pose 4_lawrence_0_96_96 ---- #
2026-08-30 17:59:15.184 | INFO     | datasets.beat:cache_generation:548 - # ---- Building cache for Sem    4_lawrence_0_96_96 and Pose 4_lawrence_0_96_96 ---- #
2026-08-30 17:59:15.193 | INFO     | datasets.beat:_sample_from_clip:614 - audio: 56s, pose: 56s, facial: 56s
2026-08-30 17:59:15.193 | INFO     | datasets.beat:_sample_from_clip:640 - pose from frame 0 to 840, length 34
2026-08-30 17:59:15.193 | INFO     | datasets.beat:_sample_from_clip:641 - 81 clips is expected with stride 10
2026-08-30 17:59:15.193 | INFO     | datasets.beat:_sample_from_clip:650 - audio from frame 0 to 896000, length 36266
2026-08-30 17:59:15.468 | INFO     | datasets.beat:cache_generation:496 - # ---- Building cache for Pose   4_lawrence_0_97_97 ---- #
2026-08-30 17:59:15.479 | INFO     | datasets.beat:cache_generation:504 - # ---- Building cache for Audio  4_lawrence_0_97_97 and Pose 4_lawrence_0_97_97 ---- #
2026-08-30 17:59:15.480 | INFO     | datasets.beat:cache_generation:525 - # ---- Building cache for Facial 4_lawrence_0_97_97 and Pose 4_lawrence_0_97_97 ---- #
2026-08-30 17:59:15.492 | INFO     | datasets.beat:cache_generation:548 - # ---- Building cache for Sem    4_lawrence_0_97_97 and Pose 4_lawrence_0_97_97 ---- #
2026-08-30 17:59:15.501 | INFO     | datasets.beat:_sample_from_clip:614 - audio: 62s, pose: 62s, facial: 62s
2026-08-30 17:59:15.501 | INFO     | datasets.beat:_sample_from_clip:640 - pose from frame 0 to 930, length 34
2026-08-30 17:59:15.501 | INFO     | datasets.beat:_sample_from_clip:641 - 90 clips is expected with stride 10
2026-08-30 17:59:15.501 | INFO     | datasets.beat:_sample_from_clip:650 - audio from frame 0 to 992000, length 36266
2026-08-30 17:59:15.808 | INFO     | datasets.beat:cache_generation:496 - # ---- Building cache for Pose   4_lawrence_0_98_98 ---- #
2026-08-30 17:59:15.819 | INFO     | datasets.beat:cache_generation:504 - # ---- Building cache for Audio  4_lawrence_0_98_98 and Pose 4_lawrence_0_98_98 ---- #
2026-08-30 17:59:15.820 | INFO     | datasets.beat:cache_generation:525 - # ---- Building cache for Facial 4_lawrence_0_98_98 and Pose 4_lawrence_0_98_98 ---- #
2026-08-30 17:59:15.831 | INFO     | datasets.beat:cache_generation:548 - # ---- Building cache for Sem    4_lawrence_0_98_98 and Pose 4_lawrence_0_98_98 ---- #
2026-08-30 17:59:15.840 | INFO     | datasets.beat:_sample_from_clip:614 - audio: 59s, pose: 59s, facial: 59s
2026-08-30 17:59:15.840 | INFO     | datasets.beat:_sample_from_clip:640 - pose from frame 0 to 885, length 34
2026-08-30 17:59:15.840 | INFO     | datasets.beat:_sample_from_clip:641 - 86 clips is expected with stride 10
2026-08-30 17:59:15.840 | INFO     | datasets.beat:_sample_from_clip:650 - audio from frame 0 to 944000, length 36266
2026-08-30 17:59:16.130 | INFO     | datasets.beat:cache_generation:496 - # ---- Building cache for Pose   4_lawrence_0_99_99 ---- #
2026-08-30 17:59:16.143 | INFO     | datasets.beat:cache_generation:504 - # ---- Building cache for Audio  4_lawrence_0_99_99 and Pose 4_lawrence_0_99_99 ---- #
2026-08-30 17:59:16.144 | INFO     | datasets.beat:cache_generation:525 - # ---- Building cache for Facial 4_lawrence_0_99_99 and Pose 4_lawrence_0_99_99 ---- #
2026-08-30 17:59:16.158 | INFO     | datasets.beat:cache_generation:548 - # ---- Building cache for Sem    4_lawrence_0_99_99 and Pose 4_lawrence_0_99_99 ---- #
2026-08-30 17:59:16.168 | INFO     | datasets.beat:_sample_from_clip:614 - audio: 72s, pose: 72s, facial: 72s
2026-08-30 17:59:16.168 | INFO     | datasets.beat:_sample_from_clip:640 - pose from frame 0 to 1080, length 34
2026-08-30 17:59:16.168 | INFO     | datasets.beat:_sample_from_clip:641 - 105 clips is expected with stride 10
2026-08-30 17:59:16.168 | INFO     | datasets.beat:_sample_from_clip:650 - audio from frame 0 to 1152000, length 36266
2026-08-30 17:59:16.524 | INFO     | datasets.beat:cache_generation:585 - no. of samples: 4609
2026-08-30 17:59:16.524 | INFO     | datasets.beat:cache_generation:590 - no. of excluded samples: 0 (0.0%)
------------ Options -------------
ExprID_off: False
ExprID_off_uncond: False
PE: pe_sinu
ablation: None
acc_loss_weight: 50.0
addBlend: True
addEmoCond: False
addHubert: True
addTextCond: False
addWav2Vec2: False
add_vel_loss: True
adopt_motion_cache: False
allow_legacy_checkpoint: False
allow_legacy_motion_cache: False
allow_partial_checkpoint: False
audio_dim: 128
audio_feat: mel
audio_latent_dim: 256
auto_overlap: True
axis_angle: True
batch_size: 32
beat_cache_name: beat_4english_15_141_sync_v1
cache_splits: train_val
checkpoints_dir: ./checkpoints
ckpt: latest.tar
classifier_free: False
cond_projection: mlp_includeX
cond_residual: True
cond_scale: 1.0
data_mode: original
data_parallel: False
data_root: ./Freeform/processed_data_200
data_sel: upperbody
data_type: pos
dataset_name: beat
ddim: False
debug: False
decomp_name: Decomp_SP001_SM001_H512
deterministic: False
diffusion_steps: 1000
dim_att_vec: 512
dim_dec_hidden: 1024
dim_movement_dec_hidden: 512
dim_movement_enc_hidden: 512
dim_movement_latent: 512
dim_pos_hidden: 1024
dim_pri_hidden: 1024
dim_text_hidden: 512
dim_z: 128
dist_backend: nccl
dist_url: tcp://224.66.41.62:23456
distributed: False
diversity_loss_weight: 0.0
embed_net_path: feature_extractor/gesture_autoencoder_checkpoint_best.bin
encode_hubert: True
encode_wav2vec2: False
eval_every_e: 5
expAddHubert: False
expCondition_gesture_only: None
expr_weight: 1
expression_only: False
feat_bias: 5
fix_head_var: False
fix_very_first: False
flow_matching: False
fm_expression_condition: auto
fm_sample_steps: 50
fm_solver: rk4
fm_transition_blend: 7
gesCondition_expression_only: False
gesture_only: False
gpu_id: None
grad_accum_steps: 1
hidden_size_override: 0
is_train: True
jerk_loss_weight: 0.0
jump_length: 3
jump_n_sample: 5
latent_dim: 512
latest_every_e: 1
log_every: 50
lr: 0.0002
max_eval_samples: -1
mode: prepare_cache
model_base: transformer_encoder
model_mean_type: epsilon
multiprocessing_distributed: False
n_layer_override: 0
n_layers_dec: 1
n_layers_pos: 1
n_layers_pri: 1
n_poses: 34
name: test
no_clip: False
no_eff: False
no_fgd: False
no_repaint: False
no_resample: False
no_style: False
non_blocking_transfer: True
null_cond_prob: 0.2
num_epochs: 500
num_layers: 8
ortho_loss_weight: 0.01
output_gt: False
overlap_len: 0
persistent_workers: False
prefetch_factor: 2
rank: 0
rebuild_motion_cache: True
rebuttal: None
remove_audio: False
remove_hand: False
remove_style: False
rename: None
reset_lr: False
resume: False
rot_6d: False
same_overlap_noisy: False
save_every_e: 5
save_latest: 500
seed: 1234
separate: None
separate_pure: False
sequential_test_windows: False
style_dim: 4
test_audio_path: None
test_on_trainset: False
test_on_val: False
test_result_tag: None
test_window_ranges: None
textExpEmoCondition_gesture_only: False
times: 1
timestep_respacing: ddim1000
unidiffuser: True
usePredExpr: None
use_aud_feat: None
use_joints: False
use_single_style: False
vel_interval: 10
vel_loss_start: -1
vel_loss_weight: 100.0
visualize_unify_x0_step: None
workers: 0
world_size: 1
x0_rec_weight: 100.0
-------------- End ----------------
Prepared BEAT train motion cache: 38468 samples
Prepared BEAT val motion cache: 4609 samples
Motion cache preparation complete. Build the aligned HuBERT cache next.
